site,age,temp,weight,height,glucose,sys_bp,dia_bp,heart_rate,outcome
S2,44.6,37.2,70.7,173.06,6.1,118.2,75.6,74.3,-1.5376222480877262
S4,86.8,101.9,163.1,167.82,141.4,154.8,92.5,83.7,3.83000472395855
S1,64.9,39.0,66.1,176.83,139.1,132.7,88.7,74.2,1.2882280251967022
S3,43.3,36.3,66.8,168.74,80.8,82.4,114.1,39.8,-1.5709224092025322
S2,56.8,36.9,99.3,182.59,5.9,149.1,100.4,82.1,1.2940623083339209
S2,54.7,37.3,111.9,194.76,6.4,115.9,75.7,76.3,0.038063841547093934
S1,71.1,36.4,59.9,175.47,117.9,143.5,74.4,68.0,0.8645349760104534
S1,60.2,37.1,56.0,156.09,116.6,145.4,94.2,42.0,-0.488577671264815
S1,47.9,36.8,80.2,186.19,83.2,110.3,76.6,66.3,-2.1037203172886563
S1,62.6,37.4,88.0,182.2,101.7,151.4,75.2,80.4,1.0586619059199163
S1,43.5,36.8,62.6,175.86,134.3,117.1,79.2,74.4,-0.7068261392585019
S2,61.6,36.3,83.1,163.49,6.7,114.1,71.1,72.1,0.8823233920337263
S1,81.2,37.0,68.6,165.15,91.1,131.4,83.5,84.3,1.0202003478965707
S2,66.4,37.1,61.3,157.68,7.8,135.4,90.5,77.5,0.44145766826124866
S3,36.6,37.4,61.8,167.7,81.9,72.7,118.2,42.7,-1.320768593874591
S3,75.8,39.0,84.8,178.75,87.9,64.7,100.8,40.7,1.3255233961988462
S1,54.6,36.3,67.6,168.67,106.3,124.9,90.0,89.7,0.3975040809815085
S4,62.9,98.2,207.7,164.84,95.8,141.1,87.1,84.3,1.5385956639046108
S2,60.6,37.8,93.3,170.56,10.3,128.4,78.7,98.4,3.901642291696424
S1,62.6,36.5,63.6,174.66,101.6,134.5,82.0,92.0,0.43074472602917707
S3,35.3,36.6,68.2,167.93,52.8,86.1,132.3,34.6,-2.4521597819125445
S3,32.7,36.8,58.8,171.25,85.4,73.8,118.7,43.0,-1.0860400735583837
S2,65.8,36.8,54.4,163.17,7.0,131.6,92.5,76.6,-1.4562122023995248
S4,64.1,98.5,204.8,171.34,146.0,137.9,89.2,73.9,0.816435669999343
S1,51.3,36.7,67.7,172.16,95.4,138.6,80.5,86.6,-0.3366351626850819
S2,81.5,36.7,64.0,157.52,8.0,118.7,71.4,67.5,0.2969293028557498
S3,42.5,37.4,65.9,169.25,93.9,76.0,122.4,43.6,-0.6797632570124583
S1,43.1,36.7,57.2,157.99,84.1,116.4,75.9,88.5,-1.1054908812098758
S2,51.1,37.0,88.4,181.68,5.2,122.2,87.0,79.3,-0.010303498086876361
S2,50.4,36.6,59.2,159.71,7.1,111.0,69.7,61.2,-1.0594551472819715
S3,55.9,36.5,100.8,181.07,92.3,90.0,112.8,49.1,0.09229743819222543
S5,20.9,37.5,80.8,1.64,85.8,101.6,59.3,83.1,-1.2383560782265517
S1,44.4,37.0,89.8,179.94,67.8,106.4,57.5,69.9,-1.2358156481437719
S2,60.2,36.9,84.1,176.2,6.2,128.6,78.2,69.4,-0.01021375265834279
S1,62.9,37.4,52.7,155.14,75.5,128.8,68.8,78.5,-0.6464453612865277
S4,56.3,98.4,244.0,181.64,139.4,125.3,82.1,71.9,1.2766499213092406
S4,68.8,101.6,172.6,176.72,155.8,147.0,81.8,74.1,2.310999102440867
S1,39.7,38.7,73.5,172.42,93.5,94.7,61.5,83.4,-0.04783699215558147
S3,38.1,37.3,66.7,173.6,102.1,80.0,122.3,38.5,-1.6939846567770942
S1,67.0,37.9,76.4,181.3,144.5,159.2,100.3,91.6,2.1245075785814644
S2,37.1,36.6,93.5,178.04,10.6,134.6,89.6,77.3,1.103252169832105
S1,42.8,37.0,69.7,170.34,75.8,119.3,85.4,73.6,-1.991628425096348
S4,69.0,98.4,185.5,169.74,148.1,147.2,88.9,72.3,2.5130949362757993
S4,59.9,98.4,321.6,187.41,135.7,131.4,77.3,82.9,2.8482900761402923
S2,45.0,36.8,115.7,184.74,7.3,127.8,79.6,78.1,0.643454922301999
S2,67.5,36.4,85.5,159.91,7.7,126.6,71.8,93.7,2.3824354310809754
S2,66.6,37.1,85.6,177.4,6.0,99.5,72.2,73.7,0.014902891171783283
S1,30.0,36.8,95.9,181.12,62.4,105.0,74.2,64.7,-1.1498867747903225
S4,64.9,97.1,180.6,166.02,130.0,127.0,75.3,53.5,0.37851521759166074
S3,50.9,36.6,79.7,170.65,113.7,67.4,122.8,37.5,-0.35721917035568174
S1,45.9,38.7,67.0,163.92,90.2,127.7,79.2,95.8,0.7609854064276704
S2,70.2,36.5,87.7,187.31,7.1,119.8,73.5,79.7,0.7446196033124617
S2,33.3,36.8,57.6,162.39,6.3,93.7,64.1,65.6,-2.2813880959659425
S2,78.8,37.0,65.5,167.43,8.6,141.0,88.7,82.9,1.0553148214910437
S1,67.1,36.8,76.8,176.74,87.1,129.6,79.7,42.0,-1.31635775236888
S5,46.7,36.6,75.2,1.68,112.6,105.8,72.5,90.9,0.031215456558553734
S4,57.6,100.3,203.4,171.92,95.7,116.9,66.0,88.0,1.3720543870114388
S1,45.4,36.7,108.0,165.32,135.7,154.1,100.4,70.7,1.7159673021279724
S4,84.2,97.6,205.9,170.97,137.3,132.0,83.7,82.1,1.9695332966037613
S4,75.3,98.9,180.2,176.6,82.1,114.4,92.3,88.3,0.05637525962344133
S1,53.7,36.3,64.0,169.69,113.9,147.8,96.5,78.8,-1.667394271508679
S1,61.5,36.9,80.7,172.72,133.3,144.4,92.4,67.0,0.9478094109300748
S2,53.9,39.0,91.3,163.21,6.3,118.3,87.7,82.7,2.0499935964366656
S3,28.7,36.7,93.9,163.78,83.5,83.7,110.0,40.8,0.18003601464932317
S1,75.4,38.0,66.2,170.74,120.0,146.5,94.0,78.5,1.263177946028515
S1,47.5,36.9,51.8,157.98,88.0,125.2,74.6,82.5,0.4169951505453894
S1,37.2,36.7,68.9,162.4,123.8,126.0,89.7,68.7,-0.816578738084963
S1,48.8,37.0,69.1,159.49,83.1,122.0,86.1,81.3,-1.1265861423814885
S3,33.8,36.5,74.3,170.79,87.8,72.4,108.6,25.9,-2.560694188434113
S2,55.7,36.7,92.9,168.62,6.2,139.8,89.3,67.0,0.2745804692249806
S3,38.9,36.5,64.2,170.58,141.2,83.9,116.4,33.4,-0.8100088452875195
S1,34.2,36.8,53.4,151.38,88.5,120.4,75.6,71.5,-1.156883872276402
S2,71.0,37.2,68.3,169.48,5.8,146.3,72.9,55.4,0.7051165600757087
S2,68.7,37.0,92.1,167.0,5.6,133.3,79.9,61.4,1.5440027826305478
S1,31.7,36.9,83.9,158.1,179.7,133.3,90.3,72.8,0.9830252415245622
S1,59.2,38.4,81.0,171.78,137.9,133.2,89.6,83.9,1.3948957320303221
S1,34.6,37.2,59.4,157.38,116.7,129.7,86.6,65.3,-1.4470337487894538
S1,40.5,37.0,83.4,170.33,111.0,113.8,77.3,55.0,-1.9122464190000128
S2,54.1,36.5,77.3,165.8,5.4,109.3,70.5,80.4,-0.3460412543277404
S1,47.2,39.4,89.7,175.67,161.8,143.8,87.8,87.0,3.3356794643373093
S2,49.9,37.0,92.3,173.9,5.7,134.8,78.5,78.4,0.9650188126977712
S1,48.6,37.0,98.0,177.67,132.8,90.1,64.5,47.2,-1.108144654576733
S1,61.6,36.7,57.3,172.32,106.2,130.5,69.5,73.2,-0.10820618457461773
S2,33.9,36.7,85.4,171.25,5.5,108.9,74.2,83.9,-0.28158745504195815
S3,42.6,36.5,70.2,155.42,85.4,79.9,115.9,42.2,-0.8967205667235854
S1,31.1,38.7,59.0,166.45,139.2,118.0,82.7,94.4,0.03450076382477288
S1,43.8,36.8,67.1,149.3,146.3,101.9,77.1,68.2,-0.6665276628732408
S4,83.3,97.7,165.2,171.24,87.1,146.1,84.4,66.4,1.494757503920773
S1,44.9,37.0,64.9,150.93,135.6,99.0,58.7,73.7,0.10634686591608428
S1,59.9,36.7,75.7,180.65,113.8,121.9,84.7,65.6,-0.8421069230027817
S1,42.9,37.2,74.9,158.39,125.3,101.0,72.0,88.7,-0.6189787569629229
S1,75.6,37.3,82.1,179.57,78.8,153.9,73.7,89.0,1.6194314641673806
S3,37.3,36.4,71.1,157.11,154.1,84.0,119.5,39.6,0.6303539251082725
S2,54.9,36.9,93.3,177.35,8.5,94.7,72.0,94.3,0.40854624905057935
S2,76.4,36.5,82.6,180.8,6.4,131.1,83.0,76.2,0.6692590028164036
S1,39.1,36.6,68.3,165.98,74.2,123.2,77.0,55.5,-1.2054519104953854
S2,50.8,36.7,93.7,176.07,5.4,160.7,107.2,56.3,0.39588527354637126
S1,83.6,36.8,103.2,173.14,97.0,133.8,87.6,75.4,1.4872048761455332
S4,53.4,100.8,183.5,175.66,156.1,123.2,77.1,95.3,1.4513395407767002
S3,48.4,37.1,80.2,177.25,92.0,92.0,129.7,38.5,-0.3062100605394633
S5,41.1,36.5,87.7,1.73,202.1,113.2,65.5,83.2,1.283903274444561
S3,32.8,36.7,71.3,169.33,84.8,69.9,110.2,32.5,-1.9458739288691316
S2,59.9,36.7,79.1,165.45,8.1,129.6,85.6,89.9,1.1750564618706534
S2,51.8,36.8,66.1,183.83,4.5,119.3,73.9,91.5,-1.2441478191219706
S1,45.9,36.9,66.2,169.89,87.9,117.8,67.2,69.8,-1.2723659277884862
S1,70.0,37.1,76.0,168.69,80.5,153.2,100.0,66.2,1.0308882469892238
S2,47.0,36.5,82.0,165.12,9.7,132.8,76.0,66.2,1.2119836844928666
S2,79.0,38.5,69.1,172.69,9.8,144.5,91.6,67.4,1.9568539719689555
S4,69.2,98.2,206.0,172.07,234.1,125.8,78.1,69.6,2.9669590720781
S1,45.0,37.0,73.5,167.98,94.0,103.2,73.2,75.3,-1.0757751430597664
S1,32.8,36.6,57.6,162.77,122.2,94.0,62.3,68.8,-1.369818588158448
S2,73.9,36.5,91.4,188.09,6.3,129.9,95.6,65.9,-0.17298218780345337
S3,46.2,36.7,75.8,169.93,164.9,82.5,128.0,41.8,0.8068662903411008
S1,69.2,36.8,119.3,176.53,138.3,123.0,66.5,74.4,2.8589933177804996
S1,71.9,36.8,53.8,158.46,77.4,121.4,81.4,69.0,-1.1970654192323387
S1,33.6,37.0,93.3,173.84,101.6,89.5,69.5,77.7,-0.8136145731102264
S1,61.0,36.8,68.7,175.63,92.7,116.5,60.7,79.3,0.6994356013584275
S2,58.4,37.2,80.5,163.74,6.1,111.1,69.5,75.7,-0.05950001062042046
S1,57.8,36.7,49.5,181.64,96.7,123.1,67.5,73.1,-0.9748732354934815
S2,50.6,36.8,86.3,162.86,7.3,128.3,83.3,70.0,-0.05635192501134778
S2,66.6,39.4,88.8,181.11,6.0,128.1,73.9,75.2,2.840701469163297
S1,30.2,36.8,77.4,173.38,147.3,116.6,85.3,74.8,-1.1459264377013558
S3,26.3,36.3,61.6,157.77,86.8,81.2,124.2,39.8,-1.5929100859368175
S4,76.5,101.9,264.7,173.87,99.1,155.7,92.0,70.8,3.7474817216219396
S2,74.1,36.7,106.9,183.34,7.2,165.9,90.0,55.3,3.07963538374762
S1,39.1,39.0,115.9,187.11,158.1,124.0,77.9,95.9,3.5170610354566816
S1,39.2,37.2,51.0,156.92,88.9,107.3,70.3,84.5,-1.9986302349172596
S5,40.5,37.6,62.1,1.52,91.4,118.1,75.5,91.8,-0.06591773510827137
S3,20.9,37.0,77.9,168.46,110.1,82.7,114.7,42.1,-2.0606275117872155
S1,65.9,36.9,91.1,163.25,143.6,138.8,91.8,77.4,2.0369943621725612
S1,64.8,36.5,84.8,177.62,126.0,121.9,60.3,69.1,1.8663184391025838
S1,60.0,36.8,58.8,163.04,89.3,130.6,83.6,61.0,-1.8087365263994435
S4,74.6,99.4,146.2,176.14,158.4,107.7,59.0,111.1,2.0760264562202133
S4,35.3,98.8,188.6,174.8,138.7,145.6,93.0,92.0,0.23152093324175355
S3,57.0,36.3,59.9,168.94,61.5,67.9,108.7,46.0,-1.0312098590989747
S3,63.9,36.9,105.8,178.55,134.4,91.5,147.9,33.7,2.0450227880156318
S1,32.5,36.7,93.6,170.94,109.8,111.4,88.3,66.6,-1.5734801065300439
S1,46.5,37.2,87.1,173.14,84.0,134.4,93.4,80.4,0.48734105845831865
S1,55.4,37.0,58.0,161.07,153.9,111.6,59.0,79.1,0.3014251734159182
S3,28.7,37.1,65.5,172.09,98.8,81.7,123.3,38.4,-1.0418370754709936
S2,59.0,36.8,83.9,163.22,6.6,125.1,75.8,57.3,1.064785182070091
S1,44.5,38.3,66.6,162.5,69.9,99.8,59.4,77.3,-0.1759495494784484
S3,45.3,39.4,61.9,167.8,100.3,85.3,124.8,43.0,1.1067972983726877
S4,88.8,97.6,119.4,149.9,159.4,143.2,78.1,75.0,2.6291322497207483
S1,44.8,37.3,70.7,164.41,110.0,88.8,61.9,66.8,-0.9672165626913702
S4,73.7,100.4,192.2,177.07,120.4,123.4,76.3,73.9,1.6876548976368597
S1,64.6,37.0,79.5,171.95,84.9,127.1,85.3,73.0,-1.1464648671242976
S5,36.2,37.2,51.0,1.8,82.4,103.7,67.7,82.3,-2.1966769064323683
S3,24.7,37.0,61.1,158.85,117.5,81.8,108.0,49.9,-1.0660056174181727
S5,36.6,36.8,80.9,1.79,113.0,108.4,70.2,72.5,-0.1965452969457434
S3,41.7,36.9,79.8,175.4,91.2,89.3,128.8,28.2,-1.5708094608577023
S2,50.2,39.4,76.0,160.83,4.9,145.7,85.9,92.2,3.2223869280459674
S1,57.7,37.2,96.5,188.02,127.2,109.4,73.4,89.2,-0.49769914347045224
S1,67.2,36.5,93.2,177.96,139.5,115.0,73.6,105.1,1.1296929117256025
S2,60.4,37.2,83.3,174.08,11.5,139.8,89.5,71.9,1.3182231766792827
S1,21.8,36.8,41.0,159.31,151.5,113.1,72.5,93.5,-1.4468251233890512
S1,37.6,36.5,96.2,179.18,115.9,121.7,79.3,83.2,-0.8500479594150199
S3,37.2,37.0,73.9,179.26,101.2,83.6,123.2,29.0,-1.5063944835186127
S1,72.8,37.1,65.6,167.34,142.1,137.6,79.6,90.4,1.702697519125519
S1,63.6,36.7,85.2,175.68,139.3,143.0,73.9,66.7,0.6191454022888067
S1,57.8,37.2,70.1,166.69,113.4,125.5,77.8,64.9,0.4120869933538733
S1,61.2,36.3,57.8,173.32,76.8,121.8,68.5,72.8,-0.3432842977625147
S4,62.2,99.0,170.6,155.98,121.1,134.2,86.1,77.5,1.6506254675325955
S2,75.6,36.7,120.0,182.28,4.5,154.9,79.6,78.3,2.005299681864233
S1,30.4,36.7,75.8,166.59,124.8,107.0,67.8,72.3,-1.138979152824676
S1,44.0,36.8,76.9,171.75,91.7,122.1,77.9,88.4,0.19767640586099283
S2,70.7,37.3,84.9,181.9,7.3,148.5,85.0,67.2,1.134876238148332
S1,39.7,36.6,109.2,187.39,88.7,101.0,71.9,59.7,-2.3180876558156243
S1,76.3,36.7,87.4,173.54,121.3,152.0,90.9,66.0,1.8095614851299144
S1,41.4,36.6,62.3,159.02,106.8,154.4,102.6,60.6,-0.9265287128812889
S1,37.2,36.7,88.0,187.0,148.9,98.7,73.2,76.0,-1.415155774814229
S1,70.0,36.4,53.0,177.04,180.7,151.8,91.2,66.9,0.8073635771644121
S1,57.3,37.0,52.6,171.8,112.7,136.0,83.4,72.3,0.11827628788153666
S1,25.3,36.4,78.0,169.01,144.4,132.9,80.9,79.7,-0.20522266864520405
S1,41.9,37.0,90.6,182.75,133.3,107.5,67.9,67.9,0.10360726327112191
S2,46.9,36.8,94.3,179.2,8.2,116.7,66.9,82.0,0.9266778349806734
S2,32.6,36.4,76.8,162.36,8.0,103.2,63.6,87.6,0.22399462996271224
S1,27.9,37.0,73.8,169.29,123.9,113.6,75.3,75.9,-1.3741179232054215
S1,53.7,37.1,68.2,166.56,79.8,130.6,79.4,77.1,-0.4584184030635012
S1,36.8,37.3,84.9,177.75,99.4,108.2,73.6,81.2,-1.8322233286339844
S4,38.2,98.3,181.5,169.0,130.1,110.6,81.8,82.5,-0.3271600503031552
S4,57.1,98.0,276.9,180.36,112.6,114.6,69.1,74.8,1.5001436377492434
S1,47.8,36.1,54.7,152.64,112.2,103.8,67.7,64.8,-1.2698996039607464
S2,27.3,37.7,119.3,175.37,9.0,85.0,65.0,102.3,1.948649574847077
S3,60.5,36.5,58.4,174.16,90.3,72.0,119.0,45.2,-0.13015456982289852
S1,30.4,36.9,65.6,175.44,132.8,99.6,66.0,77.6,-1.3153134243130753
S2,65.6,36.8,78.7,172.69,5.4,137.1,81.3,79.9,0.8202722139641394
S1,43.7,37.3,92.1,173.32,77.2,135.6,84.8,68.1,-0.4073963896740991
S3,36.7,36.8,83.5,189.15,114.4,81.1,116.9,36.8,-1.837223338034379
S4,69.2,98.1,208.8,160.71,148.8,132.8,78.8,70.8,1.8543041523280046
S3,50.7,36.4,71.2,174.01,131.0,65.2,118.3,35.4,-0.1839992376316975
S4,89.7,99.4,214.5,170.07,136.9,133.4,85.2,58.1,2.436017934805512
S2,76.3,36.9,109.1,169.01,8.0,136.5,85.3,71.1,3.1606645926758263
S2,65.0,38.7,65.0,169.75,6.9,139.9,88.3,89.3,2.3693667415285744
S4,86.8,98.1,166.9,180.94,157.1,146.3,86.1,77.3,1.0696290709374312
S4,51.9,97.7,140.8,171.15,176.4,123.8,77.3,74.8,-0.07230059952871357
S2,66.1,37.0,82.7,165.39,4.8,127.8,70.4,84.1,0.8581696752430172
S2,43.7,36.4,84.9,187.86,7.8,131.4,69.8,79.3,0.30393709273306735
S2,73.5,36.8,86.5,168.09,7.6,137.2,81.9,74.6,2.2616427609675362
S2,47.8,37.4,96.3,167.13,8.7,107.1,84.7,65.2,0.9120054838903942
S2,40.1,37.2,100.6,171.14,9.4,113.0,82.0,70.1,0.5977673670643953
S1,43.5,39.2,108.8,177.11,121.4,118.8,69.5,86.3,2.7508067155059632
S2,81.5,38.7,95.5,182.94,7.6,150.6,87.1,99.7,3.6332468002841907
S2,93.0,37.2,68.5,159.59,9.6,142.8,77.6,76.2,3.3646870663646373
S3,47.5,36.9,93.2,170.43,98.0,79.4,124.9,32.8,-0.0778603663072848
S1,46.6,36.6,89.5,160.13,104.4,97.3,59.2,59.4,0.27393657620495204
S1,48.2,36.7,80.8,169.11,93.0,104.2,78.4,81.8,-0.8050766238598829
S3,75.0,37.0,80.4,166.98,88.9,75.9,132.9,41.0,1.3719624553575418
S4,58.1,99.5,184.4,181.42,136.0,128.1,76.6,103.5,1.6220130488578195
S2,36.6,37.3,107.5,171.6,10.4,123.4,74.3,82.7,2.1726411751780597
S4,70.9,98.4,235.3,171.88,106.1,125.2,92.7,70.1,0.42541245874446504
S2,54.2,37.0,75.3,159.29,5.7,125.9,80.1,85.5,0.4709681931123718
S5,47.1,38.9,100.7,1.86,86.0,131.8,91.7,76.0,-0.25131625918234457
S1,56.4,37.3,87.8,165.57,81.8,122.0,79.7,72.2,-0.111178159927433
S1,58.9,37.0,66.9,158.28,80.7,120.8,75.8,78.4,-1.0243016022978904
S4,68.4,99.0,300.6,183.1,145.0,130.4,82.2,69.3,2.20132736024291
S1,36.3,36.5,86.3,183.49,160.7,96.5,71.2,61.3,-0.5413866032558685
S1,67.5,36.6,99.0,181.85,146.3,136.5,75.2,77.8,2.0490344857325318
S1,18.0,36.7,60.0,178.9,124.4,115.9,71.0,89.8,-1.3680177824933932
S3,56.3,36.6,79.2,172.27,81.9,66.8,106.2,34.0,-0.871724696733718
S1,48.0,36.9,77.9,171.69,73.0,132.9,80.6,94.5,0.683029652101951
S3,52.3,36.9,83.2,162.38,86.2,65.4,107.9,40.5,0.8888385669167661
S3,59.0,37.1,60.3,159.09,136.8,76.1,134.5,40.0,1.0424591773115068
S4,63.4,97.8,152.1,169.77,118.6,128.7,74.4,78.5,1.001581857884005
S1,33.8,36.7,83.0,183.43,103.5,112.0,81.6,53.9,-2.10798214386759
S2,50.6,39.0,79.8,168.78,5.5,95.0,75.0,82.7,1.1877169680444553
S2,81.3,36.9,87.1,162.85,8.5,144.3,81.6,104.3,3.9978128668116883
S1,49.4,36.9,63.4,182.02,89.8,128.9,82.4,67.2,-0.38483266377054093
S1,66.9,37.6,78.3,183.02,137.5,94.7,63.8,75.8,0.9749998546320378
S3,31.8,36.9,71.2,179.6,104.6,78.4,111.5,37.8,-1.3256994929523482
S4,71.7,97.7,187.8,171.02,127.0,142.7,80.2,59.2,1.8103161389880396
S2,69.1,36.7,77.5,171.08,8.2,158.9,95.2,74.3,1.6263924222915802
S1,58.3,36.6,59.5,169.24,124.5,113.6,77.8,55.0,-1.7222143318962222
S2,84.0,36.4,69.6,178.04,7.5,159.4,85.0,82.9,2.2708190168800173
S1,77.4,36.4,94.6,182.03,94.7,160.3,95.5,73.1,1.0140995593996736
S1,39.9,36.5,77.7,167.52,98.1,97.9,77.9,95.0,-0.7704153629827878
S3,37.9,37.2,73.4,181.42,132.5,77.1,116.5,43.9,-0.9835957164985362
S2,57.1,36.4,74.7,144.82,8.5,128.1,74.7,83.8,2.5645393609978187
S1,48.2,36.5,92.4,186.35,141.3,113.5,63.2,78.2,-0.12202786901416929
S1,45.8,37.3,94.0,180.89,106.0,136.6,82.5,81.4,0.713388917120146
S1,66.1,36.6,85.3,167.38,130.6,138.1,75.2,79.3,1.6722509284540739
S2,48.7,36.3,93.3,158.72,7.8,130.0,85.1,78.4,0.7328267386752584
S4,94.5,97.9,215.6,185.8,137.7,125.8,73.8,72.7,2.2949785451185925
S1,39.0,39.2,61.3,165.45,105.6,124.9,88.0,91.0,0.4609920280370618
S5,39.9,36.5,86.8,1.68,124.1,117.1,77.7,0.0,-0.5326812392870902
S1,57.3,36.7,77.4,172.14,96.0,116.5,81.3,69.3,-0.41839660345533664
S1,50.1,36.3,101.3,178.07,54.9,125.5,91.6,79.2,-0.20021979286544378
S3,63.2,36.7,57.3,158.95,103.6,65.9,124.2,37.0,1.0536457216800952
S1,56.5,36.7,93.5,169.71,122.7,151.6,97.0,70.6,2.0414977367964253
S4,81.6,102.7,172.6,179.82,82.6,153.2,88.6,96.9,4.078049722145986
S1,30.0,36.9,88.3,183.52,108.4,108.4,78.0,69.8,-1.632654877429217
S3,26.7,36.7,62.3,161.58,109.2,78.0,114.5,32.2,-1.8933011429772344
S1,50.9,37.2,96.2,171.33,96.7,123.6,69.1,81.8,1.4326089927072563
S4,86.7,100.9,180.2,169.66,148.7,162.3,96.2,87.0,3.8278991609460067
S5,50.8,37.3,69.0,1.65,90.4,131.1,76.1,83.5,0.9080896782268388
S2,47.8,36.8,61.2,171.23,5.7,143.8,80.2,83.5,-0.3171928800648259
S3,18.0,36.7,69.2,168.88,66.9,77.2,120.5,37.0,-2.7691636507683293
S1,75.0,37.3,73.5,174.73,85.3,143.4,77.0,97.0,1.6201076023807617
S2,61.7,36.8,75.6,165.22,6.1,112.1,68.3,50.3,-0.6833894078264819
S2,76.3,36.6,86.2,161.27,8.0,136.3,85.7,72.3,2.085279950168036
S4,88.2,97.6,186.0,187.96,119.1,165.5,88.8,61.6,2.636698567615125
S1,58.7,37.3,52.6,162.65,121.4,155.7,103.6,69.5,0.20101394790293942
S3,38.1,36.3,56.1,164.43,139.7,85.0,130.5,43.9,-0.45327574143136096
S2,64.1,36.2,65.6,158.22,8.1,140.4,94.1,68.2,0.8267212354139701
S1,65.6,36.7,76.7,178.94,107.2,133.2,81.6,77.9,0.04569073465725598
S5,51.6,36.7,75.3,1.71,111.8,128.4,78.2,0.0,0.8101305241953177
S2,61.8,37.5,74.3,162.92,10.2,123.8,80.8,69.5,1.179864306877138
S4,72.1,98.7,200.7,168.65,190.7,118.6,67.0,68.7,2.9780261991506545
S1,69.8,39.2,73.9,168.93,107.5,144.3,80.6,76.4,3.234467954407831
S2,73.4,37.0,72.0,168.93,10.5,112.5,80.3,72.2,1.143730046585601
S4,72.1,102.1,215.6,176.36,137.0,109.4,68.5,75.1,2.713915271837913
S1,52.0,38.0,48.3,174.54,94.9,109.5,70.4,112.4,-0.7210487293603096
S1,50.0,36.6,71.6,163.23,98.3,114.7,76.8,75.1,-0.4074941561626181
S2,53.8,36.6,105.5,184.17,7.0,112.3,76.0,73.5,-0.32754172442897067
S2,83.1,36.6,70.3,174.07,13.8,152.4,90.1,67.2,2.4454301444430193
S3,44.9,37.2,64.2,182.71,82.0,87.3,131.4,37.2,-1.2078659995709826
S4,58.1,98.2,208.3,166.2,130.3,148.8,74.4,73.7,2.46696750402419
S3,44.5,37.1,54.8,164.51,80.7,75.5,117.3,40.2,-1.057987648211141
S1,70.2,37.6,76.5,165.62,127.6,103.4,75.9,86.8,0.7748756101215711
S2,71.0,36.8,66.6,168.6,7.7,132.4,81.4,67.7,0.8037571632383196
S3,58.3,36.3,92.3,179.84,92.7,87.4,107.4,36.7,-1.377887832268553
S2,68.9,39.0,70.1,171.71,4.0,120.0,75.3,95.9,2.590433854051402
S3,57.8,37.1,69.8,176.71,158.7,79.6,134.5,34.0,0.29166246225506853
S3,55.0,36.9,58.8,158.21,89.6,70.7,121.3,41.4,0.14448202999486762
S3,23.2,36.8,53.9,171.34,102.6,67.0,90.9,46.4,-2.208006171465753
S2,47.5,37.3,73.3,156.15,6.5,143.1,74.6,77.0,1.0401337640849342
S2,53.3,36.4,71.7,171.33,9.9,98.6,68.3,75.2,-0.7079027531871483
S2,94.7,36.9,66.3,160.49,5.9,142.1,90.4,63.2,1.6501408665158648
S5,47.0,36.8,60.2,1.88,76.3,111.0,68.1,67.0,-2.018497040169978
S1,40.0,36.7,66.3,156.4,97.3,116.7,67.9,84.7,0.1162220061658166
S1,28.4,37.2,99.3,176.34,103.9,91.6,71.6,81.5,-1.0639310738573444
S4,69.7,98.1,165.1,147.54,129.2,111.5,71.6,72.0,0.21465266422731522
S1,46.2,37.0,109.2,183.19,135.3,110.9,74.8,56.6,-0.2010649659581924
S1,71.4,36.9,71.2,186.52,114.1,129.0,83.7,64.6,0.10786895791371437
S1,73.1,36.4,69.4,169.04,125.3,125.8,71.3,78.9,1.371831176398275
S1,48.7,36.6,38.1,159.48,92.0,112.5,74.8,85.3,-1.520720842757035
S1,55.9,36.9,55.4,153.08,133.6,132.7,84.6,66.0,0.6076706296770951
S2,64.4,37.0,94.7,169.78,8.5,151.7,98.7,51.6,1.1241591574544694
S1,39.9,36.5,85.5,177.84,124.8,111.5,71.1,77.0,-0.46724265776102203
S2,79.6,36.6,76.4,170.13,7.5,137.1,89.6,58.6,1.3388973765119792
S2,50.8,37.2,77.3,166.13,6.2,127.0,72.5,62.2,-0.0387232261890523
S1,29.4,37.1,76.4,162.78,118.8,98.6,63.7,64.9,-1.7431561179382382
S2,20.9,36.6,108.2,179.65,7.1,109.5,67.9,65.5,-0.8794409203209997
S3,36.2,37.1,58.8,154.5,120.0,66.0,125.5,39.9,0.07716887317220174
S1,61.4,36.7,97.8,178.26,101.9,128.4,77.6,76.1,1.000918524933929
S5,53.0,37.2,75.2,1.74,91.7,105.2,66.6,97.2,0.01840495876755721
S2,52.4,37.0,83.9,177.35,7.0,119.6,83.0,88.0,0.2500060023358106
S1,34.5,36.8,79.6,171.15,137.9,107.3,73.2,68.4,-0.8543367275754921
S3,70.1,36.7,71.5,170.35,114.4,75.0,141.4,45.4,2.277756003294178
S5,49.8,36.5,72.7,1.58,85.8,114.8,72.6,54.7,-0.6439220737638869
S2,51.8,36.6,57.2,146.98,5.8,136.9,89.1,76.4,0.028878367419683845
S1,25.8,36.7,79.9,169.45,87.5,103.2,83.2,66.6,-2.1006749464892085
S2,71.3,36.9,96.2,164.43,7.8,133.7,79.5,78.5,1.9917526136573571
S1,66.4,37.1,71.3,160.12,146.8,145.9,93.6,80.7,2.0603514811906374
S3,34.3,36.5,63.9,170.0,95.4,65.5,99.1,34.4,-2.2931477384693473
S1,51.9,37.0,68.6,165.61,113.6,120.2,86.1,73.7,-0.8234381234487972
S1,42.5,36.7,82.8,169.25,140.1,106.1,74.3,54.4,-1.1115521951750371
S1,44.4,37.0,51.7,164.37,128.7,90.4,70.4,57.1,-1.808859183169005
S1,47.5,36.7,39.8,162.9,99.3,120.7,71.8,68.4,-0.5469567980133574
S2,64.9,36.5,94.0,178.86,11.7,138.1,77.2,77.8,2.738565122879286
S1,65.0,36.3,89.7,168.94,76.7,127.6,93.0,73.2,0.1494761754399025
S5,40.6,36.7,69.9,1.68,84.3,102.7,76.1,80.0,-1.2076013332374762
S3,38.9,37.9,71.8,168.02,67.9,84.9,121.4,35.3,-1.4740527650711763
S1,50.6,36.6,83.9,181.33,149.6,115.9,79.0,63.8,-0.37372401393799703
S3,37.8,36.9,49.0,160.09,99.1,89.4,128.0,44.0,-1.574284037591815
S2,54.3,36.9,77.4,164.04,7.4,119.8,74.9,89.8,-0.07549266782478947
S2,85.7,36.6,72.0,177.31,6.0,124.2,65.9,95.0,2.653612140376216
S3,41.9,37.1,60.9,164.15,101.1,53.4,105.8,19.4,-1.3423597702659922
S2,65.0,36.8,64.4,167.92,4.8,146.9,102.3,74.6,0.0078463250923142
S3,51.7,36.4,66.7,161.87,89.7,64.5,96.0,40.7,-1.4642714723920085
S1,60.3,37.0,58.8,149.48,123.0,130.4,78.1,77.4,1.754106270471631
S2,59.8,36.7,81.5,161.43,9.6,123.1,89.8,96.8,1.8798034356834916
S3,56.7,37.6,85.7,172.33,98.2,75.8,146.8,38.3,0.7818616067105768
S3,42.7,36.7,45.1,154.08,98.9,88.2,124.3,29.1,-3.0678846345847806
S5,18.0,36.9,83.9,1.7,137.2,115.6,80.3,79.9,-1.2157143945269027
S1,51.1,36.6,64.0,172.18,105.0,139.6,87.8,78.9,-0.17410165370390934
S2,62.5,36.8,92.1,174.82,8.2,127.8,70.8,68.8,1.6405016662764267
S2,48.4,36.5,77.6,165.82,7.5,113.0,81.8,75.9,-0.03505085151592641
S2,48.5,36.9,61.6,163.79,8.4,137.3,77.7,64.5,0.07059859231452703
S5,50.3,36.2,69.2,1.6,84.5,127.9,71.8,65.8,-0.05760098163104191
S3,51.7,37.0,75.7,168.11,105.7,74.6,109.7,23.0,-1.1459920496297988
S4,90.2,98.3,172.1,163.85,106.1,148.4,87.2,80.9,3.1028513529765958
S1,57.3,38.7,77.4,173.14,67.5,117.8,81.8,54.3,-0.4526953442120243
S2,82.5,37.0,88.2,170.03,5.9,149.5,83.3,93.5,2.597676523135345
S4,82.4,98.1,186.8,175.9,201.1,127.1,83.5,81.8,1.7853111881839825
S3,43.7,36.6,81.5,175.06,102.8,83.7,147.5,37.4,0.2608738322890263
S1,40.0,37.0,67.4,166.62,108.0,122.6,81.4,62.1,-1.0779375672372502
S1,81.8,36.7,74.7,189.94,150.7,158.9,84.3,67.5,2.4012656981328857
S4,79.6,98.2,236.4,172.2,88.8,141.0,82.9,72.9,1.7226914563853104
S2,59.4,36.8,75.2,173.87,8.1,163.6,106.4,60.0,0.1931569333665673
S1,34.8,37.2,71.9,172.25,114.6,139.9,94.4,65.1,-0.9487844411335463
S2,65.0,38.4,66.3,169.4,6.4,142.3,91.6,101.6,1.7505642523798934
S2,49.4,36.9,70.9,167.65,7.5,140.6,92.7,69.2,0.30982065150860993
S1,43.0,36.4,65.8,174.56,145.7,106.8,70.8,82.5,-0.8066136287708192
S2,82.8,36.8,96.3,168.17,5.8,133.2,82.3,77.9,2.088379127009683
S1,56.8,36.6,68.4,181.08,206.8,117.9,74.2,95.2,1.147379359963085
S1,47.5,37.2,99.2,179.3,63.0,135.7,87.7,59.0,-0.6410320500029176
S4,89.2,101.6,155.6,164.74,163.3,123.6,75.3,91.4,3.9726843718014218
S1,42.4,37.2,90.1,185.94,89.3,127.2,83.3,51.9,-1.3874246730753759
S5,49.3,36.5,86.3,1.78,54.5,126.9,90.1,73.6,-0.5572321625230147
S4,79.8,99.8,190.0,176.76,125.1,143.9,83.7,97.0,2.7857780901868616
S3,46.7,36.8,42.1,147.83,175.0,69.0,97.0,36.1,-0.9986825849437828
S2,80.1,37.7,80.2,177.82,6.4,138.7,81.6,88.4,1.5705983176394258
S2,50.4,37.2,63.7,155.13,7.2,111.2,66.2,63.7,0.35333729538950237
S1,71.0,36.5,58.0,163.74,96.6,148.7,99.3,77.7,0.03959262790497578
S2,69.7,36.7,74.5,159.55,6.4,139.6,75.9,70.8,1.6408970546450412
S3,53.4,36.6,122.4,187.58,108.0,69.7,98.8,34.0,-0.18433440930328523
S1,56.4,36.5,58.4,156.7,100.6,148.0,86.7,86.5,1.5364491191063523
S1,44.1,36.5,71.0,168.82,91.5,139.4,86.8,82.6,0.05194265089081884
S5,52.5,38.6,51.0,1.61,94.8,122.9,80.4,85.5,-0.4172186880635045
S3,39.6,36.5,78.4,163.64,85.8,77.6,118.7,36.5,-1.0268183223948402
S4,81.8,99.0,199.7,171.81,122.2,136.5,87.5,65.6,0.966563303401224
S2,71.0,37.0,100.1,172.13,5.8,97.6,54.1,103.0,1.7256208344294732
S1,68.6,36.7,89.3,183.41,81.8,136.0,75.1,49.7,0.25569145595783466
S3,34.7,38.2,83.9,177.36,87.1,68.6,109.0,48.5,0.1620503180427243
S2,65.4,36.4,76.1,167.67,7.7,137.1,85.3,82.4,1.0304882352509646
S3,49.6,36.4,78.3,171.6,131.8,74.1,123.2,36.0,-0.15278644042176745
S1,75.4,36.7,74.6,175.55,94.8,135.5,76.1,76.3,0.8494742691081422
S2,46.9,39.1,82.4,179.27,7.8,101.9,70.8,79.8,1.2822341078677404
S3,18.0,37.0,95.7,177.24,97.7,79.6,114.1,40.6,-2.1648926249762344
S1,41.0,36.7,87.1,189.1,74.0,96.5,57.7,91.8,-0.5033428857041148
S2,60.3,36.5,64.4,178.83,6.9,140.1,82.2,73.2,0.4787007513918833
S3,50.9,37.1,59.6,173.79,75.1,77.4,113.1,31.5,-2.708341700068762
S1,70.9,37.0,89.7,165.85,105.4,132.0,86.7,87.8,1.0103657394099697
S3,44.7,36.6,50.3,183.16,83.7,80.2,128.4,45.0,-0.7421929435601324
S4,83.9,101.5,215.2,173.52,145.9,125.8,75.0,77.7,4.420542631604958
S4,35.9,98.8,158.6,171.54,93.1,106.8,86.8,74.9,-1.8213558869692836
S2,61.9,36.3,72.8,163.73,11.2,138.4,85.1,72.0,1.8295263948588187
S1,51.6,36.3,76.0,175.55,89.7,131.5,59.8,80.1,0.8609348914810258
S1,54.8,36.7,89.4,154.14,91.0,140.1,92.4,70.3,0.5612661581847306
S2,66.6,36.5,86.1,165.31,5.8,121.9,68.0,59.1,1.024410281285145
S2,70.5,36.8,59.7,157.06,9.4,118.5,64.8,70.1,1.3043478759450653
S2,52.7,37.0,86.4,175.76,5.1,117.2,77.4,70.7,-0.8674452994677135
S4,48.6,100.2,158.7,159.73,102.8,131.4,77.8,83.6,1.3937270314585448
S3,44.5,37.6,69.2,170.03,57.2,82.9,123.6,42.9,-1.3224982604378963
S1,52.6,37.3,78.8,184.86,115.3,115.8,76.6,60.7,-0.20178531203235983
S4,41.9,102.4,161.8,164.89,184.9,116.8,66.1,91.2,2.4123366701312
S1,62.3,36.8,64.2,172.1,60.4,121.2,71.3,80.9,-1.1251638092208154
S2,64.2,37.1,83.4,172.63,3.4,147.1,80.8,88.4,0.665153074286037
S3,41.1,37.0,75.5,170.03,174.7,81.5,127.7,39.6,1.2254568202671943
S3,36.3,37.1,91.8,181.16,95.8,67.8,96.8,34.7,-1.767105897982448
S4,73.7,98.2,195.5,167.03,132.3,116.8,68.4,85.8,2.7204920124463925
S2,63.4,37.5,83.5,170.35,6.9,124.9,87.0,74.4,-0.3816243206386748
S4,74.8,100.9,150.4,157.02,103.5,140.7,78.6,74.6,3.068648645263565
S1,65.0,37.0,43.4,168.32,112.2,117.1,75.4,83.5,-0.8354269522581717
S3,56.7,36.9,39.8,147.84,123.3,77.1,126.9,44.7,-0.2508167477599001
S3,56.2,36.8,53.6,158.56,103.4,84.8,127.8,43.3,0.5227411386880905
S2,52.5,38.6,88.5,182.55,7.3,122.2,83.2,98.2,1.602170489239169
S1,62.9,37.1,72.8,175.37,170.8,127.6,68.1,57.5,0.5483422866593681
S2,52.4,36.9,95.2,174.47,6.5,120.3,75.8,60.8,-0.5558515975316569
S1,67.4,36.1,61.1,177.52,101.7,137.1,69.8,55.7,-0.152376707314904
S1,58.7,36.5,44.6,157.31,92.0,126.1,72.6,59.9,-0.8782361622814955
S2,54.6,36.7,79.7,166.66,5.8,117.4,83.7,78.2,-0.8344734080430601
S2,73.2,36.4,82.1,177.1,6.2,161.1,88.9,76.1,1.5198885505024502
S1,58.7,37.3,72.6,166.58,90.0,138.1,90.7,65.6,-0.34291225157098215
S1,31.0,36.3,78.1,158.24,98.9,97.9,67.8,75.4,-1.6397828890273134
S1,64.2,36.7,64.0,177.25,108.3,138.3,77.8,70.2,1.558091565397807
S2,62.6,36.9,59.1,157.71,6.2,113.6,71.0,67.6,-0.39003205284422365
S3,43.1,37.2,64.7,169.55,92.8,76.7,112.7,39.7,-2.896314966488915
S1,45.2,36.7,82.0,167.8,140.6,108.9,79.7,81.0,0.30255999446595694
S4,48.6,98.4,187.7,165.78,96.7,128.2,75.5,65.0,0.4292726002431275
S4,36.4,98.9,189.8,162.99,155.8,103.4,59.6,75.7,1.3521633394167283
S1,55.2,37.2,51.3,157.73,158.6,155.4,96.5,70.2,0.9742199521063026
S1,62.2,36.5,57.3,159.96,77.6,122.4,72.1,79.5,-0.4708953858010606
S1,53.5,38.4,93.1,175.3,138.5,95.2,74.8,66.1,0.5975606421577986
S3,34.9,37.1,111.7,176.17,161.1,89.1,156.7,37.8,2.5355450714700014
S1,56.4,36.7,50.6,155.47,86.2,134.2,83.0,79.1,-0.19147501086379254
S3,64.9,37.1,58.1,157.03,115.8,88.3,157.7,34.4,0.70954207870638
S3,20.8,37.0,64.7,158.51,74.7,70.0,92.8,36.4,-2.291941989326961
S1,39.4,36.2,79.9,163.65,177.8,128.4,86.9,76.2,-0.6557333144777777
S5,18.0,38.6,64.1,1.72,103.6,110.6,84.7,93.5,-0.8619514218501099
S2,63.8,36.4,92.2,173.93,5.9,143.7,80.9,58.7,1.5431939385248301
S2,61.7,37.0,65.4,159.21,6.9,106.0,65.6,78.4,0.4471636994762139
S2,50.7,39.2,60.3,158.91,6.7,122.7,82.4,94.0,2.3526239165943315
S1,63.6,36.7,69.6,168.43,109.2,146.4,86.0,72.4,0.4715428303391329
S2,69.9,36.5,63.4,165.62,7.4,127.0,85.8,81.4,0.5306590049806857
S4,52.3,98.6,183.2,177.16,118.7,105.2,63.1,69.7,0.27942759978157894
S4,69.1,99.2,176.2,166.92,145.8,127.3,81.3,98.6,1.607539491274693
S2,57.2,36.6,77.2,168.65,7.1,112.0,82.0,71.6,-0.32245058360518036
S1,48.2,37.2,91.4,170.35,84.9,135.1,89.0,93.0,0.42537713241321606
S4,72.3,97.7,196.5,159.07,122.3,134.2,78.2,79.0,3.0458452440477615
S4,39.9,101.1,215.6,180.63,141.6,120.4,75.7,88.3,1.285226597362728
S2,47.8,36.5,91.3,168.71,7.2,108.8,65.5,79.6,0.14420987746429859
S2,78.8,37.0,91.4,176.63,6.2,135.2,82.6,87.1,2.672901248910743
S3,44.0,36.8,48.5,176.55,112.8,60.0,126.2,45.4,-0.6795729352872302
S2,63.2,37.4,103.0,183.39,6.6,105.8,65.2,83.8,-0.42572692510753085
S4,72.3,100.8,202.0,174.18,123.5,147.4,87.7,76.3,2.3353473555092767
S3,59.3,37.4,64.2,164.58,113.0,78.0,104.7,32.4,-0.8261074909145474
S1,68.2,40.1,86.9,179.93,173.8,131.1,76.8,87.1,4.424487920658808
S4,43.5,99.6,185.3,166.52,177.6,142.4,98.1,85.7,0.8362312551043549
S1,58.0,37.1,61.6,176.71,69.9,141.7,91.7,79.8,-0.38029062778652734
S1,57.5,36.8,100.6,171.63,156.1,119.1,70.2,76.0,2.4412017574889875
S2,48.1,37.8,81.9,176.38,7.1,87.2,67.2,89.4,-0.5805428145518677
S5,62.8,38.4,67.0,1.72,88.1,151.5,89.9,99.1,3.0927003935904303
S1,50.9,36.5,65.3,172.79,83.5,148.2,86.6,50.4,-0.4764844021795094
S1,57.0,37.4,39.6,162.44,109.9,124.9,83.0,70.4,-1.4583541008361154
S2,61.7,36.9,92.4,166.52,8.5,116.5,77.8,88.5,2.4854188173242875
S3,38.4,38.6,66.9,164.03,111.0,75.5,125.2,42.3,-0.25139669550702193
S1,70.1,37.1,56.6,173.61,90.2,123.3,61.8,74.0,-0.29901323367835697
S1,39.6,36.7,56.1,168.24,89.9,114.3,66.2,93.3,-1.1468537567632702
S1,58.0,38.3,63.5,178.46,113.1,134.9,86.8,70.8,0.7373270561808407
S3,43.7,37.1,97.8,180.55,100.7,77.4,121.9,46.0,-0.10373464322511741
S3,48.4,36.6,91.5,190.77,104.7,80.6,118.6,36.7,-1.390828437375598
S3,74.2,39.5,60.6,169.08,99.7,99.7,149.3,54.4,3.03491719195944
S1,49.1,39.5,56.6,180.09,90.3,106.6,71.4,75.1,-0.026631629786422584
S4,53.5,98.7,168.0,167.66,141.0,109.8,58.7,65.0,-1.1227369954953186
S1,72.5,37.1,62.1,174.12,83.4,124.9,81.4,51.4,-1.134279786453885
S2,54.9,36.5,80.8,170.1,9.5,128.5,83.7,89.6,1.5570036404104426
S2,78.5,36.6,91.6,178.12,7.2,130.2,74.8,77.0,2.1945761906600674
S2,59.9,37.2,64.8,159.82,3.9,128.9,77.5,77.4,-0.5645246569997863
S2,64.3,39.2,49.5,158.92,8.1,122.6,74.4,83.5,2.7755503865642934
S2,49.3,36.6,72.8,179.21,6.6,126.6,71.8,71.8,-0.36534878575209523
S1,52.6,38.1,70.6,175.11,100.3,133.7,82.4,82.3,0.22938827088078553
S3,40.3,37.2,65.1,170.98,86.3,71.5,115.1,36.8,-1.718667853291707
S1,34.5,36.8,75.3,160.94,87.1,115.2,81.0,69.0,-1.2935303057979803
S2,54.5,37.0,96.9,176.45,9.7,117.5,71.7,87.6,1.3292549422407465
S5,20.3,37.2,63.3,1.69,64.0,140.9,83.3,74.9,-1.6508213275224497
S1,42.2,36.4,83.3,183.76,90.1,123.1,80.5,79.3,-0.4958710136647778
S2,52.3,36.7,60.0,171.38,8.7,98.8,65.0,78.6,0.2773787324638862
S4,69.7,97.8,218.0,177.95,78.8,142.5,84.2,83.1,1.13912867663118
S1,36.7,36.4,72.5,166.91,140.2,120.9,76.8,59.0,-0.9595605974503417
S2,69.7,36.4,61.4,159.16,6.5,122.8,76.3,75.1,0.7480457143604196
S4,79.6,97.4,246.6,177.83,128.1,142.7,81.8,75.4,2.5318308423250997
S5,41.0,36.8,69.0,1.77,110.2,126.1,80.1,60.6,-2.024764538497455
S2,66.0,38.3,67.9,164.36,7.8,126.3,77.4,91.7,2.6559447200881268
S3,44.5,38.8,79.1,179.51,126.3,84.5,122.4,43.6,0.952843524135297
S2,49.4,36.7,99.1,173.73,10.1,151.3,83.2,70.4,3.403457888019788
S5,54.6,36.8,58.6,1.64,97.7,118.1,72.4,82.3,-0.9716427290129278
S4,33.9,97.6,180.8,169.66,185.5,130.4,82.4,78.2,0.746461294142341
S2,43.2,38.7,100.2,179.93,5.5,132.9,64.2,106.0,2.384781652538636
S3,43.2,37.0,48.5,159.69,146.4,76.9,108.0,42.7,-1.1074817906717762
S1,18.0,36.9,101.3,172.88,156.5,99.4,70.4,66.2,-0.4890750471475318
S3,49.4,37.2,56.7,182.16,103.9,83.5,145.0,37.7,0.36694654015642103
S1,67.0,36.6,97.0,178.49,103.2,119.2,74.3,64.4,0.5404693087392409
S3,71.3,36.7,106.5,184.23,105.3,54.3,102.1,36.9,0.5739281500040951
S1,63.5,37.1,65.7,154.19,102.9,127.3,79.3,82.5,0.2825466703091725
S1,51.4,38.3,58.4,169.7,83.5,141.9,94.1,63.0,-0.6359018869042559
S2,39.9,36.5,82.9,170.42,5.2,125.7,79.1,74.7,-0.3036145016692014
S3,68.1,38.6,87.6,177.74,91.9,69.9,118.9,53.1,3.114305934622181
S3,39.4,38.4,103.2,176.11,89.7,84.3,128.9,51.3,1.6356284823663576
S1,47.9,36.6,77.1,169.24,74.1,127.7,86.7,80.1,-0.9533488819506664
S1,52.6,37.1,89.8,168.91,97.3,108.6,78.3,69.2,0.1498374445962336
S2,63.3,36.8,90.5,172.72,4.9,118.5,89.3,73.5,-0.21607123988412383
S1,80.2,39.5,69.0,170.0,87.2,129.4,73.6,77.9,2.7755062290721453
S2,51.9,36.9,93.6,164.92,7.4,136.2,85.7,81.7,1.6334996425338304
S3,41.2,37.0,49.1,169.33,71.6,77.2,117.2,38.5,-2.334620912946703
S4,71.2,96.9,161.7,160.5,125.3,135.7,102.7,91.7,0.5076211487865097
S3,43.9,37.0,74.2,177.77,67.9,80.3,126.5,39.0,-1.1558771019775718
S4,60.2,98.0,180.0,177.55,121.5,132.0,82.0,73.5,0.6126937432568661
S2,73.8,37.3,63.7,162.09,5.2,154.0,97.1,55.3,0.6803068612980465
S1,52.3,37.1,73.1,172.96,97.5,130.8,74.4,72.1,0.5674290784871239
S1,67.9,36.9,111.7,184.16,120.3,136.5,83.4,95.2,2.7165413347363865
S4,69.3,98.9,178.8,167.34,110.0,146.2,78.0,59.0,1.5508078830101395
S5,36.9,36.8,82.6,1.72,101.6,106.5,68.5,72.7,-0.30528263389416854
S1,37.1,37.1,83.6,180.71,135.3,84.9,61.0,56.5,-2.0534632005667777
S1,55.4,36.4,69.4,181.85,92.0,142.9,92.8,75.2,-0.015820885054053713
S4,64.5,97.6,220.5,168.23,127.4,115.6,77.1,78.5,1.771462185351178
S1,46.4,37.2,80.2,167.64,66.1,96.6,68.1,68.8,-0.9543390879926041
S4,71.0,98.2,169.3,162.99,105.8,146.6,87.7,89.9,2.4260689242263385
S2,62.3,36.6,118.3,181.11,6.5,137.9,66.4,70.2,1.9795711270965342
S3,27.5,36.6,71.0,155.26,72.6,76.0,98.0,36.4,-1.368586668553969
S4,65.6,104.4,203.7,175.48,157.7,125.2,85.9,92.2,4.233652255769082
S3,55.8,36.7,72.3,155.34,90.2,67.5,111.1,40.6,-0.5689794506379895
S2,47.7,37.6,81.0,165.38,7.6,136.0,77.9,71.5,0.6816481228706881
S1,55.9,37.6,64.4,165.6,113.7,133.9,77.6,69.2,0.5559311934399763
S3,39.2,37.8,71.8,178.43,93.3,73.1,121.1,43.8,-0.14826410855317113
S5,43.4,36.7,57.0,1.75,117.6,117.1,73.4,98.1,-0.26130581170285855
S3,57.6,36.6,85.6,168.74,75.5,58.7,95.0,35.0,-0.09691332893381421
S2,27.8,36.6,76.6,158.62,8.1,113.0,76.0,81.1,-0.5605636374522152
S1,46.5,36.7,61.8,155.29,115.5,121.5,77.9,64.6,-1.0910413645458503
S2,46.6,37.0,70.3,171.39,7.2,92.6,62.6,82.5,-0.6731118648542497
S3,34.7,37.4,91.0,177.99,113.2,66.7,107.7,42.7,-0.6482828349999217
S3,51.3,37.1,51.7,154.19,102.0,90.4,153.5,49.4,0.5826145480527277
S1,71.0,36.4,78.6,176.43,127.8,150.7,74.8,89.8,1.8702863954385816
S5,39.4,37.1,44.6,1.57,97.1,99.1,63.6,76.2,-2.387843004422024
S3,39.7,38.9,66.9,164.24,52.7,76.2,121.4,41.1,-0.37608251339078647
S1,57.3,37.0,62.8,166.79,72.9,122.0,81.9,69.2,-1.220291374342478
S4,41.4,98.2,119.8,156.02,138.1,116.5,62.9,78.2,0.48311704396146626
S2,43.8,37.2,77.4,167.42,6.6,128.4,76.3,79.2,0.16190134354985247
S3,35.5,38.8,75.2,169.71,91.9,70.2,102.4,50.1,0.5574829319933885
S2,53.2,36.5,74.8,169.12,5.5,119.8,71.2,78.6,0.8844333003624729
S2,47.0,36.9,77.6,175.14,10.0,138.5,83.5,86.7,1.474468164728576
S1,60.7,37.1,64.5,164.29,118.7,116.6,76.8,74.7,0.04717795088902599
S1,55.4,36.9,56.0,158.8,112.8,131.8,87.4,84.1,0.5145662763283751
S5,34.1,36.1,38.9,1.51,126.7,113.0,73.2,55.5,-2.782940862015963
S2,55.1,37.2,79.0,162.18,5.9,116.2,81.9,78.3,0.6958025351778945
S1,37.1,39.0,72.5,165.53,84.9,129.6,83.3,91.9,1.289978184104762
S1,59.7,36.7,82.3,166.61,144.4,117.0,78.0,64.3,0.09058045870321227
S3,55.0,37.1,56.7,165.85,97.9,76.6,119.6,35.8,0.015091618726609135
S1,54.5,36.7,80.7,177.23,79.7,156.9,82.3,74.3,0.4947776657408234
S4,75.0,98.5,219.8,184.66,104.4,139.3,76.7,72.5,1.6375603953319462
S2,73.9,37.2,108.4,166.97,6.9,134.8,75.7,70.2,2.709174264838425
S5,33.3,36.9,68.9,1.72,126.5,159.3,89.8,0.0,0.8378846460275229
S4,74.5,102.4,188.6,170.28,128.7,141.1,90.5,58.6,2.088795399757607
S1,36.3,36.4,53.3,172.62,104.3,122.5,81.0,52.8,-2.505433549575658
S4,51.0,98.2,190.6,187.51,126.7,136.8,89.8,65.8,-0.14128932820741474
S1,42.5,36.7,86.9,186.77,150.5,106.4,72.9,58.4,-1.0401670741958042
S1,33.0,36.7,61.9,157.38,59.5,104.2,83.1,81.1,-1.7607145969273905
S2,37.0,39.5,50.8,147.98,11.9,131.5,78.3,97.7,3.615384195094437
S1,40.1,36.3,82.9,174.97,75.8,89.5,69.5,87.3,-0.7927229761005092
S1,50.4,37.2,89.5,170.69,136.5,116.6,76.8,73.2,0.05111636608155329
S1,37.6,36.9,89.6,176.52,79.4,110.1,64.7,73.8,-0.5472998191646214
S1,44.6,36.4,72.7,164.04,116.5,122.8,72.4,63.5,0.07072814772858
S2,59.9,36.7,49.0,154.69,5.0,115.7,78.9,84.8,-1.251090510997643
S4,41.5,98.6,236.6,165.74,196.5,122.2,78.4,70.5,3.0659772344973657
S1,72.8,36.5,80.9,172.1,82.3,155.6,86.6,87.6,2.4475791309588786
S4,81.0,97.7,177.6,158.23,132.1,143.0,83.7,50.2,1.6192076424826525
S4,39.0,102.4,195.9,170.91,219.2,123.2,81.9,87.7,2.2735975374636928
S1,61.3,36.4,66.0,168.09,139.0,123.8,73.8,74.8,0.4359048101608617
S2,68.1,37.0,77.0,174.9,11.5,123.9,82.0,84.6,1.5515480800345465
S3,25.1,36.7,99.1,171.2,147.8,74.2,96.1,51.0,0.14407732087155944
S1,34.1,36.6,55.0,169.93,137.3,112.4,70.1,85.1,-1.2128820995273613
S4,49.5,99.9,174.9,174.25,138.5,126.7,92.0,80.6,0.2866197653918343
S3,42.5,36.8,51.0,184.32,96.4,83.5,131.1,30.8,-0.6775043728033268
S4,44.0,98.2,260.1,181.22,89.2,123.3,75.0,69.4,0.7471349165143393
S2,61.5,37.4,74.5,161.7,7.7,152.2,86.5,65.2,2.014221355637771
S1,36.1,38.7,80.4,172.65,98.3,132.4,76.2,78.8,0.5926335163028573
S2,50.4,37.1,93.9,188.53,5.6,111.3,72.8,54.4,-0.5438196035613323
S1,46.7,36.4,76.6,176.12,145.9,120.1,66.5,77.3,1.2910339133145854
S5,34.3,37.4,74.6,1.79,85.2,120.9,79.2,61.5,-2.0628137287807156
S3,41.7,37.0,67.9,175.6,83.5,78.0,110.8,35.8,-2.362010131706512
S1,47.1,36.9,73.6,179.81,123.4,133.9,95.0,72.2,-0.6913089954653723
S1,65.4,36.9,61.1,170.81,87.7,111.5,61.4,89.2,0.4141471975608304
S3,47.4,37.1,90.8,179.67,96.9,75.5,127.9,42.6,-0.14486153674180624
S1,30.0,36.5,88.0,179.2,74.2,107.8,74.0,75.5,-1.721049740223985
S1,67.7,36.8,75.6,181.82,115.8,140.3,93.1,81.3,0.7742687472907862
S2,71.5,36.8,70.3,171.36,6.5,116.8,81.4,84.9,0.2594832845930709
S4,72.7,98.1,201.7,169.78,121.5,132.7,79.3,62.3,1.3865299231895414
S4,84.9,101.3,170.3,163.79,141.9,171.7,102.9,97.3,4.233378448537571
S2,34.9,36.7,96.1,168.96,5.9,120.0,69.9,87.4,0.041366277817414865
S3,47.7,37.3,86.1,177.17,92.1,69.1,119.9,44.5,1.0795794213768757
S3,26.5,36.6,83.1,169.65,98.6,48.4,68.4,39.5,-0.786689006107403
S1,46.4,37.3,84.3,162.41,95.2,117.6,72.3,77.4,0.6537865429417942
S1,32.5,36.7,91.2,169.08,89.4,109.5,73.0,104.0,-0.45489958255611723
S5,30.3,37.0,62.3,1.79,64.7,131.1,78.2,0.0,-0.9923614024384619
S4,62.4,101.6,153.8,165.13,179.7,133.2,83.4,75.3,2.031830152836743
S1,36.2,39.0,80.3,171.34,95.4,128.5,81.7,95.5,1.5024923683718452
S4,58.8,97.6,211.5,169.38,137.8,138.6,68.7,83.6,2.1474379283387766
S2,82.6,36.7,86.9,159.39,5.2,156.6,81.2,73.0,2.35681940393653
S2,72.2,37.1,73.8,160.06,7.7,147.1,85.0,79.2,2.2250646290549017
S1,37.2,37.1,83.8,166.09,121.7,81.9,61.9,86.0,0.07747545392236316
S2,54.9,36.8,77.7,194.81,6.2,101.0,70.2,56.6,-1.636444752241388
S3,25.9,37.1,57.1,166.73,124.3,74.2,102.7,44.3,-1.8175202666455106
S1,65.5,36.7,65.4,148.25,62.3,129.6,74.1,65.8,0.5298098346263755
S5,22.1,36.6,54.9,1.57,117.1,105.8,58.2,72.8,-2.123125330187092
S1,55.9,36.4,57.8,181.58,97.8,142.5,84.1,85.2,-0.03084517336804314
S2,44.6,36.6,79.2,167.33,10.5,134.0,78.5,62.0,0.9652195661855
S3,58.9,37.2,70.2,169.52,117.6,80.4,118.8,34.8,-0.45807615520432904
S5,55.0,37.0,70.4,1.66,136.6,143.7,82.1,68.9,1.581646461376359
S3,35.4,36.7,46.9,174.71,102.6,84.0,112.5,37.8,-1.7006375231037332
S2,53.3,36.8,65.8,163.53,6.3,105.4,81.7,61.5,-1.44104754974038
S4,62.1,98.5,209.9,170.34,162.0,147.9,88.6,71.2,2.7771302238761444
S1,35.5,36.4,80.2,185.41,120.0,91.0,67.7,63.2,-2.290619424028152
S4,53.9,97.8,151.3,167.94,198.8,120.3,92.2,77.6,-0.26875917447481656
S1,51.6,36.8,69.6,170.46,141.5,90.0,70.0,79.7,-1.0789995690967626
S1,52.4,36.6,50.7,160.93,111.3,143.8,93.9,90.3,0.5796868001324003
S5,31.6,36.9,77.4,1.64,83.0,113.5,70.2,86.0,-1.3438999185727358
S3,45.3,36.6,75.1,163.92,118.1,89.9,137.1,44.8,0.6253861444040201
S1,57.8,39.8,85.7,178.81,134.6,149.3,82.3,88.2,3.734749277642176
S1,28.5,36.8,66.1,170.7,183.6,99.3,70.0,92.3,-0.47877694796729475
S2,44.2,36.6,91.4,180.97,7.8,103.2,72.4,85.8,-1.0800079940732812
S1,43.8,38.8,43.8,164.01,106.2,109.9,77.1,101.4,0.7832738871653985
S2,58.1,36.6,103.4,184.54,5.1,118.1,79.8,91.2,0.9581536193151169
S4,64.1,98.6,196.5,162.04,145.4,108.2,54.3,77.3,1.9172610018385727
S3,45.2,36.3,58.1,168.4,92.5,83.2,118.8,42.3,-1.439121399437309
S3,61.8,36.5,75.8,172.73,89.5,93.4,149.1,32.5,-0.13976650418081815
S4,57.8,97.7,172.9,179.46,181.4,128.8,75.1,69.3,0.8186337489572393
S3,48.8,36.6,75.4,168.95,83.6,92.3,149.6,31.9,0.3248055613794291
S2,93.0,38.9,88.0,157.75,9.8,156.3,95.9,95.7,6.025290754461869
S2,70.5,36.6,69.6,161.97,9.4,125.9,70.3,88.1,1.6525557621442206
S1,48.3,36.4,90.8,178.45,102.4,85.9,65.9,93.5,-0.2534592203574467
S2,68.9,36.5,63.9,181.52,4.9,134.5,71.7,80.0,0.8389488377067447
S3,41.5,36.9,85.4,168.02,124.5,87.0,133.4,33.5,-0.6455911391898264
S5,44.4,37.2,51.7,1.61,117.6,135.7,79.3,78.5,-0.29187694732402675
S3,54.7,36.6,79.0,172.77,94.5,81.7,135.4,33.2,-0.7289205108194909
S1,65.5,36.7,65.1,161.99,50.0,143.0,82.5,66.4,0.4440554502636988
S1,43.9,36.2,51.8,159.67,139.9,121.7,85.7,79.0,-0.8558563544649829
S1,32.6,37.3,87.9,172.47,95.6,124.5,89.4,66.9,-1.9419644223211598
S2,58.1,36.7,80.8,162.99,8.4,119.2,81.1,67.9,0.9674200393018857
S2,52.4,38.2,63.0,179.5,10.8,153.8,98.9,76.3,0.945060418877103
S2,87.1,38.9,79.1,174.28,8.4,146.7,87.8,66.3,3.527871463545616
S4,57.2,97.5,162.9,165.11,89.8,141.1,83.6,72.5,0.34124676825628875
S2,63.7,36.9,79.7,176.27,10.3,125.5,93.1,84.6,0.6450512015377943
S1,58.1,37.1,68.8,174.06,174.5,98.1,71.1,81.3,-0.842706353320479
S2,49.7,36.4,73.1,153.77,6.1,128.3,79.8,74.8,0.6524731513182935
S2,57.4,36.8,78.4,157.68,8.1,115.2,87.4,79.2,0.9127263022653613
S1,55.7,38.0,88.0,177.7,78.9,143.0,86.8,71.3,0.917761067102004
S1,54.5,37.1,83.0,176.69,113.2,114.5,61.4,81.8,0.8458240182883878
S4,71.2,98.2,150.2,158.39,94.6,136.5,86.4,80.2,0.9924649336824293
S4,95.0,98.0,211.7,180.64,125.3,143.8,93.5,67.5,2.402803505959647
S3,28.5,36.8,62.6,171.98,84.1,77.2,99.3,35.6,-2.489180479620498
S2,67.0,36.7,84.6,168.41,8.6,132.9,76.4,76.9,1.5892101918390185
S3,32.2,37.1,71.0,159.43,129.0,80.8,117.6,36.6,-0.5453203130128672
S3,54.7,36.6,70.5,169.76,96.9,84.2,119.8,44.0,-0.000855353308447826
S1,34.2,36.9,65.0,169.45,106.3,108.5,80.5,85.4,-1.7046713338510553
S1,66.2,37.0,86.0,176.89,71.4,132.0,84.5,94.5,1.3437576054558822
S3,22.7,36.7,81.4,162.24,82.1,77.2,106.5,45.6,-2.225238442187073
S3,28.4,36.9,79.8,167.14,76.3,77.4,113.6,45.6,-1.149572718949117
S2,54.1,36.3,98.2,178.69,5.4,129.3,72.0,58.9,0.3413514117492027
S2,57.2,36.3,86.1,174.55,10.0,99.2,69.1,65.7,0.7010699142484738
S2,54.0,39.1,97.2,162.48,5.5,161.9,94.3,94.0,3.9826490409691906
S1,32.0,37.3,98.3,170.67,104.9,99.4,64.3,66.8,-0.4412897955249381
S1,55.4,36.4,66.6,152.66,103.8,126.2,69.1,96.0,0.9580254959202205
S1,66.2,37.2,72.5,163.15,86.6,138.3,95.0,74.8,-0.4858167471399475
S2,72.1,37.0,62.7,160.0,6.8,132.0,82.9,77.0,0.9355332919255374
S1,58.6,36.7,48.5,175.85,104.3,148.9,92.1,75.5,0.4702274664323584
S1,58.8,36.7,52.3,146.69,143.8,132.5,73.8,56.4,0.516516949324093
S1,35.1,36.5,83.1,175.44,76.9,112.9,76.9,79.9,-0.6900585970779761
S4,83.6,98.2,210.5,173.25,167.5,138.9,75.6,80.1,3.520413515209393
S1,26.2,37.3,73.6,158.52,103.6,121.3,78.5,99.1,-0.6491731593537129
S3,64.8,37.0,69.4,167.41,87.0,82.5,140.0,34.6,1.0652535283641393
S4,83.1,98.4,230.1,184.43,167.7,118.8,58.1,75.6,3.1987095296153667
S2,56.3,36.9,74.8,171.74,8.6,138.1,79.3,76.4,1.4944333421515101
S4,25.8,98.7,162.9,164.06,165.2,114.3,70.4,92.7,-0.004345017430626923
S3,40.8,36.4,71.6,162.5,165.1,66.0,106.1,30.5,-0.3209466537299162
S3,45.0,36.6,67.9,166.84,89.6,76.1,132.5,37.8,-0.3001103253549163
S1,44.4,37.3,71.6,162.41,113.0,107.6,77.0,95.6,-1.659200210195769
S2,70.0,36.4,69.8,161.56,7.2,118.6,74.9,65.4,0.43943444284622657
S5,27.6,36.8,69.2,1.73,64.8,129.9,97.2,0.0,-2.0071708695750705
S2,71.1,36.4,100.1,168.9,10.0,117.9,66.1,93.8,3.308480497985996
S3,25.7,36.7,84.8,178.66,144.5,86.0,118.0,45.6,-0.8873350572164596
S1,55.3,36.7,81.9,163.18,50.0,115.8,85.6,75.5,-0.5796782735097187
S2,82.3,37.5,102.0,164.99,8.8,158.2,87.7,56.8,4.0693919975322235
S4,56.5,98.4,205.9,167.64,253.2,156.4,86.9,65.0,2.842816382725962
S2,63.3,37.4,61.3,162.36,6.4,120.5,79.8,71.8,-0.24474931933024
S1,52.0,39.3,96.4,167.92,86.1,111.2,77.6,100.1,2.877143506929401
S2,53.4,37.0,112.3,181.59,5.0,92.5,64.4,61.9,-0.35086890767146434
S3,67.1,37.0,76.9,176.3,122.4,86.9,134.5,42.6,0.7553058409389862
S3,30.7,37.3,85.2,182.49,79.9,70.0,114.3,41.0,-1.570233691272304
S4,81.3,98.5,159.6,155.13,134.4,133.8,82.8,75.1,1.413435861833017
S2,50.7,36.5,81.2,178.43,11.9,129.2,74.2,74.4,2.6057560073031354
S3,47.6,37.2,49.4,173.08,124.9,89.4,123.3,39.1,-1.4214691415899836
S2,76.8,37.4,85.7,169.63,6.4,142.3,79.4,83.4,2.241374152536393
S1,55.9,39.4,77.1,179.69,123.3,141.4,86.0,66.2,2.1486529160756893
S2,46.1,36.5,92.2,168.22,8.4,109.4,63.1,59.4,1.768659629424411
S1,22.1,36.7,63.7,163.94,113.3,102.4,71.7,73.8,-2.0636875798950056
S3,50.3,37.0,66.8,178.22,115.4,80.5,105.3,39.9,-1.6762068097844856
S2,31.9,36.3,62.8,168.37,6.5,111.1,81.3,71.5,-0.745583654107806
S3,34.3,36.5,47.6,153.49,123.3,75.6,117.0,31.4,-1.9820229797692956
S4,47.3,98.5,180.7,174.9,126.1,134.1,87.8,91.6,1.1464453311178842
S1,55.1,36.7,69.4,178.16,107.1,113.5,67.6,79.9,-0.6534467884849299
S2,48.5,36.3,80.9,173.42,7.1,94.0,64.7,77.5,0.12490898253284105
S1,70.3,39.6,82.5,177.29,85.4,149.9,86.9,86.7,3.85180833424805
S3,35.9,37.1,60.0,160.02,90.0,74.3,105.9,41.3,-1.4830562366375353
S2,48.1,37.3,92.3,174.99,6.1,108.2,64.2,61.2,-0.5053480843437241
S1,40.6,36.6,69.5,157.85,109.9,105.6,76.3,71.3,-1.058055975277302
S1,65.5,37.2,65.1,169.21,115.8,106.7,82.1,80.4,-0.6463080094194623
S2,69.6,36.4,90.7,175.73,12.8,136.6,82.4,76.7,2.618079405795382
S2,71.9,36.9,72.8,176.08,6.0,125.1,74.6,78.0,0.45237689924722624
S1,39.9,37.0,84.8,156.15,111.7,121.8,74.9,65.7,-0.4444828671797124
S1,43.9,36.8,83.9,167.06,122.0,113.1,77.0,74.3,-0.46013073567969776
S1,59.2,36.6,102.1,177.65,70.8,114.4,64.8,82.0,0.07774201243157941
S2,47.0,37.0,90.8,172.94,7.3,103.3,83.3,69.8,0.005237270375498038
S4,74.7,98.2,218.3,174.77,132.3,125.3,59.9,82.3,2.61616112008534
S2,85.1,38.2,72.1,178.12,7.8,157.6,91.0,69.7,3.2622433440693444
S4,60.6,102.0,188.8,174.51,140.3,134.5,74.4,77.8,2.60940114593064
S3,59.3,39.0,85.3,181.21,83.9,79.9,148.3,44.5,2.737501730478135
S3,50.0,37.1,75.3,173.04,95.2,66.0,121.8,38.5,0.8828391681574872
S2,85.4,37.1,94.7,178.06,6.6,134.1,91.7,86.0,1.4078639766445182
S3,45.3,37.0,67.3,161.64,73.5,88.5,142.9,29.4,-1.1966302013115628
S2,22.1,38.4,119.1,182.39,8.7,101.5,79.5,64.1,0.5276500840153107
S3,62.3,36.7,59.9,179.41,101.6,79.6,134.3,21.7,-0.04018408462112366
S2,54.6,39.2,99.2,172.76,6.9,114.1,74.3,114.3,3.882101123987703
S1,18.0,36.9,99.6,175.11,108.5,87.9,67.9,75.4,-0.6501222304334437
S2,42.2,36.4,83.7,158.8,5.1,100.4,68.0,89.9,-0.4941942237365816
S3,54.6,39.2,86.9,163.42,68.0,93.4,136.3,51.2,2.7765324921499146
S1,64.3,37.3,93.4,170.48,97.9,121.8,86.7,80.5,1.022396753046155
S1,71.6,36.9,57.4,184.57,106.8,156.6,82.2,91.9,0.7589628364904726
S1,66.2,36.6,56.6,158.16,127.9,122.3,75.4,93.2,0.42287973244155164
S1,61.4,37.1,75.5,164.21,127.5,106.5,80.9,69.6,-0.6101858918820974
S1,33.3,36.6,66.0,178.59,112.5,115.3,75.0,80.8,-1.1973356738193743
S4,59.7,98.6,167.6,149.31,192.2,134.6,70.6,67.3,2.6476458717922116
S3,47.5,36.6,38.1,145.93,95.6,76.3,105.5,48.5,-1.4388062973624793
S1,29.7,36.9,74.2,171.25,151.5,127.8,83.9,59.9,-0.3717989042822518
S1,54.3,36.6,82.7,174.84,139.8,136.3,88.6,79.0,-0.28343764147782
S4,50.0,97.9,240.2,176.23,212.7,134.7,83.0,72.9,2.414801088068077
S1,64.1,36.5,70.7,171.27,68.1,144.1,89.7,53.1,-0.6122864176185937
S2,60.5,37.1,71.4,174.0,5.3,136.4,71.8,87.4,0.903280551573825
S2,50.6,36.4,82.8,172.68,5.9,119.3,70.6,80.0,-0.29370099540410166
S3,33.9,36.5,84.5,179.09,111.0,57.4,97.5,38.9,-1.5609430971125686
S2,36.0,38.6,67.9,163.05,7.2,102.2,67.8,82.5,0.5508105250080852
S1,47.4,36.8,63.7,154.97,84.2,111.6,68.8,62.0,-1.6207590479174274
S1,58.9,36.4,59.3,173.78,130.1,147.7,80.9,89.0,1.3597333187013798
S1,42.2,36.8,101.6,173.53,95.9,121.6,71.3,78.6,0.4709405518125682
S3,71.7,36.9,94.9,161.14,133.4,89.7,144.2,38.5,2.553784681590707
S1,44.9,36.6,76.5,168.79,101.4,112.8,80.6,82.1,-0.22213027595009271
S1,41.5,36.8,75.0,172.53,109.2,113.1,73.2,60.2,-1.215129368902642
S1,47.4,36.9,85.8,174.76,102.0,101.5,72.5,82.7,-1.369833963589557
S2,74.1,36.9,70.5,183.41,8.0,167.3,97.0,84.7,0.8059028478055376
S1,54.3,36.7,81.6,179.67,84.5,123.0,76.5,86.2,0.012112660373957501
S1,43.5,38.1,82.8,172.73,91.4,114.3,72.6,87.9,0.10043414314643408
S3,82.0,36.4,62.9,167.56,81.4,93.6,133.7,34.3,-0.1962941283214771
S4,57.2,102.3,155.9,187.68,195.7,137.9,84.5,80.5,2.5971861768563125
S2,60.7,36.9,79.5,168.81,9.7,93.6,73.4,65.3,-0.05139132682962344
S3,38.1,36.6,87.4,165.6,137.0,81.9,122.5,37.5,-0.1995419853664118
S2,43.6,36.7,104.7,173.49,5.3,116.6,77.8,79.6,-0.1817990525419712
S1,53.9,39.4,122.0,186.75,81.2,127.3,66.7,80.3,2.8020628188358874
S3,38.5,36.8,75.1,172.99,115.4,82.4,109.9,29.4,-1.838598767702827
S3,52.8,36.8,62.3,160.31,77.2,85.5,132.9,46.0,0.2220244309428943
S1,60.3,36.9,73.7,175.71,115.0,121.3,77.3,66.6,-0.6204470253856651
S1,81.0,37.4,74.9,168.44,96.2,139.9,84.8,48.6,0.2955107334586611
S2,58.7,36.8,82.3,164.33,9.1,115.8,62.4,71.3,2.5159457054818235
S3,45.6,36.9,66.6,165.77,126.4,78.1,116.9,33.4,0.10326406263229138
S4,55.4,101.4,172.0,171.06,89.6,118.0,64.9,107.1,1.794230358964449
S2,64.6,36.8,94.0,175.93,7.8,131.9,87.1,71.0,1.2144964353495313
S2,76.6,38.5,91.7,170.66,7.0,146.5,85.3,89.1,4.5896702188276475
S3,29.9,36.7,81.7,171.82,90.5,75.9,101.2,42.2,-1.4596120801639725
S3,40.6,36.8,80.4,172.17,92.5,78.3,117.5,39.9,-1.0955763424832
S1,50.6,38.4,86.9,179.18,107.1,135.6,86.3,100.0,1.8267542192749187
S4,70.5,100.3,187.7,182.44,109.4,132.5,77.7,87.8,1.9993393228153402
S1,63.0,37.0,94.6,162.22,122.0,145.9,89.5,73.9,1.9122503397909896
S2,84.5,37.2,106.4,170.08,8.3,133.1,83.5,41.0,1.2527722009477655
S1,57.5,36.5,64.6,154.48,103.6,123.9,69.9,86.8,1.1181445751261285
S1,54.9,36.8,103.2,175.1,87.4,121.1,70.7,81.2,1.034340836312692
S1,34.7,38.8,85.4,176.82,138.3,109.4,75.6,95.2,1.3324323088271353
S4,54.0,98.4,188.9,176.54,154.7,128.8,90.8,74.4,0.921885900206648
S1,42.5,38.7,80.0,170.01,87.8,108.1,69.7,93.2,0.22274731271598341
S1,48.9,36.7,58.7,176.98,78.5,112.6,78.5,87.0,-1.8471189053547639
S3,55.5,36.9,98.9,189.35,114.7,82.2,127.6,33.9,0.5944860639051582
S1,40.3,36.9,79.5,179.01,103.4,99.7,72.9,75.5,-2.1859705912931955
S1,67.5,36.9,60.0,179.54,117.2,135.6,88.4,70.7,-0.6572854554327252
S3,36.8,36.7,59.7,157.55,149.7,57.3,107.7,38.6,-0.01063122457949664
S5,49.6,36.5,70.1,1.74,108.6,122.8,81.6,74.3,-0.4402905035259886
S2,52.8,36.3,75.4,175.5,9.6,88.3,61.3,74.2,0.09265528233413567
S1,29.2,37.7,72.4,161.92,122.5,98.5,60.7,77.7,-0.650099152797646
S4,53.5,98.3,215.3,173.05,172.5,105.4,73.1,58.1,0.8143718164800939
S2,57.2,37.1,102.2,169.45,5.7,125.0,84.3,70.8,0.9289562022602454
S1,64.8,36.7,93.3,167.0,72.3,134.3,83.1,93.2,1.6660851632736045
S2,54.5,36.9,75.8,169.56,7.0,119.0,78.6,68.1,-0.023993820123539178
S1,38.1,36.7,45.6,150.14,133.9,140.2,80.3,80.1,-0.23738692580831283
S3,58.6,36.8,72.0,173.91,80.4,70.4,126.1,44.4,1.0707488339947033
S1,67.1,36.9,88.8,170.65,85.3,161.9,99.9,86.0,1.625483371814932
S2,95.0,36.6,89.7,180.81,8.4,159.9,101.5,76.7,2.735364436572314
S1,50.0,38.9,73.8,159.87,109.3,112.4,71.3,103.0,1.7533117944569747
S5,59.3,36.8,73.7,1.76,76.8,96.4,63.3,67.5,-1.3188690644018009
S1,61.5,37.4,93.3,183.42,133.1,136.8,86.0,76.2,0.6635775586549001
S2,29.5,36.4,82.8,164.93,8.5,119.2,87.7,68.5,-0.9118795374551611
S1,33.0,38.4,64.3,170.94,101.7,104.1,75.6,82.3,-1.2899937972262685
S3,40.4,36.9,93.3,174.04,101.6,86.1,122.6,43.6,-0.6732173798462435
S1,53.6,36.7,58.1,171.15,115.9,128.7,87.5,77.8,-1.099481073957948
S2,78.9,36.6,74.7,170.67,9.1,157.6,93.0,92.2,2.076586412823638
S2,59.7,39.6,72.6,166.07,7.0,108.2,67.1,83.7,2.3967424276674603
S1,76.0,37.3,53.8,163.06,88.7,160.9,98.1,89.7,0.3821360387442395
S4,95.0,98.3,206.8,176.73,124.8,149.5,73.8,68.5,2.729568703710615
S5,38.0,36.8,75.0,1.73,87.6,113.9,74.8,62.2,-1.5750258311279945
S1,54.9,36.5,61.4,166.24,102.7,117.7,82.2,87.2,-0.7452911598508383
S1,64.3,36.9,98.0,175.7,103.4,130.3,78.7,70.3,1.605823270903104
S1,51.4,37.4,79.1,156.29,111.7,125.1,82.7,74.1,0.2620806625391003
S1,61.5,36.6,66.4,167.18,97.8,122.5,72.2,71.7,0.01186895854967187
S1,30.7,36.8,66.5,178.75,152.7,93.4,65.4,83.6,-1.452972050698002
S2,37.5,38.5,85.9,173.37,7.8,122.3,69.3,72.9,1.6397632687025614
S1,57.3,36.6,96.2,183.37,121.5,151.6,89.8,78.6,0.9677762835808676
S2,75.3,38.7,88.2,165.29,7.6,162.0,99.3,77.9,4.077844981056494
S2,46.4,36.8,72.0,162.34,5.2,108.6,73.9,74.6,-0.39006234403929163
S4,57.7,100.1,226.9,179.55,126.8,109.8,69.3,103.8,0.9707959303769511
S2,42.7,38.8,77.7,169.76,4.2,103.0,72.0,79.4,-0.36409267801502354
S1,32.6,36.6,79.1,180.35,67.7,130.9,89.3,85.2,-0.7000353408433955
S1,48.1,36.3,77.9,165.06,75.3,124.2,82.1,86.9,-0.01667133651018521
S1,57.2,36.9,68.4,167.63,133.8,126.5,83.5,87.3,-0.1420244805567536
S4,74.7,101.6,214.2,179.65,169.8,130.9,91.8,81.6,2.5735603714383806
S1,44.4,36.8,84.2,181.76,86.1,111.4,72.5,78.8,-1.3086157795853504
S1,51.3,36.7,59.2,176.53,108.6,141.3,85.2,80.6,0.27939984940378015
S3,73.5,36.4,96.4,193.33,114.3,90.5,132.5,39.8,-0.06548452479327638
S2,35.5,36.9,87.3,171.04,6.3,113.5,78.4,91.9,-0.16186312990205656
S2,57.4,36.8,58.7,172.8,7.0,132.1,68.9,79.8,0.7121347135605507
S2,78.6,36.7,103.0,169.12,5.0,135.6,85.9,71.9,1.4343729040706272
S3,37.0,36.5,80.4,154.44,113.4,73.1,107.5,41.2,-0.6877407135636153
S3,40.3,36.7,70.2,173.96,73.8,83.5,116.1,34.9,-0.9264934447768894
S1,58.1,36.9,71.8,172.77,102.6,118.6,61.5,66.8,0.2485449434758814
S3,74.2,36.8,65.3,172.61,89.4,77.0,142.6,46.6,1.9507561118701737
S2,72.7,38.8,79.8,174.38,8.4,131.2,94.5,94.8,2.8418921176799454
S1,46.7,38.6,82.9,160.37,112.0,113.8,76.0,98.2,1.927026475993884
S2,38.0,38.4,112.5,175.29,3.9,126.7,93.6,77.3,0.6707510344021446
S1,61.2,37.1,95.0,176.39,129.2,114.2,77.8,90.4,-0.15120211447757348
S1,40.2,37.2,53.0,155.17,74.6,127.9,76.0,57.9,-1.1685137498092353
S1,41.1,39.0,55.2,148.78,87.7,124.5,74.5,79.9,1.5760082516750078
S3,47.1,38.4,72.7,174.45,116.3,81.5,134.2,34.8,1.6016910313252457
S1,62.9,36.9,84.1,171.57,117.8,142.7,70.4,63.1,0.9769269275795913
S2,67.7,36.9,74.0,177.12,6.1,134.1,88.4,53.0,-0.09979832654418624
S4,51.0,98.7,229.0,169.12,148.6,138.5,92.5,61.6,0.5222584844663921
S1,56.5,39.0,94.1,186.61,130.4,114.1,70.0,81.7,3.0848966579418073
S4,62.5,97.1,161.0,155.7,139.4,141.6,81.8,60.0,0.30353328443506333
S3,52.2,36.2,75.0,171.58,119.1,82.1,123.5,27.7,-0.5244546805324584
S1,47.2,37.2,65.0,170.87,65.4,121.7,74.4,84.2,-0.37131704178325853
S2,51.4,36.7,83.8,159.85,10.6,133.4,87.1,41.5,0.8023536082037581
S2,56.7,36.8,76.3,177.21,6.1,126.2,75.9,69.7,0.24212590447287474
S2,80.4,36.8,88.4,162.23,6.2,145.3,86.5,83.8,3.228904705705752
S3,18.0,40.4,70.7,182.41,108.3,89.5,133.9,41.0,1.1811754800600114
S3,42.6,37.3,58.1,160.76,109.6,61.6,103.8,29.3,-0.6544838457412198
S1,47.2,36.7,55.7,175.28,97.9,125.8,84.0,79.3,-1.5086184297933705
S3,40.8,36.6,45.2,162.83,110.2,77.2,104.1,32.6,-3.1778656413103104
S3,40.4,37.4,91.0,171.81,93.9,68.9,114.8,37.4,-0.20783054771247536
S1,73.1,36.6,93.6,179.47,68.3,130.8,91.5,77.1,-0.7897941707672463
S1,78.0,36.8,61.7,164.96,137.6,131.0,74.6,84.6,1.3826202851294558
S2,58.5,37.1,94.3,185.4,10.3,130.1,83.0,78.4,0.6445252450567311
S5,55.0,36.9,77.8,1.64,83.0,149.9,92.8,92.3,0.12288204304489614
S4,53.6,98.0,196.1,176.22,133.8,111.1,80.1,44.3,-1.1895666845563555
S1,42.1,37.1,74.7,172.4,104.1,94.7,70.9,74.6,-1.740404545578557
S2,54.3,38.3,53.5,171.32,7.2,135.8,85.1,94.1,0.6619680532255755
S3,22.5,36.4,69.1,171.83,89.5,77.3,109.5,40.2,-2.5672745283561795
S5,27.0,36.9,64.9,1.63,82.2,107.6,77.3,93.2,-1.709167409679696
S1,49.6,37.0,104.1,180.52,82.7,131.8,88.1,81.7,0.030769641173021722
S4,77.0,98.0,192.2,168.38,105.1,123.3,72.2,73.7,1.6685234372323414
S1,58.8,36.8,66.9,172.78,123.4,145.1,85.6,74.5,0.48287548673423136
S4,66.1,101.6,155.9,156.5,117.4,133.2,98.8,89.5,2.4669071611246514
S1,33.5,36.7,66.1,179.86,126.2,88.0,65.3,69.2,-1.890117157531675
S1,73.7,36.6,56.3,169.48,119.4,108.0,63.5,83.1,1.2449652775018905
S1,38.9,36.3,91.9,173.64,172.8,140.7,101.5,59.2,-0.048853490007986514
S2,45.5,36.5,64.5,163.92,8.2,142.7,79.1,85.7,0.9377148637831961
S2,55.2,38.5,83.6,168.46,9.4,118.3,76.0,77.4,1.6627795711670534
S2,66.9,36.6,83.6,160.74,6.4,123.9,73.3,76.6,1.3459606243256734
S2,53.1,36.5,88.4,175.56,11.3,123.2,75.7,86.1,2.2384151171318933
S4,51.2,98.1,192.6,165.79,137.1,127.7,69.8,74.8,1.0095928005513648
S1,50.8,36.6,79.5,183.01,78.1,142.0,89.2,66.6,-1.1010550153656877
S1,45.6,36.5,66.8,171.56,131.0,143.7,90.0,74.1,0.09969981898725604
S1,46.9,37.0,118.8,185.83,91.3,100.3,73.2,85.1,-0.47292611356528036
S1,31.8,38.2,82.3,167.67,73.3,108.3,71.5,84.4,-0.20432049706516892
S1,55.3,37.0,81.9,170.2,82.3,135.9,84.4,91.1,0.08430466185446983
S5,25.9,37.0,74.3,1.56,151.9,95.0,69.1,77.2,-1.3082672700174673
S2,37.8,36.4,65.8,168.63,6.2,111.1,65.0,98.2,0.05796987806263304
S1,62.6,36.5,83.0,171.62,82.9,119.1,76.1,64.4,-1.044729698882011
S4,95.0,99.0,154.7,158.89,130.2,128.0,71.4,66.0,1.5537154578811694
S2,69.0,37.0,70.0,156.21,6.7,124.4,67.0,89.2,1.9518635063721752
S1,47.4,38.4,64.5,169.93,127.3,144.2,84.9,94.3,1.607174345846567
S3,63.2,37.2,85.2,167.55,93.0,78.7,134.5,41.6,1.4266775852458606
S1,62.8,37.1,85.8,165.67,106.2,149.1,85.9,91.9,1.765530186195308
S1,49.0,37.2,60.8,168.69,74.1,121.4,71.7,74.0,-0.2164841940185792
S1,26.4,37.2,86.6,170.75,108.4,115.8,86.7,70.8,-1.7132640182866934
S3,70.0,36.1,62.9,156.9,167.1,96.5,151.0,40.1,0.9168743463627419
S1,56.2,36.6,73.0,162.05,72.2,116.4,66.0,60.6,-0.5096072600062315
S4,80.7,98.2,230.5,187.15,82.5,128.5,82.5,56.5,-0.0015351040785550607
S1,58.8,36.7,97.9,178.07,110.7,118.5,88.2,75.3,0.019899449123058396
S1,58.2,36.8,86.5,162.86,90.5,116.0,68.8,83.6,0.39726235607449006
S3,52.9,36.7,94.4,191.97,94.8,80.9,126.5,45.6,-0.2533776779424823
S1,57.5,36.9,64.3,171.27,101.9,119.8,80.8,89.6,-1.0732898347607418
S1,49.7,37.0,130.7,192.43,105.4,129.8,83.9,60.8,0.023777831489004198
S2,56.2,36.9,83.3,169.63,7.6,106.1,63.0,99.3,2.199516066118661
S3,37.5,36.4,70.5,151.21,117.4,68.9,111.8,35.7,-1.6191423142855594
S1,55.3,38.0,54.3,155.43,130.9,115.0,78.6,95.5,0.19924814937161406
S2,48.0,38.8,95.7,166.1,7.1,115.8,73.5,86.5,3.028625332850583
S1,49.2,38.0,76.5,167.76,70.7,122.6,76.4,88.1,-0.40397583741596643
S2,71.8,36.8,95.8,164.03,6.8,125.4,85.4,94.6,1.2187618373529736
S4,61.8,97.4,160.7,167.28,100.2,127.9,78.5,53.2,-0.15123862170309796
S3,27.6,36.8,78.1,167.74,108.6,73.0,106.1,27.9,-1.40012285818496
S3,30.0,39.4,52.1,168.65,72.6,72.7,109.9,44.6,-0.13021267874407064
S1,27.9,38.9,75.0,174.83,129.8,117.8,71.4,72.2,-0.1228402762187773
S3,25.6,36.6,95.9,178.45,67.9,58.8,97.8,36.7,-0.7366227483025471
S3,60.7,37.5,85.2,188.14,129.8,84.6,136.0,33.6,0.42811265984494545
S2,35.0,36.3,112.3,177.95,5.2,119.9,75.2,72.0,0.34030350652712527
S4,57.7,98.5,247.5,172.22,130.5,114.2,79.7,70.5,0.8402370831257836
S5,38.9,36.9,78.2,1.68,79.1,97.3,65.7,94.1,0.23258797376887885
S1,58.1,37.0,46.8,170.26,181.5,140.5,80.8,86.7,0.9960981267880272
S1,18.0,36.9,84.9,169.59,119.0,108.1,65.5,56.8,-2.00326899928235
S2,41.7,36.7,60.7,165.4,8.1,113.5,75.6,70.4,-0.602059633918586
S4,52.2,98.1,191.4,179.0,139.1,138.3,81.0,84.7,1.0776259006362379
S1,58.7,36.9,62.0,170.34,118.2,139.0,80.0,87.4,0.3275860024515011
S3,26.4,39.0,69.4,171.77,91.3,64.8,95.5,45.2,-0.5187526206555382
S1,59.4,38.3,82.3,166.42,111.7,141.3,82.4,96.8,2.7532188197379766
S2,55.6,37.1,82.2,168.49,6.4,113.0,83.4,77.8,-0.17655278056389578
S3,68.4,36.1,96.1,172.81,86.3,69.5,123.3,45.4,0.7835230934750912
S1,48.4,36.9,41.9,157.31,75.4,114.4,81.5,66.8,-2.8907893400511093
S2,59.8,36.9,77.2,161.81,5.0,105.5,76.8,43.8,-1.013153761656479
S1,63.3,36.6,92.3,181.77,98.1,125.0,75.7,70.6,0.21066592940950404
S4,71.0,99.2,202.0,178.9,113.2,142.7,88.3,77.8,1.8361027654806543
S5,50.6,36.3,47.8,1.67,65.4,155.7,97.8,63.3,-1.1699782823443339
S2,62.1,36.8,117.2,184.49,7.7,146.8,81.6,82.2,2.064854209744096
S4,86.2,98.1,196.9,176.6,150.9,162.4,94.3,85.1,3.63287205883013
S3,45.5,37.4,74.5,157.53,116.4,66.5,106.6,37.1,0.32557805113544475
S2,52.6,36.7,74.8,172.08,7.0,100.1,71.0,88.0,-0.12759828782147364
S4,66.4,101.9,188.7,177.32,125.5,148.5,79.1,105.0,3.492973965220268
S3,50.9,37.3,65.5,163.9,141.3,72.9,135.1,48.1,1.6278584463691348
S1,53.6,37.2,55.8,156.16,79.1,115.3,68.5,74.4,-0.7843905809124799
S4,58.1,101.7,191.6,177.35,153.9,128.2,75.4,78.1,3.3124886234896165
S4,60.2,97.9,184.4,167.69,162.6,122.7,70.1,68.0,-0.15600045855869005
S4,90.8,97.7,156.7,170.82,202.1,150.5,76.0,53.6,2.3538410458610453
S1,69.3,37.1,72.2,176.68,90.6,140.1,75.9,81.7,1.1151486718683987
S1,60.4,36.6,72.6,152.49,116.9,131.9,88.4,71.6,0.4715055924085625
S1,60.4,36.3,68.3,172.82,132.9,145.1,76.3,80.9,0.7444954972174203
S3,42.4,36.4,60.5,172.4,82.2,82.9,131.0,37.1,-0.8540555619022219
S4,47.0,101.1,199.0,178.7,130.8,132.0,88.5,97.2,1.4843928967122477
S2,52.5,38.7,83.3,169.21,6.8,118.2,83.2,76.3,0.8184151903331807
S1,70.3,36.7,77.7,160.56,107.1,166.0,94.3,70.3,2.705983945866801
S2,42.8,36.4,70.4,168.74,6.1,110.6,75.6,73.2,-0.5995423488296322
S3,42.1,36.8,86.8,170.16,86.9,80.1,125.0,44.7,-0.22179762812673273
S1,63.3,36.7,126.5,202.6,74.1,129.7,82.0,65.2,0.2336679930439165
S2,85.4,36.5,54.0,159.05,9.4,132.2,74.9,85.3,1.5890263541161933
S1,70.6,37.2,65.9,158.6,78.6,138.3,82.0,84.2,0.14770371025939344
S1,58.8,36.6,63.9,179.99,125.4,111.4,81.9,74.3,-1.1719149422901054
S3,27.7,36.6,82.5,174.77,96.1,83.5,122.2,41.0,-1.0703574089225523
S4,77.6,97.7,173.9,165.66,126.8,129.1,72.3,87.9,3.0849324083048324
S1,44.1,37.3,64.5,171.85,123.1,111.6,84.8,100.9,-1.1090144850881511
S1,50.6,37.0,87.7,180.23,111.9,125.6,79.0,59.0,-1.0183971730610697
S1,53.3,36.9,83.7,165.57,83.2,139.0,98.6,67.8,-0.14033114161478527
S1,52.4,36.9,71.6,164.82,94.6,123.8,84.8,78.8,-0.17483454576526253
S1,40.2,38.0,62.6,176.65,136.0,126.0,67.4,106.7,1.089851809460771
S2,52.6,36.9,38.5,159.19,5.0,139.5,85.3,91.7,-1.3723437917306445
S2,60.1,38.7,94.7,179.03,9.5,137.7,95.6,81.8,2.5781609831396035
S5,42.6,37.5,79.2,1.77,120.8,122.4,74.2,86.3,0.2183812606548564
S1,32.6,36.6,88.9,169.05,95.9,123.4,72.5,67.3,-0.9843415354278787
S2,65.5,36.7,76.2,173.56,8.6,142.8,82.6,65.7,1.2530300301981359
S2,72.4,36.7,52.7,141.57,11.5,147.7,77.1,76.0,3.112020465713522
S1,45.1,39.4,67.9,174.73,71.4,109.6,74.4,93.0,1.1133582320155782
S1,58.8,36.7,74.8,160.99,129.3,143.2,84.7,60.9,1.4306861034825402
S3,20.1,38.4,94.5,173.99,73.8,72.8,118.4,38.0,0.5572575112784041
S3,45.7,36.6,71.8,161.86,123.8,75.3,119.0,39.8,-0.6226249312389851
S1,28.8,36.6,57.5,166.2,88.9,97.0,60.1,80.1,-1.7606110681314395
S5,48.5,36.7,72.6,1.76,87.4,151.5,87.1,70.4,0.3129175721877741
S1,45.5,36.6,81.9,173.87,161.7,121.0,79.8,71.9,0.4767184996033721
S1,76.6,36.2,87.8,171.55,119.7,131.8,92.5,87.0,1.5463354131813938
S3,36.0,36.7,80.0,164.7,78.4,65.2,90.4,35.7,-1.5525859910547866
S1,44.8,36.4,73.4,179.62,120.9,103.3,73.1,86.8,-0.7037609500850354
S3,43.9,36.2,79.2,179.42,95.2,92.5,156.6,41.8,0.8766316655517739
S5,52.2,36.9,79.0,1.74,91.3,138.6,76.5,89.1,1.045590441215473
S1,36.5,36.7,71.5,164.92,81.3,112.2,86.1,85.5,-1.833381565066692
S3,58.3,38.8,126.4,185.57,92.2,87.2,127.4,50.8,2.7102396050257234
S1,64.8,36.8,95.2,173.18,84.0,166.1,96.2,87.7,2.4572072593013634
S1,69.5,37.2,81.4,169.57,86.3,139.5,78.2,73.6,1.1580998033890204
S3,18.0,36.3,80.3,162.1,130.2,62.7,91.0,30.4,-1.8643738375177117
S2,63.0,37.2,96.8,181.39,4.7,117.6,68.1,91.7,0.5221801971980449
S1,53.4,36.7,82.4,165.03,157.7,125.3,73.5,92.8,2.347457428223327
S2,76.9,36.6,93.8,174.18,9.3,150.1,93.9,73.3,2.104512373526439
S1,67.4,36.8,60.0,164.34,130.0,135.3,93.1,79.7,-0.03302339154491701
S2,52.4,36.9,82.9,170.63,4.0,130.5,84.5,81.3,-0.11637431657018493
S1,49.2,38.3,81.4,180.67,106.8,118.3,80.3,84.0,0.19235169881929076
S3,54.5,37.2,71.7,173.49,83.4,69.2,124.7,42.8,-0.007786573178744538
S4,73.3,97.0,166.8,180.8,102.4,134.7,78.7,97.5,1.6301855280831883
S1,45.7,36.7,68.0,168.41,62.0,122.4,76.5,80.4,-0.6586678037355296
S3,64.1,37.9,48.9,151.86,114.7,85.3,125.3,42.8,-0.09591035171971835
S2,64.8,36.7,78.4,165.6,5.5,120.6,64.5,67.9,1.0532801663342488
S1,64.2,37.1,74.0,164.61,81.1,129.5,79.8,64.0,-0.9320896427473009
S1,47.2,36.5,51.4,167.35,107.3,131.7,78.4,81.4,-0.6536005854316957
S1,56.1,36.9,61.6,146.75,111.0,134.4,80.7,60.9,1.1637251093427234
S4,59.0,100.2,189.0,169.68,135.0,123.5,73.0,70.8,2.7354438028776205
S4,63.6,99.7,185.2,170.41,79.9,131.4,77.3,61.6,0.36001940638907315
S2,79.9,37.4,119.5,184.98,10.3,128.4,83.4,104.5,3.6923104090777463
S2,62.7,36.8,91.6,180.6,6.4,110.3,66.5,91.2,1.5666179072439799
S3,44.1,36.8,75.5,170.36,105.9,80.3,125.7,52.8,1.035595467041624
S2,62.5,36.8,76.6,172.22,5.8,119.3,73.4,95.1,1.5303061580430617
S1,55.8,37.1,70.8,155.19,128.6,129.4,88.4,90.6,1.2617592376094524
S2,84.8,36.9,74.3,168.59,5.4,155.9,79.9,79.3,1.9042747071668693
S3,53.7,36.6,82.8,183.6,90.3,82.5,136.9,41.3,0.5491465795715003
S1,66.3,37.2,109.4,170.39,69.2,144.7,90.5,64.8,1.3724069689223937
S4,71.3,97.6,204.9,174.48,164.2,126.3,85.4,61.4,0.7020242513270717
S1,71.4,36.8,71.2,181.49,114.5,165.1,102.5,61.9,0.568904620744075
S1,33.9,36.7,40.1,163.43,149.3,115.1,80.3,84.9,-1.9316161652243935
S3,56.0,38.6,58.8,163.8,111.2,79.1,109.3,46.2,0.8302451315462661
S4,64.2,97.6,145.4,163.51,163.6,125.1,70.0,78.6,1.7320717626426985
S2,43.3,36.8,74.5,173.62,7.1,132.5,85.8,68.8,-0.8120912966302649
S2,54.6,39.8,100.3,162.81,8.3,143.5,86.0,70.7,4.2185254201677695
S1,43.1,38.0,78.5,163.31,104.1,128.6,85.2,74.2,-0.3648011041025999
S3,47.6,36.8,69.4,156.69,130.9,78.4,126.7,34.1,-0.0562186858267823
S2,76.7,36.7,51.9,162.52,4.9,155.2,77.1,73.1,0.7159644654735065
S1,62.0,37.2,80.2,169.97,91.2,141.3,79.4,99.3,1.7852343049210628
S3,49.4,36.9,67.0,166.99,72.5,76.4,119.7,36.1,-0.527759409811508
S2,71.0,37.1,74.2,181.68,7.2,131.8,77.5,65.6,0.33606812492581994
S5,36.7,36.4,66.2,1.75,107.6,101.3,64.8,79.3,-1.0580035697279893
S1,61.3,36.6,75.0,167.45,89.8,114.3,81.4,82.2,-0.3345530877070184
S2,62.6,37.0,90.0,187.59,8.5,130.9,86.4,62.8,0.10179187129631995
S1,54.7,36.3,59.1,176.42,81.9,90.1,69.2,72.5,-1.0907568105275736
S3,63.8,39.4,55.4,158.16,70.3,76.0,139.3,46.4,3.1462879905668735
S2,52.6,38.8,111.2,172.77,7.0,124.9,82.1,81.6,2.371284588426656
S1,62.5,38.8,65.8,158.7,78.2,106.2,68.3,91.7,0.7602011368199671
S1,56.3,36.9,75.2,178.03,72.4,134.0,73.4,75.9,0.45365157563761915
S3,48.3,37.2,73.9,172.76,108.5,64.0,106.5,42.8,-0.5199403406750519
S1,50.7,39.6,69.7,167.63,138.4,126.2,97.3,81.9,2.207449825622538
S3,78.4,36.8,54.2,173.14,78.7,88.4,141.5,38.3,0.17234288769563177
S1,43.4,36.6,96.3,177.62,99.4,123.4,73.1,77.7,-0.37720395172069493
S1,56.4,36.9,79.2,171.57,119.8,120.7,85.6,61.0,-0.5587976682217
S4,56.0,98.2,155.5,172.83,130.9,130.7,81.4,75.7,0.31194497593235937
S1,70.5,36.3,84.9,176.12,77.2,147.2,78.1,70.4,0.5376981457190402
S1,82.4,36.7,78.1,174.06,88.3,127.2,73.2,73.0,1.0065838135804122
S1,57.1,36.8,90.8,166.96,89.4,132.3,84.0,63.2,1.0797324329590872
S3,42.9,36.7,67.7,179.71,61.3,77.2,99.6,29.7,-2.2762668765154666
S3,35.9,36.9,67.6,158.15,78.3,71.5,104.2,33.5,-2.1107787726714333
S2,40.7,36.9,64.8,150.76,5.0,123.6,70.9,70.8,-0.16552632919821755
S5,35.8,37.4,57.5,1.72,87.5,110.3,66.9,76.3,-1.2596014387691103
S4,67.2,99.1,216.5,174.52,116.2,113.7,77.8,76.1,0.5604755364775754
S2,71.8,38.5,68.6,159.97,9.1,124.7,83.7,77.8,1.8798888354114134
S2,52.3,36.6,71.7,181.46,7.7,125.0,79.1,67.4,-0.41348430417243626
S2,51.9,36.9,93.2,163.53,5.7,105.4,68.9,88.0,-0.19672131673047044
S1,65.4,36.5,82.7,156.65,71.4,140.0,91.0,80.5,0.4568366540113753
S4,66.2,98.4,170.2,168.12,116.3,141.1,74.1,81.4,2.5889681207924466
S1,34.4,37.2,108.3,187.2,84.3,112.0,80.3,76.1,-1.208254558402035
S1,55.1,37.0,93.2,171.81,93.0,140.7,73.8,73.1,1.2179440058611715
S3,58.3,36.6,58.0,154.53,78.7,58.1,97.3,46.7,-0.18520887332709124
S1,52.6,38.1,69.4,166.05,79.9,119.3,82.0,74.9,-0.5717568598385698
S2,50.8,36.7,66.1,156.26,6.8,97.7,68.8,65.0,-0.8533823910414847
S1,38.0,36.4,63.4,159.85,75.5,115.1,74.5,45.0,-1.5371597535963963
S2,49.3,36.7,85.1,167.11,7.0,131.4,89.4,58.5,-0.45068148312005485
S3,35.4,37.4,68.9,166.53,106.2,92.2,134.6,36.0,-0.5488267648858619
S1,37.8,37.1,86.7,174.99,99.7,85.5,61.0,83.3,-1.3300306697228546
S5,23.7,36.2,70.9,1.86,101.5,89.2,66.3,69.0,-2.1432628474540367
S1,47.1,36.5,86.4,185.75,106.7,111.5,76.6,72.4,-0.9185871864913224
S1,32.3,37.2,72.2,164.75,128.9,108.2,58.5,94.4,0.21390794622836715
S2,51.6,36.6,94.2,167.93,5.0,86.7,66.6,76.4,-0.274469944080124
S4,79.5,100.7,250.7,182.36,130.7,155.0,84.9,97.5,4.169456124539369
S1,49.8,37.0,120.4,178.2,92.7,143.1,95.9,80.4,1.1566826177601124
S3,38.1,36.5,64.5,164.9,85.5,82.1,133.9,39.7,-0.8755330469521694
S1,63.1,37.0,57.3,158.85,138.2,135.3,78.9,66.0,0.36949626511048805
S3,52.8,36.6,91.7,165.75,104.3,85.9,123.9,34.3,0.13764662222703544
S1,40.9,37.0,88.5,178.42,108.9,100.5,67.0,87.5,-0.585449782034803
S4,67.5,102.6,169.6,159.58,159.2,127.6,76.0,87.3,4.266460947749541
S1,47.5,36.6,72.0,170.07,93.9,155.5,84.5,70.5,1.1905338058935695
S3,52.0,36.6,62.8,170.98,107.1,75.6,128.1,34.8,-0.1107057867266269
S2,37.5,36.7,66.4,165.09,11.0,149.2,86.4,74.4,0.6998194001275808
S4,56.7,98.5,187.3,178.71,165.6,125.0,90.2,56.0,-0.49621533994636907
S3,40.1,36.9,79.9,160.19,109.6,63.3,96.3,25.0,-1.0803636812341348
S1,58.6,36.3,113.1,184.05,113.2,115.3,69.4,82.3,1.546922911626298
S2,56.4,37.2,88.6,169.38,8.8,146.8,78.3,81.1,2.5150612815712914
S1,46.0,36.6,84.8,166.87,91.4,146.1,83.8,80.1,0.8226893700729141
S1,52.2,38.8,84.6,176.85,134.7,119.2,77.6,92.9,1.8743459018486062
S2,75.0,37.1,86.3,168.43,5.4,131.4,84.5,60.0,1.2335902919805175
S1,53.1,36.8,69.1,175.69,114.4,132.4,85.6,77.5,-1.5666029149037648
S4,61.3,97.6,255.0,174.4,239.8,133.4,69.5,67.9,4.591934563028171
S4,38.4,97.5,221.7,181.19,96.3,116.2,87.8,77.6,-1.3475223977622974
S2,47.4,36.7,81.5,162.73,5.0,110.7,73.1,46.2,-2.0251487368056926
S1,69.3,36.4,62.7,160.71,74.9,131.8,87.4,59.2,-0.801662741221737
S1,52.7,37.4,74.5,182.78,128.9,122.2,76.8,74.3,-0.5068157681538094
S1,57.3,36.4,75.8,159.72,101.5,132.6,78.8,65.7,0.25112996016690153
S1,50.2,37.1,79.5,191.82,57.2,150.2,90.4,88.9,0.14021706312838345
S1,58.8,37.1,56.0,166.59,217.6,111.4,76.9,71.8,-0.5355279899822194
S1,26.4,36.2,54.0,165.43,146.5,111.1,73.9,68.7,-1.8266500998997304
S1,36.4,36.9,109.2,184.28,95.4,115.2,82.5,81.3,-1.3649306648818325
S4,42.8,98.1,133.9,139.36,129.6,118.3,78.3,47.2,-1.5082740562071173
S1,66.2,36.9,83.9,173.36,94.2,138.4,75.0,75.0,1.4769681638695191
S1,37.0,37.0,82.2,171.02,70.2,106.3,62.5,76.3,-0.13987993879659355
S1,30.4,36.8,65.0,150.78,56.7,81.1,57.3,73.0,-2.2800473993503
S1,60.5,36.7,86.5,163.36,109.8,146.9,79.0,82.8,2.197710662333741
S2,44.5,36.9,117.3,180.41,10.2,124.7,82.1,72.4,1.7268176950448346
S1,59.1,36.9,67.5,166.44,81.9,130.1,84.2,73.7,-0.28575438044991364
S4,61.5,98.3,227.2,172.82,171.9,136.1,86.2,80.3,2.556622357120893
S1,72.4,36.9,63.0,162.05,149.5,139.6,83.5,57.8,1.2582812296394705
S1,65.3,39.2,70.0,167.78,109.3,138.9,89.9,71.4,2.4967357211063264
S3,36.9,36.8,70.8,167.85,74.0,78.3,99.2,36.8,-1.856443767363385
S1,41.8,37.0,78.0,171.06,155.1,125.7,75.4,88.0,0.2906509645083307
S4,59.9,102.8,170.6,167.11,149.4,111.8,77.2,83.9,1.647218789411441
S3,33.5,36.6,56.1,169.91,97.4,59.9,85.9,33.3,-2.4387426393818092
S2,66.0,36.6,84.1,172.79,9.1,114.1,79.4,81.0,0.6043666379882291
S1,39.1,39.0,53.7,159.52,95.6,117.8,72.0,85.6,0.9381540793815005
S2,43.7,38.4,67.9,160.41,6.4,123.0,86.7,90.0,0.579290236165875
S2,55.7,38.8,77.3,182.91,8.1,146.9,81.2,73.1,3.125491086309912
S2,82.8,36.3,126.1,184.44,5.9,166.8,105.2,70.2,2.2313986609309606
S4,57.6,98.3,226.5,176.07,119.8,131.3,79.6,77.7,1.747977690555014
S5,28.6,36.8,62.1,1.45,77.2,122.4,74.9,82.4,-0.5903390228506996
S5,34.1,36.9,50.8,1.68,70.3,88.7,68.4,58.4,-3.502974749358959
S3,27.2,37.3,61.0,153.8,91.1,65.7,97.3,39.8,-2.431262919397153
S1,67.9,36.6,67.3,183.96,101.0,124.6,74.6,64.3,-0.6710014654764742
S5,35.7,36.9,65.1,1.71,123.3,118.8,66.4,71.5,-2.0842724604562726
S4,66.7,98.8,176.0,170.44,173.0,125.3,83.3,78.0,1.2290626503899527
S1,57.1,36.6,82.1,174.87,71.5,156.5,95.3,82.1,0.10691720667211868
S1,46.9,36.7,78.5,171.75,65.0,140.9,88.5,73.5,0.08279073793389274
S4,68.8,97.8,176.2,161.45,250.2,117.1,82.1,84.9,2.602997889917351
S1,65.6,36.9,70.8,168.49,71.2,104.4,72.8,64.1,-0.7911455341913891
S4,82.2,98.0,211.1,174.05,105.3,168.4,100.5,82.0,2.7556334429272353
S1,82.9,36.7,85.2,171.17,169.0,139.9,77.3,66.5,2.585801056765939
S2,62.9,38.9,81.4,172.65,7.9,122.8,73.0,84.1,3.0763809136742974
S4,71.4,98.2,154.8,166.3,160.6,133.6,85.0,74.3,1.6740020939798408
S4,62.5,98.8,195.5,164.86,113.4,146.7,84.8,67.1,1.2901111979776696
S2,52.5,37.0,91.5,172.75,6.0,129.4,72.9,65.6,0.2569738511154936
S3,33.7,37.1,81.3,178.54,107.2,85.8,135.6,36.6,-1.1651255909729954
S2,20.1,36.7,98.9,172.37,8.8,113.5,79.3,62.8,-0.5239811085480929
S1,79.7,38.7,55.7,170.27,102.7,133.9,76.8,95.1,2.4046461899699265
S2,74.1,39.2,70.4,174.69,8.0,129.0,83.4,65.2,1.800098711748304
S5,39.3,36.6,74.8,1.83,96.0,108.5,72.3,69.2,-1.4378019252490355
S1,18.0,37.0,69.2,181.26,139.2,119.6,85.5,74.9,-1.8379716582250427
S1,39.6,36.8,84.9,174.14,104.0,119.3,71.2,79.8,-0.5278182547802746
S3,48.5,36.6,67.0,161.5,117.1,67.8,110.9,44.7,-0.4672485483471881
S1,60.4,37.1,51.9,150.18,104.3,112.3,75.3,72.1,-1.0937438246785076
S2,77.8,36.9,107.2,183.97,9.3,137.3,75.2,89.6,3.4187881291011015
S1,52.7,38.9,49.6,159.12,116.1,127.2,73.4,100.0,1.6947195112939513
S1,49.4,36.6,67.5,169.23,140.0,131.8,83.3,74.1,0.339882087692431
S1,20.0,38.7,102.5,171.03,59.2,124.3,78.7,86.5,0.9022532966684961
S3,50.5,36.7,82.0,167.36,193.6,75.1,102.6,33.7,0.5578004055805137
S3,49.5,36.7,96.2,177.77,112.0,98.7,135.1,44.2,0.013002430290308009
S4,41.4,97.7,153.6,165.25,178.2,112.1,67.5,66.5,-0.30961291431297444
S2,61.4,37.1,76.9,165.75,7.5,151.0,85.8,79.0,1.698076623056244
S1,50.5,39.6,67.5,158.06,86.4,142.7,87.5,88.7,2.923157987273001
S1,71.0,36.2,46.9,176.86,109.0,148.8,82.2,76.8,-0.27336922233602745
S2,44.4,37.1,66.7,173.73,8.7,123.9,74.6,67.7,0.06572727230395736
S2,41.5,37.1,84.5,179.58,7.0,141.2,89.4,79.4,0.3359039464507743
S5,46.6,36.6,47.7,1.6,89.4,121.6,82.5,63.5,-1.7658599185040735
S1,54.0,36.9,95.2,179.27,110.2,147.7,87.0,57.5,1.1926563502838987
S2,65.1,37.0,74.9,169.62,6.5,133.7,84.6,67.3,0.00752514959865741
S4,85.6,98.8,180.3,159.67,215.9,138.9,87.6,66.4,3.58820727718417
S1,65.7,38.8,126.3,192.28,98.3,132.1,74.9,91.8,3.397431605180315
S4,69.7,99.2,236.0,188.48,116.4,113.4,60.2,75.6,1.0083880758122374
S1,29.9,36.4,77.0,166.68,80.4,106.6,65.1,83.2,-1.1435571269280398
S2,76.6,39.7,90.3,178.59,6.9,115.9,66.1,76.2,4.464029495309787
S2,50.1,37.1,79.0,159.21,10.9,128.4,76.2,75.0,1.9451058984748146
S1,42.7,37.2,81.9,166.02,127.6,130.1,77.9,76.2,-0.08385567514131437
S1,80.8,36.7,74.7,170.81,105.2,130.4,83.6,64.5,0.18731503745954875
S1,42.4,36.2,36.7,156.37,137.4,126.0,70.8,93.4,-0.8907471490601166
S3,55.0,37.0,82.4,174.45,103.3,86.3,150.0,34.6,1.1260950968412677
S3,63.7,36.8,87.0,168.68,105.1,82.9,128.1,35.1,0.7096315306337905
S1,51.9,37.4,86.9,175.85,82.4,112.4,79.9,107.1,0.9728971931769076
S4,73.0,98.3,215.6,180.21,111.3,118.1,70.3,86.1,1.5014536250822135
S2,51.2,36.9,81.9,166.25,8.5,112.3,74.1,63.6,-0.259055608015581
S2,67.9,36.7,60.8,155.06,6.0,150.4,88.9,70.7,0.6864459171888885
S2,45.8,36.7,81.0,169.13,6.6,118.4,72.1,83.3,-0.4391358048456401
S2,52.2,37.0,74.2,153.45,6.2,121.7,77.9,55.8,0.38873702476680005
S2,55.0,39.2,74.1,178.87,5.1,137.1,72.8,88.7,3.0190277987188785
S1,54.9,36.6,76.8,186.59,137.2,125.3,81.5,63.9,0.06501078754814327
S1,32.7,36.9,82.7,166.17,174.6,122.6,77.5,93.5,1.5623939107166054
S2,80.6,36.8,84.6,189.08,7.4,153.7,93.2,76.4,1.663539358126856
S1,55.0,36.6,66.1,166.17,149.5,103.6,67.6,94.8,0.2706279106329649
S1,66.3,36.9,45.6,156.37,63.9,107.0,73.2,65.9,-1.5390116207927413
S3,53.1,37.2,66.0,174.16,94.7,76.2,119.4,33.5,-1.0929547609886194
S1,63.1,36.9,54.9,185.11,67.7,99.3,53.9,65.9,-1.138704000805554
S1,50.4,36.4,77.4,173.26,110.5,126.5,80.3,85.8,0.22485788107924856
S2,87.2,36.9,54.8,150.72,4.6,136.9,100.2,73.4,0.6245883370327501
S2,64.1,36.9,78.3,162.94,8.3,119.0,63.3,71.2,1.2631810492081152
S2,72.3,36.5,94.6,183.76,7.4,148.5,90.2,74.2,2.0389489248593837
S1,18.0,37.1,75.0,180.54,111.1,95.6,73.5,73.1,-2.901365578191103
S2,87.5,36.2,81.3,168.41,6.5,172.5,96.8,82.4,2.6626670896368
S2,63.0,36.9,74.5,166.4,6.7,137.4,73.2,65.2,0.4450054227523763
S1,77.6,36.3,90.5,170.83,153.7,121.6,70.1,73.9,2.320156361085248
S3,49.8,37.0,78.2,167.07,77.1,64.4,107.9,35.5,-0.3565686869222145
S1,33.1,37.0,86.4,172.41,127.1,127.4,84.5,55.0,-0.8117025794923274
S3,31.1,39.1,48.4,149.79,105.0,79.2,119.6,46.8,0.2559768476967089
S1,58.3,36.7,48.9,172.06,85.5,122.3,72.0,88.4,-1.25839120235028
S1,50.4,37.8,55.6,166.28,151.1,124.5,86.6,108.3,0.615155245668983
S2,64.3,36.9,80.4,171.47,6.7,121.1,64.6,85.5,1.5661036863596889
S1,39.6,36.6,61.0,162.03,66.6,93.8,69.7,44.0,-2.7266023108205504
S1,44.1,37.1,48.0,151.53,94.2,126.7,72.8,66.5,-1.7048302618144149
S2,87.5,37.1,66.5,160.78,8.1,124.3,82.8,78.2,0.8502944543104869
S3,40.1,38.2,56.7,172.95,124.2,68.3,107.1,42.8,-0.4261899818916159
S1,67.4,36.7,62.8,164.4,85.4,136.9,85.4,77.9,0.483585189825751
S3,39.6,36.9,53.9,158.76,136.5,85.2,135.8,34.2,-0.38258007305273484
S1,34.7,36.7,90.9,163.36,137.5,94.6,74.3,61.0,-0.161699459930238
S3,56.9,36.6,74.7,176.41,102.9,84.4,121.2,29.4,-0.5496630134656707
S2,61.7,37.1,68.2,165.63,7.7,129.0,66.4,64.3,0.6369208781025993
S2,47.8,36.4,74.2,166.49,7.0,120.7,91.4,76.8,-0.593271158645773
S1,46.5,36.4,60.0,164.46,124.0,105.2,66.8,92.0,-0.5248797238559377
S5,45.5,37.1,41.3,1.64,79.5,130.4,84.3,75.2,-2.648613610659406
S2,54.7,37.0,83.6,167.86,6.3,130.2,76.6,70.1,0.1053071975716181
S2,51.9,37.0,78.5,178.18,4.6,144.5,89.5,73.8,-0.05475396049901331
S1,37.1,37.0,76.3,170.42,117.6,104.0,68.5,85.9,-0.4265594526061011
S4,71.8,102.0,179.2,160.85,123.6,130.1,88.9,110.3,3.2146343234566834
S3,67.9,36.8,68.7,164.88,96.8,67.7,130.5,42.5,0.47967131470220126
S4,52.9,98.6,195.5,159.19,119.6,140.8,88.2,79.3,0.896689711348319
S2,76.1,36.8,87.1,179.28,5.5,149.3,80.1,64.8,0.9562802300958577
S1,65.9,37.0,102.8,190.54,90.7,131.4,80.8,61.5,0.8299974508672133
S3,18.0,38.3,65.0,168.99,101.5,55.6,88.4,44.9,-0.3782440226686098
S3,49.8,36.3,75.5,170.89,102.1,68.7,130.5,39.6,0.9617275544141403
S2,47.9,37.0,80.3,168.38,5.1,130.7,83.9,79.3,-0.9000752340522036
S1,26.8,37.2,49.7,165.01,90.8,97.4,73.2,73.7,-2.8411391792059866
S2,47.5,36.9,83.4,160.43,4.1,125.1,77.6,71.3,0.21070820753432287
S1,66.1,36.5,82.5,171.08,137.5,119.5,70.0,64.6,0.9513578636697344
S5,41.7,37.3,76.9,1.69,132.9,105.0,64.7,92.5,-0.34460071579158547
S2,53.5,38.5,70.0,171.16,9.3,131.1,72.0,67.0,1.7287155587148928
S2,71.0,36.9,96.2,170.81,8.9,112.5,63.0,80.7,1.6731001432977388
S1,56.5,36.9,66.6,164.46,96.4,141.1,76.3,83.6,1.1231367962561487
S1,52.4,37.1,64.0,152.26,92.6,109.4,77.1,77.3,-0.2872516844085112
S4,61.2,98.8,113.3,152.97,168.8,120.9,77.3,73.4,-0.3522652529950355
S2,60.2,37.0,82.5,162.21,8.2,120.4,65.0,69.3,0.5022164979471317
S3,23.3,36.7,73.9,169.41,107.0,72.9,101.9,33.3,-1.0361660843017073
S5,37.9,36.9,65.2,1.61,108.0,143.4,82.1,67.7,-0.6493937154694173
S5,30.2,36.6,73.6,1.62,75.7,105.5,75.0,80.2,-1.3114208823803082
S2,66.5,36.8,74.7,168.18,6.0,157.1,90.3,79.0,1.2155052318286805
S1,57.4,36.5,77.5,167.1,69.9,146.1,102.2,63.3,-0.13723555375399932
S3,40.6,38.9,79.6,176.39,92.7,68.5,115.8,36.7,0.7151665001566547
S1,42.4,37.1,77.5,172.13,106.5,119.2,70.4,79.5,-0.3295946238711812
S2,76.0,36.9,67.8,160.67,8.4,113.7,69.9,73.0,0.8811691281623221
S1,66.0,36.6,85.1,158.71,101.9,156.6,93.8,69.9,1.63347596195992
S1,42.2,38.6,73.6,164.5,104.1,113.0,77.6,80.8,0.49650424485394484
S2,70.3,36.5,77.3,172.04,10.5,117.5,63.4,69.0,1.1135397813155354
S3,50.9,36.7,56.4,156.39,116.1,82.4,129.0,35.4,-0.2389623466134601
S3,51.8,36.6,55.4,172.27,116.7,65.6,109.8,38.7,-1.1767118539299894
S1,18.0,37.3,76.8,156.56,146.8,126.2,77.7,75.5,-0.4178651462903401
S3,30.3,36.5,64.6,181.21,83.3,75.1,120.2,44.5,-1.461297311914077
S1,69.9,37.0,74.0,167.18,89.9,116.9,81.3,75.3,-0.5862519304230326
S1,28.4,37.1,89.8,174.75,115.3,96.2,61.6,84.9,-1.362107902159594
S1,44.8,37.6,103.7,167.9,146.0,102.2,70.3,113.2,1.1842605173846217
S2,68.4,36.9,56.7,158.23,7.2,142.1,78.8,64.7,0.8995233923997406
S2,66.7,36.5,75.6,160.06,7.4,121.5,73.3,85.0,1.3658321616927516
S1,41.8,36.6,76.9,167.49,86.4,100.1,71.2,60.2,-2.3136686252445617
S4,56.3,100.4,226.0,175.52,98.6,135.0,86.6,83.4,1.1310729763128717
S2,68.4,36.8,71.2,151.4,8.0,119.1,75.1,62.5,0.3373449005152336
S1,56.1,36.3,88.3,168.21,90.2,142.0,89.9,56.5,-0.668223707125875
S2,67.3,36.4,63.6,160.16,7.4,118.5,64.3,80.0,1.8541055194544467
S1,64.5,36.6,75.6,158.98,97.6,160.3,105.0,85.6,1.5293572202913703
S2,57.7,38.5,83.7,166.77,4.4,123.0,80.9,104.7,2.437163080869253
S2,52.7,38.1,80.3,168.37,8.7,125.6,69.1,118.7,3.5625748420831194
S5,39.1,36.5,76.3,1.63,115.4,131.8,86.7,69.6,-1.1339447221346695
S5,47.2,36.8,102.7,1.92,77.0,140.3,92.9,75.9,-0.7047521616219284
S1,54.2,37.0,72.6,167.85,70.5,123.6,83.7,62.7,-0.8428896274791347
S1,56.1,36.8,59.4,155.92,100.4,133.5,84.1,63.5,-0.04166586347893653
S1,69.4,39.2,71.7,163.88,138.5,152.4,84.1,92.5,4.045215419364048
S4,57.0,97.6,195.3,166.77,81.9,112.1,72.0,67.7,-0.6100540205633739
S3,74.0,37.0,68.0,157.77,126.2,89.5,156.3,34.4,2.388657541748139
S4,70.2,98.2,145.4,156.17,144.0,125.6,85.1,100.4,1.626566618769386
S1,53.0,36.7,78.3,175.78,117.5,138.7,72.4,67.6,1.122857782670516
S1,43.0,36.8,85.3,169.56,131.8,115.8,75.4,72.3,-0.3577562689662888
S2,72.9,37.0,76.6,159.78,6.8,117.5,85.3,62.6,0.18868715464770983
S3,35.0,36.9,81.8,172.99,159.7,66.8,128.2,40.7,1.1573658196466448
S1,44.2,36.3,79.4,182.18,95.1,127.0,78.7,104.5,0.6154155263733747
S1,84.3,36.3,63.2,154.27,98.7,156.1,89.3,73.0,2.4511590186162358
S4,46.0,98.3,275.3,166.49,106.1,105.9,73.9,51.8,0.2657619811267992
S1,37.5,37.5,60.2,161.18,130.5,126.8,83.9,77.1,-0.4965130037428241
S1,57.4,37.1,67.1,175.93,127.2,134.3,75.3,76.2,0.46857495898407275
S1,35.8,36.9,106.8,176.45,73.5,129.3,82.7,72.7,0.022681654156002262
S2,49.7,36.7,82.1,166.56,7.2,141.5,75.3,88.0,1.50095222383655
S1,57.9,36.7,71.9,180.98,91.4,129.2,94.6,75.1,-1.1528024241748163
S1,50.1,36.8,86.4,172.06,132.5,124.6,83.7,67.2,-0.5586910611590191
S1,61.8,37.2,57.7,181.89,103.4,134.9,86.4,70.5,-0.5637597145676325
S2,48.3,36.8,73.1,175.65,6.7,113.7,89.5,83.7,-0.2949519608883593
S1,70.9,36.9,88.6,172.28,100.7,124.0,76.3,75.3,0.9417271469368242
S1,30.7,39.7,55.2,162.52,81.1,105.6,70.1,93.2,0.42816829169014653
S3,48.6,37.4,86.6,162.5,119.6,89.9,131.3,42.6,0.8016244925876643
S1,55.9,36.9,59.9,157.77,145.6,132.6,80.8,68.6,0.5749001586124907
S2,70.5,36.6,99.0,172.53,5.1,125.4,74.2,71.3,1.3216213689278158
S4,93.4,97.8,131.1,165.05,110.9,151.7,96.0,62.5,0.2488971759641312
S1,56.1,37.1,66.2,177.23,81.0,102.5,71.1,72.5,-1.4421066228311794
S2,42.5,36.8,81.0,168.34,8.3,108.0,72.2,84.2,0.1971832444017798
S1,80.2,36.8,60.5,167.56,121.8,129.4,83.8,73.9,0.1738161064348525
S1,58.0,36.6,93.5,168.92,89.6,138.9,86.3,49.2,0.5422232798771307
S2,52.8,36.8,82.5,189.88,7.6,122.6,76.1,80.0,-0.6377913427345197
S2,37.3,36.6,89.3,168.5,4.9,117.1,66.0,67.0,-0.4530861208610798
S2,40.8,36.8,97.7,184.23,7.0,112.4,72.4,71.3,-0.2680824429787805
S1,58.7,36.6,108.7,184.75,75.5,138.7,86.0,76.7,0.6446176216812026
S1,55.1,36.8,93.7,175.76,121.9,109.2,65.0,84.4,1.095625852449473
S5,34.3,36.8,97.9,1.76,143.9,115.2,84.5,71.1,-0.0005575494715895357
S1,46.2,36.3,67.0,173.18,84.9,113.7,68.1,66.1,-1.261067844562947
S1,64.2,36.9,66.6,163.77,85.2,122.3,72.8,67.3,0.802644261724826
S2,61.0,36.7,74.7,162.8,9.0,135.8,80.2,76.6,1.1805671948367562
S1,59.9,36.5,68.7,177.54,118.7,115.5,74.8,71.0,-0.45277632363685677
S5,42.8,36.8,77.5,1.66,127.1,137.5,79.7,80.7,0.35364603949727486
S4,82.7,103.1,188.5,183.09,195.8,135.0,99.8,88.6,3.8035966004389903
S1,69.7,36.8,75.5,171.38,83.6,126.5,78.5,99.8,1.2144616669763377
S1,57.1,37.2,73.6,167.73,84.3,125.1,80.3,61.8,-0.7800249719082109
S2,95.0,40.0,64.4,173.81,6.1,134.2,98.3,88.8,3.0214466868452283
S1,68.3,37.1,77.9,179.76,91.3,131.6,86.4,65.9,0.08852113181332222
S1,74.9,37.1,69.0,152.59,113.9,112.5,63.1,62.1,0.5733303859775849
S1,51.8,38.0,58.0,152.39,102.7,136.8,79.2,103.4,1.8080054039165234
S4,73.0,97.2,252.6,178.72,138.8,112.5,69.9,69.4,1.3749203726026913
S2,76.1,37.0,72.3,171.87,4.7,127.2,82.4,74.2,0.728749902057573
S3,51.6,37.1,82.9,165.08,138.7,73.0,103.3,39.9,0.1188839942149844
S2,95.0,36.8,97.9,174.6,6.3,140.7,85.5,72.0,1.8378087274193142
S2,62.9,37.2,72.2,179.2,5.6,148.6,74.7,63.1,0.6270289767085936
S1,58.8,36.8,99.4,190.63,55.0,126.0,82.1,85.2,-0.4676420399627199
S1,68.2,37.1,100.4,177.57,192.7,134.3,77.0,75.2,3.300780265827488
S3,70.4,36.4,80.7,161.23,74.1,80.5,131.2,39.4,0.5172426586223118
S1,40.8,38.7,43.0,149.96,74.1,107.0,75.4,90.9,-0.6222751773410014
S3,48.0,37.1,83.0,160.66,96.0,80.0,113.2,36.1,-1.1498018817533138
S2,60.8,38.8,109.9,183.12,5.8,126.9,74.6,88.7,3.3027086231619354
S1,34.1,37.1,78.0,173.67,117.9,135.2,76.5,86.1,0.35599906182154856
S2,42.2,36.3,87.0,172.07,6.2,137.0,90.3,80.5,-0.03586299626231683
S4,80.4,97.8,191.7,166.53,152.7,139.4,77.2,78.7,2.9656541482925323
S2,61.0,36.7,86.7,172.91,8.2,154.8,81.6,82.1,2.008866599705468
S4,67.8,98.6,161.9,163.12,110.7,127.8,74.0,81.1,0.8235155474773995
S2,67.0,38.9,79.5,168.47,4.6,132.1,78.9,94.9,2.1967037803854708
S1,48.9,36.9,56.0,158.09,89.9,109.9,67.1,72.2,-0.8095721780749547
S4,77.3,101.6,227.4,173.08,118.0,143.3,72.9,69.8,4.205497333758966
S1,57.0,36.2,96.8,179.23,139.2,113.8,80.8,59.7,-0.09695281668406747
S3,18.0,37.1,51.2,167.23,78.4,64.0,104.5,55.3,-1.8509727051125722
S1,45.2,37.3,90.7,177.26,105.8,129.5,78.0,70.7,-0.1986589721709284
S2,63.8,36.9,70.0,167.79,6.4,118.9,81.7,75.6,-0.32727035011006955
S1,52.4,37.1,80.0,157.41,95.2,143.5,80.5,89.9,1.2189066510670372
S1,43.7,38.3,109.6,186.53,80.4,113.3,68.1,90.3,1.4553984688284176
S2,74.8,37.1,83.3,173.53,3.9,145.1,94.0,93.5,1.1776366962878513
S2,57.7,37.3,87.0,157.05,6.0,136.6,87.0,73.6,1.4800819266758574
S2,53.2,36.9,92.3,176.41,4.5,112.0,73.9,73.7,-0.47696466691926714
S2,57.2,40.2,75.0,152.07,6.4,128.3,87.8,95.6,3.16397975665782
S1,29.4,36.8,60.6,165.74,170.4,99.4,75.9,59.5,-1.9169434789823168
S1,61.1,36.5,74.6,165.04,126.0,126.9,76.3,83.6,0.4412098757667505
S1,47.3,37.1,80.7,165.26,118.5,130.3,76.2,72.6,0.646033985812179
S3,25.4,36.6,76.8,164.53,104.0,76.0,118.1,39.0,-0.9452486382867489
S2,53.6,36.5,75.1,171.67,8.0,135.1,93.0,82.6,-0.28914151885854505
S4,95.0,101.3,184.2,159.79,156.7,149.7,91.0,63.8,3.787081277345473
S1,56.7,36.4,77.8,168.64,105.1,125.6,70.9,84.3,1.0366502715711148
S3,24.1,36.7,60.1,174.02,86.7,71.6,112.1,44.4,-2.0126513647518385
S1,55.9,36.8,66.9,164.9,99.2,131.7,84.7,72.9,0.3342726802967912
S1,58.7,36.8,70.5,168.19,139.9,146.5,80.6,90.6,2.1789940908554604
S5,18.0,36.1,67.5,1.7,81.8,106.4,79.8,80.0,-2.764465448123299
S3,59.5,36.5,74.8,158.48,63.9,68.0,118.4,31.3,-0.3396235686043215
S1,53.6,36.9,85.0,172.83,84.9,140.5,87.7,76.4,1.2523676664558938
S5,44.1,36.9,75.3,1.78,93.3,119.2,69.3,67.8,-0.815998907262028
S2,72.3,36.7,64.2,164.95,8.9,136.1,96.9,93.5,1.8882596451903026
S5,25.0,37.0,53.9,1.61,108.6,108.4,59.3,70.3,-2.2933533298374775
S3,30.2,36.7,93.9,175.61,96.0,77.6,118.7,32.9,-1.2909974812907705
S2,57.0,38.3,79.2,164.42,7.4,141.3,89.7,89.8,2.3696462740707163
S1,48.9,36.2,67.8,160.67,110.3,109.0,70.7,69.6,-0.3953177820942343
S3,40.8,36.7,63.6,181.03,85.5,81.0,111.3,34.9,-1.7451349919003438
S1,54.6,36.8,71.8,163.64,133.8,128.2,83.1,59.7,-0.4124773095868188
S1,43.3,36.8,88.3,167.11,113.1,112.9,70.5,72.7,0.5493484817941826
S1,48.8,36.5,88.9,170.57,123.9,127.0,81.5,83.4,0.6025587883707384
S1,49.2,36.1,79.3,166.04,121.4,122.3,82.2,81.5,-0.2723272757681233
S1,53.8,36.4,67.6,168.75,158.3,129.3,90.8,89.3,0.08085954190309488
S4,81.8,98.6,240.4,172.3,135.7,131.6,75.5,79.9,3.0041748829384343
S1,66.0,36.7,79.0,169.09,132.5,111.3,76.3,66.8,0.1460836174204267
S3,86.3,37.2,74.9,166.84,111.6,76.5,131.3,41.8,1.4797130814201807
S2,60.8,36.9,96.1,172.24,8.3,129.8,75.8,66.9,2.3328766561499856
S1,40.8,37.2,59.0,182.86,120.9,131.3,91.8,64.6,-1.7926081641023537
S1,54.9,36.7,82.1,177.68,147.2,123.6,94.3,87.4,-1.0597949156909618
S4,76.3,103.4,216.9,166.75,187.6,140.3,71.0,90.8,7.035845802395184
S4,93.8,102.8,172.0,164.23,202.9,138.6,76.5,78.0,5.750893502753585
S4,69.8,101.8,173.9,167.41,110.6,141.8,92.6,91.9,2.903568113530948
S4,81.4,98.5,138.9,181.81,175.9,130.5,71.5,82.9,2.587136165949393
S1,42.8,36.2,73.4,171.66,72.7,109.6,64.0,71.2,-1.150378400737022
S1,39.4,36.3,77.9,173.05,113.0,111.5,71.5,70.9,-0.6365439399636652
S1,44.4,36.3,102.1,187.73,74.9,142.4,89.6,71.3,-0.7078265090824711
S4,63.1,97.9,156.1,164.11,108.0,131.2,91.0,72.1,0.25983322920251
S5,29.3,36.9,63.4,1.61,83.0,115.6,86.6,0.0,-3.7477885083015234
S1,54.2,36.7,82.3,181.59,111.1,125.8,83.9,70.7,-1.110049229892721
S1,49.4,37.3,84.9,175.34,143.4,130.5,86.1,71.7,0.019181013998664564
S2,58.2,38.7,74.8,166.2,5.2,128.1,78.0,95.4,2.66996874343602
S4,64.8,100.2,165.8,168.23,167.2,131.2,89.3,63.1,0.8141138117049387
S4,84.1,102.9,278.8,178.1,88.9,142.4,97.8,92.6,4.199228615090142
S1,62.4,37.4,76.1,168.12,169.4,134.1,80.5,71.3,1.4569964358141592
S2,87.6,36.6,80.6,163.51,7.6,128.2,79.4,86.0,1.9040671864768715
S2,95.0,36.6,112.7,175.23,5.9,131.7,81.3,85.5,2.9617011360549235
S2,56.4,36.9,76.4,165.6,5.9,115.6,79.8,95.4,0.4942320804952974
S1,54.9,39.0,67.4,180.5,99.5,118.0,93.2,87.1,0.25370819187135535
S1,79.8,37.1,70.4,155.68,66.2,145.3,101.5,58.9,-0.06320863463215945
S1,42.3,36.6,116.4,177.69,149.4,101.5,70.4,81.6,0.33875360003247224
S2,53.1,38.7,52.7,167.47,9.8,134.6,83.2,79.2,1.7022492324852947
S1,44.1,37.1,91.4,182.87,115.9,121.1,64.7,51.3,-0.40530989419953234
S1,64.4,36.6,75.5,172.56,113.6,126.6,75.2,78.5,1.3364644453373233
S1,28.9,36.3,76.9,167.42,122.9,118.4,83.0,66.1,-0.17126435191229006
S1,65.3,39.5,58.2,150.78,97.8,113.1,76.5,77.2,1.21316797965398
S1,67.2,39.9,60.9,162.8,94.1,134.8,78.8,74.1,3.3058982773145535
S4,53.1,102.3,172.3,180.18,119.1,114.6,78.4,69.2,1.2023019745027521
S3,47.1,37.1,71.1,166.19,82.0,77.3,118.6,29.2,-0.8465468455178444
S1,49.6,37.1,78.1,167.41,111.7,145.9,93.3,56.9,-0.4460476167432007
S1,79.1,36.6,63.4,168.87,63.3,140.6,86.6,72.2,0.19833330764418372
S2,58.2,37.0,77.3,171.65,8.7,109.2,79.3,86.6,0.026168169668411845
S1,64.9,37.3,59.0,172.04,124.2,118.2,83.3,75.4,-0.9400246336408187
S1,71.0,37.1,100.6,168.52,92.2,138.5,87.4,81.9,1.1179083194139245
S1,53.4,38.6,89.2,182.92,126.0,131.0,80.3,86.4,1.8683751776699893
S1,65.1,37.0,91.0,172.03,112.3,114.5,63.2,74.6,0.6066576765647738
S3,52.0,36.6,53.0,157.01,130.9,77.0,127.0,43.4,0.6404541645380668
S3,18.0,36.2,53.8,176.52,122.6,67.2,97.4,44.8,-2.042264753777116
S1,58.2,36.3,64.9,165.15,122.3,111.1,77.2,69.3,-0.2580195890941548
S2,57.4,38.1,65.7,165.6,5.6,148.3,91.8,74.2,0.690318736712136
S1,38.6,36.8,80.3,176.09,141.7,101.5,56.1,97.5,0.4317426514343118
S3,47.8,36.9,92.8,180.78,137.3,96.3,127.8,38.7,-0.14086850713060434
S1,46.3,38.5,82.9,169.35,86.7,105.9,67.0,83.5,0.47329796417402864
S2,66.9,37.1,81.1,159.75,7.5,121.6,88.2,66.0,1.3594801880899365
S2,72.0,37.2,98.5,172.57,8.7,133.3,75.6,89.4,3.2264621244796494
S4,88.3,98.7,224.2,171.6,148.4,146.1,84.6,80.0,2.9770280594472296
S4,65.7,98.4,196.5,182.03,197.3,114.8,60.3,79.7,2.0854472850998755
S1,54.4,36.8,70.2,169.54,80.5,166.6,103.0,68.8,0.4739803693117909
S1,51.4,36.1,73.7,167.94,134.0,125.7,76.7,87.5,0.5484749789661816
S4,56.8,102.0,175.9,167.14,137.3,132.0,85.8,80.6,1.8601566359136232
S1,49.6,37.1,69.6,159.67,103.1,136.6,88.4,85.5,-0.1234117677808248
S1,60.9,38.6,79.1,177.89,103.2,135.1,77.5,90.5,2.0745649033992897
S1,65.9,37.0,77.5,175.48,96.8,126.4,90.3,87.5,0.11147049860668451
S5,52.9,36.9,55.0,1.65,94.2,140.9,80.9,93.0,0.38784885731935625
S2,73.1,36.8,73.5,165.03,6.9,131.6,82.5,90.5,0.9171638603873965
S1,39.2,36.6,78.0,170.61,130.5,105.8,69.2,65.1,-0.7579179497315318
S2,67.1,36.8,71.0,167.26,4.8,140.2,90.4,64.2,-0.5976983776579248
S1,51.2,37.0,43.1,166.13,102.5,135.6,76.2,84.4,-0.5605020625137911
S3,46.2,36.9,69.8,179.87,94.3,73.2,120.3,33.9,-1.1989676524365873
S1,37.0,37.2,66.9,173.82,80.6,115.6,71.6,88.4,-1.1425482826256816
S1,38.5,37.0,86.9,188.16,111.5,126.6,73.0,82.0,0.12965108207403073
S2,63.3,37.0,75.5,157.45,10.8,126.9,74.1,75.4,2.4681667192087393
S4,63.4,98.0,225.5,178.35,102.2,129.8,89.3,78.4,1.0602924234698583
S3,66.5,37.1,56.1,175.86,166.5,82.8,129.8,42.9,0.8906453901973376
S4,65.8,98.1,152.0,158.66,127.0,125.9,69.4,64.7,1.6061328694249961
S4,56.0,97.4,141.6,164.65,185.3,121.1,84.3,72.6,-0.21659090018782995
S2,30.6,36.9,64.9,179.11,6.3,96.2,69.1,68.0,-1.5116095437463124
S1,57.9,36.9,60.7,166.1,91.2,101.0,65.7,69.5,-0.9597010405461813
S2,76.1,37.9,105.8,179.15,5.3,143.9,83.9,91.6,2.4616824787336453
S2,52.3,36.8,123.0,178.82,5.0,119.0,77.2,80.8,0.3115195409252118
S3,48.0,37.6,98.3,176.75,82.2,82.1,109.7,38.8,-0.5134562979461066
S4,69.8,97.8,188.1,177.66,121.6,171.0,104.1,61.3,1.2913283446627009
S1,42.0,36.9,72.4,169.68,85.2,116.5,74.1,57.1,-1.8590801119255818
S1,69.5,36.9,79.8,173.17,92.6,128.8,72.8,88.8,0.8767076772504432
S4,48.0,98.0,165.7,173.5,149.6,103.3,64.1,53.2,-0.7596975875896075
S1,60.7,39.2,58.8,153.18,113.5,137.4,90.0,89.2,2.9233291036859868
S2,63.7,38.8,66.0,181.21,6.2,128.3,75.9,79.9,1.009180629529933
S1,57.7,37.0,69.0,174.0,92.5,119.3,81.9,72.9,-1.3305558373930375
S4,75.8,98.3,242.2,195.45,102.9,132.8,73.1,63.5,0.8847149337384032
S1,56.5,36.5,68.1,160.28,78.4,133.2,85.3,51.7,-1.24351719621741
S1,73.4,36.7,83.5,181.45,85.3,122.2,79.5,87.9,0.544538706051189
S1,57.0,36.7,50.9,170.69,81.6,107.0,72.2,71.3,-2.055865879022288
S1,42.3,36.5,60.0,175.38,132.9,104.2,84.2,62.9,-2.120776302614486
S3,62.4,36.9,88.4,183.77,85.2,77.7,135.4,23.8,0.05171090267530609
S4,72.7,98.6,147.3,161.92,158.5,122.9,72.1,66.4,1.1198931337876155
S1,47.7,37.0,80.1,163.78,75.5,131.0,76.8,77.5,0.44972972314691895
S1,52.8,36.9,47.5,156.17,88.9,135.8,82.9,54.5,-1.1498137985254329
S2,59.6,39.5,104.8,173.23,6.6,113.7,71.8,84.2,3.3504412329743603
S5,45.7,36.6,77.9,1.63,72.1,115.5,76.3,86.7,-0.7925065591898401
S5,66.0,36.7,79.4,1.75,99.8,119.3,68.6,88.5,0.40671431714495787
S1,62.8,38.7,63.8,153.93,89.0,108.6,64.1,73.4,0.7551458761588463
S1,55.1,37.2,100.1,184.27,162.2,117.5,77.4,59.0,0.9309139832657483
S1,36.4,37.2,112.0,174.61,115.1,121.9,85.6,51.6,-0.7948685526742665
S1,34.5,36.6,73.9,156.26,102.6,107.6,65.4,74.9,-1.1808398035382528
S3,55.6,36.6,61.3,160.2,108.4,75.3,118.1,31.6,0.04958785248364661
S1,40.7,38.4,71.9,164.99,112.2,119.4,87.8,78.9,-0.34126051656073075
S1,58.4,36.7,90.7,174.76,165.6,113.0,77.0,74.7,0.6676500032986672
S1,44.3,37.0,62.9,157.05,102.8,131.3,81.5,68.8,-0.6681122747320806
S3,43.0,36.9,61.7,166.31,79.8,68.2,104.1,31.1,-1.6641756108778574
S4,84.6,98.9,297.0,194.83,133.5,144.0,82.5,63.9,1.9869436799653115
S2,57.0,36.6,90.7,173.85,7.2,105.6,64.4,72.2,0.009171674799669627
S4,64.5,97.2,178.0,180.63,105.3,148.9,90.5,71.4,0.760504963387227
S2,66.9,36.5,66.0,172.16,10.1,126.0,76.6,68.4,1.3012589608333793
S4,53.1,97.9,221.4,189.53,183.3,119.6,72.7,88.3,0.9751032130576254
S1,53.3,36.4,63.0,165.01,99.6,114.0,73.1,93.9,0.5263972872895489
S5,39.2,36.8,65.1,1.68,187.3,125.4,73.4,71.0,0.3128515590893003
S3,29.5,36.7,69.1,169.88,70.5,77.3,117.0,43.6,-1.848800503106256
S2,59.9,36.7,72.9,166.66,8.2,123.4,80.2,88.7,0.6527826914757018
S3,51.4,38.3,74.9,177.11,110.7,63.1,110.5,32.4,0.33146607454090976
S1,32.0,36.6,68.0,168.51,91.0,119.3,65.6,70.0,-0.9823595598973383
S1,57.2,36.4,89.2,180.43,103.5,130.2,88.7,68.9,-0.6917587778458402
S2,85.1,36.9,108.8,187.91,6.5,124.9,76.2,83.0,1.7370825069930824
S5,34.0,36.6,48.8,1.8,82.9,110.4,72.7,84.2,-2.0386730144502523
S1,56.2,36.9,76.9,188.92,97.9,104.6,76.4,73.7,-2.4441099331554654
S1,77.4,36.8,62.2,157.48,57.3,132.6,97.5,64.8,-0.6182639141493113
S4,68.2,98.5,220.2,163.99,130.3,160.7,81.3,70.9,2.544123396444105
S2,60.8,38.9,82.6,175.55,6.0,113.9,77.4,107.4,1.369372563486325
S3,78.3,37.0,101.5,168.84,148.9,71.4,108.2,43.3,2.0340658934056597
S1,72.2,36.8,87.3,169.34,102.0,117.9,66.1,84.2,1.8791415568606746
S3,47.2,37.5,56.9,166.31,137.6,73.3,114.7,34.6,-0.5698427672098247
S5,50.3,36.5,76.4,1.82,65.5,93.2,73.2,106.4,-0.8765761912901346
S1,55.0,36.8,58.4,189.69,104.3,136.5,81.5,78.3,-0.39140046159958997
S4,95.0,98.8,249.2,178.22,123.8,161.7,87.5,52.3,3.3323485459571898
S5,69.4,36.7,61.9,1.62,101.6,147.2,90.5,80.4,0.7104450938780764
S2,69.5,36.6,87.0,167.08,7.7,130.7,85.8,71.3,1.133234481786974
S1,56.1,37.6,43.6,168.52,84.8,117.1,74.5,62.7,-1.7410447503209538
S1,43.6,36.6,88.3,166.26,85.2,141.4,83.9,74.0,0.8844038265553225
S1,59.4,38.4,115.7,173.26,67.9,138.2,82.3,84.8,2.199648663706994
S1,54.8,38.0,84.5,172.24,110.9,158.0,92.7,89.2,2.018886479531824
S3,46.8,37.2,71.1,161.81,87.5,84.2,133.8,34.7,-0.15927363887674117
S1,51.2,36.9,46.3,158.61,150.0,142.3,79.4,62.7,0.10102073811844171
S2,54.2,36.9,69.8,181.7,8.6,119.3,77.4,69.3,-0.12950550549799966
S1,47.3,37.2,77.5,164.35,76.6,127.6,88.0,65.1,-0.9431471157034796
S2,72.2,36.5,91.5,172.59,7.7,126.4,72.7,72.5,1.3343890761635147
S1,30.4,37.0,81.8,160.2,103.0,124.3,68.8,81.1,0.12894936719182842
S3,38.0,36.6,107.5,172.75,72.5,57.7,107.5,34.9,-0.2404466849416737
S3,41.0,37.1,99.8,186.02,70.2,71.7,115.3,49.7,-1.0633723417017085
S5,50.1,36.9,64.0,1.67,112.0,127.5,76.0,82.5,-0.3259519078262324
S2,95.0,37.2,86.0,177.65,9.5,128.5,78.6,67.0,2.8864481124771633
S1,60.3,36.3,87.6,173.01,77.5,120.6,79.0,83.3,-0.18337605200624307
S1,53.4,37.8,91.0,171.34,145.4,125.9,84.2,66.1,0.308374988883845
S2,55.3,37.2,89.2,169.33,7.1,140.7,87.5,94.8,1.923167736922219
S1,67.9,36.2,64.9,167.44,129.2,150.2,88.4,81.5,1.208574702067338
S1,55.9,37.2,80.4,164.81,129.8,129.5,80.0,75.6,1.0503834857599068
S5,52.3,36.8,91.9,1.76,110.8,131.9,73.2,0.0,-0.2865815567219371
S1,55.7,36.9,76.4,178.04,75.7,111.7,77.3,80.3,-1.9935245299361797
S1,48.4,37.3,95.6,178.63,114.3,108.9,66.8,91.3,0.7546018331171973
S4,43.3,98.4,141.7,165.11,178.3,147.7,100.4,97.6,0.6726251365439017
S3,49.0,38.8,61.8,167.78,158.4,89.2,131.0,35.7,1.840087944433324
S2,66.5,36.7,82.9,166.13,6.2,133.8,84.2,79.3,2.0689489966442425
S1,27.2,36.7,59.7,176.07,156.3,109.9,79.2,85.6,-1.4938869861787634
S2,74.3,38.9,75.9,180.95,5.4,136.8,77.0,81.2,2.0928426388480887
S4,67.2,97.8,156.6,155.46,89.5,133.4,79.1,77.9,0.9476607177162171
S3,34.7,37.2,86.5,178.42,85.2,71.1,112.5,28.7,-1.2441062682091024
S1,41.8,37.0,81.3,159.46,126.6,87.2,56.6,74.0,0.5810681658614827
S1,36.6,36.7,76.7,171.58,66.8,118.2,67.7,63.0,-0.4741146945762874
S1,57.1,36.9,71.3,163.78,118.8,122.1,87.1,78.3,0.08079574676584939
S1,66.0,36.7,67.4,158.28,59.1,120.7,82.6,82.9,-0.17998149588138637
S3,51.1,36.3,52.3,180.51,113.2,99.3,127.5,33.5,-1.5562248792851345
S3,25.7,37.3,61.2,171.34,116.6,90.8,138.4,36.8,-1.9130588343571577
S1,69.7,37.2,65.2,168.07,107.9,141.5,78.8,76.4,1.417062418956195
S5,36.7,37.0,73.0,1.68,92.8,106.3,73.9,72.9,-1.4392280049234354
S2,54.9,36.8,74.0,162.15,8.6,118.3,94.3,73.2,-0.16869376347729062
S2,69.1,36.5,83.7,177.45,9.2,134.7,64.2,61.7,1.6125140423348345
S4,68.4,97.7,188.4,173.11,161.2,138.8,79.4,71.9,1.2750247047750678
S4,54.8,99.2,186.9,173.09,145.6,126.2,74.2,71.8,0.6112901231258461
S2,84.0,36.5,76.4,169.09,6.2,156.8,93.3,78.7,2.0418313459738395
S2,50.8,39.3,66.0,163.88,5.3,109.7,63.3,83.4,1.3130875259416208
S3,35.4,36.5,55.0,170.25,77.5,59.1,108.8,43.5,-1.8025623120855148
S2,61.1,36.5,93.2,177.43,7.1,134.2,75.3,98.9,1.8582686764679082
S4,51.7,98.6,168.3,169.67,164.5,147.1,85.8,60.8,0.6913674487138162
S4,78.8,100.6,184.8,160.23,116.3,127.4,77.4,92.7,2.6065207359135294
S1,70.1,36.6,78.8,174.19,133.0,138.1,74.4,75.1,0.5714897937479804
S5,18.0,36.5,70.7,1.69,89.6,106.5,70.0,75.0,-1.7797434761367428
S1,54.4,36.7,64.1,164.33,86.4,136.9,84.6,49.9,-0.8824001589771212
S2,46.0,36.7,103.6,177.45,8.7,140.7,95.8,73.8,1.1584571487224167
S1,61.0,37.1,71.9,177.4,74.1,144.8,85.5,86.2,0.038936187171845216
S2,35.5,37.0,63.1,178.76,5.2,119.1,79.2,82.7,-1.6505860489751656
S4,57.2,100.2,164.7,164.99,164.6,133.2,80.0,96.3,2.5317860556603238
S1,51.3,36.6,70.0,159.22,91.1,130.5,86.4,78.0,-0.2945349185948498
S1,50.3,36.5,60.9,165.82,128.6,120.2,73.2,90.3,-0.6223750235103345
S2,93.8,36.6,77.2,168.52,2.8,133.6,89.7,65.5,-0.2957328972615111
S4,72.5,97.3,226.2,166.7,101.0,108.0,88.0,58.9,0.8454604733224473
S4,78.8,97.8,121.2,168.55,107.0,119.8,74.4,86.3,0.4170785272418896
S2,63.0,37.0,63.7,181.27,10.4,147.1,87.3,58.3,1.2699511538821218
S2,66.3,36.2,68.9,171.86,6.0,110.7,70.1,73.9,-0.2750490563575009
S2,75.3,36.8,80.9,164.43,6.9,139.0,83.6,61.4,1.7943360961818353
S3,55.3,36.5,63.9,171.32,113.0,82.0,109.6,43.1,-1.2191657903536972
S2,63.7,37.0,98.1,172.15,4.8,124.0,75.9,66.6,-0.5337561556245556
S1,29.3,36.9,48.1,179.12,141.4,126.2,87.0,85.5,-1.8457906726662086
S1,40.8,36.6,66.7,183.29,116.2,149.0,84.0,54.3,0.6337450084945556
S2,55.0,36.9,90.5,177.12,6.8,113.5,77.9,71.7,-0.08238893089077545
S3,56.8,36.3,93.5,194.84,75.2,77.6,128.3,40.9,0.06649779561959923
S2,42.7,36.7,82.0,162.39,9.2,117.7,75.1,72.0,0.6004313845842102
S1,61.6,36.7,68.0,160.77,149.0,114.4,70.8,82.5,0.9790694637090931
S1,53.9,38.1,98.2,180.78,207.1,134.2,67.4,96.8,3.273980070675516
S1,67.8,36.5,79.0,159.96,86.5,113.8,74.7,73.2,0.301553868023528
S5,50.8,37.5,71.5,1.67,98.0,125.7,73.8,105.7,0.415207757697149
S3,40.2,36.6,55.8,169.38,119.4,65.8,104.7,37.0,-1.687888706427465
S1,51.0,37.2,68.9,166.88,111.8,127.8,68.8,89.4,0.2637274936599038
S3,48.5,36.7,88.5,175.41,100.2,78.3,132.2,41.1,0.33959789300031895
S2,52.4,36.7,72.0,163.09,8.0,139.2,85.1,73.4,1.5949528161478206
S4,55.9,98.9,180.5,167.84,101.5,139.0,85.5,72.2,0.4499393252970546
S1,47.5,37.1,66.5,167.1,122.9,100.6,63.3,68.8,-0.7783470107682082
S1,50.2,36.5,55.9,182.79,123.9,119.1,70.7,69.3,-0.8819271572584625
S1,80.1,38.6,66.6,165.19,103.6,147.9,103.3,69.9,1.7035727278491384
S5,51.5,36.9,79.3,1.74,96.5,122.2,73.2,94.6,0.8671107090393401
S1,59.2,38.7,91.8,174.79,166.4,123.6,83.2,93.5,1.7595788858687782
S2,60.0,36.8,75.8,167.44,6.5,113.9,83.7,76.9,0.08484776900510288
S1,54.3,36.9,66.5,150.65,76.4,141.5,93.4,84.7,0.4838757191337309
S1,45.3,36.8,52.0,143.99,104.9,133.6,98.4,74.3,-0.8878480561004732
S2,53.4,36.6,69.8,158.11,6.2,132.8,79.5,62.2,0.439703916643292
S1,49.8,36.5,76.2,164.02,82.3,109.3,79.8,83.0,-0.3987461034418877
S1,51.5,36.7,74.0,179.87,96.9,130.7,73.1,71.2,-0.6946170462646342
S4,70.3,97.6,140.7,173.38,102.3,154.6,87.5,64.6,0.3768307750650608
S1,53.9,37.1,92.7,175.32,93.0,113.4,73.2,82.4,0.2357414234931313
S2,86.6,36.5,57.5,143.22,6.4,158.6,83.6,80.3,1.9151947663948854
S3,47.9,37.0,76.6,160.65,99.6,92.6,143.0,42.2,0.45268333278254225
S4,59.9,97.8,142.7,174.09,144.2,132.0,73.8,86.1,-0.08937665003557083
S1,37.4,39.6,63.3,158.27,103.3,104.3,75.0,91.6,1.509497469477369
S1,32.9,36.9,83.0,176.05,79.9,122.0,90.4,44.3,-2.635288438775146
S1,46.7,36.8,76.2,176.07,63.1,107.9,68.8,63.2,-1.29439583799491
S4,18.0,97.9,155.3,163.08,108.9,108.8,69.5,57.9,-1.9785904783453514
S2,50.8,37.0,126.3,193.82,7.1,127.2,69.7,56.0,0.9536112316777458
S1,21.0,36.4,73.0,162.84,119.6,98.0,69.7,94.0,-0.589642276657254
S1,63.1,37.4,62.7,150.28,187.9,128.9,84.2,80.3,0.4752696993295227
S1,52.4,36.6,42.4,168.11,53.2,144.3,81.2,78.6,-0.8199304320587807
S1,61.3,37.0,99.5,171.76,108.2,140.6,68.6,80.4,1.9787742804475694
S1,66.6,37.4,42.3,153.46,77.8,116.3,86.3,73.2,-2.059676354464863
S1,45.8,37.0,77.8,171.9,123.0,106.3,73.0,70.1,-0.8165396149487253
S1,54.4,36.6,81.3,173.19,111.8,97.0,70.4,72.9,-0.7038345219942489
S4,66.3,101.3,187.1,172.43,169.5,116.1,78.2,87.6,2.349728502378646
S2,39.8,36.8,86.1,176.23,5.2,118.9,85.2,54.7,-1.5347661314148149
S4,63.2,99.0,205.3,164.63,119.3,121.6,76.2,82.3,1.2963320951906268
S1,35.6,36.9,53.1,157.81,99.8,126.1,66.9,76.4,-1.120709535323133
S4,76.7,97.8,162.7,155.46,120.6,141.4,76.4,78.1,3.2268700201166367
S1,41.8,36.7,62.0,157.53,104.5,111.9,76.8,88.2,-0.9644880032274876
S1,55.2,36.8,70.7,162.49,99.9,122.5,74.1,54.8,-0.9144743336216905
S2,78.0,36.9,79.5,155.22,5.7,117.1,78.8,91.1,1.4233144985014083
S1,50.9,36.6,88.1,180.01,136.8,109.4,69.1,78.8,-0.11312602730553493
S3,18.0,37.2,73.7,171.37,91.1,70.5,106.5,29.6,-2.8806009127273553
S1,47.5,39.1,53.3,170.67,71.2,138.0,85.5,77.8,0.14689245308628335
S2,72.1,37.1,67.9,157.43,6.1,159.7,86.7,78.1,1.4534379899563448
S4,66.6,98.6,170.2,175.85,147.4,147.7,73.9,80.8,1.9097213952736014
S4,67.7,97.8,148.4,162.76,91.3,122.8,82.6,71.1,-0.2673525481076679
S1,60.4,39.4,88.4,171.08,173.4,163.0,89.5,59.0,4.057745755321722
S3,21.1,38.8,74.2,176.88,75.8,75.3,106.2,38.7,-1.958121007626047
S2,69.6,38.8,67.7,162.79,8.0,148.5,85.9,74.9,2.2434932676208827
S1,61.6,36.4,88.1,168.58,89.1,134.9,86.7,55.8,0.31250035524804176
S2,38.6,37.2,79.5,181.3,9.1,134.3,71.3,57.7,0.7984877472842626
S1,78.0,36.9,84.5,158.43,125.9,143.9,85.2,60.6,2.1612106194211558
S3,40.5,36.8,55.2,177.51,106.6,71.9,111.8,43.8,-0.9618241891595207
S1,63.8,36.9,88.3,176.74,125.9,136.3,86.6,67.6,0.3460350084321842
S3,18.9,36.9,78.6,172.71,68.1,82.1,113.4,43.0,-2.5735649491575447
S2,64.1,39.1,83.7,170.92,7.0,131.3,84.3,91.5,3.4045726200104016
S2,73.1,37.1,91.1,177.73,6.6,121.0,89.1,65.9,0.45415340927127934
S1,53.2,36.3,71.6,168.62,160.3,156.1,90.2,88.5,1.693689350564585
S3,65.1,36.8,85.5,192.5,86.6,83.9,131.4,34.0,-0.9746159071484018
S2,72.4,37.0,76.1,166.77,13.2,126.9,73.2,76.5,3.182500788738663
S2,60.5,37.1,99.9,172.75,5.1,142.2,96.5,69.3,0.016176069564192264
S1,62.1,37.0,107.3,172.69,121.8,102.5,74.5,77.8,0.4327309278558042
S1,43.8,36.6,129.0,198.87,103.9,102.4,66.5,72.5,-0.8305629208844356
S1,67.6,39.0,96.6,174.01,92.3,127.4,69.0,73.3,1.8249733808205855
S1,49.2,37.1,63.2,162.47,109.6,119.5,89.3,64.5,-1.631002690303831
S2,55.5,36.9,119.8,178.92,10.0,115.0,68.2,84.0,3.1488592021452
S2,57.0,38.6,99.8,173.8,7.7,133.3,79.0,91.8,3.497210100460082
S1,64.8,36.5,98.2,182.82,103.6,132.5,87.6,76.1,-0.48016312699975605
S2,52.2,38.9,67.5,157.12,7.2,110.8,63.8,87.3,2.406286476066128
S1,67.9,37.0,70.1,171.6,84.3,162.4,94.6,64.0,0.8114249202320006
S1,58.4,36.9,99.5,167.7,73.3,155.1,92.4,55.9,0.7976719788350659
S2,73.7,37.1,77.6,185.34,11.8,137.0,80.1,90.9,2.2969176850058575
S1,22.6,37.0,84.6,175.31,115.4,129.1,74.8,98.6,-0.023447386862763236
S1,31.3,36.9,83.6,175.75,158.1,123.2,74.8,78.8,-0.79063255364187
S1,53.4,36.9,93.3,167.86,88.0,142.8,75.0,68.6,1.5462917703933132
S1,27.6,36.8,73.1,168.18,106.0,103.4,75.2,73.4,-1.318632758833836
S2,50.5,39.2,78.0,163.66,6.3,139.0,73.8,81.4,3.3861698215116482
S1,58.0,37.1,67.3,165.35,142.6,125.2,78.9,76.9,-0.1088846126583436
S1,67.7,37.1,76.0,168.56,132.5,132.8,97.4,80.1,0.9243556061893993
S2,95.0,36.0,81.1,173.65,7.0,163.0,91.6,73.1,2.5750972856111436
S1,63.0,36.6,62.0,170.74,90.8,112.8,83.7,64.9,-1.2702797776523347
S4,76.3,98.6,133.4,161.0,98.1,147.4,91.1,88.4,0.9783345578891138
S3,38.1,38.6,105.4,171.64,59.6,70.4,134.6,34.2,1.1815493004122652
S1,57.5,37.0,70.9,171.5,121.9,92.5,59.1,72.6,-0.6763536854360532
S2,45.2,37.0,85.8,162.58,10.4,142.3,77.5,69.2,2.3347615307844833
S1,49.6,36.1,70.8,172.34,174.1,120.5,68.4,82.9,0.5249819824780604
S1,56.6,36.6,75.9,162.1,158.7,101.2,60.4,71.7,0.6431828099876044
S4,65.9,100.4,192.1,169.54,104.5,124.3,70.5,78.2,2.243846303208675
S4,95.0,98.6,116.5,157.24,165.7,148.3,91.9,60.0,1.324411823660897
S1,41.6,36.9,72.1,161.4,66.7,113.2,78.7,79.8,-1.2656834560836463
S1,43.9,36.6,88.2,180.78,73.7,128.7,79.9,71.5,-0.8625279003474429
S2,62.9,36.1,84.5,169.83,7.4,96.2,74.3,95.8,0.9301535580551378
S4,95.0,98.7,162.9,157.46,109.0,166.6,98.3,100.7,3.0775944060123956
S1,60.5,39.6,79.8,166.1,78.9,103.8,72.0,88.1,1.9925745090622142
S3,42.6,36.8,70.1,178.06,80.5,76.8,102.9,39.8,-1.1725635179356835
S1,43.3,36.6,77.6,173.06,90.6,127.1,72.8,73.3,0.05326771335779301
S5,35.7,36.2,101.4,1.7,113.1,123.9,76.7,72.6,0.16259558975904403
S1,38.1,36.6,82.8,177.01,85.9,121.8,88.7,84.9,-0.5964487177611122
S1,53.9,36.4,60.5,157.85,124.1,125.6,78.3,63.1,-0.17887431888912456
S3,52.6,37.0,103.2,174.42,117.5,73.8,125.3,47.1,2.540135351472368
S1,45.8,36.7,72.9,165.83,82.2,114.7,70.8,70.2,-0.807100180538884
S3,29.2,36.4,70.5,178.36,63.8,86.7,108.5,39.5,-2.7028088656878952
S1,43.4,36.8,73.8,154.3,90.5,123.3,78.6,81.0,0.14263742870829507
S3,44.1,36.7,79.8,156.03,80.6,73.8,119.6,39.2,-0.49219141175789555
S2,70.0,36.9,79.6,169.76,6.2,119.6,72.7,76.1,1.0031760920563129
S4,45.6,98.2,174.9,174.89,126.1,135.6,82.5,87.0,0.6617788037244254
S2,35.7,38.5,91.3,175.01,6.9,104.7,74.5,52.9,-1.07936699570029
S1,52.1,38.8,68.1,156.99,90.1,104.4,65.7,76.0,0.21560260532407427
S4,45.2,98.1,152.7,160.32,79.7,112.9,65.6,68.3,-0.8586053104170399
S1,37.5,39.0,46.5,159.24,74.4,117.5,76.5,107.2,0.3350148544154813
S4,63.0,101.4,172.4,158.61,121.9,112.8,65.8,74.2,1.8180657507068776
S5,44.6,36.9,81.8,1.75,111.7,128.7,80.5,83.7,0.27348932506969686
S2,24.2,37.3,73.3,154.66,8.6,111.6,70.8,70.1,-0.8832371514307189
S1,51.8,36.7,65.1,168.16,169.3,128.5,81.4,63.9,0.07844253583120292
S5,47.6,37.0,57.3,1.72,120.1,132.2,81.2,64.2,-1.1156910854202526
S1,57.9,36.9,76.6,171.0,105.1,123.1,70.7,66.0,0.04890129613671003
S2,41.4,36.7,88.7,186.57,11.1,131.3,83.9,73.7,-0.34811566683424844
S2,64.9,36.8,72.7,174.46,5.3,143.3,85.1,74.1,-0.21364528426234863
S3,34.5,36.6,80.1,175.33,113.1,89.5,116.1,41.2,-1.6547187379532722
S1,46.6,36.9,77.0,182.76,131.5,122.4,72.2,85.3,-0.40031468340670384
S2,68.6,37.0,59.4,155.54,5.3,127.5,84.0,73.6,-0.01483404115109907
S3,59.4,36.8,69.4,174.68,52.7,88.4,146.8,41.0,-0.3823028414988041
S2,70.3,37.1,106.0,192.97,7.3,106.8,63.0,88.1,0.7066963093868674
S2,70.2,37.2,100.0,171.85,10.3,134.5,86.2,81.5,3.256178511473668
S4,71.5,98.6,182.2,168.49,191.0,149.4,93.0,70.0,2.481536731476112
S4,51.1,101.7,171.3,171.31,143.9,99.8,63.1,92.9,1.5540770073161436
S2,66.2,36.8,70.4,151.29,7.9,134.1,84.3,62.0,1.3188330011965306
S1,53.1,36.6,84.9,168.26,50.4,127.4,90.1,80.1,-0.6840950680338337
S1,52.8,36.4,75.1,162.51,96.5,133.7,89.2,70.5,-0.3773862882043323
S1,46.3,39.5,89.4,165.38,90.0,124.2,84.5,85.2,2.014203626461072
S2,63.9,36.5,97.4,165.21,9.7,110.5,77.6,85.3,2.3724629272550395
S5,58.7,36.9,73.6,1.68,84.8,145.4,77.1,75.5,0.36677040218435525
S1,48.9,37.3,64.1,160.81,95.3,136.1,77.3,84.1,0.34958184980458645
S2,57.2,36.8,135.8,187.43,7.5,139.1,69.3,69.5,1.8901072040042126
S1,62.4,37.3,86.8,175.36,132.0,136.5,81.9,74.6,0.861184441809753
S2,90.5,36.7,96.3,168.78,7.9,135.8,93.3,88.0,2.540126244993311
S1,42.6,36.9,69.5,157.66,66.8,136.1,82.1,73.2,-0.09911494010913252
S4,75.2,98.1,193.6,175.84,107.3,103.0,69.5,69.4,-0.8626623751644337
S3,42.6,38.8,66.7,159.6,58.5,85.4,124.0,38.5,0.21273291374236514
S1,49.8,36.2,64.2,181.5,144.7,108.8,60.3,67.1,-0.34560545370663376
S1,62.8,36.6,63.2,173.78,109.0,143.5,85.5,66.2,0.027657687675941067
S2,54.9,37.0,85.5,162.49,6.5,108.5,69.2,77.8,0.7298754579557032
S1,55.3,36.8,57.1,178.92,82.3,96.8,67.6,78.8,-1.9108958034112478
S3,18.0,36.6,61.2,181.67,107.8,71.8,107.8,39.9,-2.279249250169857
S2,53.7,37.2,64.7,158.39,8.5,116.3,82.6,83.5,0.8082772082616905
S2,34.2,37.2,55.7,165.6,5.5,110.0,82.1,67.4,-2.666812038036468
S2,18.0,36.9,90.4,164.99,6.7,106.2,74.7,79.5,-0.9112308119153374
S3,51.7,36.5,70.3,166.37,57.2,78.0,105.4,36.0,-1.0658755375631235
S4,63.6,98.6,174.8,171.33,251.9,146.6,89.4,78.7,2.895040574265002
S3,57.0,36.4,84.6,166.92,96.2,59.9,101.2,34.2,-0.5077466199233768
S1,71.5,36.7,96.4,183.11,101.5,137.4,76.2,95.9,1.5156798006460932
S4,67.5,97.1,156.0,174.96,249.3,141.1,81.0,89.4,2.863134285799457
S3,65.4,36.7,79.1,173.49,120.2,80.8,130.0,39.3,0.8021466876580483
S3,57.5,36.9,90.0,177.6,91.8,69.4,106.1,33.4,-0.8721394758680154
S1,29.8,37.0,84.4,192.42,113.7,116.5,83.6,74.4,-1.1596166180942433
S1,39.0,37.2,98.3,177.35,92.5,97.2,64.5,77.3,-0.04691839376028617
S1,71.6,36.5,72.3,169.47,82.1,115.8,75.2,77.1,0.3557883349906318
S1,58.3,36.6,88.9,172.84,115.8,123.1,80.9,79.5,0.16265202082146157
S4,44.3,98.7,166.3,170.31,176.4,127.9,68.8,75.6,1.4355535831403061
S2,54.3,38.2,97.0,175.92,6.0,120.9,79.7,93.9,0.8424350671456062
S1,47.1,38.9,79.3,172.89,143.9,104.0,62.8,81.6,0.8391668879684456
S3,54.8,37.2,113.4,186.52,98.2,84.2,131.3,39.7,0.1468002742018698
S2,69.4,36.8,102.2,181.63,6.9,130.2,75.1,75.1,2.15624157860369
S2,49.8,36.5,66.6,165.19,6.2,141.5,81.1,81.5,0.31389675523241856
S2,83.4,37.1,68.3,174.6,5.8,140.9,73.4,76.4,0.779311357132237
S2,57.5,36.5,77.9,155.91,7.2,99.4,58.0,60.1,0.7097230224246143
S4,73.3,98.1,183.1,159.59,99.3,122.4,64.0,71.9,1.8406757098169884
S1,54.7,36.9,78.0,168.45,68.3,122.9,73.7,74.2,0.36219512250550734
S3,53.1,36.7,73.4,178.13,118.7,81.0,141.0,32.4,0.3184065232346889
S3,35.3,36.9,67.4,160.49,92.7,78.3,118.7,50.2,-0.36700695932085214
S3,25.6,36.8,76.3,171.83,63.7,68.0,92.7,37.6,-1.610453497203515
S4,47.2,98.3,175.5,158.98,143.9,130.2,83.3,85.4,1.3131583488512817
S3,37.3,36.7,71.4,165.83,110.2,64.9,106.8,34.1,-1.4210958032352563
S5,27.4,37.4,62.3,1.73,75.5,119.0,74.3,90.8,-1.6753355945214161
S3,50.0,36.8,79.6,175.01,121.8,65.9,125.6,39.2,0.5425399271708634
S1,53.5,37.0,74.5,154.24,54.4,155.3,79.9,75.0,0.013958314586602572
S1,68.5,36.4,49.8,139.85,107.6,120.7,74.9,83.1,-0.8866029125880568
S1,59.3,37.3,71.4,183.45,107.3,151.5,84.9,77.4,0.9728044659909314
S3,32.5,36.7,71.1,160.22,87.4,90.9,125.8,50.0,-1.4315091101217465
S2,66.8,36.2,97.9,171.01,6.3,145.8,76.5,83.7,3.0659687258849426
S4,52.8,98.1,234.4,174.13,72.0,114.2,61.6,77.4,0.7863268356823041
S1,62.6,37.1,68.3,177.11,83.3,122.3,87.0,74.6,-0.667330260605733
S1,48.9,36.9,70.9,171.24,111.8,96.9,64.0,87.2,-1.0073490576071285
S1,19.9,36.8,85.9,182.05,115.8,104.9,74.6,103.2,-0.7012123205357934
S2,72.2,37.8,99.4,197.22,4.9,130.7,84.6,97.1,1.437640777074356
S4,77.2,99.9,176.6,177.56,152.2,116.6,73.7,66.7,1.061156193228296
S1,46.4,36.0,70.3,173.8,78.5,146.5,83.0,59.6,-0.7352644499503369
S1,76.3,36.9,96.4,171.75,106.0,111.4,78.5,73.6,0.8107439868187278
S1,40.9,36.6,89.0,185.38,118.4,127.6,75.7,65.9,0.37271309815629905
S1,66.2,36.9,49.8,177.86,150.1,133.4,84.2,73.2,-0.02354975848105336
S1,37.9,36.8,64.2,181.26,97.3,103.6,77.2,75.0,-1.007328565769465
S2,91.7,36.4,82.7,175.98,5.3,135.4,85.2,82.5,0.9693376995211521
S3,51.7,36.6,67.4,173.61,124.2,83.7,134.1,43.6,0.7275085316997604
S1,46.2,37.5,92.5,175.56,191.9,132.8,84.6,81.5,2.007962562655165
S2,80.2,39.5,74.4,167.85,5.4,111.3,63.4,71.3,3.2114970411301274
S2,88.1,36.3,90.4,162.94,5.9,147.6,87.2,90.5,3.5149385406170337
S4,65.9,99.0,179.2,178.33,134.7,135.0,79.5,84.7,1.3854237827737952
S2,70.6,36.3,67.8,177.56,7.8,127.5,81.7,86.5,0.7155847081546111
S2,39.3,37.0,74.5,172.46,5.7,121.0,86.4,71.6,-1.6861241864751386
S1,45.8,37.1,63.8,166.66,68.0,132.3,77.9,91.6,-0.7918941737944203
S3,52.9,36.9,61.9,174.08,111.2,77.4,103.1,38.8,-1.4023340481730966
S5,50.6,36.7,50.2,1.63,70.3,126.5,88.4,89.6,-0.6450011700859349
S1,57.7,36.9,58.9,155.07,77.7,107.7,70.1,69.2,-0.519923622225302
S1,37.5,39.0,66.9,171.9,137.3,85.1,50.2,91.2,0.8347625894492295
S2,95.0,38.5,71.5,158.45,8.6,155.4,90.9,83.3,4.176585909025301
S1,41.8,36.8,67.1,173.83,132.6,129.4,90.4,73.8,-1.1405284511534324
S1,40.6,37.2,59.1,186.95,85.5,123.4,81.1,70.1,-1.7826077295322227
S2,21.5,37.5,86.5,156.05,7.4,102.9,78.5,94.5,-0.11738979084395655
S1,33.0,37.2,55.8,159.6,83.9,88.0,62.4,71.6,-1.2992008257798178
S3,49.5,36.9,67.9,172.77,75.3,82.5,143.3,39.4,0.17381516885872317
S3,55.2,37.1,69.6,177.54,96.8,80.6,111.4,36.2,-1.2141858095936662
S3,37.6,36.9,67.7,164.85,109.5,86.2,120.8,38.9,-1.2694631309669755
S2,40.6,37.0,95.7,173.44,9.0,100.9,76.1,50.4,-0.38276081318239863
S3,61.4,36.6,68.4,170.39,126.1,99.6,147.3,33.3,-0.040726586399704195
S2,46.0,36.5,74.5,182.14,6.6,131.4,77.5,66.6,0.07274190714845702
S2,76.4,37.2,97.5,171.96,8.7,158.5,78.7,86.5,4.55784665394755
S1,69.5,36.9,75.5,156.38,104.3,156.9,83.6,85.0,1.6631099784254848
S3,28.4,37.0,61.7,173.44,73.0,52.4,83.6,36.8,-3.238564071440691
S5,51.7,37.2,66.5,1.71,72.0,154.0,96.7,0.0,-0.8762216894408018
S1,80.2,37.2,76.8,184.02,125.7,151.0,81.8,67.5,1.2925389118262087
S1,59.9,36.9,59.1,167.03,105.7,135.9,89.0,74.7,0.0240363528098253
S1,41.6,37.2,91.0,187.03,87.6,137.1,72.8,94.1,0.9155084553174608
S1,35.9,36.9,66.9,148.46,124.5,110.6,69.3,62.1,-1.3970763693557893
S3,38.8,39.7,70.0,164.87,68.4,83.2,121.8,50.8,1.1064227860733673
S2,52.6,36.6,74.5,172.72,6.6,113.8,70.7,77.2,0.2725143976739271
S1,28.1,37.0,78.3,181.42,82.7,127.0,84.9,56.6,-2.124670022013639
S1,52.0,36.8,76.0,169.07,145.6,131.5,83.5,69.9,0.2896591785811643
S1,61.2,36.9,95.3,178.01,120.4,132.9,79.3,78.7,0.48473240400380246
S2,51.7,37.0,64.4,168.65,6.7,113.5,85.5,48.5,-1.1833664613531334
S3,44.5,36.6,69.2,174.62,136.8,76.0,140.2,38.3,0.22569503302959054
S1,39.7,36.8,65.4,175.07,127.2,121.2,72.2,80.2,0.020823189963565136
S5,24.6,37.0,95.8,1.75,100.7,111.2,72.0,63.7,-0.9925706561907739
S2,77.4,37.3,98.2,176.92,5.1,118.9,68.2,83.4,0.8896238672237146
S4,95.0,97.3,170.2,172.28,197.6,132.5,69.7,91.9,3.8771143924438665
S5,41.0,38.4,95.9,1.64,75.7,112.3,81.5,89.8,0.2912617985491779
S3,56.5,37.0,71.1,171.68,97.2,87.8,150.1,35.7,0.5536054727806969
S1,55.4,36.9,71.1,171.9,135.5,130.6,75.2,64.6,0.1535600747257459
S3,26.9,38.7,65.1,156.82,77.9,68.0,118.0,45.7,-0.11223127530487281
S3,65.8,37.4,73.3,167.04,160.5,85.6,146.1,43.3,1.867870137276625
S2,45.7,37.1,91.1,172.28,7.2,148.8,83.8,80.8,0.8669615497469012
S2,50.2,36.8,93.2,177.28,6.9,103.5,71.8,69.9,-1.2917065285744163
S1,31.5,36.5,75.8,169.48,112.5,104.0,58.2,82.6,-0.3806975659032747
S2,68.4,37.0,130.1,181.17,5.9,137.7,74.6,76.3,2.137342144511545
S3,58.4,36.2,76.0,172.57,77.9,88.7,128.7,37.9,-0.43429191687528707
S4,66.7,101.4,147.6,154.61,146.6,112.6,70.1,69.0,1.7602316621649041
S1,66.3,37.3,61.3,172.58,59.9,133.2,79.5,72.9,0.08339569367224303
S1,43.0,37.0,89.4,183.42,104.9,121.2,77.7,72.2,-0.5742533905886301
S5,39.6,37.0,91.3,1.82,71.7,136.3,96.9,72.0,-1.2083892389840667
S1,73.2,37.4,56.0,164.54,91.2,127.7,76.6,65.7,-0.5680295241465271
S3,38.7,36.6,65.7,158.57,202.0,70.2,119.9,31.8,-0.23469403365041325
S3,64.2,36.6,82.1,175.1,134.3,71.6,119.1,39.9,0.6155934273622914
S2,50.9,36.3,76.1,171.24,3.0,137.6,79.7,74.0,-0.26907607454423604
S3,41.0,37.1,62.7,164.61,170.7,84.3,131.4,36.7,0.035568028450570305
S2,61.7,36.6,92.4,189.41,6.1,127.5,80.8,89.8,-0.14956236104864284
S5,36.8,36.8,61.9,1.62,112.4,126.8,89.8,0.0,-1.4031423959750415
S2,63.4,36.5,96.2,187.09,4.8,147.3,87.5,72.2,0.7957605711593667
S1,64.0,36.7,80.6,146.89,85.9,137.8,83.6,55.3,1.1719042996178446
S3,42.8,37.0,76.4,173.49,105.6,67.2,101.0,38.8,-1.0502970776757723
S1,65.4,37.0,82.0,179.87,92.3,121.0,80.1,62.5,0.21926212946256396
S1,55.6,36.7,115.7,180.71,87.5,131.6,78.3,73.9,0.8814938368644218
S3,49.3,36.5,80.8,176.58,71.4,85.0,139.5,36.0,0.38057302095676737
S3,18.0,36.7,78.9,167.33,112.3,74.0,94.0,36.6,-0.8887299924001122
S3,29.7,37.3,82.6,170.15,94.2,62.8,100.5,40.2,-1.503569085357797
S2,65.4,36.5,85.3,161.4,7.4,114.8,70.2,93.6,1.797016847004674
S2,41.8,36.9,106.3,175.68,8.7,106.8,70.9,69.6,1.487640053008682
S2,49.2,36.7,67.3,157.76,6.4,117.6,72.9,82.5,-0.9810460914962188
S1,19.7,39.0,73.5,174.52,85.2,106.5,75.1,93.1,-0.13555668940650642
S2,45.8,37.1,81.4,169.72,8.2,114.9,81.8,85.7,-0.3781602966479747
S2,66.1,36.6,56.3,161.56,4.7,130.8,79.6,94.9,0.12801302708082862
S1,63.7,37.2,62.6,161.5,138.8,118.3,80.4,87.1,0.16267076371918765
S2,36.5,36.4,88.8,179.44,8.0,126.1,87.1,69.2,-0.008892715620711145
S1,76.7,39.0,70.4,164.14,96.6,123.6,64.2,97.4,3.585937967718127
S3,54.1,36.6,70.2,167.9,58.7,68.5,128.0,39.2,0.07619352547671891
S1,47.7,39.4,80.0,173.78,85.3,126.6,75.9,78.2,1.4330108983197525
S1,47.6,36.6,67.9,161.33,104.4,119.7,59.9,73.7,0.38570946008695317
S2,62.8,36.8,85.0,169.51,10.1,127.1,80.4,63.7,1.2490272099387731
S2,72.7,36.6,65.5,164.12,8.4,115.4,69.4,69.9,0.6848103481268046
S3,45.9,37.2,49.1,166.32,50.1,85.2,132.6,44.4,-1.0113007805101322
S2,55.2,37.0,86.9,176.59,4.8,103.8,75.7,65.4,-1.1240940728412676
S2,72.9,37.3,82.3,177.41,7.5,139.1,87.7,67.9,1.431036784091403
S1,28.6,36.7,68.4,170.56,84.9,132.3,78.6,89.8,-0.4843789713267842
S2,57.9,36.3,82.1,171.12,9.4,146.0,101.3,73.3,0.7297150755198472
S3,45.9,39.0,81.3,178.6,115.1,83.9,122.9,39.7,-0.3272440631592959
S4,76.0,103.1,233.3,181.11,121.6,139.6,81.4,90.4,4.72732998922437
S4,81.9,101.9,224.0,171.6,107.9,116.5,67.8,120.2,4.514118089581866
S2,76.9,36.4,68.2,157.4,5.9,133.5,76.0,72.4,1.0523449969837684
S5,18.0,36.6,97.8,1.8,142.3,92.9,72.9,78.9,-0.850073603877497
S1,53.0,36.7,87.4,181.28,77.1,137.6,89.1,75.9,-0.24716024441375084
S5,32.1,38.3,57.5,1.82,117.3,121.9,72.8,75.4,-0.827827369723733
S4,58.6,98.3,189.8,170.34,111.4,119.1,70.8,72.6,0.6354630123744714
S3,67.2,36.9,78.2,180.29,108.9,91.0,141.2,34.4,0.47278113829087853
S1,56.8,39.5,79.1,170.83,150.8,144.4,82.8,90.7,3.999908630850937
S1,51.5,37.5,85.3,156.08,98.1,130.4,75.2,85.9,1.4029575527051312
S4,49.0,98.2,215.8,174.7,191.8,129.8,67.7,85.0,3.6121108096739842
S1,32.2,37.7,70.5,169.09,163.7,113.9,82.3,99.7,0.39380085138036386
S3,47.8,36.5,73.3,175.49,84.4,61.7,99.6,33.9,-0.9182970978905339
S1,66.6,36.7,67.9,158.27,94.1,127.6,71.9,82.0,0.9686420796064008
S1,33.5,37.6,37.9,155.15,256.7,100.3,72.5,98.2,0.2762837649247732
S1,64.7,36.4,94.8,183.44,73.7,143.8,82.9,68.0,-0.5149766035609631
S5,38.6,36.9,94.9,1.81,157.9,112.5,71.9,74.2,0.6185103805931523
S1,58.0,38.3,43.7,144.8,104.5,123.6,90.8,102.0,0.13666913266097053
S3,57.9,36.6,77.8,162.07,128.5,80.4,146.8,30.2,1.1840745211101167
S1,55.3,36.5,65.5,167.38,124.9,144.4,81.8,80.2,0.865506277190114
S1,62.6,37.1,59.5,173.4,144.6,129.6,83.8,65.0,-0.4580007378275596
S4,44.8,97.9,176.0,171.02,118.9,111.1,77.8,57.3,-1.008558351215577
S3,52.2,36.7,67.9,166.19,91.9,65.6,115.5,28.8,-0.7447089848706481
S1,64.5,36.8,75.8,183.6,94.9,137.9,82.1,68.1,0.16579419529648998
S2,57.5,38.3,73.6,161.17,10.0,137.0,89.4,82.9,2.1985657036797415
S1,52.2,36.7,70.9,168.08,50.0,121.5,71.3,70.9,-0.43734958600784457
S1,21.2,37.2,91.4,169.63,96.7,117.3,62.9,82.4,-0.12311538131294499
S1,64.9,36.7,63.9,161.84,103.0,128.1,74.5,57.7,-0.8973298340047418
S1,21.2,36.9,113.6,178.02,80.6,117.2,84.7,82.6,-0.32357407897692425
S5,29.3,36.7,67.0,1.66,105.2,99.9,70.0,75.3,-1.3451300834643363
S1,47.3,37.1,83.8,170.14,123.1,125.8,75.9,81.7,0.886275749839772
S2,51.3,36.7,88.4,155.13,10.3,117.7,66.6,72.9,3.0617428380698453
S3,35.2,36.8,78.9,172.85,91.6,49.6,101.6,35.0,-1.0313224594906898
S1,61.6,36.9,45.7,150.88,74.7,93.0,53.6,62.1,-2.02279468421666
S5,57.2,38.9,71.5,1.69,167.3,140.0,81.0,85.8,2.8786496796445262
S4,52.0,100.9,214.9,173.53,85.7,129.4,81.1,95.3,1.1395371739726121
S1,20.9,37.1,66.3,163.76,104.6,148.5,105.6,78.9,-0.5194704334384896
S2,93.4,36.4,87.6,168.19,9.0,156.2,89.6,77.1,3.2710589216281605
S1,71.7,36.3,73.8,149.25,103.7,170.9,99.6,65.2,2.541602763170279
S2,41.8,38.5,73.9,168.38,7.6,111.7,71.3,80.3,0.6044871695499999
S3,44.5,36.7,72.9,183.06,138.3,90.1,142.2,35.0,-0.07469640174024703
S2,54.4,36.4,85.1,178.1,6.0,117.4,78.7,93.4,-0.14322398628077873
S3,53.8,36.4,72.4,157.05,124.8,81.2,137.0,34.4,0.9578395700795069
S1,46.5,36.6,114.1,177.29,134.2,120.3,69.6,79.8,1.70688141084612
S2,79.9,36.5,66.7,159.11,6.6,126.5,70.4,77.3,1.5076047314303187
S4,40.8,97.7,211.9,174.78,150.3,103.6,54.7,65.0,0.10818556519870254
S1,64.3,37.3,97.5,177.27,92.0,118.5,73.8,70.3,0.5615846931976396
S2,69.8,36.9,103.0,168.86,8.7,139.4,84.8,80.0,2.478886644602594
S1,49.1,36.9,78.9,167.99,90.4,145.7,83.8,89.7,0.8922980052661571
S1,38.2,37.1,76.6,158.13,132.7,103.4,66.4,68.8,-0.6111035932248122
S1,71.5,37.0,60.0,165.61,117.9,152.4,92.3,72.4,0.6134838212636637
S2,48.2,36.2,70.6,178.05,9.2,125.4,73.7,66.9,0.006360052835635982
S2,45.7,38.9,75.0,172.9,7.9,117.9,91.1,88.6,2.0065965553349496
S1,57.0,36.8,64.1,164.8,125.8,117.2,81.0,63.9,-0.574010591594502
S1,47.1,36.6,81.6,181.5,86.6,126.9,81.1,69.1,-0.9487735476639022
S3,43.5,36.9,36.0,154.97,144.9,73.1,125.5,40.6,-1.2594081798451278
S4,62.6,102.1,183.0,174.38,108.7,111.4,70.1,79.0,1.8490996216485012
S4,73.7,97.3,161.9,165.7,239.1,136.3,83.6,62.7,2.37940114821088
S3,29.5,37.2,84.5,161.28,86.5,74.6,124.8,43.6,-0.08705783001764908
S1,46.7,38.3,65.0,175.98,132.9,119.8,78.0,77.6,-0.8237018016435831
S3,61.7,37.4,77.8,168.92,91.9,83.5,132.5,39.0,0.11858754003860636
S2,44.1,38.8,57.5,168.41,4.2,110.5,82.1,79.2,-1.0879218956972636
S1,40.5,36.8,95.4,171.27,131.0,133.5,82.9,87.3,1.8386245723674732
S3,29.9,37.2,70.9,177.33,126.6,76.8,116.3,33.5,-2.1107633946645037
S1,45.5,36.6,60.9,167.87,141.1,99.6,70.3,75.0,-1.285329673252243
S3,54.4,36.6,87.0,179.28,75.5,77.8,122.4,37.6,-0.23040662269419313
S5,44.3,37.3,46.9,1.51,80.1,113.6,77.8,0.0,-1.9125230578096595
S3,29.8,36.7,74.5,173.7,93.9,82.9,153.6,31.2,-0.5545757394993381
S1,67.1,36.9,98.9,187.7,80.3,127.2,76.5,61.7,0.06955126242713625
S1,29.3,36.6,74.0,179.72,144.5,128.4,83.7,60.0,-1.1061943638745473
S1,84.0,38.2,73.0,163.67,91.5,145.7,89.6,116.0,2.463146794904884
S4,68.5,102.7,190.1,178.91,141.5,149.8,91.9,82.4,3.485192256112445
S2,62.2,39.8,79.3,174.23,8.4,148.7,74.0,76.2,4.278536748067755
S2,69.8,37.4,80.8,166.05,5.9,147.8,82.3,72.6,1.6711658063364792
S3,40.9,36.1,44.2,164.86,86.7,81.4,136.3,31.9,-1.8040887902112506
S2,54.7,37.2,76.0,173.69,4.2,133.3,86.7,62.5,-0.8625164080868817
S1,71.8,36.6,99.6,181.29,92.6,128.2,75.7,72.3,1.726395461799247
S5,59.5,36.9,57.4,1.66,69.2,110.5,69.0,52.8,-1.7592035259486831
S3,48.5,36.6,47.7,176.82,80.8,81.8,108.9,37.6,-1.6012880977451576
S2,36.1,36.6,75.0,157.14,4.7,120.0,76.7,66.4,-1.814250880834102
S3,52.6,37.3,43.3,161.52,121.5,63.2,93.8,35.2,-0.9630334487234674
S2,77.9,36.6,70.5,162.4,8.4,156.5,77.7,82.7,1.6696326970007898
S2,58.9,36.5,67.3,161.23,6.9,130.1,76.6,88.2,1.1453630586068377
S2,44.6,36.7,113.6,176.42,7.1,125.8,84.4,77.1,-0.24187445189286505
S1,61.5,38.2,61.3,161.57,142.1,160.5,91.4,78.7,2.1429749740131925
S3,30.6,36.4,62.0,180.91,111.9,82.4,115.5,37.0,-1.743069548575257
S4,81.9,97.7,124.9,171.83,172.7,137.2,77.3,71.7,1.899246164875748
S3,44.8,38.2,62.2,159.17,89.2,97.6,130.0,45.8,0.09955992109174472
S5,26.2,38.4,43.4,1.54,80.1,118.9,69.6,97.3,-1.4015848567055733
S3,56.4,37.2,104.2,187.52,93.8,90.8,137.9,40.7,0.12602353216323353
S3,31.0,36.4,80.9,164.86,97.4,69.6,115.2,42.3,-0.7856649186715776
S4,77.8,98.4,166.6,162.21,144.5,130.0,71.7,68.9,1.9173427288342155
S5,28.4,36.8,70.3,1.57,109.3,114.2,78.2,70.8,-2.0282988861448006
S3,46.5,36.8,72.8,166.83,90.3,80.1,132.2,34.5,-0.47214918565235303
S1,57.0,36.8,79.7,169.33,121.1,101.2,70.8,69.6,-0.7360952661208213
S2,34.1,36.6,65.3,172.29,5.1,153.4,105.2,71.0,-1.0952028530966753
S1,70.6,36.7,98.7,175.94,162.4,114.9,70.6,77.2,2.6770560543085775
S1,68.5,37.2,69.1,161.52,91.3,149.5,97.3,61.2,0.5127171966695312
S1,53.2,39.0,73.4,171.13,94.0,123.2,79.6,98.2,2.4202738013783884
S2,62.9,37.3,67.4,158.33,7.1,116.1,80.4,98.9,-0.09085588855304938
S2,48.2,37.0,83.1,170.76,7.2,106.6,72.1,81.8,0.4230091008509983
S1,64.5,37.0,42.0,139.29,116.8,122.1,71.3,63.2,-0.5252272634568522
S2,84.3,36.7,71.7,165.41,8.8,108.0,66.2,56.8,0.6538025636469199
S3,65.1,36.6,74.9,177.16,72.9,80.7,120.3,36.9,-0.7841461791633118
S3,48.9,36.6,92.9,168.79,73.5,75.0,117.6,39.2,-0.22019762984187405
S5,20.1,36.4,68.6,1.81,119.3,112.5,67.0,77.7,-1.652404294853676
S2,50.7,37.4,49.3,166.56,5.6,114.8,68.3,74.9,-1.4145423006505515
S4,68.6,101.9,236.7,173.74,149.1,141.4,85.1,75.2,3.7618414974461345
S4,78.5,103.5,223.6,176.81,85.1,143.1,98.9,91.8,4.248916604412392
S2,77.3,36.5,60.0,161.95,4.5,133.0,67.3,85.4,0.6483244968257473
S4,84.5,102.1,215.9,188.5,134.2,123.4,76.7,81.7,3.191665069611313
S2,68.0,39.7,77.9,168.89,7.1,120.9,81.1,74.7,2.7393483954542406
S5,60.2,36.9,95.1,1.8,78.7,144.9,94.1,77.3,0.4240318889472854
S1,89.9,37.1,53.9,174.0,88.5,109.9,72.8,86.1,0.591559993699776
S1,32.7,36.7,72.4,156.83,133.4,88.9,68.9,87.9,-0.01750557985347001
S2,56.6,36.0,97.3,179.28,7.0,123.1,74.0,63.3,0.34670786528756503
S2,56.7,38.0,83.7,174.57,9.3,147.5,91.3,104.8,2.2182335303334955
S1,59.0,38.8,52.0,162.74,123.9,122.5,72.4,98.7,2.218097668971242
S1,49.1,36.7,76.7,166.41,106.4,124.4,86.2,54.4,-0.4144400464224326
S3,18.0,36.8,92.5,181.13,96.6,67.4,87.8,41.1,-2.0208476506766178
S2,64.0,36.8,89.4,169.39,7.9,117.5,81.9,52.9,0.6523624346761261
S3,57.6,36.1,57.6,164.39,63.0,87.5,133.9,38.4,-1.8283671917376987
S4,61.3,99.1,140.4,156.1,125.0,131.9,77.8,82.6,0.8300227817778312
S2,62.6,37.2,90.8,173.34,11.3,117.4,73.9,56.5,0.9423447542443578
S4,79.0,98.7,165.8,167.26,171.5,146.2,90.7,63.6,1.06809944343937
S2,39.8,38.9,94.5,173.26,6.5,131.1,79.6,89.9,2.2802277343793373
S3,35.9,36.9,68.4,164.8,143.0,86.3,130.4,43.2,0.5013604435881156
S3,45.4,39.0,93.1,187.1,97.0,72.9,122.6,46.7,1.0228543344342835
S1,34.4,38.1,58.5,166.57,100.3,124.3,73.9,86.6,-0.1664518311909329
S5,58.8,36.7,64.3,1.74,86.4,128.7,75.5,0.0,0.4124026127682684
S1,72.8,38.3,91.6,177.32,68.5,108.1,75.1,89.4,0.5022768981615409
S2,70.7,36.7,56.1,163.17,10.2,151.4,87.2,82.7,2.2946023592523117
S1,95.0,36.6,61.3,168.39,118.4,119.2,72.8,94.6,1.6392438296324832
S2,72.4,36.9,113.2,180.27,5.1,112.8,79.9,64.8,0.18421654997771658
S2,78.8,36.4,95.7,181.72,5.2,125.8,72.1,73.6,1.023132425805615
S3,61.4,37.0,101.6,182.97,103.3,69.8,118.1,35.0,-0.4723451354031616
S2,52.5,37.3,87.4,172.57,7.2,129.0,81.9,71.5,0.43898244202984255
S4,50.2,97.8,213.1,164.1,97.2,118.0,70.7,73.9,0.2520271091506683
S1,70.5,36.7,57.4,178.68,74.4,145.5,81.8,90.1,-0.2515247500676636
S1,60.7,37.1,104.6,170.19,97.0,116.2,65.9,77.3,1.3037113701428464
S1,40.4,36.2,60.8,163.45,127.6,107.6,68.3,72.2,-0.8514486757628767
S5,42.2,37.3,66.2,1.71,137.9,117.1,75.8,77.8,-0.04572270060315653
S3,35.6,37.0,72.1,170.76,121.5,58.7,82.0,38.8,-1.3363034256521416
S1,31.3,36.8,91.2,171.1,125.7,101.4,64.9,76.5,-0.6023296344418284
S1,55.5,36.5,91.1,158.15,130.5,131.4,74.2,85.2,2.8088787795854273
S1,63.1,37.3,51.4,170.77,79.8,156.4,91.0,79.7,-0.1540443384732495
S3,46.8,36.5,96.4,171.58,123.7,81.1,153.1,36.7,1.8140269655597385
S2,52.4,36.4,117.0,175.24,6.9,113.5,68.6,83.4,1.2677805668687687
S2,42.8,36.7,63.7,165.32,5.1,126.2,84.3,62.0,-1.5124340269157805
S2,66.4,37.0,75.4,161.05,10.3,108.5,80.6,54.7,0.3634366343252017
S1,37.9,36.3,70.8,163.97,116.6,125.0,73.1,67.9,0.18875536312922842
S1,41.0,38.3,99.4,168.96,135.3,105.4,67.4,100.4,1.7453139993484204
S2,81.7,37.3,75.0,173.08,6.0,144.8,94.2,75.3,1.4893692747049063
S4,71.2,97.7,186.3,153.93,123.0,148.7,83.6,82.7,2.67461225267014
S3,32.1,36.7,92.3,175.33,62.2,86.8,142.1,37.1,-0.9304103287545995
S1,88.3,36.7,77.8,172.46,104.5,147.2,86.6,72.8,1.57615854870506
S4,44.8,98.0,196.4,167.66,131.8,112.7,79.2,73.7,-0.04715679969451568
S2,46.1,36.8,63.6,163.8,4.6,132.2,90.5,64.1,-1.548390852878351
S2,74.9,36.5,73.1,174.53,6.9,138.2,94.1,60.3,0.14869740760998812
S1,41.8,36.4,81.9,174.75,110.9,114.5,88.1,88.2,0.19041679596773176
S1,52.5,37.1,77.6,166.2,78.4,121.4,72.7,83.1,-0.1277421230279866
S1,33.7,36.7,101.8,189.77,137.8,115.5,77.0,92.2,-0.5258849861671355
S3,35.4,36.8,100.4,173.14,70.8,86.1,113.0,47.0,-0.04527036965353304
S4,93.9,99.2,154.0,157.21,145.5,129.0,83.6,93.1,1.963303750309611
S1,75.1,36.7,56.6,159.79,114.4,133.5,73.4,85.9,1.487630323408181
S5,48.1,36.9,77.4,1.82,125.1,141.7,93.5,96.6,0.07472742539723312
S2,33.6,36.5,96.0,177.02,5.2,111.5,67.3,50.7,-0.5479598376805813
S1,62.6,36.8,55.0,164.1,157.3,143.8,72.8,76.2,1.2774138853796988
S2,69.5,38.6,97.6,164.68,7.8,135.4,74.8,95.9,3.9703600971084505
S2,53.2,37.0,106.4,167.64,8.9,128.2,74.3,83.7,3.151774434982227
S1,54.4,37.2,96.4,171.27,106.1,121.4,70.8,70.2,0.26638521361253314
S1,33.4,36.5,84.6,177.58,86.8,89.6,52.9,64.1,-1.7036304460209282
S1,42.3,36.4,77.2,164.46,131.8,104.3,62.3,71.7,-0.11895354677486542
S4,58.8,97.1,162.4,175.95,115.2,133.8,95.9,68.2,0.45479323473938393
S4,67.5,100.1,158.5,153.1,135.2,141.0,71.2,89.0,2.313014461055619
S3,19.7,37.3,63.8,168.97,78.1,69.8,108.4,39.4,-2.0473756841640864
S2,70.8,37.1,78.0,184.88,7.5,131.2,77.1,81.5,1.1079447008540653
S4,57.7,101.4,168.2,169.8,125.7,127.3,94.0,73.8,1.3975957388305766
S5,59.9,37.1,63.5,1.75,84.1,141.7,86.9,0.0,-0.23265389262033676
S2,66.1,36.6,68.5,169.67,7.9,124.5,67.1,69.3,0.7100668520096477
S1,74.8,36.9,63.1,171.58,125.3,146.7,99.9,77.3,0.5956751396010628
S3,51.6,36.8,66.5,164.85,57.9,73.4,120.3,32.5,-1.2013003660727795
S1,48.0,37.1,67.6,174.77,89.2,112.5,81.5,91.7,-1.9237167016098602
S2,58.8,36.7,81.6,168.05,8.5,113.9,78.1,77.9,-0.17567564246552958
S1,51.8,37.0,45.7,166.49,83.5,86.2,62.0,62.2,-2.3629608231109933
S4,33.7,100.8,144.7,173.21,116.0,119.1,86.2,99.2,-0.013771214166621693
S3,49.3,37.0,62.7,161.52,98.2,66.4,106.9,25.8,-0.740407381621073
S4,80.8,100.7,146.3,166.28,95.5,117.8,62.6,88.3,1.6909364821982757
S1,83.1,36.8,45.1,164.96,106.2,154.5,86.7,54.6,0.7253031391520516
S5,18.0,39.0,58.0,1.6,87.3,117.7,69.9,91.6,0.2602483994704776
S1,87.7,36.5,79.8,173.09,90.7,133.8,77.7,88.1,1.4667312875288496
S3,29.3,36.8,83.6,161.32,97.7,81.0,119.8,36.7,-0.21115669270361725
S2,49.7,36.8,69.7,169.9,6.7,105.8,62.1,68.4,-1.069744077148755
S1,33.6,37.1,52.1,177.76,90.0,110.4,66.4,82.1,-1.9241083250561206
S1,38.7,37.0,63.0,175.99,94.4,114.8,71.3,58.1,-2.026653731083827
S3,59.7,36.7,75.8,169.36,76.9,78.8,116.0,40.1,-0.2885493355172325
S2,55.6,37.0,84.9,168.07,3.6,99.0,60.4,54.5,-1.183677997309753
S2,60.1,36.6,126.1,181.73,7.6,135.1,91.3,75.1,1.9202055590204086
S1,64.7,37.4,122.1,185.44,142.5,126.5,88.8,96.5,1.9571776693940715
S1,51.9,36.4,52.5,152.16,100.3,109.4,67.9,70.0,-0.9406705274842823
S2,56.5,37.0,85.6,166.34,5.4,128.4,87.5,71.1,-0.5890057552859957
S1,54.7,39.6,79.3,169.94,130.8,114.0,79.5,86.6,2.108012082405448
S1,38.0,39.1,62.8,156.56,165.0,135.8,86.6,72.9,1.697143691634742
S1,55.6,36.9,74.6,157.54,86.2,126.4,92.7,63.4,-0.5998913448138925
S3,30.8,36.4,60.7,166.33,149.4,77.9,111.0,49.4,-1.0064539654749751
S1,32.3,37.0,86.5,177.61,90.1,130.8,71.3,58.5,-0.17186058150703248
S3,22.3,37.7,68.8,161.88,119.7,65.9,93.5,38.6,-0.6996324228791609
S3,38.8,37.3,77.5,177.22,124.9,67.7,107.3,39.4,-0.5175771247059755
S1,58.9,38.0,73.0,161.44,108.2,130.4,83.9,103.3,1.579040485512464
S1,58.3,37.1,67.5,170.19,134.3,103.5,63.2,66.6,-1.057567462070187
S1,44.7,36.9,49.0,167.66,129.2,103.2,68.3,92.5,-0.7770482692815639
S2,63.3,37.0,58.0,170.49,6.4,133.9,79.6,92.7,0.627358127020672
S2,75.9,36.8,80.9,179.05,9.5,126.2,87.5,63.4,0.5812199455857174
S3,51.8,37.0,63.9,173.13,123.2,71.0,124.4,53.7,1.048941399589232
S1,45.6,37.3,93.3,162.44,165.3,120.0,73.3,84.5,1.920437918430301
S1,51.5,36.5,65.7,164.41,110.6,116.7,80.6,65.8,-1.3826368043435986
S4,76.1,99.3,177.2,157.81,139.1,145.9,87.9,77.5,3.372267666323987
S2,67.7,37.4,77.1,157.37,6.0,171.9,91.3,100.3,2.7024307025185816
S3,49.0,36.9,76.2,169.12,202.8,71.4,125.3,48.3,2.445233113799648
S1,76.5,36.7,57.3,181.31,123.2,144.7,86.2,84.4,0.7020559398735171
S1,49.5,36.8,83.6,174.24,105.5,111.4,73.6,64.1,-0.6097320954747399
S4,61.9,98.0,147.0,166.37,199.7,143.3,86.0,94.9,1.870550592634886
S1,18.0,37.0,85.0,171.45,115.1,115.0,76.8,79.2,-1.7006985790142188
S1,25.4,38.7,50.0,168.16,75.8,115.2,84.5,94.1,-1.7233752487077467
S2,63.6,36.5,81.5,159.48,6.6,122.4,74.5,63.1,1.6395889963127117
S3,34.5,37.2,95.6,172.54,113.5,83.5,133.2,38.2,0.8684995375446013
S5,18.0,38.7,52.0,1.77,61.0,95.6,61.0,98.8,-1.0901466259933474
S1,43.8,37.2,71.7,172.36,104.9,93.6,62.6,82.3,-1.5282802630007124
S2,44.1,36.9,79.6,174.99,9.1,131.5,72.1,86.8,1.316772539505068
S2,72.1,38.2,66.0,147.1,5.8,109.3,61.4,80.9,2.089370446626442
S2,57.8,36.4,82.7,175.94,11.3,112.2,76.4,79.6,1.164763154957925
S2,71.9,36.9,81.4,164.9,6.4,148.8,94.5,87.9,1.4093540121555745
S1,54.5,36.1,60.8,158.07,205.1,130.2,84.8,63.4,0.9286673041809936
S3,43.3,36.5,54.7,159.08,103.7,73.0,105.2,36.1,-0.735881101389785
S2,81.5,36.9,76.1,164.79,7.5,138.0,87.1,64.8,1.9081324154993693
S2,78.4,36.8,84.4,181.47,6.6,119.6,87.5,66.6,0.42531431074131776
S1,55.4,36.2,53.4,156.97,93.8,128.4,83.9,72.1,-0.7061404655255256
S2,59.2,36.3,74.3,172.64,5.5,127.1,86.4,83.8,-0.44245289598084936
S2,65.6,38.2,61.0,151.65,6.0,152.9,97.8,83.7,1.7838270249311323
S1,70.9,36.8,79.5,161.37,159.6,117.3,66.7,76.2,2.622847465574926
S4,72.4,97.6,243.8,174.43,135.5,145.9,91.2,82.3,2.428025205717178
S1,46.4,36.6,59.3,167.17,100.0,126.5,73.3,85.0,-0.1097796742496156
S1,53.4,37.1,63.2,163.24,144.1,107.1,80.3,65.0,-0.33887213884091744
S3,18.0,37.0,86.2,174.18,81.8,81.4,112.8,42.3,-1.4880669411181355
S1,66.0,36.8,79.8,167.21,128.5,133.1,91.9,73.7,1.1321403856800032
S1,78.7,38.6,81.5,169.76,171.5,135.1,83.9,92.8,3.126784047390739
S2,66.4,36.9,79.6,162.49,6.4,143.9,84.4,71.9,1.5643576880487104
S3,35.9,36.4,70.1,185.4,130.8,78.4,117.7,39.1,-1.4694120070904595
S1,45.0,36.8,119.2,193.69,124.4,126.1,74.9,76.8,0.5162141705860145
S5,52.7,36.9,57.6,1.7,92.9,101.8,67.1,87.7,-1.1600879434494233
S4,75.5,98.3,148.1,173.46,92.6,104.1,69.7,88.9,-0.0035469605149451994
S3,41.2,37.0,59.7,153.86,125.6,84.1,141.9,40.5,0.683416989594517
S1,69.0,38.1,79.4,178.77,110.7,112.4,69.0,84.2,0.6772069608158902
S2,80.0,36.5,67.7,170.0,5.9,161.5,97.4,56.3,1.105652028083325
S2,39.6,37.0,45.6,164.94,6.3,94.0,65.3,73.8,-1.9390667508780357
S1,39.1,37.1,113.8,177.91,155.3,127.9,86.9,63.1,1.447285743260312
S3,60.1,36.6,75.5,172.1,107.1,62.1,126.2,37.8,0.9652147458747529
S3,53.0,37.0,80.3,174.31,114.5,84.8,122.5,42.7,0.24443400714824143
S1,46.2,36.5,64.4,156.59,66.3,114.2,78.4,93.3,-0.6324696519371704
S4,54.7,98.1,166.8,171.34,158.2,141.2,82.7,67.0,0.10542635274893275
S1,49.9,36.6,68.4,165.12,123.0,103.4,76.5,72.0,-0.33171164921359453
S1,27.0,36.5,48.1,146.14,115.0,135.4,82.9,62.6,-1.3533516555648752
S1,49.1,36.7,71.6,162.14,115.7,140.6,90.5,88.6,0.127734380996736
S3,42.0,36.7,59.9,168.91,143.1,72.5,99.9,37.7,-1.3433693008644494
S1,48.4,37.0,98.1,170.0,81.3,130.4,75.6,81.3,0.828571688731511
S4,70.9,101.8,183.5,173.12,109.1,136.0,87.5,77.7,1.892277092128483
S1,58.4,36.2,118.0,181.2,121.9,131.9,90.6,92.7,1.4148288991925546
S1,36.2,36.7,112.1,176.25,106.9,111.6,69.7,83.5,-1.0193154287496147
S1,45.1,36.7,69.5,169.3,131.3,126.6,81.5,82.2,-0.6816140518698938
S3,68.3,36.8,66.8,164.55,76.1,79.5,126.4,40.4,0.08838410772430288
S2,74.8,36.8,88.3,175.02,5.2,133.1,85.7,73.4,1.4368271352425968
S3,76.0,37.1,73.1,173.98,88.2,90.6,144.0,36.4,1.381259886006843
S4,73.7,101.3,145.9,146.06,122.0,134.6,78.8,76.9,2.7303600685011173
S2,89.5,37.3,106.2,166.15,8.7,146.3,78.5,74.5,4.60587831048902
S2,60.2,37.3,94.1,161.59,7.4,110.2,73.3,61.3,0.11336096477437219
S1,52.2,36.9,81.4,159.14,130.3,122.6,84.7,80.8,0.48863978856963874
S2,42.3,37.0,84.4,160.99,5.5,114.6,69.4,93.4,0.6529164641157787
S1,25.1,36.5,84.2,182.56,96.4,104.0,77.7,79.8,-2.61900353448973
S1,50.4,36.9,59.0,169.4,67.7,115.1,63.2,72.2,-0.7353595100535631
S4,39.0,96.8,206.5,175.0,118.1,116.8,69.1,69.4,0.04839368181365372
S1,47.5,37.2,81.3,180.54,82.2,137.4,82.6,99.0,-0.33432586084780935
S1,50.6,38.2,71.0,171.69,75.1,126.5,83.1,76.9,-0.14825554209970412
S1,44.5,38.3,85.5,165.69,87.6,110.1,75.7,86.1,-0.42575031184609274
S2,55.6,36.8,91.4,181.8,6.3,127.5,75.4,58.9,-0.8593823123005739
S2,43.5,37.1,92.5,172.2,4.0,127.3,80.1,87.5,0.1673302599295669
S1,51.8,36.5,66.7,175.87,117.9,141.9,68.1,61.4,0.512458394989612
S3,44.1,36.6,62.1,182.24,118.4,83.9,130.9,48.1,-1.0752830319476168
S1,34.2,36.5,62.5,166.38,109.6,119.8,75.4,54.2,-1.7425824775053573
S2,66.0,36.9,75.5,166.55,9.2,95.3,67.7,71.5,0.5931580998381939
S1,38.6,36.8,60.0,159.05,144.8,129.9,82.7,47.0,-0.9414363857873138
S3,61.1,36.6,79.6,189.76,146.7,97.9,161.4,33.4,0.9218628778731977
S1,80.3,36.6,64.5,147.08,122.8,148.1,92.4,66.6,2.358645709118666
S2,60.0,38.4,63.9,167.81,7.1,131.4,93.8,72.5,0.6384713298889904
S1,81.4,36.6,71.0,144.78,50.9,134.9,74.2,63.5,1.388322323643277
S4,47.1,97.6,173.9,165.84,127.3,117.9,87.2,90.7,-0.020358602663946568
S1,42.1,37.3,76.1,174.47,157.4,133.7,93.5,74.6,0.7826018462442493
S2,32.8,39.3,72.8,186.21,6.2,112.3,78.4,86.4,0.7450213272201907
S3,29.7,36.6,61.0,160.67,96.6,70.2,99.6,32.3,-2.173666397737075
S2,66.8,36.5,91.6,170.53,7.8,114.1,77.6,70.9,0.3946054730949167
S4,56.2,98.2,240.3,180.32,70.8,113.1,64.8,62.8,0.050483029782343605
S1,53.0,36.5,63.5,156.92,68.9,122.4,72.7,71.1,-0.21152910816698184
S2,56.8,36.6,87.5,180.22,7.6,131.1,91.0,84.2,0.18602815409481732
S1,83.0,37.0,78.6,171.57,103.5,176.7,90.8,58.7,1.2313160551593656
S1,69.5,36.9,106.9,187.3,195.7,125.1,79.9,67.2,2.057297858911797
S4,73.0,101.1,161.5,170.77,92.5,107.7,62.4,89.0,1.8817161334017023
S3,40.2,36.5,57.5,165.3,98.7,89.3,115.9,40.9,-1.7527259984582975
S3,55.8,37.6,96.4,174.96,91.8,89.6,126.9,37.9,-0.47490484132692856
S1,71.1,36.7,74.5,161.55,93.2,124.9,81.3,75.0,-0.10275250030583155
S2,44.0,36.5,110.3,181.74,5.3,109.1,73.2,66.0,-0.8103487472062019
S1,50.1,38.8,89.3,168.51,81.1,133.7,83.5,73.6,1.715495101565031
S3,58.2,37.1,59.4,162.08,87.8,76.3,109.1,37.5,-1.2449465073271788
S2,61.0,36.7,62.9,152.99,7.0,126.2,65.9,78.1,0.9564132675773436
S3,62.7,36.9,70.3,170.45,106.5,83.7,139.3,29.8,0.47891589451881983
S1,53.0,36.3,50.5,176.29,171.3,131.4,79.6,88.7,0.5876221324226303
S3,18.0,36.9,83.9,161.05,65.1,78.2,100.9,34.8,-1.63166706362791
S4,64.9,98.0,226.8,172.3,145.0,129.5,79.9,75.3,2.4288590320976957
S1,48.7,36.7,64.4,161.06,92.6,127.5,81.8,71.6,-0.652153352616954
S3,66.5,36.8,47.8,171.82,82.7,87.0,154.1,40.7,-0.20826303489397183
S1,44.3,36.9,83.1,180.27,105.4,132.9,79.8,74.1,0.38707697018103504
S1,28.4,36.9,103.0,189.92,90.6,122.5,83.7,62.7,-1.675442635719622
S2,47.2,37.6,101.2,175.71,5.5,106.3,62.4,84.9,0.2277704006924054
S3,51.3,36.8,57.9,146.99,172.7,88.0,125.2,36.0,-0.48133852844077374
S3,44.2,39.4,67.9,171.37,55.5,81.3,150.1,42.3,1.625521791732605
S3,40.1,36.3,71.9,159.4,137.6,78.3,124.3,42.6,-0.3544490945929086
S3,34.4,36.7,84.3,163.73,107.0,72.6,124.9,41.1,-0.040380751633500744
S2,47.9,38.3,76.6,172.56,6.5,143.5,94.3,76.9,1.3940747140871443
S3,39.5,36.6,61.5,165.16,66.1,53.6,89.9,40.1,-2.10269848437726
S1,42.2,36.8,57.6,157.24,127.1,117.4,92.0,63.4,-1.6068099635686717
S2,72.8,37.0,91.2,174.21,7.4,161.0,94.9,71.6,2.870846318886779
S1,65.7,36.5,79.9,166.28,101.0,123.8,88.7,92.3,1.062857115877601
S3,42.5,37.1,49.7,179.71,115.5,68.9,103.3,41.3,-0.9819425502654173
S3,26.6,36.6,97.4,183.73,58.9,76.2,131.3,40.7,-1.4751003835840732
S3,46.9,36.1,79.1,168.23,100.2,76.9,129.9,40.1,0.9723753064191022
S1,52.6,36.8,73.2,172.74,99.4,108.4,75.9,98.0,-1.0483476860767333
S1,68.4,36.9,64.6,162.37,111.9,150.4,83.3,71.6,1.231610618482086
S3,39.0,36.9,71.9,186.62,93.8,74.4,116.7,26.3,-2.1656980871797886
S1,40.6,36.9,96.3,188.11,156.8,113.5,63.1,66.7,0.33762358061822695
S1,38.8,36.6,100.8,184.13,149.6,112.3,70.0,50.9,-1.0065572510700687
S4,93.3,102.9,213.3,170.87,100.7,159.9,98.5,80.9,4.495199529533291
S4,50.6,103.8,147.5,175.26,202.3,130.4,81.6,69.5,3.1052335254612244
S3,34.3,36.5,97.7,170.21,123.0,62.9,104.1,41.6,-0.5026961747632945
S1,61.6,36.4,74.5,168.47,113.3,115.5,67.6,70.5,-0.8970687169509964
S4,54.5,98.5,254.5,176.11,128.8,137.2,77.8,75.4,2.058503169140094
S3,47.1,36.9,72.7,170.65,176.3,81.5,122.5,36.7,0.0376566994281379
S1,43.0,36.5,79.0,166.64,118.6,128.8,85.2,67.7,-0.49090730524841825
S2,40.0,37.3,78.0,167.56,6.7,116.8,89.2,80.4,-0.844604688805707
S1,42.2,37.6,118.0,201.32,114.1,114.2,75.5,79.4,-0.13445598221368252
S1,62.4,36.9,80.8,178.47,64.9,115.7,75.6,79.3,-1.77064753626455
S3,49.1,37.1,57.9,177.44,111.4,72.4,103.9,41.7,-0.7267947662185539
S2,52.8,37.1,86.5,168.79,5.6,142.0,81.6,82.2,1.4697908825338202
S3,46.7,37.0,73.4,189.52,81.0,87.8,126.6,32.5,-2.670232432584238
S2,71.3,36.9,96.6,177.38,5.8,137.9,90.4,71.4,1.4227794496601667
S1,44.1,37.0,88.0,170.87,102.7,111.1,67.6,78.0,-0.1608072662641506
S1,43.6,36.8,91.5,173.32,99.1,124.6,87.8,98.6,0.7383610101312856
S1,37.8,36.6,76.4,155.67,130.8,116.4,78.8,83.5,0.26254366830752635
S1,52.4,37.2,64.1,164.7,73.4,121.5,78.8,75.3,-1.2311219001971547
S1,20.7,37.0,93.2,179.0,170.7,122.1,85.4,60.8,-1.6481799715788092
S1,34.3,37.2,74.5,172.62,74.9,129.2,68.7,78.8,-0.2957021944744701
S1,45.7,36.9,95.7,167.93,126.2,118.6,74.8,80.0,0.6833957827297947
S4,83.1,97.9,170.2,177.44,116.2,130.7,82.9,50.3,0.1849689149385018
S2,40.9,36.9,66.6,174.82,6.8,134.0,94.4,66.8,-0.892995557727978
S1,52.9,36.5,104.5,185.72,186.8,87.2,56.8,63.2,0.328927224427616
S4,62.5,98.7,177.2,178.84,103.5,131.8,94.6,80.8,0.1311766179992829
S1,59.8,37.0,76.9,178.4,94.7,130.6,71.7,85.2,0.6198101662022094
S3,46.2,37.0,84.5,178.24,101.6,73.1,113.6,38.6,-1.479630085131905
S3,45.9,36.5,64.2,163.33,65.1,85.5,142.7,39.9,-0.4206100637650824
S1,41.7,36.4,50.1,154.43,87.9,119.5,83.7,77.7,-2.6962025446829205
S1,56.3,36.7,72.1,173.72,88.7,130.3,91.7,72.1,-0.45535457198563845
S1,37.3,37.0,91.3,171.07,119.6,150.0,84.3,79.8,0.3501646994028421
S2,51.6,36.3,72.8,158.84,5.2,99.3,73.8,91.4,-0.051623694875317316
S4,82.6,98.6,115.6,153.82,172.2,150.0,91.4,69.4,2.113781516055186
S5,57.2,39.2,84.5,1.77,72.2,128.6,91.1,83.1,1.2760391451617887
S3,36.9,36.8,68.5,167.55,105.1,80.1,109.2,30.4,-2.373077428963036
S1,47.5,38.2,82.5,168.81,78.2,120.7,80.3,96.8,0.7469653785019429
S2,48.4,37.8,87.2,167.51,5.4,109.1,63.1,79.1,1.180997082170805
S5,54.9,36.7,106.8,1.75,75.0,102.0,65.0,67.3,0.14420042690379872
S5,56.9,37.0,76.1,1.58,73.7,147.3,96.7,81.0,-0.3022835120535595
S2,57.7,36.9,99.9,180.77,9.9,131.0,76.3,80.6,1.8637589463174198
S2,48.1,37.1,83.2,155.4,5.8,121.6,73.0,45.6,-0.17851918935590028
S1,62.5,39.4,68.4,167.34,91.2,159.4,95.6,81.6,3.336503504445286
S3,47.8,36.3,37.5,158.05,91.8,72.4,110.3,33.9,-2.155610691441716
S3,66.3,37.1,68.6,154.41,102.7,81.1,149.9,27.2,0.9143592322731202
S2,42.0,39.6,88.2,176.47,8.1,110.0,67.3,69.7,2.240628468616248
S1,32.3,36.8,76.9,170.81,106.7,97.9,77.9,86.3,-1.0879260064107221
S1,48.2,36.5,64.4,176.66,112.5,160.5,98.6,84.3,0.476265237353397
S4,52.3,98.5,145.7,170.67,117.3,101.1,60.1,59.7,-1.2522218171672357
S2,69.0,38.5,86.5,169.52,4.5,124.6,89.3,93.6,1.0916060899025688
S1,28.0,36.5,78.1,175.06,127.5,127.3,73.5,76.1,-0.23785278384893374
S1,70.7,37.1,95.3,192.0,97.7,123.3,64.2,66.2,0.12096214869891608
S2,25.8,36.9,104.2,179.53,7.2,103.7,81.9,58.0,-2.168126782919644
S1,27.8,37.3,76.2,156.84,81.3,128.2,83.4,70.5,-0.8633317366452806
S4,70.5,97.8,186.7,164.24,85.2,124.2,77.0,76.2,0.2185303239176467
S1,70.0,36.6,66.1,177.11,126.6,130.7,70.7,86.8,0.32980987937179396
S1,64.3,37.1,98.8,174.01,66.9,155.3,87.5,56.4,1.3364269704575338
S2,61.3,36.8,76.0,169.28,4.5,138.4,78.8,73.4,0.4399816443492146
S4,72.9,100.8,187.5,168.52,149.2,129.0,77.3,98.1,2.651047501678072
S3,42.5,36.8,53.1,152.29,127.9,75.7,113.5,49.3,-1.1499807439422907
S2,90.8,36.9,53.4,163.89,5.6,142.8,76.1,88.1,1.1958959434467182
S1,55.3,36.2,106.2,184.7,71.9,133.4,77.9,91.1,1.0504728037501405
S1,43.4,37.0,70.0,167.11,73.9,119.9,77.5,84.2,-1.505978100138233
S1,51.3,36.4,73.4,154.79,127.9,121.2,73.7,72.3,0.6460017510808258
S4,44.0,99.7,239.7,174.96,154.0,147.9,96.2,94.2,3.704257685474317
S4,50.9,101.1,168.9,174.59,173.0,134.3,80.5,78.7,1.4271689536347636
S3,49.1,36.8,66.5,160.64,101.6,83.9,109.9,35.2,-0.9204524623285214
S4,79.9,99.8,201.7,168.26,155.3,153.7,96.6,101.3,3.806047527599469
S1,46.4,36.4,71.4,165.42,87.5,136.4,88.9,81.1,-0.6661914007019631
S1,33.4,37.7,51.0,168.89,105.9,121.6,83.2,82.8,-1.5975758883236113
S2,56.1,36.9,97.1,173.36,6.2,112.7,64.4,67.3,1.1101406397824607
S5,39.2,37.2,63.7,1.64,101.9,125.6,84.9,91.4,-0.5214887620897456
S2,49.1,36.8,76.0,166.69,6.5,137.1,83.6,75.0,0.6331030173120494
S2,67.8,36.1,89.4,179.75,8.6,148.5,97.0,69.2,1.7342909024466646
S1,18.0,38.6,79.8,156.34,81.5,108.5,81.8,119.0,0.6720893105970772
S1,53.7,37.3,71.7,167.94,129.0,115.7,74.2,63.2,-0.5686946327632239
S3,51.8,36.5,63.3,177.33,109.5,63.8,109.3,33.4,0.0866380651480585
S1,38.3,37.1,51.7,161.76,82.1,100.3,66.7,71.6,-1.7779491663237443
S1,62.0,38.3,105.2,164.02,76.7,125.5,70.6,78.8,2.5169078022777827
S2,64.3,36.6,69.8,183.9,6.1,116.1,79.9,64.1,-0.11843429176033538
S1,40.7,36.7,83.5,177.95,112.8,131.0,87.2,72.5,-0.4915717957922656
S2,74.8,37.0,89.1,163.42,5.8,120.1,75.4,82.0,1.7500915547327125
S1,46.7,37.3,79.3,159.13,69.3,148.9,94.7,70.7,0.6101157903131027
S1,45.3,39.5,86.5,177.73,119.1,135.8,88.2,92.8,1.7237360164195379
S4,80.9,100.5,150.8,173.05,143.7,149.7,87.2,61.0,2.1395238827842653
S4,71.5,98.4,278.4,177.65,110.4,153.9,86.5,68.9,2.667372745162556
S3,47.9,36.7,66.3,176.41,105.1,71.8,118.8,39.6,-0.5587080361160937
S4,92.9,101.1,204.9,166.82,183.1,171.4,101.2,122.5,7.000848484908289
S3,50.1,37.0,82.4,177.93,105.7,83.5,123.2,36.8,-0.8216768511446066
S2,54.1,36.5,88.5,187.67,7.2,140.9,87.5,76.4,-0.3523647970639008
S1,32.4,38.2,89.7,180.31,115.3,96.1,76.1,73.3,-0.3285417544993001
S1,38.6,36.8,74.5,163.16,87.9,123.2,69.0,82.9,-0.36998550608835146
S1,37.4,36.4,78.8,170.39,99.6,124.1,76.3,60.0,-0.9642023584571736
S2,70.2,37.7,67.4,168.82,4.9,138.6,82.9,89.6,0.6582844766336471
S1,56.1,36.6,80.3,165.99,92.1,108.6,76.9,59.9,-1.0577323998172186
S5,45.3,38.8,59.1,1.5,140.7,121.7,70.7,91.5,0.9536409403813095
S1,50.7,36.6,99.6,187.03,88.8,127.3,75.7,105.2,0.7174785656783067
S4,90.5,96.9,189.4,163.76,159.3,165.9,110.6,82.1,3.910468480905402
S5,45.9,36.8,55.7,1.7,91.0,154.1,89.2,68.2,-0.19402275833956195
S2,25.0,36.7,92.9,165.72,5.8,112.5,78.3,76.8,-0.9891824780182595
S3,66.1,36.6,90.8,183.14,80.4,72.0,121.7,32.5,-0.18317599944813903
S2,75.0,37.0,72.2,156.35,5.0,122.6,80.2,71.6,0.9918849033542162
S3,50.4,37.1,75.3,168.59,97.1,81.3,117.5,49.6,-0.5281499248883641
S3,53.3,36.4,63.3,166.14,99.2,67.9,115.0,40.1,-0.07992048880544989
S2,52.9,36.9,74.1,170.73,8.3,120.2,82.4,83.2,-0.5824154804549954
S1,52.8,36.9,72.2,175.83,98.8,122.8,74.4,92.0,0.20034165288328518
S2,55.9,36.9,59.8,160.05,7.1,129.2,82.7,56.6,-0.0269844296912522
S4,72.6,98.2,177.9,170.11,87.8,129.5,76.3,79.9,1.5783740880874544
S1,21.5,36.5,66.3,162.38,124.1,128.5,77.1,82.4,-0.4972129987339249
S3,41.0,36.7,84.2,172.48,111.0,74.1,101.5,36.3,-1.2348424919569467
S5,18.0,36.4,81.5,1.74,129.2,119.9,85.7,70.1,-1.6407353201643
S2,66.8,38.5,78.8,182.75,6.4,105.1,64.9,75.2,1.124194197885397
S1,29.6,36.8,75.5,165.19,96.7,127.3,79.8,66.1,-0.9203976770367392
S4,76.0,98.1,194.3,175.35,100.7,132.6,77.5,84.2,1.948006458893052
S1,64.1,36.8,83.9,181.55,116.3,97.9,57.8,78.6,0.07867632475007262
S3,63.8,36.6,51.1,153.86,110.8,77.8,143.8,32.8,1.0085837209264106
S2,62.4,37.2,66.4,157.08,6.2,141.0,86.2,70.0,0.047451756634055764
S1,54.2,36.1,99.8,181.77,127.9,115.6,71.0,71.0,1.1325819825614987
S1,54.4,36.8,63.9,184.84,94.1,135.1,75.9,96.9,0.24702766157259207
S2,63.1,36.7,60.6,161.04,4.4,142.5,76.9,75.0,1.2734401451014778
S1,80.9,37.0,59.1,153.12,88.7,149.2,82.1,81.2,2.1137409330209183
S1,54.0,36.2,67.8,153.34,69.8,144.1,79.4,78.5,0.7281428011008628
S1,51.3,37.5,70.8,155.07,79.4,114.9,73.8,88.2,-0.9360212198944183
S3,18.0,37.8,93.5,176.83,69.2,73.9,117.7,50.4,-1.1486844257962683
S3,65.8,37.2,50.5,166.89,73.1,80.6,139.3,34.3,-0.446536347995112
S1,46.7,37.0,84.1,180.35,151.6,134.9,77.1,67.3,0.16347812074117873
S3,51.7,36.8,111.1,183.86,109.4,75.3,132.0,33.7,0.547435876316696
S1,47.0,36.5,67.0,172.94,99.1,128.9,85.5,74.9,-1.0119067335718586
S1,53.5,36.7,68.8,160.81,58.9,134.9,61.6,66.4,0.13003396417334245
S4,68.9,98.3,160.7,161.45,118.3,130.0,83.4,72.4,0.24610256756927862
S5,62.6,36.8,68.3,1.66,73.5,147.1,92.6,82.1,1.0928611431717083
S2,61.6,37.5,66.8,173.59,9.4,136.7,85.3,83.1,1.2522197238924193
S2,70.7,36.8,59.3,162.0,6.7,144.6,84.7,79.7,1.6545907946067788
S1,57.2,36.5,74.9,156.86,84.1,124.7,80.1,74.9,0.4394922360057737
S2,40.8,36.7,93.7,177.54,8.1,135.1,89.2,61.6,0.4005452098945272
S1,50.9,36.5,68.1,167.43,93.6,106.4,66.8,53.1,-1.3700718635269786
S1,54.1,36.6,74.6,172.6,151.2,108.7,67.4,57.9,-0.2784961590658779
S1,66.7,36.7,97.0,177.36,142.5,147.0,89.6,80.3,2.042390166029545
S1,46.3,38.3,101.4,172.53,109.7,142.4,86.1,87.1,2.0274768240035956
S4,59.2,98.6,188.9,165.56,123.4,142.2,85.4,72.0,1.1764112186067548
S3,18.0,37.1,60.3,160.6,93.2,66.4,104.5,45.8,-1.792815692786872
S1,33.1,38.2,93.8,172.64,164.6,117.8,70.3,88.6,1.6877278840874865
S1,59.0,36.4,81.5,186.46,115.3,136.0,89.2,95.4,-0.3379431484298092
S5,34.2,37.2,70.6,1.62,89.6,107.8,63.3,64.8,-0.6898995810880912
S2,69.3,36.7,105.0,178.94,7.5,130.8,83.7,85.2,1.2070053336395232
S1,70.2,36.6,59.2,171.93,108.2,133.1,68.6,82.6,0.201308611271397
S3,53.8,37.0,84.3,177.86,104.3,73.6,145.0,35.1,1.3900390756192529
S1,18.8,36.7,101.5,177.45,141.6,119.4,61.1,68.1,0.11368173086089754
S4,74.6,102.2,207.4,166.14,132.7,148.3,94.2,83.8,3.2902333373394406
S1,50.2,36.6,75.0,154.39,85.7,124.4,86.6,84.8,-0.06648031429295863
S3,27.4,36.4,69.0,171.15,88.3,69.6,111.3,38.2,-2.275676376335571
S2,56.3,36.8,91.8,168.85,9.0,107.0,75.9,89.1,1.9262050309729897
S1,26.7,37.1,73.7,178.11,101.4,98.5,78.5,75.5,-1.9847177357136012
S2,75.4,36.9,71.0,175.33,4.6,142.4,71.7,85.6,1.1295758364438526
S4,65.4,98.0,239.9,182.0,117.2,134.7,74.2,75.0,1.5251171276462347
S1,51.6,37.5,67.6,171.84,119.3,107.4,63.5,66.2,-0.09555163408957335
S3,52.9,36.8,65.7,152.66,172.2,89.7,127.6,31.8,0.10424304408488612
S4,47.9,103.4,112.7,165.39,143.8,123.7,79.5,71.4,1.9889258326200827
S2,85.9,37.0,72.9,156.31,6.1,147.4,86.4,63.6,1.9049620137994354
S4,47.1,99.9,255.6,191.58,129.2,132.2,80.9,92.8,1.5630497361773275
S3,53.7,36.3,82.3,185.63,99.0,57.1,101.8,40.9,-0.5500672210338382
S1,49.2,38.6,72.4,167.22,103.0,132.0,72.2,94.4,1.6403494893453665
S2,50.9,36.4,78.7,164.26,8.3,152.3,93.5,56.9,0.9275128210869301
S3,53.7,36.4,116.7,178.27,88.3,71.8,118.0,37.9,0.7406949094510783
S1,54.6,37.0,86.3,178.8,78.9,130.7,90.7,58.1,-1.1183969733418293
S3,42.5,36.8,72.0,174.83,98.4,85.7,122.6,31.1,-1.1725250389931023
S5,34.6,36.6,96.6,1.69,50.0,117.5,76.7,59.0,-1.5986551220566436
S1,38.7,36.5,79.0,166.14,108.4,96.5,66.9,66.2,-1.6473264650016322
S3,37.2,36.8,81.4,174.2,56.3,86.9,132.0,36.8,-1.1725349852413627
S1,62.9,36.8,60.1,163.11,120.4,140.7,82.1,80.1,0.7165684634798083
S2,69.3,38.8,81.6,177.24,9.1,130.3,71.8,92.2,3.301452638948288
S1,69.8,36.3,96.9,176.62,88.0,154.5,82.5,82.6,1.3635183040787395
S2,57.2,37.8,89.6,169.0,5.2,144.9,75.4,73.8,1.785815124681171
S1,58.9,37.0,50.1,182.8,106.2,145.8,80.0,66.0,-0.5448327965745778
S5,44.0,36.3,78.2,1.71,82.3,135.9,74.9,76.4,0.3496920978661885
S5,36.6,36.5,70.4,1.55,60.3,116.9,66.8,62.7,-1.093478367835771
S1,61.7,36.6,53.6,165.33,128.6,126.7,82.4,65.1,-0.5635705148690281
S1,56.7,36.8,73.1,181.99,95.8,150.6,92.4,65.4,-0.2269556450448819
S3,35.1,36.4,78.0,172.19,87.4,86.5,111.1,31.8,-2.0198222922015487
S5,36.4,36.5,55.4,1.62,89.5,117.5,75.8,74.3,-1.5034419026485577
S2,81.3,36.7,76.6,163.2,5.2,137.0,78.1,100.5,2.0289704376473137
S4,87.1,97.6,174.0,165.71,174.7,168.2,90.1,44.8,2.5511534341331754
S2,89.4,37.3,62.8,149.41,5.3,123.0,83.2,94.0,0.5622425808677669
S2,53.2,36.8,70.0,159.57,7.3,100.7,63.7,65.4,0.5812503925733636
S4,54.3,101.6,175.3,170.52,108.6,132.5,81.0,91.0,1.1358827759918562
S3,45.5,36.5,61.1,175.37,145.7,88.3,123.4,43.2,-0.24263404053060011
S1,60.7,37.1,61.2,175.25,109.9,144.1,91.3,65.8,-0.07992391727566672
S1,23.1,37.1,49.7,176.15,91.3,109.2,84.3,66.1,-3.106035823408026
S1,66.3,37.1,69.8,171.52,117.0,148.7,93.6,88.1,0.9381302763038332
S4,62.3,98.6,186.7,166.67,87.3,143.7,83.4,92.5,1.4593572351965067
S2,54.4,38.2,111.1,187.87,6.9,128.9,90.0,72.2,1.3713273482070454
S1,48.5,37.0,82.5,171.21,112.4,123.3,85.6,70.3,-0.44044125665020945
S1,41.3,36.6,66.0,172.89,132.9,126.4,71.4,75.8,0.008862076607918462
S2,59.5,36.3,87.7,173.55,6.2,116.2,76.7,91.3,0.2603153679834567
S4,43.6,98.6,221.0,166.43,95.8,150.4,94.3,103.2,1.570881669014681
S2,46.0,37.9,72.4,169.87,6.8,120.4,81.3,109.5,0.2960968693568252
S1,76.7,36.9,80.4,173.16,95.6,129.6,82.0,69.4,0.43780979085032756
S3,49.1,36.6,58.3,147.06,123.8,94.4,132.0,43.7,-0.047803201270397645
S3,62.7,36.6,63.1,168.5,82.5,89.2,139.1,33.3,-0.19948816855716112
S1,66.6,36.8,63.4,153.87,89.7,135.6,83.9,74.3,0.507309567895804
S1,65.8,37.0,71.4,167.88,95.9,125.1,74.3,78.9,0.0516915229888707
S3,70.2,37.0,55.6,169.53,98.9,87.8,135.6,45.5,0.07170645725103242
S3,40.9,36.4,64.0,148.42,137.8,73.6,121.6,45.3,0.9526802083970569
S3,63.4,36.8,58.6,184.8,123.0,83.3,139.5,23.0,-0.5419726189004754
S2,62.3,38.5,84.5,161.5,7.3,131.7,78.7,90.0,3.282496619699559
S2,49.7,36.7,86.7,188.54,6.7,118.0,73.6,67.5,-0.8753646599831495
S1,58.3,38.3,78.9,167.23,103.2,128.7,75.2,74.7,1.658350262524956
S2,67.1,38.4,77.6,164.85,6.7,106.4,68.1,66.7,1.264082373673891
S3,24.0,36.7,78.6,179.7,81.7,63.7,96.2,27.1,-2.5173974022980508
S2,66.5,36.9,84.4,169.8,7.0,133.9,86.4,64.5,1.0080497100849606
S2,70.4,38.5,110.4,165.37,10.8,133.1,89.1,98.2,5.930911930525006
S4,55.0,99.1,153.8,171.72,144.9,132.2,80.2,62.4,-0.1501558750499159
S1,65.3,36.7,75.8,178.4,188.9,133.8,81.6,56.6,0.3783430321244181
S4,45.3,99.7,175.0,166.81,119.5,133.0,86.1,76.8,0.36172266432891265
S2,85.8,36.6,94.8,169.04,10.2,121.8,74.8,75.3,2.8788149667659058
S1,54.3,36.8,68.1,177.38,65.3,133.7,78.2,93.3,-0.37046850345268717
S2,27.5,36.7,77.6,170.1,10.3,112.8,81.2,67.5,0.10788061319703501
S1,40.4,37.1,98.0,186.99,122.1,106.8,71.4,100.9,0.014001413470208147
S4,73.9,99.2,173.9,162.85,105.6,150.3,86.7,61.5,1.8118303061620127
S1,57.5,38.7,65.9,167.04,101.3,139.9,85.2,82.5,0.8948076762892594
S1,36.5,36.5,75.2,163.56,135.4,129.4,73.1,83.0,0.4817746343195906
S2,53.8,36.9,92.8,165.34,8.9,136.3,72.9,80.1,2.81727023086966
S3,38.8,37.0,74.9,161.58,99.7,62.1,84.8,37.4,-0.7225095694650908
S1,61.8,37.0,71.5,167.6,63.1,141.6,89.3,80.6,0.31379324194694014
S5,18.0,36.8,104.0,1.89,137.8,127.5,81.3,81.7,-0.7452183560167132
S2,45.6,38.9,122.4,181.32,5.3,108.4,62.9,88.5,2.87132909473921
S2,52.0,36.7,103.0,173.98,10.9,111.9,91.9,76.4,1.953742622675476
S2,51.3,36.9,80.0,161.06,9.4,120.9,72.1,51.4,0.7276340398700814
S2,58.5,37.3,59.4,167.98,5.9,134.3,89.2,92.2,-0.11036678142007587
S1,51.8,36.7,60.0,157.47,96.6,102.3,74.0,55.8,-1.7683373920413794
S3,44.8,38.8,90.6,163.91,73.9,80.3,124.8,42.6,1.5465427175983752
S1,28.0,37.2,89.2,175.45,127.3,94.9,54.7,97.2,-1.0364900235026573
S1,61.9,36.5,71.4,178.06,126.5,100.9,80.0,78.7,-1.2184684481708168
S3,44.7,36.7,70.0,161.72,102.6,88.4,133.8,41.9,0.010404337486913162
S3,57.1,36.5,95.1,179.24,90.4,88.5,142.7,43.0,1.8576202730147935
S2,63.5,36.8,81.8,177.64,7.8,97.1,58.9,68.9,-0.032501716904617034
S3,48.3,36.9,69.7,172.21,101.4,79.2,112.0,47.5,-1.1874836375572615
S1,37.3,37.0,104.1,182.14,111.1,103.9,69.6,83.6,-0.5991287824255578
S2,73.2,37.2,63.8,164.84,6.6,127.1,67.6,88.7,1.915731310477904
S1,62.4,36.4,60.8,169.95,98.6,115.8,69.7,61.5,-0.25346334507196255
S2,43.4,38.3,91.3,179.68,6.2,110.9,88.4,73.8,-0.46324911931939006
S3,41.6,36.9,92.3,173.35,107.9,82.8,119.1,41.7,-0.2907471275942873
S2,59.7,36.5,92.1,173.79,9.1,119.0,78.5,86.5,1.4839576743692684
S1,64.5,36.8,37.5,151.99,128.8,115.3,80.8,94.2,-0.029570758130854136
S2,52.8,36.8,93.2,170.19,9.3,123.9,72.1,82.2,2.3847150370549826
S3,51.8,37.9,81.4,172.15,78.1,76.5,124.0,48.8,0.4227612324213031
S1,74.7,37.2,58.7,154.4,101.5,119.5,71.8,60.1,0.8147675705743009
S3,38.7,36.8,78.9,181.25,127.4,74.0,128.3,40.7,0.2793459219398501
S1,68.6,36.4,69.5,174.76,114.2,145.4,94.4,99.5,0.7611345629178519
S4,55.0,101.7,183.5,172.15,123.2,120.8,83.4,65.9,1.1606444490767107
S3,61.0,36.6,99.5,188.53,128.8,93.4,154.1,37.6,1.405645010125597
S1,42.3,37.1,61.2,181.1,107.1,132.4,76.7,90.5,-0.3024053134947038
S1,43.4,37.3,81.3,162.54,150.6,111.8,78.4,74.2,-0.5129565260695088
S4,61.7,101.1,235.2,175.88,101.8,123.6,71.5,98.4,2.4547921516941136
S3,18.0,39.1,67.0,169.43,114.3,74.5,110.4,45.4,-0.01470847693913259
S1,53.2,36.7,49.6,167.68,99.1,133.0,78.7,63.4,-0.9568365830974024
S1,30.3,36.9,70.8,174.12,105.9,100.4,69.1,86.9,-2.183572283284593
S3,33.8,36.3,95.8,173.7,90.3,83.1,116.1,42.6,-1.3051723323955535
S2,50.3,37.0,97.0,170.47,6.7,119.4,72.9,31.9,0.11363175348355192
S4,45.6,98.8,167.1,167.91,151.2,134.5,83.7,84.4,1.5899710866692132
S3,72.5,38.2,67.0,188.26,91.8,88.0,128.3,39.3,0.31316644836319335
S1,59.2,36.5,81.3,166.34,86.8,155.3,87.3,75.8,0.4538163493595678
S2,93.0,36.6,85.6,176.67,5.6,152.6,94.3,64.7,1.1813319062806404
S1,47.9,36.6,82.8,176.78,117.5,141.7,88.1,62.2,-0.9507063746976188
S1,42.3,37.2,52.5,162.74,139.8,98.2,75.5,61.3,-1.7897873295030167
S2,78.7,39.1,86.2,165.84,7.8,122.6,52.3,98.5,4.583280541163068
S4,66.6,102.3,188.1,164.99,122.3,140.7,92.4,107.3,3.6299924924402784
S4,44.1,102.9,201.6,177.03,121.7,94.0,61.6,84.4,2.383881729508958
S1,29.7,39.4,58.6,161.73,128.8,94.8,74.1,108.5,1.3285238749462245
S1,56.3,36.8,55.8,158.92,128.2,125.2,81.4,78.1,-0.05311108511080484
S2,86.4,36.4,90.0,177.57,7.3,118.2,77.5,85.0,1.4643339477754176
S1,43.0,36.6,74.1,177.1,152.2,86.6,66.6,55.9,-1.83441692843906
S4,62.2,98.7,196.8,158.77,112.3,121.4,70.8,79.7,1.3089139225493889
S1,48.3,37.1,58.2,178.43,115.7,118.2,71.5,96.4,-0.6576760970466355
S1,68.0,36.7,77.2,172.06,89.1,148.9,92.3,70.3,0.5327295241986937
S3,35.3,36.4,66.8,171.26,113.5,75.0,131.3,34.9,0.15558663230417813
S1,37.9,38.1,59.9,154.27,142.0,127.1,72.4,83.5,1.3802499829163581
S2,39.0,37.1,86.2,183.92,6.5,120.0,77.6,84.7,-0.8158724374080686
S2,55.0,37.3,82.4,175.73,4.8,121.7,82.3,77.1,-0.9132894229354429
S3,61.2,38.4,94.9,184.88,114.8,87.3,132.6,42.3,1.0924568536665729
S1,48.4,37.0,99.2,167.14,133.1,116.7,73.7,73.8,0.07462332674327665
S1,57.8,36.6,71.1,171.07,144.8,113.9,74.6,82.2,0.08768007595803246
S1,38.6,36.8,85.4,161.1,88.3,125.0,81.0,86.3,-1.0268983239076235
S2,57.9,36.7,67.9,182.26,7.1,151.0,94.9,46.7,-0.646389650215486
S3,60.7,37.9,63.2,162.96,154.3,100.3,144.4,56.1,1.0602936938632175
S4,58.0,97.4,186.3,172.25,94.7,108.5,76.0,64.2,-0.78193745415162
S1,95.0,37.3,56.2,157.86,118.1,149.7,81.1,79.8,1.1744954512296102
S2,24.1,39.0,65.2,162.34,7.0,96.0,68.6,77.0,0.09779382471730555
S2,82.3,36.3,64.2,169.16,13.0,160.8,92.9,75.3,3.949373691868421
S1,72.0,37.7,59.1,171.2,76.3,164.9,93.0,71.3,0.7200791517435097
S1,54.6,36.7,64.8,178.97,88.0,149.4,86.0,67.1,-0.590838225926101
S4,81.1,98.2,134.1,155.11,175.7,147.7,74.5,82.9,2.7128501361375834
S2,42.0,37.1,90.2,181.18,9.2,122.0,73.7,72.4,0.6976442576649681
S3,27.1,36.8,69.8,161.91,111.5,70.4,117.1,34.5,-1.3719381892276101
S2,67.4,36.7,65.0,165.35,8.1,147.5,84.3,86.2,1.3666186788381647
S4,36.5,98.5,187.3,163.1,153.5,114.7,70.3,72.5,-0.029979548894307873
S2,60.9,36.2,93.9,173.62,6.1,145.6,83.3,73.4,1.2755386060508576
S2,57.1,37.0,95.3,178.98,8.5,109.4,63.8,62.9,1.0064869555810785
S5,43.0,36.6,58.2,1.64,64.2,108.3,88.3,82.8,-1.9741648289350338
S2,75.0,37.2,75.0,166.27,7.5,128.6,70.7,73.6,1.6288780234118294
S2,70.6,36.8,100.7,182.73,6.6,151.9,87.8,75.4,1.8594833870760772
S2,58.8,37.0,115.3,172.89,7.4,105.0,74.7,86.0,1.2824135871036793
S1,49.9,36.6,47.1,168.5,85.0,134.2,96.3,94.9,-1.4628005604091434
S1,55.7,36.8,47.4,163.17,141.5,114.8,83.3,42.7,-2.1576666306652577
S1,62.7,36.4,87.3,174.32,104.0,117.7,82.8,87.2,-0.20849837974258884
S1,36.1,36.9,56.3,165.12,104.1,119.9,66.2,86.8,-0.014513845612881493
S1,49.7,36.6,82.6,170.3,87.8,117.6,66.5,70.1,-0.4325597905558405
S4,58.0,97.2,137.6,164.49,153.9,120.0,78.8,77.4,-0.06210299375574228
S1,57.9,36.8,87.5,167.61,95.8,122.1,81.3,65.9,-0.27847000669945765
S1,58.2,36.7,71.2,164.04,107.2,135.5,85.5,84.9,0.12527671664016765
S3,66.7,38.4,67.4,181.04,84.7,69.6,107.6,44.6,-0.22849580092193333
S1,40.7,36.8,75.9,164.74,140.8,116.7,67.2,79.5,0.4139978523561286
S2,56.5,36.3,70.7,171.02,4.7,126.6,72.5,63.2,-0.4825220394546631
S1,51.1,36.6,70.3,158.42,89.9,126.5,98.4,74.3,-0.3627722067022329
S5,50.6,36.3,78.0,1.89,104.2,151.5,83.4,64.9,0.42562618237466726
S1,47.2,37.5,65.2,164.99,103.5,107.6,69.6,105.3,-1.1615489275841355
S2,71.6,36.4,84.2,160.63,4.8,136.2,70.2,80.4,1.4084700848343503
S1,64.0,36.7,86.2,174.88,136.5,115.9,73.8,76.8,0.04639872527662747
S1,54.2,37.0,91.4,161.62,160.9,115.5,70.1,67.1,2.583465023065373
S3,53.4,36.7,81.4,167.45,73.8,79.4,128.2,32.8,-0.632372447841032
S4,73.1,97.1,185.2,167.6,139.5,136.6,77.8,73.3,1.8237658231556522
S1,66.4,36.6,49.6,158.28,139.0,115.3,75.2,63.5,-0.9884140855383239
S1,54.7,38.8,107.3,182.3,94.4,114.5,67.9,94.1,2.3820200518580137
S2,71.0,38.4,72.0,174.99,6.2,147.7,95.8,100.2,2.210208105336444
S2,60.6,36.8,82.7,168.87,6.3,149.5,78.8,68.7,2.1429975011054463
S5,28.3,37.8,85.0,1.67,108.4,108.4,70.3,0.0,-0.7201977973145182
S4,63.0,98.2,192.7,185.01,135.0,139.0,84.0,77.1,1.4654098571429617
S4,37.6,97.2,131.1,162.22,163.2,110.1,70.6,57.4,-1.5891533251113927
S2,70.0,39.6,52.2,160.11,5.9,125.9,87.0,83.4,2.863735640781492
S3,48.2,37.7,77.9,168.52,87.3,83.0,113.1,36.0,-0.6900619139902942
S4,71.9,98.3,221.2,164.68,140.3,140.1,83.6,50.7,1.9795217301178574
S1,59.1,38.7,58.8,155.37,101.8,124.3,76.1,79.5,1.0535920263118908
S2,48.3,36.9,60.0,156.71,10.0,130.3,78.7,74.9,0.6059030883039258
S2,47.7,36.7,85.0,165.89,12.9,114.3,77.0,83.1,1.512747960861344
S4,61.7,98.2,209.6,178.85,109.5,123.8,79.9,58.9,-0.13525389649040587
S4,66.2,102.0,202.3,165.44,193.4,139.1,77.7,88.7,5.073952108490823
S4,58.7,98.1,158.6,160.41,180.5,111.5,69.9,76.6,0.6650726409576411
S4,79.9,98.7,223.7,171.88,122.6,124.2,75.9,80.2,1.4644572597977645
S4,69.4,97.5,228.0,176.44,147.5,140.5,71.0,65.1,2.4585181738947663
S1,60.2,36.7,62.4,161.36,67.4,149.2,83.5,65.4,-1.4134923163518254
S2,76.6,38.3,64.0,169.92,6.8,109.4,66.4,93.3,1.3039405193378801
S1,22.0,37.1,70.9,174.13,116.1,99.1,60.7,71.0,-1.633967239253145
S5,18.0,36.8,92.5,1.77,93.8,124.5,79.8,72.6,-1.3005737613065071
S3,36.9,37.1,86.6,169.5,137.5,69.6,89.6,39.2,-0.271117336122808
S1,63.8,37.3,60.6,161.08,101.7,145.9,85.3,82.9,2.0681431135047457
S1,23.0,36.6,70.6,186.16,80.5,116.1,78.2,48.2,-3.253116719721742
S1,42.7,36.6,54.8,164.68,117.0,113.3,78.5,69.4,-1.389142756985485
S1,56.5,37.2,68.6,155.84,92.5,125.0,79.3,69.5,0.4733934864083722
S1,54.4,36.4,81.1,165.49,120.6,107.6,64.1,82.3,0.38743165141200214
S4,71.9,98.0,228.2,175.17,121.6,121.3,78.2,95.6,1.7618387617251745
S3,33.5,37.0,52.1,161.07,109.7,77.8,127.8,27.5,-1.7609455639798866
S4,80.1,101.1,122.7,164.34,181.7,124.0,89.6,88.6,1.1482457090540859
S2,63.3,37.0,71.5,158.03,7.6,147.8,89.3,84.1,1.8534965058765829
S1,52.3,36.3,63.3,161.85,114.5,100.4,64.6,67.7,-1.572688764511022
S2,67.8,39.5,89.0,172.44,4.6,127.0,80.7,102.4,3.119076498981446
S1,54.6,38.4,81.1,174.47,112.7,138.4,85.5,63.2,1.328950493409582
S3,41.8,36.7,57.7,171.73,84.7,80.6,140.0,34.8,-0.8258950801598252
S1,24.4,37.1,84.3,179.54,99.2,108.7,71.9,81.0,-2.3713157492752037
S1,44.7,36.8,79.2,181.08,90.6,118.2,74.4,67.6,-1.2294856574844033
S1,39.7,37.1,65.8,171.6,148.3,134.7,80.7,72.0,-0.5034537022139736
S1,52.6,37.1,52.2,172.7,138.1,121.5,66.5,72.2,-0.9012127538504962
S3,44.5,36.8,68.5,167.85,96.3,65.4,120.7,43.6,0.1636487271722149
S1,39.5,36.2,66.8,160.84,69.7,133.4,84.0,96.8,0.6375712564129263
S3,51.2,36.7,79.4,159.24,73.2,71.3,115.3,37.6,-0.07450721978039704
S1,35.0,38.7,91.3,170.84,108.9,139.3,74.5,101.8,3.050280341137345
S4,81.5,101.3,215.4,167.9,140.1,159.9,91.3,97.8,4.764181253093679
S1,63.1,36.8,60.1,160.86,98.3,123.5,74.3,78.9,0.21900234145235536
S1,71.9,36.5,64.9,162.08,85.0,143.1,94.4,67.2,0.9742181287427434
S1,57.9,37.3,83.3,169.0,165.2,122.2,79.2,79.7,1.4368338921118917
S1,33.4,39.0,84.8,169.14,93.4,130.8,88.7,91.4,0.9741302281621864
S5,42.5,37.2,53.1,1.6,75.0,145.4,91.2,62.0,-1.0909736018155196
S1,46.8,39.1,64.8,157.66,81.5,125.8,88.0,94.5,1.3581942792350103
S1,47.1,36.9,69.4,172.32,105.7,119.0,78.2,88.8,-0.6518414358545961
S1,59.6,37.0,64.1,159.68,222.7,126.2,73.3,73.2,1.6916202868734818
S5,23.6,37.1,85.0,1.8,87.6,113.7,83.8,76.6,-1.009923214362217
S1,72.9,36.9,91.8,171.19,64.9,140.7,80.2,47.6,1.1794005683104443
S2,68.0,36.9,72.0,169.47,7.3,126.3,78.5,55.6,0.05068830843339728
S1,48.8,37.3,72.0,173.13,77.8,132.8,94.5,76.4,-0.6964421038843824
S1,58.5,36.7,90.9,174.19,88.2,111.9,73.9,82.2,-0.3024072444591125
S1,66.6,36.8,71.4,182.53,135.0,124.6,84.6,75.6,0.3459040897482978
S1,38.7,37.1,66.8,168.11,129.9,122.5,75.4,71.6,-0.32204521106417755
S2,43.8,36.9,73.2,171.04,7.1,129.5,81.9,55.3,-1.1559155319499785
S1,54.3,36.8,82.3,166.21,152.7,117.8,64.7,67.8,1.7042882304246578
S1,56.3,36.9,78.9,171.0,165.6,140.7,84.0,72.1,1.960644481414492
S1,68.2,36.2,79.4,159.54,109.3,130.7,81.6,84.2,1.9743976881311833
S1,48.1,36.8,109.4,179.97,106.7,141.3,82.2,79.0,1.8695792904596495
S2,45.9,36.9,74.5,171.48,7.1,105.4,76.1,76.3,-0.8196319227904006
S1,70.5,37.2,82.2,181.67,55.3,138.8,86.1,54.0,-0.13712662932032182
S1,34.5,37.0,103.1,181.81,131.3,112.2,69.4,77.6,0.2947561401844671
S1,47.9,37.9,80.2,180.12,109.3,135.4,84.2,87.5,0.8956145912132516
S3,81.8,36.5,90.5,179.15,111.1,100.8,161.4,41.6,2.34011663937071
S1,34.8,37.1,100.1,179.22,94.4,105.9,73.6,79.9,-0.62940201979787
S1,35.6,36.9,60.0,177.81,91.3,109.8,79.8,73.8,-1.697720955180328
S1,70.7,36.9,36.5,156.03,75.6,115.5,66.1,96.6,-0.14737638080901747
S3,39.3,38.3,69.0,159.33,72.0,83.3,103.3,40.7,-1.3281509240784644
S3,63.8,36.6,64.5,160.32,99.2,63.6,110.4,38.3,0.541969804191429
S1,41.8,39.6,79.6,170.62,209.4,112.3,71.9,83.8,3.128807249536575
S1,38.2,38.0,45.1,156.91,166.2,116.6,75.8,87.5,-0.7642080690513406
S5,42.1,36.9,86.2,1.76,119.3,124.7,81.8,0.0,-0.1398433942982911
S2,61.2,36.9,90.4,152.34,7.4,114.4,71.6,77.5,1.2571934793934192
S2,69.8,36.5,84.8,167.36,10.5,139.4,85.0,70.9,1.620338085191433
S2,40.9,36.9,117.6,187.0,8.4,110.8,72.3,64.2,1.4722273335003613
S1,26.9,37.4,86.3,174.1,168.8,114.6,71.4,75.7,0.27882677457184185
S3,40.6,38.2,94.9,177.13,106.6,90.1,123.3,39.5,-0.3615654983635218
S1,47.3,37.1,94.7,178.07,82.3,117.2,70.3,59.4,-0.08898313644363665
S4,21.4,98.4,258.2,176.72,151.2,95.0,62.6,80.0,0.8757836794692659
S3,18.0,37.5,108.8,191.44,115.5,82.9,107.3,51.8,-0.3271947632694371
S5,18.0,37.0,54.7,1.68,97.5,111.2,61.3,0.0,-1.5372776971812443
S4,36.0,98.1,214.0,165.56,120.6,97.9,72.3,77.0,0.07270486034974188
S1,63.2,38.2,64.8,174.96,164.0,156.2,94.4,87.1,2.4479975126074356
S2,65.7,36.6,66.5,168.2,10.2,139.1,78.3,67.6,1.3499069105664168
S1,52.3,35.9,63.7,161.11,94.4,113.8,64.4,85.5,-0.5633293405425174
S3,37.6,36.5,62.7,167.31,137.5,77.8,118.2,34.5,-0.8242701528291745
S3,42.9,36.7,90.7,176.93,67.8,48.7,94.8,30.8,-1.1064804303161826
S3,40.0,36.8,68.9,168.66,74.6,77.0,127.6,46.8,-0.6744168587479568
S2,39.3,36.8,74.5,165.54,6.5,97.7,65.7,61.5,-1.3913389935870875
S1,70.3,37.0,83.7,169.92,74.5,90.9,54.6,79.5,0.5307940784043195
S2,79.0,37.3,93.0,161.27,8.3,121.1,73.9,60.6,1.8568948493693
S2,63.1,37.1,95.2,168.27,10.0,127.7,80.1,89.7,3.5997963931167734
S3,44.4,36.9,64.6,168.02,131.0,70.1,121.2,51.7,0.018595213912096176
S1,30.3,36.8,82.3,178.96,99.5,114.7,67.0,79.5,-0.5384069613473039
S1,65.1,37.2,81.4,175.01,120.0,96.5,64.4,85.2,0.6720137407179279
S1,38.4,36.7,48.4,153.52,90.3,142.6,96.0,52.0,-2.9987198495830487
S1,57.7,36.8,69.5,165.93,122.0,126.7,76.2,82.2,0.27145393539441615
S1,40.2,36.7,66.8,151.42,113.1,115.8,67.9,68.8,-1.1160141767703964
S2,69.3,37.2,86.5,180.01,9.3,133.4,79.4,72.8,1.635662426649251
S2,63.8,36.6,74.5,178.43,6.8,128.3,86.1,82.3,0.49676395516657856
S4,43.3,98.4,194.5,169.45,196.4,101.1,69.8,89.6,0.965197252899764
S2,55.8,40.0,95.2,178.76,7.9,118.5,84.6,81.7,3.1316140136120074
S1,65.7,36.2,63.5,173.7,91.8,126.0,69.6,74.8,-0.615633935977349
S1,50.3,35.8,73.7,172.08,118.0,113.2,64.2,69.7,-0.022735471615096092
S1,39.7,36.5,58.2,158.95,92.7,118.7,79.3,89.0,-0.9372834158228809
S1,58.7,36.9,69.3,159.88,100.1,118.2,75.7,73.4,-0.0220092045499293
S1,52.1,36.4,78.7,171.97,94.0,122.0,79.2,69.1,-0.4663938117334865
S2,40.0,37.4,78.0,163.43,5.1,124.5,87.1,76.0,-0.4588170553632625
S1,41.2,36.8,88.5,175.72,100.2,129.1,75.4,83.1,-0.19505121983633333
S3,62.1,37.2,78.8,172.23,122.3,78.1,121.9,31.5,0.43491956988266367
S3,31.9,36.4,39.5,151.03,92.1,60.8,102.3,44.9,-2.22900716700509
S4,56.0,98.7,203.0,183.76,168.0,143.4,78.1,94.2,2.6275963755620806
S2,50.0,36.6,97.3,178.32,7.0,120.5,88.1,50.1,0.26911157202765357
S3,55.0,36.4,109.2,180.49,147.2,94.5,146.3,33.0,0.9426320297205439
S3,46.6,37.0,77.0,173.25,125.5,65.8,88.9,43.2,-0.49226478757743336
S3,50.9,37.1,80.3,172.7,81.3,79.4,134.6,33.9,0.001663030778355487
S4,45.1,100.3,179.3,160.97,85.1,109.3,82.2,74.3,-0.37244720455495095
S1,26.3,36.0,53.7,154.86,104.9,109.9,73.0,97.3,-1.3687251183736169
S3,51.2,36.6,81.7,168.4,122.5,90.4,158.7,26.3,0.3410059852727634
S1,35.5,36.9,62.6,150.72,105.4,120.4,81.8,80.7,-0.4905358853541796
S5,60.6,37.3,80.7,1.92,140.0,124.7,69.7,94.6,1.5874202481650295
S1,59.7,36.8,96.1,174.6,134.3,142.7,79.5,53.2,1.323387329944635
S4,77.1,98.7,174.6,167.84,136.2,131.1,83.4,79.1,1.1910627649267576
S1,43.5,37.9,69.2,174.96,98.1,121.6,82.7,83.5,-1.01796060067108
S1,39.7,36.3,77.3,174.11,96.9,129.4,85.1,94.7,-0.9750413348032525
S1,46.9,36.4,97.9,173.04,106.6,120.7,72.0,78.2,0.3425970330195641
S3,29.2,36.6,69.2,184.0,86.9,87.2,120.4,40.7,-2.8939875108259
S1,49.2,36.5,64.9,174.79,111.5,127.4,81.6,96.3,-1.1457109181580099
S2,55.6,36.8,69.9,165.3,4.2,109.1,63.4,70.6,-0.7939179436737458
S2,71.1,37.0,59.1,184.67,6.5,147.3,86.2,80.1,0.7710791972590012
S4,62.2,98.3,243.3,182.16,90.2,122.8,72.4,83.3,0.8806488230239632
S1,73.9,37.8,81.7,166.92,139.5,150.5,90.6,102.8,2.5026665525634355
S2,95.0,38.6,79.5,166.9,7.2,150.2,88.4,67.8,3.8668828046316737
S1,62.2,36.3,77.9,187.22,123.6,117.0,71.3,83.5,0.004293243424898174
S3,56.2,37.2,81.8,180.68,109.4,71.2,120.3,34.2,0.2866862232102927
S1,59.1,38.3,72.3,168.5,114.4,122.9,95.7,83.2,0.6560749882729322
S2,63.7,38.4,85.7,170.46,6.4,146.3,98.8,95.7,1.8006174038470482
S2,39.1,36.3,79.8,175.52,6.0,110.7,80.8,85.5,-0.8764047060888169
S4,87.3,98.0,206.7,176.3,134.6,150.8,85.1,71.7,2.8922887671993642
S5,43.9,36.6,68.5,1.79,91.6,121.3,80.1,67.0,-1.6485424964201578
S1,35.7,36.5,111.4,181.78,91.7,120.6,77.8,65.3,-0.19284540905114128
S5,46.2,37.6,58.2,1.63,91.2,114.3,74.7,65.1,-0.6692875656685623
S3,47.3,36.8,96.9,185.3,77.3,70.2,101.6,38.4,-1.5624631386813492
S1,62.3,36.4,68.7,174.1,112.6,135.9,94.1,98.4,0.1443521028472668
S2,45.3,39.3,69.0,163.02,6.5,97.5,63.2,75.0,0.8144637425676445
S1,54.7,36.3,66.7,160.89,125.5,93.2,54.8,79.6,0.517467128026182
S5,59.3,36.6,57.9,1.71,132.8,129.1,74.1,81.2,0.9717738257916879
S4,78.0,98.5,248.7,187.78,159.4,129.6,89.9,58.0,1.2501923710701106
S2,68.5,36.8,99.4,176.33,7.2,139.4,87.8,60.8,1.4242216835655694
S5,54.1,36.8,77.0,1.82,59.3,126.0,72.5,67.0,-0.5530615596519566
S2,38.5,36.9,65.8,168.99,6.3,99.0,71.4,86.5,-1.1495475358156197
S2,80.8,37.1,66.5,153.03,7.8,143.4,90.8,72.2,2.2228781383686513
S2,60.9,37.0,133.1,193.61,9.0,128.6,71.4,78.8,2.6520771175182243
S4,45.1,98.9,214.6,175.59,145.7,116.0,79.1,67.5,-0.032430391427816944
S1,24.5,36.7,84.8,164.86,76.6,99.9,77.5,62.2,-2.080366468772233
S4,46.6,97.4,145.7,169.53,133.0,104.1,68.2,82.1,-0.2984808886789376
S1,62.2,37.0,50.6,152.47,86.0,141.2,81.1,84.3,0.9152539219745082
S4,82.4,97.4,201.4,168.41,166.1,139.1,78.6,69.1,3.277016821894913
S1,54.7,36.6,63.9,157.17,66.3,133.2,84.4,64.9,-0.8460203175365212
S2,79.2,39.4,89.6,169.41,6.4,132.4,73.4,70.5,3.6769583301539477
S1,58.4,36.6,60.4,168.87,71.4,127.9,78.3,55.9,-1.28564488467731
S2,56.5,37.4,95.5,165.75,7.2,135.4,73.8,81.4,1.8249917525717025
S1,39.1,38.0,51.5,149.0,146.9,126.7,74.0,98.1,0.6365399790787067
S1,46.9,36.4,72.9,178.32,91.1,126.0,86.6,88.1,-0.5622879629467259
S3,46.3,36.6,65.4,181.93,97.9,59.0,100.1,35.0,-1.5561597189739969
S2,60.3,37.9,92.8,177.59,5.2,100.6,70.1,88.4,1.0209411355255522
S1,45.4,37.0,39.4,162.05,80.5,133.1,88.1,83.7,-0.8326599367135139
S2,77.0,37.5,109.7,186.23,6.0,185.9,101.8,77.6,2.458983961744135
S2,86.3,37.0,83.3,172.31,7.3,148.9,103.3,89.3,2.057626307554628
S2,33.6,36.7,71.7,168.95,11.3,132.8,77.3,72.1,0.9909108805524947
S2,48.8,37.2,98.2,193.65,6.4,117.6,70.3,59.2,-1.0807455866611515
S1,58.8,37.3,55.1,157.66,83.2,129.4,75.6,77.9,-0.5638831477105547
S2,52.9,37.1,80.0,168.84,6.9,145.8,93.1,101.5,1.936237775520728
S4,41.6,99.2,173.8,183.49,101.0,118.7,72.2,80.6,-1.6131279736630777
S2,52.1,36.4,86.0,178.5,6.2,126.5,70.2,69.4,1.5414019166341164
S2,63.8,37.3,88.9,179.45,9.1,130.6,71.9,86.0,2.4995084094584654
S1,74.8,37.7,87.8,189.71,82.2,142.1,84.9,81.0,1.2125088112266849
S1,83.1,36.6,77.2,171.22,136.2,142.3,88.6,63.4,1.7878769327949662
S1,71.8,36.8,90.5,176.4,113.7,130.9,88.5,90.5,1.4715173023693024
S3,63.9,36.7,77.1,172.66,73.9,65.5,117.7,42.0,0.024882748092557416
S4,68.7,98.6,211.0,173.06,169.4,129.8,74.5,78.5,1.7430913612242707
S1,41.8,38.9,54.2,151.39,99.0,113.2,69.0,100.0,0.9161423397556656
S4,76.8,100.8,273.5,179.78,119.4,134.3,84.1,91.2,3.6068882500971533
S2,57.1,37.0,77.6,171.19,6.8,128.5,84.6,96.0,0.6219862259084333
S4,80.3,98.8,204.7,161.77,102.0,128.1,86.9,86.9,1.4809701649697402
S4,65.5,97.8,185.2,166.63,145.6,146.7,83.9,69.7,1.4942153796521664
S3,52.6,36.6,59.3,171.16,151.7,75.5,136.0,37.2,0.0913179474925272
S2,35.3,37.3,75.6,163.51,6.6,106.2,72.8,71.5,-1.0638730992872243
S2,70.3,37.9,72.6,158.24,5.7,134.7,86.6,91.3,0.8745735804698935
S3,62.9,37.1,83.1,178.38,115.1,66.9,131.6,39.1,1.2768879732504905
S1,70.2,37.1,59.0,177.63,105.0,146.4,92.3,83.6,-0.0012865712795373518
S3,24.6,37.0,58.5,174.59,76.6,66.0,86.0,33.0,-3.160134093537119
S1,57.6,38.8,80.9,161.61,133.7,107.5,67.0,85.3,1.5460346630183885
S3,45.2,36.5,81.4,184.44,114.9,63.2,125.6,43.1,0.4699598051753087
S1,45.7,37.2,100.1,164.98,92.5,111.2,70.9,61.1,0.043021884333183935
S1,30.7,38.2,82.0,174.72,116.7,106.6,66.2,89.4,-0.20931856100768245
S2,54.1,38.8,68.9,163.71,5.2,111.9,74.6,94.2,0.6971379598934025
S3,58.5,36.6,94.6,172.05,87.3,91.0,127.6,38.1,0.411935213656018
S1,45.5,36.2,48.1,160.58,97.4,129.0,88.3,75.0,-1.9285307960807967
S1,46.3,36.4,88.9,171.68,115.3,125.1,82.6,63.8,-1.1974910932045062
S2,69.7,36.9,76.2,178.95,7.0,150.9,97.0,94.3,2.2707637799009692
S2,28.2,36.8,112.1,189.54,4.6,133.3,79.6,77.7,-0.6444194958017524
S1,64.2,37.0,44.9,164.66,90.9,122.1,81.9,94.8,-0.96255248124253
S4,53.1,98.4,168.6,171.7,114.7,92.0,72.0,76.0,0.02930134861360445
S3,30.8,36.7,62.0,166.09,124.5,72.4,113.2,42.6,-0.5299822777615418
S1,50.8,36.4,77.2,160.04,127.4,127.3,79.5,78.6,0.9690583797708436
S1,53.2,38.4,47.8,176.2,106.9,112.1,69.0,86.5,-0.17154210066184883
S1,37.0,36.8,76.4,171.15,123.4,91.2,69.0,77.0,-0.8435227317707032
S3,47.2,36.7,70.6,170.11,74.6,87.1,125.4,45.3,-0.4295359420888626
S1,44.4,37.0,70.9,162.61,118.7,150.3,78.2,81.9,0.8142431535602087
S2,52.9,39.1,84.8,174.48,5.9,121.5,71.4,80.7,2.1020581755360817
S1,43.6,36.6,79.3,173.46,138.2,121.8,81.2,80.5,-0.3693886741809961
S1,38.8,36.7,69.9,161.88,105.9,113.1,74.7,86.4,-1.0296151344012143
S2,63.7,36.7,53.2,159.26,6.6,127.0,66.0,52.4,0.008935497666065773
S1,49.1,36.5,82.8,182.87,112.2,116.9,82.2,84.2,-0.164215270025318
S3,45.8,36.5,75.2,175.2,119.1,83.7,147.6,31.1,-0.08409574640465048
S1,64.4,37.1,70.4,148.3,105.4,117.6,79.5,70.7,0.2537537342662126
S3,47.6,36.9,78.5,179.66,64.5,75.2,146.8,45.9,0.2948288696538137
S4,53.7,98.5,178.5,171.96,129.8,126.9,83.9,71.2,-0.20795637827669416
S1,36.3,36.9,71.7,179.51,175.1,122.3,75.0,68.4,-0.4745197962007941
S1,32.0,36.4,99.6,175.45,139.9,128.6,81.9,92.4,-0.40367911699466885
S1,49.4,36.5,91.2,170.66,109.8,134.1,76.0,82.5,0.52600225098673
S2,43.1,39.2,98.0,169.25,11.6,115.2,75.9,95.1,4.376789852911095
S2,64.6,39.2,99.2,170.88,7.6,156.3,101.5,90.4,3.625495693945196
S1,46.8,36.6,83.1,169.74,124.7,132.3,85.7,55.9,-0.29695184952184184
S1,58.1,36.6,61.4,159.9,78.4,117.8,63.3,75.8,-0.107075955176651
S4,52.3,98.4,179.8,156.01,198.0,113.1,78.6,69.3,1.8125746255515196
S1,31.0,37.2,79.4,172.02,83.3,92.8,72.8,85.2,-1.1615102464762357
S2,64.9,38.5,67.1,173.8,8.0,141.4,91.0,85.8,1.709118609568371
S5,35.2,36.3,61.4,1.68,68.6,109.0,77.5,59.3,-2.8572131658420297
S2,75.0,37.4,59.1,181.88,9.9,149.9,82.4,79.6,1.9212340742752454
S3,30.9,36.6,78.0,172.61,123.1,86.6,123.4,30.6,-1.2451564758633231
S4,51.1,98.2,177.8,167.57,143.8,130.3,76.1,47.6,0.1524285606478222
S3,35.4,36.4,70.5,171.69,79.5,88.3,116.9,48.6,-0.9339387731405233
S4,57.7,97.6,125.4,162.88,183.5,137.6,86.6,75.0,0.946761239684271
S1,61.6,36.6,73.5,175.74,112.8,129.0,83.8,77.9,0.4310842623676643
S5,18.0,37.1,80.3,1.82,83.6,110.1,79.3,79.1,-2.5044377513430556
S1,48.4,36.5,87.4,173.29,98.4,140.3,79.4,89.6,1.288124781593045
S3,29.3,38.6,77.7,182.67,84.7,70.0,120.2,42.2,0.6747120712626974
S2,43.8,36.9,99.7,172.73,5.1,128.8,82.2,72.3,0.7003820002255638
S5,40.4,36.9,70.7,1.67,81.1,128.7,73.5,81.3,0.5414386251402868
S1,55.8,36.7,66.0,166.23,116.9,114.0,75.0,88.9,-0.37621143556064385
S5,49.7,37.1,73.1,1.65,63.6,121.9,68.7,0.0,0.08820206316718901
S5,32.5,37.3,78.8,1.87,116.6,123.5,82.4,68.5,-1.769911784895548
S1,45.9,36.8,101.0,185.69,110.6,126.8,74.8,82.1,0.9160316131117383
S3,23.7,36.7,88.0,166.86,88.0,80.2,112.5,43.5,-0.9338361228132528
S1,50.9,37.0,66.1,168.75,114.4,148.2,90.5,83.1,0.14821232373829174
S1,55.3,37.2,55.5,163.67,72.3,116.4,78.2,79.4,-1.390600038482064
S5,39.3,39.3,75.2,1.59,81.6,130.1,80.8,85.3,1.862807132661372
S3,59.8,36.5,65.1,167.33,95.4,81.7,136.1,41.4,-0.031625407064699074
S3,26.6,36.9,71.4,166.09,69.5,64.6,97.7,38.1,-2.5819090579507344
S5,75.7,36.6,62.8,1.59,100.7,134.4,79.5,0.0,0.8118813930563412
S3,18.0,36.7,70.5,191.76,94.8,80.3,124.1,49.1,-1.4340795687684749
S3,50.7,36.5,74.9,176.62,106.6,87.5,114.8,36.3,-1.2729913363279162
S2,72.2,37.0,100.0,167.62,6.9,117.1,78.4,100.2,1.5788163131138493
S2,53.7,37.2,79.8,166.0,5.7,131.7,96.9,81.7,0.3526718223018984
S1,45.2,38.6,68.9,180.42,68.3,123.9,76.6,73.6,-0.5329391141486776
S1,61.9,39.7,65.6,163.87,97.1,120.0,88.8,79.3,0.8651544088418862
S2,71.1,36.7,65.0,156.81,6.7,151.1,96.2,77.2,1.4631021784879044
S1,63.9,36.3,86.7,173.03,104.3,126.4,97.1,73.8,0.4229854520717258
S1,56.6,37.0,64.7,159.46,135.1,116.7,65.1,84.6,0.11515450161326857
S4,83.9,98.1,176.3,169.58,99.4,124.6,86.6,65.1,1.362855819327551
S3,38.8,37.2,71.7,176.21,90.2,85.9,112.9,37.3,-1.4263623764660442
S1,61.0,37.0,108.6,174.18,89.5,140.2,75.6,62.8,0.9505997211123538
S4,74.0,98.0,171.8,157.96,113.9,158.8,99.2,85.8,1.7408001818800694
S2,74.0,36.3,97.9,168.39,10.2,136.0,92.0,81.8,2.5515046486527497
S2,65.2,36.1,72.3,155.07,6.3,136.8,75.4,75.3,2.0262440680706093
S2,77.5,37.1,67.9,165.37,4.1,130.7,75.8,61.5,-0.40172546367850115
S4,70.1,98.8,199.8,160.32,155.3,135.7,85.4,66.5,1.9613211407985292
S2,68.4,36.8,99.7,175.65,5.3,145.2,82.0,63.4,0.1711210069931055
S1,69.5,37.0,75.2,169.85,148.2,113.2,69.7,73.9,0.7119661971614031
S2,59.2,36.5,84.8,172.44,7.2,117.8,75.1,60.3,0.36066753907865523
S5,77.7,36.6,60.5,1.62,124.7,132.1,80.7,88.3,1.1180394772886575
S4,90.3,98.7,211.2,179.69,108.6,153.0,77.6,60.4,2.4906551317771344
S2,76.0,39.4,64.0,165.0,7.1,129.1,76.1,89.9,2.7586318729274306
S2,51.6,37.5,83.2,177.28,5.3,110.0,57.3,88.3,0.5459095561475409
S2,92.8,36.5,80.1,175.31,6.0,145.6,78.2,79.9,2.5950016691886577
S2,56.0,36.9,62.3,155.32,4.5,127.2,86.9,75.2,-0.3804109951310902
S1,39.1,36.0,86.9,170.81,71.3,130.4,80.0,80.8,-0.27278859117517823
S1,57.2,36.9,86.7,175.86,149.6,120.7,72.4,42.3,0.18754436416804676
S1,52.6,37.4,56.4,158.6,109.4,116.1,81.1,87.2,-0.703822466365514
S1,36.9,37.2,74.9,166.65,108.2,129.9,101.5,95.0,0.7930832076304722
S1,23.8,36.9,75.2,157.02,139.4,116.2,77.2,71.4,-0.695037739751996
S1,54.0,36.6,88.9,181.92,96.4,111.4,76.2,82.2,0.2623945526238475
S2,47.9,36.7,75.9,170.63,7.3,125.5,66.1,60.8,0.1500387401361216
S3,77.2,37.2,60.6,157.49,76.5,88.6,133.8,41.3,-0.40967906238083096
S2,31.9,36.4,105.2,189.81,4.7,94.4,65.7,86.5,-1.0762675137388231
S2,45.0,36.9,74.2,164.5,5.9,127.9,75.2,69.1,0.18483552396150174
S1,35.4,36.7,81.2,166.63,116.9,97.6,57.0,92.0,-0.2634519189766053
S4,82.5,98.7,178.6,165.8,143.4,142.5,86.3,71.3,1.7284826360666472
S1,58.9,36.8,70.8,161.47,58.2,116.5,73.8,73.2,-0.6960539458498622
S2,91.3,36.5,52.3,153.63,7.0,160.0,95.6,78.1,1.7576759334363108
S3,34.5,37.2,80.2,160.96,117.7,81.2,118.1,40.1,-0.5336990755580645
S1,28.2,36.9,99.6,172.1,95.1,99.7,73.4,65.2,-0.20771367852283218
S2,53.2,37.0,82.5,175.95,7.0,124.9,80.0,72.8,-0.05439425640104174
S1,43.8,36.8,73.0,172.0,51.9,136.6,76.2,92.6,0.4188386706600634
S2,74.1,37.2,80.9,156.4,4.9,127.2,71.7,62.7,1.4156105606480898
S1,18.0,36.4,74.9,151.0,157.9,133.1,80.7,68.0,1.327936457470708
S1,43.1,38.2,66.5,163.44,68.7,137.4,89.8,87.8,0.9169433639563529
S4,75.7,101.0,186.9,176.37,156.5,148.7,83.1,87.2,4.762064318382491
S3,44.6,36.5,96.6,168.25,138.1,67.0,104.2,38.1,0.6239144809871071
S1,80.1,38.8,80.3,171.26,99.8,125.5,77.9,97.1,3.113326869117905
S1,44.8,37.1,87.4,182.91,79.1,118.9,76.4,49.8,-1.8138231555614415
S1,49.8,37.0,46.8,153.39,165.5,87.4,58.4,73.6,-0.914350267570709
S2,59.5,36.5,91.0,184.76,7.6,104.1,71.4,52.8,-0.9378951676430559
S5,68.2,37.2,74.6,1.64,81.6,119.8,72.0,69.4,0.31672487916064496
S3,20.9,37.2,84.3,171.99,108.6,80.7,104.7,28.5,-2.048529791985444
S1,49.6,37.2,103.8,185.76,80.0,128.2,87.4,91.4,0.27464936226726305
S1,51.5,37.3,70.3,168.26,95.0,131.4,72.9,59.9,0.23858617827077575
S1,25.2,36.9,94.3,179.59,90.3,111.5,62.4,64.4,-0.9596932378012336
S4,54.5,98.6,127.0,171.52,198.0,121.6,68.0,49.1,0.5449318409945223
S4,50.1,98.5,118.2,149.29,72.3,132.4,86.2,82.9,-0.6758735515972942
S1,61.6,36.8,72.8,166.79,96.5,127.5,80.2,48.2,-0.7546530288542883
S2,50.3,37.4,81.1,165.83,8.4,147.6,90.2,65.2,0.36121353384245003
S1,52.2,38.3,82.9,177.68,102.3,111.3,86.6,99.7,0.6769040019617559
S2,54.8,37.1,70.4,170.77,8.4,124.9,82.1,61.8,-0.5585821019930659
S2,47.8,37.0,64.4,161.26,7.3,136.8,75.3,70.7,0.57741944984407
S2,77.7,36.8,102.5,183.5,8.0,134.8,87.7,82.7,1.6564309747680985
S3,45.0,38.5,58.8,163.38,77.5,67.5,100.7,41.2,-0.6449852425271847
S1,42.2,36.8,55.7,171.32,87.9,108.9,66.4,84.2,-1.3998180713413515
S2,71.6,37.1,56.9,158.13,7.4,127.1,73.4,83.4,1.6033707753745894
S5,38.3,36.5,57.0,1.72,116.5,137.6,84.7,76.5,-0.8754994483250614
S4,68.9,100.4,177.5,174.91,97.9,116.1,70.2,92.7,1.4405010358457553
S3,65.3,37.1,70.2,161.25,153.1,88.3,154.8,38.4,2.415155638564742
S1,18.0,36.7,42.9,169.07,101.7,105.3,68.4,71.1,-3.5429354275341063
S1,56.8,36.3,96.0,174.89,75.9,116.0,89.1,71.5,-0.8931404963431786
S1,55.6,36.7,64.7,162.52,104.4,148.1,82.6,66.1,-0.07232052313831605
S3,30.2,36.3,72.3,165.44,97.1,89.9,129.8,32.1,-1.5510206603709784
S3,51.4,36.3,106.7,189.78,97.6,82.7,140.6,36.7,0.19468059070319804
S3,54.5,36.7,73.8,183.24,91.4,81.1,140.7,31.8,0.31979448602816946
S4,25.1,97.6,161.8,173.52,132.2,113.1,77.3,76.6,-2.1949427604867355
S1,61.3,37.3,74.8,164.6,157.7,109.9,76.8,67.8,0.3403200059447074
S4,94.6,99.7,205.3,169.44,174.7,156.2,92.7,63.0,4.0996748303253385
S3,52.8,36.9,84.6,176.32,97.2,95.8,135.5,39.8,0.03201444260510483
S2,47.5,37.0,95.2,170.23,9.7,99.0,65.9,82.5,1.2167720180232524
S1,42.4,36.7,95.4,178.75,80.9,121.3,71.8,67.8,-1.0464603271966861
S4,52.5,98.0,144.6,174.11,182.2,135.4,85.7,82.1,0.6384109086917866
S2,51.1,36.7,98.6,167.65,6.6,119.0,77.5,76.7,0.6310745808485859
S3,26.6,36.9,82.0,178.2,129.8,69.4,111.5,39.9,-1.1007869250211808
S3,60.3,36.7,97.3,188.58,100.5,72.1,122.0,42.6,0.8514483283193276
S5,58.8,36.8,53.2,1.74,71.8,148.5,84.9,0.0,-0.1066954604466856
S1,60.5,36.8,67.9,168.03,84.0,118.6,73.9,73.7,-0.5757488763497541
S4,51.8,98.4,146.9,150.34,235.5,117.9,76.0,79.3,1.8249687341689522
S1,54.7,36.7,77.9,161.12,83.4,121.3,64.5,69.8,0.7845399355510727
S4,63.7,98.8,107.2,165.47,149.8,141.1,72.9,91.4,-0.009338919977356808
S1,88.7,36.5,60.0,154.13,116.3,132.2,74.8,85.0,1.2246962385548845
S3,40.4,38.6,59.4,168.49,66.4,60.0,98.8,37.8,-0.8736930259718736
S1,43.7,37.2,83.8,179.19,103.9,113.2,77.4,84.0,-0.041746078416023735
S2,38.2,36.9,95.4,172.62,4.1,135.1,81.0,84.9,-0.10359565789435313
S2,69.1,36.0,73.4,174.19,8.3,141.5,77.6,57.4,1.4387442289923147
S4,79.8,98.3,187.0,178.72,114.4,138.1,84.8,90.9,1.5328207195591392
S4,57.0,98.0,167.2,166.35,127.6,136.1,92.8,68.4,-0.14969880927330784
S4,70.9,97.4,196.9,181.46,118.5,134.8,74.9,80.7,1.3807098656710084
S2,95.0,39.5,78.0,171.26,5.7,152.0,76.0,88.8,4.9916112791717175
S2,59.8,39.1,76.5,172.95,9.0,140.5,87.6,87.4,2.921195691826124
S5,43.2,36.8,80.0,1.86,59.7,117.2,76.1,64.3,-2.1879474852314025
S3,27.1,36.3,73.1,166.18,104.7,73.2,103.0,36.7,-2.0644830994377923
S1,68.5,36.2,74.3,156.6,122.7,123.1,79.6,79.3,0.4697560519046149
S2,49.8,35.9,63.4,166.55,7.5,114.5,77.5,77.2,-1.5571978146506598
S1,64.4,36.1,66.1,163.04,150.2,131.3,80.9,79.7,1.3579657715693296
S1,51.6,36.6,72.0,164.6,159.6,150.3,88.3,63.2,1.0515043198045324
S1,52.7,36.4,86.9,181.39,108.3,139.1,84.2,78.6,0.2744244670238998
S3,62.2,37.3,95.0,175.46,74.7,77.5,131.5,40.5,1.4700616770219623
S2,82.3,36.3,78.7,181.34,9.0,122.9,63.5,67.9,1.571470063552999
S3,49.8,36.4,100.3,184.07,92.4,85.8,125.3,54.1,0.445339165426679
S4,61.1,100.9,232.0,175.75,132.8,121.1,79.4,83.8,2.2685140182233803
S2,26.6,36.4,88.4,164.83,5.1,96.2,76.2,58.7,-2.2436669651693166
S1,75.9,36.9,116.4,191.1,85.2,134.5,83.7,80.6,1.2681560609589433
S1,55.3,39.6,52.8,169.7,106.4,102.6,78.0,93.3,1.4164703671351204
S1,53.0,36.3,83.7,165.74,96.0,120.3,73.4,65.6,0.6278806373162705
S1,63.5,36.7,98.2,165.04,101.9,147.1,86.1,72.0,1.8650104567940702
S1,51.4,37.1,61.5,160.91,106.1,119.4,73.7,86.7,-0.49575874854542146
S2,48.2,36.8,81.0,177.88,10.2,113.3,66.3,78.2,-0.06664657023709708
S1,91.5,36.6,109.4,179.33,155.0,161.1,87.9,70.9,4.52159471686222
S1,43.7,36.5,91.5,178.87,76.8,135.0,106.2,58.9,-1.5151414326869648
S3,69.5,37.9,63.6,175.69,85.7,78.1,137.8,39.5,0.6828077235746451
S4,63.2,97.8,179.3,159.63,116.8,126.1,70.0,96.9,2.4891879029786588
S1,61.7,36.3,92.7,184.27,135.3,135.0,82.4,88.7,0.3405091352559392
S1,43.2,36.7,59.2,168.68,103.8,114.0,68.0,68.6,-1.3162489999932343
S1,47.4,36.8,99.2,181.56,77.4,136.5,80.6,80.0,-0.3062846000124664
S1,37.5,37.2,59.9,169.93,113.9,118.7,75.7,64.1,-2.3054814835182205
S1,40.6,36.4,51.3,159.29,92.4,107.3,64.9,62.0,-1.1248365345011044
S2,52.4,40.0,59.3,177.71,8.6,137.4,90.9,88.9,2.035118596534705
S1,23.2,39.1,119.0,205.06,154.6,100.9,66.3,72.2,0.6631275806926251
S2,48.4,36.6,104.7,171.86,7.4,129.5,73.4,74.7,1.6660581483012515
S1,58.4,36.6,56.0,172.75,91.1,141.7,84.2,66.3,-0.6318814256985668
S1,45.0,36.5,66.3,164.65,65.7,130.2,79.9,54.2,-0.7690465890374877
S1,79.4,37.9,64.5,165.47,82.7,139.2,80.1,89.1,0.5693107603973566
S3,78.3,36.5,77.5,163.05,95.4,93.4,154.1,37.1,0.7764250946532157
S1,58.4,37.3,71.1,171.7,76.7,126.8,89.9,60.0,-0.7002864076161975
S1,52.5,36.4,61.3,162.24,123.2,121.7,82.1,77.4,-0.8099769256115654
S1,38.2,36.8,99.3,179.93,80.3,118.4,66.8,75.0,-0.6720156706256514
S2,74.9,36.9,80.1,166.56,11.6,128.4,71.6,91.0,3.298722481592897
S1,62.3,37.0,76.2,172.15,127.5,125.8,68.3,78.4,0.24963094411380915
S1,35.2,36.9,60.3,165.89,94.4,92.6,57.8,77.9,-0.812210504555319
S3,22.3,37.1,49.4,170.52,124.4,76.3,110.0,39.3,-2.2975516000236325
S1,36.2,36.8,96.5,174.69,102.8,116.6,78.7,71.8,0.47111637706703324
S1,51.1,37.0,71.2,180.19,127.6,110.8,66.8,79.0,-0.1195225334398829
S2,47.1,39.0,108.8,182.26,6.5,120.3,72.7,92.3,1.8470220223394507
S1,26.3,39.0,70.0,171.85,143.6,120.2,87.9,81.8,0.14498526889783803
S1,29.3,37.2,82.7,171.85,158.8,139.6,84.3,58.4,0.25938674992749383
S3,61.3,37.0,83.5,172.83,100.2,81.5,148.8,37.2,1.3957980765151252
S1,49.6,36.5,78.5,185.85,108.1,124.5,70.4,72.6,0.630376692921093
S4,80.2,98.1,213.9,174.52,132.1,132.4,79.2,71.8,1.934131725231434
S1,46.0,36.9,40.9,161.03,71.4,136.3,97.6,64.7,-3.0671904612629524
S1,66.1,38.3,77.7,176.43,101.6,149.4,95.7,99.1,1.0544105405138053
S1,60.6,37.2,59.7,158.99,76.7,123.0,76.6,66.2,-0.6761302566908057
S1,64.3,38.5,93.0,188.27,117.8,120.7,83.2,84.6,1.0820686267852853
S2,62.5,36.7,93.8,172.67,8.4,111.9,64.5,91.7,2.3358308020136307
S2,65.7,36.6,80.9,171.69,8.5,154.0,90.7,80.4,2.253928273023557
S1,67.3,36.5,45.1,161.01,111.5,134.2,81.3,71.9,-0.5696811850897778
S2,56.1,36.7,100.3,178.57,9.9,125.2,77.6,68.8,0.8749675957136844
S3,21.3,36.6,98.4,178.09,174.8,69.2,118.2,34.7,-0.07649212496061436
S2,53.6,38.2,60.6,160.8,5.6,126.4,72.8,87.4,0.8244189073028585
S1,53.1,36.8,58.6,158.67,93.0,114.9,71.8,80.1,-0.24857796408276095
S1,76.8,40.0,59.3,147.52,149.2,150.2,90.8,96.7,5.78334543724735
S4,70.9,98.0,171.0,154.71,143.8,122.9,73.7,68.7,0.7069079036089028
S2,72.7,36.8,68.3,176.45,6.0,135.0,85.7,73.9,0.23491245117678267
S1,26.1,36.4,85.6,187.25,84.9,91.1,65.8,76.1,-2.3533344749258784
S4,64.3,98.2,165.8,180.43,89.5,121.9,86.9,85.4,-0.26074872410012795
S1,59.9,36.8,93.0,174.11,90.2,119.9,74.1,71.0,0.5801561569348567
S3,59.7,36.8,52.2,163.65,107.6,86.3,143.3,37.0,0.017509814147569448
S5,56.5,36.1,75.1,1.74,64.9,129.2,87.4,0.0,-1.0608392775016993
S1,19.5,38.1,64.5,160.76,92.0,124.6,63.7,73.3,-0.49629996239910656
S1,47.5,36.5,82.6,171.66,91.3,126.8,80.4,81.2,-0.3626629907982772
S1,52.7,38.8,74.2,176.68,59.7,104.9,71.3,89.9,0.5272361912464274
S3,53.8,37.2,73.3,164.55,96.2,80.1,137.7,41.0,1.0095916955642381
S1,47.3,37.0,71.1,161.23,150.6,118.8,82.2,83.3,-0.02640146594418026
S1,51.4,37.0,59.6,160.09,78.4,117.1,77.3,81.0,-0.9373219881044053
S1,39.6,37.0,84.9,167.69,85.1,111.7,83.4,71.9,-0.8888682867267166
S1,26.6,37.3,57.3,163.52,122.2,114.1,75.7,82.4,-1.9559210716112754
S1,45.1,38.4,83.9,168.18,139.5,130.0,83.6,97.5,1.722440238478584
S1,56.0,36.5,72.5,176.09,124.6,127.5,82.0,63.0,-0.6471513348591236
S3,31.4,36.3,92.0,174.41,91.3,76.8,111.3,46.8,-0.10125350358394025
S4,76.2,97.6,179.5,170.55,175.6,146.2,76.0,91.1,2.523819026225727
S4,84.8,100.9,192.4,175.34,101.6,124.6,74.7,89.4,2.0058937239321635
S1,64.5,36.9,77.1,162.84,103.5,112.0,73.9,79.0,0.5576917223322607
S1,60.9,36.4,103.6,189.85,114.9,149.9,90.2,80.9,2.199064096357976
S1,58.3,38.6,90.9,176.65,108.6,141.0,83.4,79.0,1.9644996701929813
S1,62.4,36.6,56.0,161.83,89.8,117.8,66.2,54.3,-0.9393947853584352
S1,58.5,36.7,67.2,180.67,136.3,141.6,87.4,93.8,0.07710202484154349
S3,51.8,36.3,80.2,162.7,89.6,90.7,133.0,36.6,-0.034900731967305365
S1,59.1,36.5,77.3,168.0,83.4,140.4,76.5,67.4,0.5604687277065264
S1,60.6,36.5,74.4,164.77,141.0,127.5,65.5,80.4,1.6218405407175425
S1,39.6,37.2,55.3,165.56,94.5,114.0,71.4,72.1,-2.0067284874690428
S3,50.5,36.7,45.1,166.76,103.5,75.9,100.4,28.2,-1.997790145508595
S4,46.3,97.7,169.6,158.87,93.3,119.2,84.0,66.0,-0.6015501589560569
S1,52.3,37.0,75.8,167.26,152.2,132.3,76.2,74.4,2.015748055136416
S1,72.0,37.2,73.4,174.15,113.4,122.9,76.0,79.8,0.5316109197971216
S4,74.5,98.9,201.1,180.02,135.3,106.5,66.1,95.4,1.0020051944120638
S3,38.1,36.5,62.3,153.27,82.3,66.0,130.8,32.2,0.22914319197968608
S3,63.4,38.6,77.6,164.58,109.4,66.3,126.7,42.9,3.830232747717134
S1,58.2,38.9,61.8,161.1,119.6,105.7,63.2,103.4,1.6917976258890641
S3,48.7,36.5,83.4,170.33,92.9,86.9,125.4,44.8,0.33542568771127806
S1,48.3,37.1,56.8,168.96,112.6,117.1,75.4,87.9,-1.05955135544288
S2,95.0,36.8,86.9,164.69,6.2,164.0,93.2,69.9,2.7446277688533423
S2,61.1,36.8,92.4,171.99,6.1,128.9,92.7,86.2,0.1459402784672123
S3,46.6,36.9,67.7,169.46,88.3,77.8,139.7,36.6,0.51767534905535
S3,67.5,36.6,46.0,157.87,109.4,76.5,122.0,41.2,-0.048853691521372256
S2,45.8,37.1,95.6,177.07,6.9,119.1,86.1,84.4,0.37808528557491694
S2,40.9,37.3,55.8,169.89,5.8,120.5,92.5,66.2,-1.2705804864843488
S3,23.6,37.0,70.6,173.3,147.9,69.8,126.0,45.0,-1.0479133365255493
S1,43.2,36.8,75.5,176.68,129.9,139.5,92.7,75.0,-1.2218405921585085
S1,40.3,39.9,60.6,166.37,67.0,132.0,88.0,80.7,0.882137085429728
S1,44.0,36.8,76.1,173.31,84.0,108.0,73.5,69.6,-1.6024454886583162
S2,73.4,37.0,78.8,160.13,6.4,123.3,85.6,69.5,0.5843485021960969
S2,47.0,37.1,96.2,169.91,4.6,129.6,87.3,72.6,0.6244600319371435
S1,53.0,36.5,72.4,178.77,91.0,149.3,94.2,61.9,-0.296769553665133
S2,37.2,37.2,107.2,176.65,8.0,105.2,63.1,60.4,0.0010131683025053247
S1,74.0,37.0,95.1,179.49,160.7,122.2,72.7,77.4,1.6297094360790318
S1,49.3,36.8,74.2,155.36,125.9,142.6,87.4,78.7,0.44017205552256977
S3,58.0,36.6,85.2,162.42,115.4,79.2,138.2,33.1,0.629485266874659
S3,68.0,37.0,59.0,162.44,74.3,89.1,148.6,31.1,0.3201672963638127
S1,59.1,36.9,75.8,167.71,108.9,127.3,80.9,79.0,-0.1696054100278226
S1,30.5,36.9,81.7,179.36,115.7,122.3,76.3,71.6,-0.8933651373781384
S5,40.8,36.9,75.2,1.68,85.6,122.1,89.1,75.0,-0.7436712801468794
S3,54.0,36.6,72.3,171.89,80.6,81.7,139.1,40.0,0.311853671100466
S3,42.3,37.0,48.2,162.08,143.9,84.3,123.8,42.1,-1.3611973542913915
S3,43.6,36.9,52.2,160.22,115.4,100.6,132.9,40.5,-0.7916022698613453
S2,75.1,38.5,73.4,163.11,7.6,111.7,65.2,78.8,2.17650127846637
S4,66.4,102.5,208.2,183.5,153.7,109.2,60.8,71.9,2.127782759423183
S2,46.8,36.7,78.3,160.33,6.0,102.8,66.6,79.2,-0.4641788615680237
S2,54.1,36.9,64.2,180.85,7.9,128.7,78.3,94.4,0.6381044210635188
S2,69.8,36.4,109.5,167.21,7.1,139.9,85.6,69.4,1.5950134606894442
S4,64.3,100.9,268.2,182.38,74.4,128.4,73.3,69.8,2.00837030250612
S2,78.4,37.1,80.1,173.17,11.8,149.0,95.3,70.1,2.4747003067647704
S4,56.7,97.5,228.2,168.0,80.7,107.0,60.0,52.4,-0.02767068299451772
S2,82.5,38.8,59.6,162.66,6.1,139.6,92.5,72.2,2.2524394728381463
S1,61.3,39.8,64.6,168.27,127.4,142.0,94.1,86.0,3.1113782690089242
S1,54.5,36.9,77.7,167.76,148.8,147.3,89.2,86.2,1.2679354154939357
S1,33.9,37.2,56.8,164.89,129.6,109.1,83.4,78.6,-1.5061436814260132
S4,64.5,97.8,170.4,170.11,101.0,131.8,77.9,72.1,1.221010399609368
S1,42.2,37.1,99.6,176.15,126.6,106.3,71.2,77.8,-0.24482523163123773
S4,56.0,99.0,202.5,170.53,117.2,129.7,82.2,65.9,0.9971207112244849
S4,34.2,97.9,177.4,172.23,115.7,86.5,58.1,76.0,-1.147239749391586
S2,74.7,37.2,78.8,158.4,5.6,134.1,81.8,85.9,2.0072066042050367
S3,53.7,36.7,58.5,181.61,86.1,76.4,127.6,41.0,-0.7372859059924597
S2,53.0,36.2,57.8,158.11,5.8,128.9,69.4,75.3,0.19001522725327097
S3,47.1,36.7,68.4,158.63,134.3,95.3,146.9,35.5,0.9960584042022926
S1,42.4,37.1,105.8,184.64,162.3,100.3,61.0,82.6,0.1286512746319327
S4,67.7,98.1,156.1,177.26,111.0,135.4,78.2,87.7,0.34359903943245607
S1,69.5,36.7,54.8,155.5,109.5,121.1,68.3,74.2,0.05946329034198605
S5,31.4,36.8,91.6,1.68,90.7,116.3,76.4,71.4,-0.2623114517839342
S1,41.8,37.1,44.8,171.85,128.6,132.8,86.8,62.4,-2.304068242851638
S2,63.8,36.9,89.4,179.48,5.7,113.9,76.7,85.2,0.424982728648643
S1,46.1,38.6,96.9,176.57,106.8,137.6,86.3,77.3,1.9857568980920974
S4,83.0,97.6,181.3,176.7,132.4,104.7,69.2,63.2,0.29034278534288205
S2,61.5,36.9,94.3,180.94,11.3,115.2,68.8,62.6,1.1319677082376418
S3,49.6,36.7,80.2,175.71,67.2,82.6,102.6,39.3,-1.3336172190215945
S5,66.9,36.6,60.6,1.6,111.7,131.0,76.7,0.0,-0.11433263937944027
S2,69.2,36.8,69.8,159.78,9.4,134.7,84.6,78.6,1.6511873683586762
S2,44.7,36.9,91.1,169.36,6.1,115.8,77.2,83.1,-0.43025341874502787
S4,64.7,100.8,240.4,176.77,119.7,115.7,71.7,83.4,2.0212193835529653
S1,53.4,37.0,58.4,157.31,124.0,138.4,80.3,67.0,0.7957468645997748
S2,89.4,37.4,84.7,179.0,8.7,152.9,83.7,77.3,2.7215081681030515
S3,43.1,37.3,89.8,180.01,108.8,78.9,115.5,38.2,-0.4351290197957462
S2,85.5,39.1,75.8,160.71,6.8,148.3,87.5,95.6,5.059745639731025
S1,22.7,36.6,61.1,169.74,64.8,117.4,77.5,48.7,-3.2476200848042027
S4,80.6,97.7,185.7,171.12,111.0,133.1,77.7,67.6,1.8943839840423777
S4,72.9,99.3,155.0,154.04,176.7,117.8,79.6,62.6,1.1227083501143895
S3,65.9,36.7,62.6,166.08,82.5,92.0,153.0,40.7,0.5912188809005552
S4,78.2,98.9,179.3,159.08,180.1,118.7,78.1,79.7,2.483506814905371
S2,66.8,39.4,77.4,172.19,7.7,174.0,97.8,73.7,4.3136654934456535
S1,43.8,36.7,71.4,170.93,127.2,102.9,68.5,83.8,-1.1369806077912794
S1,51.7,38.3,69.7,173.65,100.5,120.4,78.7,87.6,0.8137185215127174
S2,56.8,38.6,70.4,161.22,9.4,132.4,92.9,87.9,1.657136536854138
S3,31.7,36.5,84.0,175.39,59.6,81.6,128.9,37.1,-0.8137979159773803
S4,82.4,98.2,105.4,158.9,112.0,136.0,81.3,80.3,1.1805542762576715
S2,79.0,37.4,73.2,177.27,6.6,142.7,84.9,71.2,1.1833858752901336
S3,36.7,37.1,49.9,160.85,95.7,87.3,108.0,37.2,-2.4929537949812373
S1,63.2,36.6,91.6,175.83,87.4,141.5,92.5,69.5,0.9019251509361017
S2,53.7,37.3,84.2,170.83,7.9,133.6,84.3,71.3,0.5989359402024014
S1,50.9,36.9,107.0,177.14,141.9,123.7,81.0,70.5,0.265476887955335
S2,87.8,37.2,94.6,175.64,4.9,156.4,104.5,71.3,1.2426114706850546
S3,63.7,37.7,60.7,167.89,87.0,75.5,124.0,39.6,-1.0180565425168275
S2,62.2,39.0,54.7,166.8,10.4,124.3,68.3,89.8,2.8111768271001676
S2,51.3,36.8,99.5,190.12,6.8,131.9,68.8,62.4,0.29879861821143466
S2,75.2,36.7,83.6,170.35,6.2,137.0,84.9,70.0,0.8265154798168921
S1,18.0,37.1,83.1,179.14,156.5,94.5,68.4,74.8,-0.9292580417621825
S3,49.0,36.7,53.3,172.56,125.8,84.1,109.0,27.7,-2.20334937389072
S1,55.1,36.7,97.7,172.79,110.2,92.2,72.2,78.7,0.09408433974076726
S2,45.4,37.2,93.3,180.36,6.1,123.7,77.1,79.6,0.2254912437706026
S2,36.3,36.1,75.4,162.86,4.9,131.6,79.5,72.1,-0.1030075913652046
S4,66.6,97.9,199.9,178.26,134.1,133.4,95.0,64.4,0.9617640313342727
S1,41.8,36.9,71.1,183.1,131.9,122.5,79.6,72.9,-0.19793631733481332
S1,54.9,36.9,71.0,169.6,94.3,119.1,70.1,80.7,0.2106997907834481
S4,60.6,101.0,208.3,170.38,183.6,123.3,81.0,109.3,3.6013294349778575
S1,30.2,36.7,73.8,159.55,114.1,96.4,76.4,57.2,-2.2657345787930554
S3,44.4,36.4,77.4,166.16,80.8,92.7,130.3,41.6,-1.0432750904688082
S2,30.4,36.5,89.9,166.28,6.0,123.6,74.6,75.1,-0.6949975381830849
S1,50.8,36.9,63.5,150.88,158.7,164.1,100.4,71.1,0.6061083124254486
S1,66.7,37.2,90.6,164.35,94.7,111.0,74.9,63.4,-0.3653130022404769
S2,74.1,38.3,92.2,168.41,7.5,134.4,73.6,81.2,2.828128919220404
S3,51.9,36.3,97.1,166.92,92.9,81.5,129.3,41.5,1.5649724331792347
S2,68.8,37.1,71.7,176.04,7.6,151.2,76.6,84.4,1.8129489345343397
S3,34.4,37.0,62.0,173.03,50.0,61.7,94.1,43.0,-2.4696137811618093
S5,22.6,38.2,88.2,1.71,78.6,117.2,74.6,94.7,-0.12703488338021884
S1,41.9,36.9,81.4,161.45,111.4,91.2,57.8,69.7,-1.402428232986746
S2,82.1,37.2,62.6,172.15,4.7,132.6,71.9,74.3,0.4861184692696783
S1,59.6,36.2,77.7,175.09,125.3,132.7,81.9,73.4,0.6781734345412938
S2,51.2,37.2,102.4,184.38,7.1,144.4,85.8,79.7,1.3248371922673345
S1,69.0,38.9,78.7,168.81,90.6,132.7,77.8,76.0,1.8072416441383448
S1,68.6,36.6,79.2,176.78,75.9,138.3,83.8,76.1,0.9699501565496402
S1,83.6,36.6,79.2,176.6,85.9,143.1,91.3,57.8,1.0927127449153424
S2,50.6,37.9,82.4,167.42,8.0,100.5,68.6,76.8,0.7793959185703696
S1,48.4,36.3,50.4,163.58,108.1,103.0,77.0,61.1,-1.9040651088687421
S1,59.6,37.0,86.4,170.89,99.4,101.3,72.3,64.6,-0.4203754630931126
S3,34.5,37.1,86.9,182.07,84.5,65.0,101.5,39.1,-1.4386773939120943
S2,53.4,37.0,67.1,159.88,6.0,131.3,80.2,64.4,0.3162572299549541
S4,79.7,98.7,305.8,194.21,106.7,152.2,86.8,61.1,1.487340003227981
S2,56.2,38.5,76.8,178.42,8.9,141.2,89.9,77.5,1.2927589840745932
S1,59.9,38.8,65.8,168.77,106.6,119.6,75.9,79.6,0.6904859379169908
S1,72.1,36.7,72.7,160.46,108.7,136.3,76.8,72.3,1.4418801181932313
S4,60.2,102.3,203.8,172.11,136.3,145.8,78.7,88.8,3.2587070686200454
S2,76.2,36.7,55.8,158.93,10.1,127.0,89.0,53.2,-0.052386101022827924
S1,60.6,36.8,64.7,175.5,84.7,131.5,84.5,79.9,-0.6640142988454956
S1,37.4,36.9,63.0,168.57,70.6,108.1,78.4,76.9,-1.7223386444889333
S1,60.5,37.2,93.4,188.98,68.2,121.3,67.7,55.7,-0.07466989302299143
S1,67.3,36.5,74.1,175.55,113.8,156.0,106.3,75.2,0.6429235283927681
S2,46.9,37.0,101.7,169.04,6.4,112.3,83.0,76.2,-0.24381310745035525
S1,49.2,36.7,85.9,180.18,103.6,111.5,74.6,66.5,-0.7574683597151484
S1,62.6,37.1,51.5,163.7,93.9,163.5,93.0,71.9,0.373556565843454
S1,47.7,36.2,66.0,187.66,73.8,114.7,77.7,82.1,-2.049086911991986
S1,58.0,36.3,43.7,151.32,113.4,120.7,66.9,69.8,-0.5338744453475076
S4,42.1,98.5,172.2,172.84,143.7,145.5,89.8,96.3,2.122815302283998
S1,63.3,36.7,55.3,161.53,84.0,116.7,73.1,81.6,-0.603657751976784
S1,43.3,36.6,71.1,157.77,187.4,126.0,70.9,87.0,1.9250643619201553
S2,72.1,36.6,73.4,159.8,7.8,123.5,75.4,75.5,1.4937033173938414
S1,59.0,36.5,71.0,186.18,98.8,102.6,75.7,71.7,-1.8036976873438757
S1,59.7,36.7,64.4,163.14,81.9,140.5,84.2,59.1,-0.46691263102289954
S1,40.6,39.1,80.9,173.7,109.6,106.1,72.6,94.4,1.011037264645072
S3,64.8,37.8,77.2,155.96,96.7,88.9,129.0,37.3,0.40359722103275686
S1,64.9,36.3,72.3,169.61,157.5,141.1,93.5,67.0,0.6647013041779963
S3,43.7,37.2,61.0,170.78,118.9,66.1,108.9,33.3,0.24762668379822594
S1,44.1,38.7,60.6,155.18,127.1,126.6,73.6,62.8,0.2980212896149189
S3,79.1,36.7,63.9,163.55,165.2,78.5,141.8,32.7,1.2659088285808644
S4,80.7,98.1,123.2,158.03,96.7,143.5,89.9,70.7,1.371545020462222
S3,22.9,37.3,64.9,171.47,89.1,60.0,93.6,41.8,-2.412511698391391
S2,51.9,36.6,82.8,169.31,8.2,127.7,87.7,89.1,0.8096103712486424
S1,36.4,36.7,76.9,165.33,116.7,144.2,94.7,62.0,-1.7517011900245927
S1,37.2,37.0,74.5,171.16,114.8,124.4,76.3,86.6,0.024245741215447203
S1,63.7,38.4,77.8,167.4,114.1,112.3,67.0,94.7,2.0156438011266786
S3,65.5,36.9,99.4,189.07,81.0,68.9,128.3,41.6,1.512490555593732
S1,52.8,36.7,53.5,159.46,80.5,111.5,63.4,89.9,-0.4842738007127874
S2,71.5,36.4,97.9,167.03,7.3,124.1,75.2,75.6,2.1758763002431483
S4,78.5,98.4,175.3,168.44,172.9,130.8,87.1,87.7,2.983136054963012
S1,57.4,36.4,75.5,180.68,140.9,136.7,92.0,74.6,-0.5117556403531701
S4,33.9,101.4,188.8,168.1,100.9,146.1,91.7,96.5,1.5639743499316585
S2,59.6,37.5,85.7,176.89,9.0,76.7,55.5,71.6,-0.07099513363804358
S1,52.7,36.6,76.6,168.51,148.1,104.4,74.3,72.0,0.1164041792766844
S1,67.2,38.2,71.4,164.58,66.1,135.2,73.2,102.8,2.0825451831515918
S2,69.0,36.2,62.6,160.84,6.4,100.2,66.2,86.3,0.1859806755767617
S3,82.2,36.7,49.5,150.08,75.2,96.5,158.8,34.7,0.41566988043701764
S1,54.2,37.2,39.3,150.8,66.1,128.7,74.4,74.2,-0.8735103653611509
S2,63.4,36.6,92.6,165.53,5.4,143.5,86.4,78.6,1.5464047349739887
S3,41.3,36.6,57.5,174.75,84.5,68.0,115.3,45.7,-0.6971151850417274
S3,35.5,37.0,70.9,170.68,128.9,72.1,109.4,44.4,-1.7121931072370333
S1,54.1,37.0,83.5,182.55,89.6,99.2,68.4,76.2,-0.8233237743557277
S2,46.9,37.0,83.7,170.92,7.4,113.5,70.8,58.7,-0.25426661878769347
S1,68.6,36.9,79.9,163.98,75.4,126.1,71.0,80.1,1.147021906645964
S1,50.1,36.6,81.1,174.75,104.3,109.3,79.2,75.6,-0.3012240650950535
S2,68.3,39.2,78.3,173.46,6.0,141.5,84.6,110.0,3.81434818367576
S2,44.7,36.7,121.3,182.2,6.7,118.2,79.8,89.1,0.5385907430906671
S1,46.5,36.7,63.4,160.47,119.7,107.5,72.8,74.3,-0.7239579935724597
S3,20.6,37.0,57.7,155.05,118.7,70.2,97.9,41.7,-2.2781228019565027
S1,76.7,36.9,94.2,182.2,106.9,134.7,85.2,69.1,1.1211984180965562
S1,56.4,36.9,83.4,180.05,103.3,112.4,79.8,77.8,0.5122399741100965
S1,61.6,36.3,73.8,170.28,92.6,116.1,74.5,75.6,-0.4099928882549917
S1,37.3,38.7,67.3,162.06,120.0,117.7,79.6,98.2,0.8745056878228736
S4,71.3,98.7,172.3,156.43,120.1,140.5,76.1,62.4,2.679196011724834
S4,53.7,97.8,258.2,181.56,99.7,119.7,68.2,89.4,1.345020826657189
S2,60.1,36.6,85.8,161.77,6.0,147.3,85.0,86.1,2.640015564517915
S3,47.5,38.3,65.5,162.14,128.6,76.4,128.7,38.9,1.0946956952637985
S1,82.9,36.8,83.4,175.99,91.8,151.9,91.7,97.1,1.694665144332248
S1,56.3,36.8,65.1,170.28,81.2,127.6,66.5,72.6,0.2872099971308326
S3,30.6,37.0,61.4,170.71,183.6,76.4,107.7,31.8,-1.891898700115728
S1,64.7,37.0,94.2,176.17,129.4,163.3,91.3,61.7,1.5374824527447006
S3,37.5,37.0,104.0,171.04,145.5,85.8,142.3,38.0,1.2084840558752756
S1,45.7,36.3,68.1,173.31,131.5,122.4,76.2,79.3,0.33097165965887365
S2,59.6,37.0,52.6,177.19,4.8,128.2,84.8,66.2,-1.6781411732651474
S1,34.3,39.1,79.1,169.23,100.0,125.9,77.7,105.4,1.1630118732267116
S1,45.6,36.7,62.0,177.07,103.5,117.8,75.4,64.4,-2.1120805674747283
S1,77.6,39.0,67.2,182.48,111.1,136.6,82.2,99.3,3.4094083815779714
S2,57.3,37.9,91.4,167.02,7.0,125.1,85.2,74.4,0.9197889783923625
S1,55.3,36.8,70.4,183.11,88.6,136.3,73.7,43.9,-0.7432851780291041
S3,50.9,36.2,70.9,181.36,105.3,72.4,112.3,46.3,-0.13875877049572832
S2,43.0,37.8,73.7,161.63,7.0,117.7,71.4,91.0,0.5842062325078087
S2,61.9,36.8,82.5,166.26,8.6,126.4,66.4,77.4,1.6273742710234853
S3,24.7,37.1,88.1,162.46,77.7,71.7,98.7,44.9,-1.282138380380725
S2,89.7,36.7,82.4,157.61,8.1,140.4,70.8,92.8,3.8648420370363064
S4,70.8,102.4,211.3,167.89,149.1,128.3,77.8,96.9,3.7952586298547493
S1,66.5,37.0,99.3,174.69,89.7,120.6,57.3,83.4,2.1504991187172986
S3,22.2,37.0,95.6,183.37,200.3,69.0,101.8,36.8,-0.17908717526663415
S1,43.6,36.9,80.4,179.85,95.2,139.8,89.2,55.5,-1.7857473549332705
S4,68.3,98.1,107.3,154.66,89.9,119.1,69.2,51.0,-0.4493852359010514
S1,40.2,36.3,97.4,177.57,108.4,126.0,80.4,61.5,-0.1967949318882664
S2,45.6,36.8,74.7,161.82,5.0,106.2,65.1,81.4,-0.8162816057667287
S2,49.3,36.5,113.7,179.54,6.0,128.7,80.3,60.3,-0.052314943213311205
S3,36.2,36.3,66.8,169.73,92.3,53.9,92.3,34.1,-2.184053538905359
S3,21.1,36.9,82.0,173.89,73.4,80.8,120.3,37.1,-1.9784137881578658
S1,60.2,36.7,68.1,171.23,90.3,147.8,86.2,71.0,0.6221204821651689
S1,40.1,36.3,75.1,163.01,118.6,132.4,64.9,62.2,0.18370258665257255
S5,31.1,36.4,65.2,1.76,77.5,109.3,69.2,56.3,-2.7013747281990588
S4,60.4,98.8,191.3,160.42,97.8,96.6,69.8,76.0,-0.1019738204452049
S2,58.9,36.5,71.2,152.58,5.4,111.1,66.2,64.6,-0.16234816178881664
S2,63.6,36.5,82.9,183.86,8.5,127.9,88.1,81.8,0.4167364299614872
S2,81.8,37.0,87.3,185.01,5.1,138.6,76.1,69.5,0.9241120869072739
S1,70.4,37.1,80.8,168.1,138.6,158.4,97.0,68.7,1.5434694073470203
S1,66.5,38.9,64.2,172.78,126.5,135.3,85.8,86.8,2.0519066611272643
S1,50.4,36.7,67.3,156.17,86.6,145.5,95.7,91.1,-0.8071711874252839
S4,49.6,98.2,156.8,157.98,167.8,111.8,74.1,68.8,-0.73566410381637
S1,81.9,38.5,71.6,159.03,92.9,144.7,92.3,94.8,2.496050576527261
S3,45.4,37.0,103.5,179.58,137.1,77.2,120.5,38.8,0.8515132308694933
S5,27.3,37.4,97.2,1.74,74.9,100.8,65.0,66.3,-0.5618173093006985
S2,51.7,37.0,94.2,164.47,10.3,115.1,73.0,60.2,1.625072134477132
S1,42.6,39.3,73.6,168.14,82.3,109.5,71.2,88.7,1.402729611925493
S1,49.0,36.8,78.6,160.63,112.0,125.1,84.2,70.2,0.06843900665764335
S4,82.0,98.6,163.7,157.06,147.3,145.9,85.1,46.3,2.1174129486884032
S2,71.9,38.6,68.4,165.65,6.3,129.2,75.7,95.0,2.9369338778206266
S4,49.6,97.6,136.9,160.54,124.5,106.3,70.9,59.0,-1.2755003495215294
S3,44.2,36.5,48.8,169.42,72.2,92.5,149.9,39.2,-0.8722524409928638
S3,45.6,36.7,92.2,182.37,77.1,76.9,123.2,31.6,-0.7231821241057678
S4,39.1,98.8,153.7,165.21,120.6,120.1,81.7,59.6,-1.360616576031543
S3,50.1,36.9,94.2,173.3,99.2,80.3,129.7,28.7,0.06369305057558733
S4,56.9,97.5,150.1,160.76,112.7,147.0,89.4,73.5,0.00431323304553366
S5,39.7,36.9,114.2,1.96,194.8,103.5,69.1,57.3,-0.3277144207526963
S4,63.1,97.8,132.0,171.92,181.9,133.8,77.7,68.9,1.5824936106732999
S2,62.3,37.0,100.6,186.45,9.1,119.9,66.4,55.4,1.7817192970711164
S1,60.3,36.5,70.6,163.17,104.8,110.8,85.3,88.4,-0.3837280424715699
S1,59.5,36.8,63.6,178.96,91.1,100.4,68.2,54.7,-1.5756538669148963
S1,35.4,36.3,102.2,178.08,131.6,145.8,90.1,102.9,1.8253037251388178
S2,51.7,36.8,74.7,166.81,7.8,120.6,74.1,87.3,0.6878528191240841
S5,62.9,36.9,61.8,1.61,101.6,114.5,71.9,67.2,-1.2674922242890156
S1,51.7,36.5,68.6,169.84,143.5,134.7,89.0,71.2,0.3779492000243926
S2,60.2,37.0,56.7,153.01,7.1,126.2,73.9,77.7,0.41798499092049435
S2,74.8,36.8,83.4,182.28,6.6,148.1,92.0,68.3,1.0471194313159145
S1,66.9,37.1,63.6,161.0,70.6,127.1,77.3,69.5,-0.7084068479946499
S1,61.9,36.8,107.6,187.74,71.4,137.1,85.5,66.6,-0.09858137743607642
S1,63.8,37.0,47.7,152.57,88.8,125.0,82.4,71.6,-0.4998749857902585
S1,60.8,38.8,56.9,162.25,72.0,120.1,75.6,86.2,0.09536947092862214
S4,86.9,98.2,155.0,159.53,113.7,157.1,94.2,78.3,1.6409021475827603
S2,39.2,36.3,96.6,170.39,6.1,108.4,81.2,83.0,-0.5158682028837416
S3,18.0,36.7,51.4,168.61,144.4,63.5,97.5,28.0,-2.7035134690151557
S1,60.3,36.7,97.4,164.65,92.9,140.8,87.9,79.3,1.7863362915589136
S1,67.0,36.9,72.6,159.21,133.1,127.6,83.7,91.7,1.5610357765571172
S3,39.2,36.5,82.9,167.29,92.5,81.9,121.0,29.8,-0.9091849958945288
S1,51.7,37.0,52.8,168.0,145.9,138.4,83.9,80.2,-0.25753116063987136
S4,62.5,101.9,214.3,181.22,137.8,117.7,74.3,88.5,2.0813248964758237
S1,55.6,37.0,70.4,168.6,127.3,146.6,86.2,76.9,0.6313159714716214
S4,66.2,101.4,163.5,158.26,113.6,127.1,84.3,92.8,2.1048855631655417
S3,50.5,37.0,64.4,161.97,118.8,68.3,101.5,37.8,-0.4822741412418468
S1,44.7,36.9,71.4,179.72,105.1,122.8,73.8,74.2,-0.9683846937079473
S2,65.7,37.0,103.1,180.35,5.5,135.2,85.6,70.8,1.0348933853156908
S1,47.4,36.8,65.6,168.02,122.8,121.8,91.9,67.0,-1.6215261693615288
S2,47.9,38.7,83.4,166.8,7.4,108.7,65.2,67.1,1.7023407837195772
S3,60.5,37.0,79.9,167.62,124.3,77.4,132.7,47.3,2.0695048435596317
S2,60.0,36.9,105.1,177.33,8.6,145.1,92.8,90.7,2.295612341992613
S1,44.5,36.9,82.9,160.81,59.7,130.1,77.9,79.1,-0.5655205681200344
S1,56.3,36.4,85.4,167.53,123.2,124.4,77.0,78.5,1.000284657358633
S1,67.1,37.0,77.8,154.82,98.6,126.1,76.7,74.4,1.3725574882438902
S2,73.8,38.9,68.4,161.21,5.7,133.7,84.2,88.8,2.636682559492766
S1,36.8,36.7,89.2,176.46,120.6,97.4,57.3,76.6,-0.07087186027283254
S3,23.7,36.9,63.3,168.15,132.6,80.0,120.0,36.9,-1.4345117397840623
S2,54.7,37.2,72.2,169.53,8.0,130.2,82.3,85.9,0.9805854964038934
S1,72.7,36.7,83.5,163.99,148.4,128.9,88.1,76.2,1.0997795026439472
S4,78.2,98.3,148.4,167.98,177.0,162.4,89.0,76.2,2.809053563632055
S2,53.6,36.9,74.2,167.28,5.3,128.3,82.0,52.0,-0.924104864636882
S2,88.6,38.4,103.6,185.19,8.3,131.2,82.3,75.9,3.1452986462875363
S1,45.0,37.0,54.4,172.47,131.0,121.0,76.6,82.6,-0.1404396033816191
S4,39.3,99.9,188.4,174.35,112.7,114.1,75.8,91.0,-0.5512008976688575
S1,43.8,39.4,79.7,187.71,139.6,142.4,90.6,97.1,2.636681178974345
S1,75.0,36.7,107.3,169.93,122.5,145.1,94.0,69.2,1.885846067646532
S1,43.3,36.9,73.0,171.69,93.2,127.0,75.4,72.3,-0.18248265406284764
S4,70.5,98.0,225.6,161.52,92.2,129.8,78.0,94.4,2.78077409413797
S1,50.3,36.8,60.6,171.15,117.1,135.1,94.4,86.2,-0.8714905504267818
S3,32.5,37.3,77.0,169.11,97.3,79.6,126.5,35.2,-0.4112081331897087
S4,44.8,101.1,251.2,174.29,153.5,132.4,82.8,81.8,2.972622354111927
S1,52.9,36.9,83.1,174.81,89.5,129.4,73.5,75.2,0.6424640103302639
S1,69.9,36.5,72.5,158.87,96.4,138.2,80.8,74.1,0.9056697592701919
S1,50.7,36.7,76.4,173.58,58.1,120.6,77.4,53.9,-1.2840026962272988
S1,29.9,36.4,85.4,168.67,95.2,125.1,79.4,74.8,-0.9474981416326788
S2,71.5,36.8,90.5,180.78,6.8,166.4,83.1,71.9,1.6501038525666847
S1,49.1,37.2,84.4,171.6,142.0,118.2,74.5,70.4,0.13573403789060864
S4,81.4,98.1,212.6,169.5,138.5,137.9,86.3,86.7,3.01584476116797
S4,56.8,98.1,180.0,169.68,263.3,117.5,67.6,97.2,2.537808321033134
S1,33.6,37.0,63.3,162.6,107.9,117.6,69.6,81.2,-0.05029771057189547
S1,39.9,36.5,95.4,186.63,115.8,122.7,85.9,76.6,-0.908020180699757
S3,44.0,38.5,101.4,166.62,112.5,72.6,108.6,33.3,1.4349422911894532
S1,62.2,39.2,71.7,148.82,152.2,127.8,60.6,92.1,4.650023634507953
S4,66.1,102.6,198.1,175.05,108.8,141.7,87.5,103.5,3.5216495130390353
S1,62.2,36.6,81.8,171.55,120.2,115.6,61.4,93.5,1.8943386792303134
S1,74.9,36.8,79.4,183.46,99.5,122.6,74.9,86.0,1.0514708126529697
S1,57.5,37.0,88.5,172.03,184.8,136.3,97.4,69.4,0.8317365644827658
S5,38.8,36.8,54.8,1.57,69.6,83.9,63.9,83.7,-2.182019797479982
S1,43.4,36.2,68.7,167.95,50.5,128.2,82.0,84.9,-1.6370918291564753
S3,42.2,37.0,76.1,174.73,119.8,80.6,120.1,32.9,-1.497533952102675
S3,68.0,36.5,114.1,185.02,89.5,84.0,141.8,43.2,1.2530961053098673
S1,47.4,38.4,69.3,168.13,96.9,129.8,77.9,92.0,2.1900035266656603
S2,69.6,39.1,77.3,166.35,13.5,123.6,78.4,103.1,5.756648810562755
S1,53.9,37.0,73.2,185.55,76.7,99.9,72.5,76.9,-1.357310590647181
S1,68.8,36.7,75.8,189.67,114.5,137.6,90.6,67.9,-0.9511013802831525
S1,56.5,36.9,50.4,169.69,113.6,109.5,70.0,59.9,-1.159538637932386
S4,47.5,98.4,167.6,155.93,134.5,144.0,90.9,62.4,0.8844771486827754
S1,49.1,36.8,74.1,160.32,244.1,129.7,87.5,69.6,1.1493510411416519
S2,53.4,37.1,60.3,152.81,6.4,124.9,73.8,72.3,0.5544245889280245
S1,46.9,36.4,85.5,185.61,72.1,120.2,74.8,72.6,-1.1188891677488357
S3,24.8,37.2,68.8,180.89,84.9,75.6,115.1,34.4,-1.954047150597496
S2,71.0,37.0,92.0,181.36,4.5,137.1,69.1,73.0,0.7612164958592185
S1,36.5,36.5,67.9,183.02,125.4,92.5,66.9,83.9,-1.4503371296286474
S2,55.2,38.8,74.1,164.22,5.1,114.0,90.6,78.0,0.7030461108983742
S4,54.6,98.6,210.7,172.81,102.0,119.2,76.7,90.7,0.4756659823727355
S2,51.3,36.9,89.6,172.43,5.6,118.8,69.8,89.7,0.9190414694304807
S4,53.8,102.6,144.2,167.71,128.8,154.8,85.1,92.5,3.214838714887627
S2,70.8,36.2,101.9,181.42,6.3,114.2,86.3,78.3,0.2290148074532643
S1,52.4,36.4,72.5,171.21,83.3,123.5,78.4,82.5,-0.31926405882033326
S4,66.1,98.9,194.5,194.14,59.3,138.7,79.0,81.1,0.4599768201670035
S1,50.3,37.0,48.1,167.35,114.4,116.5,68.2,82.0,-0.27658082400409084
S2,50.7,36.7,66.1,167.27,7.1,134.9,80.4,67.8,0.657982687536973
S1,78.0,37.1,99.6,176.64,108.6,132.6,76.3,74.8,1.7599869587382877
S3,33.7,37.4,96.8,180.15,119.3,86.2,135.2,29.5,-0.590390567575171
S4,32.4,98.2,195.8,173.51,153.1,122.8,79.3,93.1,0.12827475617846082
S1,41.0,36.2,72.3,171.73,81.1,107.5,64.8,77.2,-1.2992912898250217
S1,57.8,36.8,67.4,191.82,153.1,136.5,93.2,57.0,-1.071018674439069
S3,39.0,38.6,59.5,163.98,105.4,78.4,124.1,40.9,0.11012749685251634
S3,46.8,36.4,59.4,164.6,73.5,72.6,110.2,33.0,-1.729438543414488
S1,53.0,36.6,100.7,189.43,142.5,129.2,72.6,51.9,-0.028485513934982443
S1,51.6,36.6,81.8,171.78,99.7,155.9,88.3,70.0,0.26573942880763796
S5,26.3,36.9,57.9,1.69,83.7,126.6,82.9,92.4,-1.9920090725856028
S2,74.5,36.6,71.5,171.84,5.5,142.6,76.3,75.4,1.2634942124549164
S2,67.0,36.2,65.1,147.94,7.5,119.7,82.2,75.1,-0.26361215557019835
S1,41.4,36.2,64.1,173.62,91.6,134.1,82.0,78.9,0.1314200883579114
S2,62.7,38.5,91.5,169.2,6.0,126.4,72.1,67.5,1.5064784170230394
S3,32.1,37.8,56.8,167.78,83.4,69.1,91.7,45.0,-1.5263469345537546
S1,69.4,37.5,57.2,159.78,102.5,120.3,71.7,74.5,0.3787539698007647
S4,50.3,98.7,244.9,180.65,139.7,111.1,85.9,66.2,0.9155717571456911
S3,60.3,37.0,68.8,164.95,89.6,86.6,138.8,31.2,-0.050178025259122086
S1,75.2,37.3,79.1,167.4,114.2,143.2,89.9,89.6,1.449465627377318
S3,35.1,36.6,85.3,163.67,98.1,64.9,104.1,42.1,-0.2640150336318988
S1,59.8,37.4,71.5,168.09,113.3,140.6,81.6,64.8,0.14700726733530056
S1,49.0,36.8,96.1,178.2,80.2,82.4,62.4,76.6,-0.10761551541256109
S1,67.2,36.8,96.5,180.63,104.4,113.1,71.0,75.0,0.34985601311882986
S1,54.3,37.3,79.9,173.61,141.8,139.4,86.3,76.3,1.1276294784582876
S1,69.3,38.3,53.1,176.04,114.6,146.6,92.3,94.2,1.0056533541525128
S1,39.5,37.1,86.1,177.62,103.9,116.6,66.0,91.2,-0.36449770958988975
S4,81.2,102.3,177.2,172.96,91.4,136.2,92.2,77.5,2.67289808843619
S1,47.3,37.0,90.3,165.94,89.9,104.1,69.8,76.8,-0.2712946032446167
S3,60.4,37.4,103.6,179.91,94.1,74.5,116.8,41.7,0.703918080748448
S1,36.5,37.2,82.3,183.58,85.4,107.4,67.9,65.7,-1.9007150460498412
S2,46.8,37.2,98.8,194.05,5.8,112.0,81.3,77.1,-0.12781641727471404
S1,49.7,38.5,71.2,154.3,85.8,115.5,61.8,80.7,1.9672417150938357
S3,27.5,36.7,50.0,159.36,114.2,76.3,122.3,34.6,-1.3744234569721703
S4,77.0,101.0,186.0,165.97,76.5,113.6,65.0,71.6,1.8685086086202682
S1,43.6,36.9,91.0,183.21,111.9,135.7,75.8,88.9,0.2744333663441706
S2,44.0,37.9,124.0,186.36,5.7,123.4,78.1,109.0,1.5158196446987369
S2,62.8,36.8,97.1,184.98,6.8,131.2,76.9,65.7,0.6397969949932547
S1,42.2,36.6,59.9,170.28,82.2,118.9,87.3,88.4,-1.9734067848254804
S2,81.7,37.1,89.6,170.55,6.3,150.8,95.7,92.4,2.9675404459125945
S1,48.4,37.2,71.2,160.19,120.3,106.1,69.5,64.6,-0.6565934587898847
S1,28.3,37.2,91.8,167.87,52.8,135.2,78.7,87.6,0.03660872023574163
S1,48.6,39.2,68.0,167.9,179.0,113.8,76.8,76.4,1.53868528936124
S3,55.7,36.5,89.6,187.05,105.5,84.6,119.7,38.8,-0.942547776319058
S4,75.8,98.3,164.2,159.81,95.0,141.5,87.2,79.2,1.5746504861409358
S1,73.5,36.5,70.4,181.19,77.7,154.6,79.4,69.0,0.28700883451477915
S2,79.2,36.4,94.7,176.74,6.2,138.4,72.4,73.4,2.5799683901585206
S1,23.9,37.4,98.0,178.15,118.3,111.2,76.5,62.2,-1.1951878620620655
S3,24.1,36.2,59.5,178.55,125.0,83.1,125.7,34.9,-2.3658693921754606
S3,48.9,36.6,83.5,177.56,97.6,89.0,129.5,31.2,-1.651546128199095
S3,59.7,36.9,83.8,179.77,99.6,87.3,144.3,39.5,0.7047782087681254
S5,36.2,36.7,110.1,1.75,140.8,106.6,77.7,77.0,-0.4294383542060983
S1,46.5,36.3,71.2,174.28,75.2,112.6,75.0,65.2,-2.4516144104923354
S3,32.4,36.4,73.9,178.54,120.5,74.1,120.5,35.6,-1.096493818630133
S2,67.3,35.9,58.1,156.58,9.9,139.4,85.9,76.1,1.209387499479435
S3,69.1,37.0,64.2,167.05,136.2,83.5,127.4,35.5,0.23181729636601636
S3,31.1,36.5,60.5,155.0,81.3,64.3,96.8,44.2,-1.187471166979486
S2,70.1,38.0,64.4,162.2,6.6,135.4,84.5,97.0,1.7832010955610755
S1,48.2,37.1,72.9,167.35,133.3,120.4,77.3,91.3,0.5013972589310797
S5,18.0,36.4,74.7,1.86,63.7,102.9,76.6,56.5,-3.7714037968026286
S1,40.0,37.0,48.7,156.07,114.3,132.4,75.0,66.9,-0.36879978526340645
S4,40.7,97.9,183.7,165.27,119.8,121.1,75.0,75.1,0.3654569421631912
S5,18.0,36.8,62.9,1.57,92.5,93.6,73.6,81.7,-2.845824735873051
S1,63.4,36.5,87.8,172.43,166.7,116.5,75.1,68.7,0.5239877629949155
S4,71.1,101.4,228.6,175.12,189.9,151.6,85.6,101.5,5.501521943719317
S4,52.4,98.4,197.1,166.57,178.8,132.2,90.0,69.0,1.868183307150891
S4,64.7,97.5,204.3,179.38,119.8,128.6,72.5,74.2,1.6050862486721746
S1,59.2,36.7,99.3,196.15,102.7,145.2,90.3,89.2,1.1356010900861493
S4,85.7,97.9,214.8,179.35,141.6,133.5,82.2,61.1,1.7616278382527466
S2,27.8,36.8,62.9,173.69,9.5,114.7,73.3,93.5,-0.17982767581273945
S1,41.9,37.0,71.7,166.18,122.9,127.9,87.2,77.8,-0.9737507333676012
S1,48.4,36.8,69.2,189.01,140.8,147.6,97.1,73.6,-0.1696468150824765
S1,66.0,36.6,59.8,152.41,68.8,132.7,85.1,86.2,0.33067735289933603
S2,76.0,36.5,91.6,182.55,6.9,131.6,69.4,81.4,2.670582230005932
S2,52.0,36.8,94.9,178.94,7.0,138.2,87.8,77.8,0.4335726466058656
S1,47.1,36.8,96.2,171.87,119.6,110.1,79.7,87.8,0.04888029587254725
S5,18.0,38.6,50.7,1.58,111.2,117.8,79.0,71.5,-1.610302753028766
S2,58.1,37.0,79.3,173.8,5.9,98.1,60.0,93.5,-0.24831250433554675
S2,82.5,38.8,82.7,165.81,7.1,144.1,82.0,76.4,3.51534008173975
S2,39.0,37.2,111.7,179.71,9.4,146.7,87.3,60.7,2.6368223202314223
S2,88.2,36.9,91.6,176.67,8.7,143.3,85.3,62.8,2.6948336982672636
S1,50.7,36.7,68.7,163.81,140.4,125.8,96.9,85.9,0.46770722360655204
S3,54.6,36.5,45.6,170.6,101.6,79.7,146.9,28.4,-0.4047197396916596
S4,85.8,98.3,209.5,174.88,136.3,154.1,99.3,80.9,1.9753660586002442
S1,72.5,36.7,95.1,182.24,88.6,141.6,92.1,77.6,0.6831800587970287
S3,56.6,36.5,93.6,164.23,92.9,84.7,120.2,31.8,0.32949214182238823
S1,46.6,39.5,53.9,159.48,129.2,130.9,85.5,87.9,1.594673913567814
S5,43.7,36.5,68.9,1.74,93.8,111.6,77.3,0.0,-0.9509854708403938
S1,70.1,38.3,68.7,166.65,86.3,133.8,94.2,86.9,0.8430595822335937
S1,50.2,37.6,80.2,172.53,70.4,114.4,83.6,80.5,-0.6471095237540763
S1,58.2,37.1,57.9,160.82,90.9,113.6,64.6,69.3,0.18758592595662626
S2,64.2,36.6,84.7,175.61,7.3,134.7,96.9,89.8,0.8783986490672399
S2,36.2,36.8,90.3,164.86,5.5,125.0,76.3,83.6,0.8181225879219058
S2,69.0,36.3,80.8,159.1,7.9,122.1,70.3,99.0,2.8853325329066424
S4,68.4,98.1,154.3,164.11,105.6,130.2,77.5,86.3,1.0990136888308046
S1,50.7,38.6,83.7,171.44,94.8,115.0,64.6,97.8,1.037843787891235
S1,54.3,36.4,119.0,175.04,98.3,120.0,85.4,93.2,0.29141190029313924
S1,37.6,37.1,53.1,152.9,119.5,119.6,75.5,64.3,-1.5342416085668829
S1,59.8,37.0,82.9,176.6,89.7,108.4,76.2,59.0,-0.4467405806865037
S2,64.3,36.6,94.6,169.92,7.5,107.4,60.4,73.4,1.0864241761122666
S1,51.7,38.5,76.0,162.95,87.5,121.9,81.1,83.7,1.4084580718679627
S2,88.1,37.3,91.9,183.79,5.4,136.4,91.3,104.4,1.2541098447985313
S1,56.4,36.7,59.1,187.29,111.8,125.4,59.8,57.7,-0.735237499433993
S1,46.9,36.2,97.8,182.05,72.9,128.4,76.0,66.7,-1.0426378556439395
S2,62.5,36.9,84.5,163.61,8.2,136.9,79.4,76.1,1.8921057140265678
S1,68.1,36.8,92.1,179.34,106.5,114.1,76.7,83.3,0.6178471519716612
S2,65.2,36.9,60.9,184.97,6.4,136.9,91.3,71.7,0.12410091633918174
S1,54.1,37.1,83.8,166.13,98.5,113.8,75.0,64.2,0.7639287480329519
S1,49.8,36.6,82.7,165.97,106.6,112.5,69.7,70.7,-0.8534121115171046
S2,78.4,36.8,86.0,174.27,3.7,146.9,85.2,75.1,1.4671554403677567
S4,57.2,99.1,161.9,161.83,146.5,122.7,79.2,72.5,0.3939718518972464
S1,70.0,39.3,110.9,181.57,86.2,141.3,76.9,100.5,4.036872485279504
S1,31.9,36.9,87.6,190.77,101.7,128.6,90.2,94.2,-1.1011924273623215
S1,52.4,38.9,57.8,174.57,110.8,95.1,62.9,75.4,0.17054044270738572
S1,57.1,36.9,50.3,167.88,98.7,115.3,67.4,69.1,-1.4708611587710734
S2,43.4,36.2,88.7,162.35,4.5,113.6,57.8,66.3,0.1756638104245334
S3,41.1,36.9,88.0,187.32,128.1,83.6,135.3,41.6,0.5590252926028689
S2,69.8,36.8,91.9,183.69,7.0,97.8,63.9,78.8,0.006943490498928895
S1,49.3,36.6,47.6,163.88,102.5,110.6,61.4,77.8,-0.8515273210272789
S1,76.7,36.7,103.8,175.31,116.6,148.1,99.6,56.8,1.184518336439037
S3,49.9,37.2,96.5,180.64,88.3,86.1,130.7,33.5,0.44312756038707096
S1,74.1,36.6,78.5,168.35,93.2,113.9,84.6,56.8,-0.6470122890647089
S1,49.5,36.7,61.2,153.93,113.9,112.5,60.8,99.7,0.0027858128456683673
S2,66.7,36.9,64.8,168.83,4.7,136.1,79.5,85.2,0.8646723239716343
S1,41.4,37.1,74.5,166.67,67.0,130.4,77.0,79.4,0.28331583869527216
S2,78.9,36.9,61.4,150.21,5.4,126.8,78.0,81.3,1.4887503164457518
S1,39.8,37.1,81.8,154.75,123.1,116.1,84.2,80.6,-0.3340253533427897
S1,44.4,36.7,77.7,161.28,96.8,123.0,83.6,65.0,-0.7873447500644715
S1,63.8,36.8,69.6,167.46,84.3,145.3,97.0,76.8,0.26148345984034704
S2,67.1,36.8,75.5,167.52,3.7,134.8,83.0,83.7,0.3849760491127875
S1,52.7,36.6,101.6,176.53,114.5,119.8,77.7,64.3,0.022920613593391342
S2,54.5,37.0,60.0,163.85,4.4,134.0,95.1,67.4,-1.5348370702751437
S1,44.6,37.0,77.1,156.75,82.8,114.7,78.4,79.3,-0.46882212538715007
S2,60.8,36.8,88.3,171.13,6.9,132.1,88.0,73.8,0.5464450754201725
S4,49.5,101.2,136.9,163.6,146.3,100.0,74.3,95.5,0.27818071924251436
S1,56.9,36.6,56.7,157.31,95.1,117.1,86.1,67.4,-2.10301879810636
S1,68.9,36.6,79.3,166.51,100.6,134.1,75.3,77.6,1.5010124104285212
S1,51.0,36.7,62.8,172.09,58.9,104.3,65.0,73.4,-1.268465284441525
S1,46.4,36.6,49.1,158.94,59.8,104.9,64.9,89.8,-1.2808326488004242
S1,58.3,37.3,68.8,162.11,128.1,116.4,70.4,68.0,-0.1263090676412406
S1,33.3,36.7,69.6,175.32,180.7,123.5,74.7,79.3,-0.2584849371356313
S5,49.3,36.9,60.1,1.61,150.7,114.4,66.7,76.4,0.3943307470306423
S4,69.5,98.3,125.9,159.8,150.6,115.7,69.1,74.0,0.7921436252752609
S4,45.9,97.3,155.2,146.3,183.0,107.0,78.4,88.2,0.914529159287142
S4,61.7,99.2,192.6,166.28,192.2,138.3,79.8,71.1,2.143475418732915
S2,34.3,37.0,61.0,167.9,5.2,102.6,72.4,66.3,-1.748785705172649
S4,33.8,97.8,224.5,177.4,135.8,114.6,78.2,64.2,-0.38560856749890904
S3,29.4,36.8,84.5,180.61,109.5,85.0,105.0,34.2,-1.65631226767749
S3,53.4,37.1,75.6,162.02,109.4,70.3,120.7,49.2,0.6960799298603174
S1,50.2,36.9,63.7,181.36,144.9,113.1,72.4,53.8,-1.256728091665259
S3,37.3,37.1,94.9,175.27,157.2,80.9,122.6,39.8,-0.49812585290403255
S1,29.2,36.7,77.6,172.01,87.4,92.9,72.9,62.0,-2.3798374783502587
S1,59.5,36.7,80.7,180.5,118.6,139.1,90.4,68.6,-0.8575866584463554
S1,36.0,36.7,86.1,166.22,123.8,103.3,71.3,72.8,-1.0019851376220699
S3,45.1,36.6,71.8,160.09,107.4,79.2,128.5,36.6,-0.037899441648469194
S3,54.7,36.6,73.6,165.17,88.8,80.0,133.8,39.4,1.3383567656963118
S2,81.9,36.3,85.3,170.58,6.7,137.1,88.6,77.9,2.015631919246599
S5,47.2,36.3,61.3,1.68,79.0,115.2,78.7,72.3,-1.5631740171170687
S1,66.8,37.0,86.7,168.06,117.5,122.7,66.0,89.8,1.9314910360036808
S1,57.5,37.2,55.7,168.7,124.0,113.5,72.6,92.5,-0.5500371954542354
S4,79.4,98.3,170.5,160.1,152.7,122.0,81.3,62.5,1.729315510616984
S1,78.2,37.1,76.4,167.33,96.9,149.2,87.8,67.9,1.535187173066003
S3,18.0,37.6,68.1,156.66,69.1,74.3,121.0,41.7,-1.8344660514382516
S1,34.3,38.6,76.2,177.64,138.7,113.0,73.4,69.0,0.2179059609282425
S3,41.8,38.2,65.8,156.4,137.3,74.8,108.4,51.0,0.7439986838038216
S3,41.3,36.7,85.1,177.3,92.9,67.5,118.1,35.2,-0.3369943286755532
S2,33.0,36.7,87.4,170.43,7.1,116.0,76.1,64.0,-0.33407579993611736
S3,50.1,36.3,82.7,177.92,69.1,72.6,106.2,37.4,-1.4144390774168685
S2,60.4,36.8,67.8,160.36,8.4,127.8,77.1,68.8,1.0815207593436544
S1,48.5,37.2,64.1,165.47,68.6,122.5,86.2,83.6,-1.626391887166998
S1,84.1,36.9,55.9,155.98,109.1,144.9,73.5,84.9,0.8332447362251003
S1,59.2,36.5,68.1,170.42,109.1,147.0,92.1,80.0,0.057097224662072565
S4,76.8,98.5,150.0,172.96,126.3,150.7,81.3,100.7,2.122885479043367
S2,59.6,36.6,61.7,167.87,7.1,107.3,79.4,79.4,0.04153097373827175
S4,68.1,102.0,155.3,158.44,172.4,136.6,78.2,91.0,4.002765346948429
S4,67.2,99.5,118.1,169.45,131.7,129.5,73.1,96.2,1.5448985628003327
S3,70.9,37.4,99.9,187.96,84.0,81.4,138.9,36.2,0.878113568892857
S4,50.8,98.4,186.6,188.28,118.5,133.7,82.8,85.5,0.0817483415742774
S2,78.9,36.7,99.4,184.28,6.6,147.6,84.2,69.3,2.080847278057573
S1,50.6,37.1,78.9,165.57,103.9,142.9,92.4,84.1,0.756303164369722
S1,44.8,39.2,93.8,176.98,122.5,127.3,77.4,76.6,1.7638498592847456
S1,30.2,37.0,67.8,167.36,99.2,98.0,65.6,82.2,-2.027256608368976
S2,61.4,36.8,76.7,179.95,8.3,141.6,88.0,65.8,0.9642944846418569
S1,62.6,36.6,72.7,162.71,142.6,144.3,95.4,62.1,0.7554380975237712
S4,53.9,98.2,184.3,178.24,112.4,131.7,77.9,92.1,1.7131953737752943
S2,55.9,37.2,60.1,161.99,6.7,124.2,84.1,72.8,-0.7582482347578188
S2,95.0,37.0,88.7,167.31,7.7,150.9,93.2,70.0,2.783856782743076
S2,38.8,39.5,110.0,176.14,6.6,106.1,79.5,78.4,1.887616083789577
S3,39.5,36.7,75.1,158.54,152.5,91.6,126.8,35.4,-0.3247805622032824
S2,71.7,38.2,81.0,172.06,4.6,131.9,75.2,90.8,2.029301287843524
S3,38.2,36.5,56.8,164.56,58.3,81.7,108.1,38.7,-2.521179096427384
S3,60.4,36.8,65.1,159.63,106.5,75.7,121.5,34.4,0.04531552162993305
S2,60.8,38.8,75.9,162.86,5.9,131.1,92.3,85.6,2.2988222715753364
S2,51.0,37.3,82.2,178.82,5.5,139.6,75.4,75.7,1.504041015608452
S3,21.2,37.5,48.4,167.68,64.7,69.0,102.6,31.5,-3.544282685934498
S1,69.1,36.7,76.0,172.71,151.1,147.9,94.7,90.3,1.6338614401012828
S3,31.6,36.8,94.7,187.06,103.5,70.7,116.8,35.4,-1.0068889508227559
S3,50.4,36.6,50.2,159.04,50.0,88.3,135.8,37.0,-1.482526737821971
S1,41.2,37.3,69.3,156.58,87.0,102.5,64.0,72.2,-1.508366613579852
S1,71.4,37.5,65.9,168.71,126.9,131.8,75.2,76.6,1.2278161488476307
S1,45.2,37.2,64.1,167.44,87.1,117.2,82.0,74.3,-0.7562999387593805
S1,60.1,37.3,47.1,159.22,120.6,156.8,88.1,80.3,0.6315054079747554
S1,49.1,36.8,49.6,170.94,116.0,136.2,84.3,72.9,-0.771537511324971
S3,42.2,37.0,69.6,164.05,70.2,74.4,114.2,42.1,-1.4864642754039112
S1,54.0,36.9,54.0,163.19,72.8,117.4,84.2,73.2,-1.9809897659261133
S2,60.7,36.7,93.7,167.97,10.0,115.6,67.0,59.2,1.9242359999137746
S4,68.5,98.3,182.6,166.83,169.7,131.6,76.7,69.7,1.7260394011665778
S2,84.5,40.1,103.8,172.54,7.4,137.2,74.2,82.9,5.0424949051392245
S1,35.8,36.5,75.9,169.35,106.5,119.9,74.2,76.7,-0.9450267403513464
S3,54.6,37.0,54.3,172.15,67.6,80.7,117.4,39.7,-2.053473383253454
S1,41.4,37.5,44.9,172.92,154.4,116.9,76.9,77.3,-1.1038593971643105
S3,18.9,36.6,82.3,164.34,106.5,57.1,86.2,37.5,-2.5240063814854428
S2,53.6,36.7,93.3,178.59,9.7,135.3,100.2,75.8,0.9625783296287744
S1,45.2,38.5,70.2,171.51,103.4,110.9,68.9,82.7,0.30373240453411077
S5,18.0,36.7,54.2,1.56,70.7,106.9,68.1,66.2,-2.7672914140741818
S1,65.1,36.4,65.7,159.31,79.9,130.7,87.2,82.5,-0.10486401355785323
S4,60.4,98.7,114.7,171.83,104.7,143.3,80.9,68.9,-0.23714112073311192
S2,51.0,37.3,100.5,172.25,9.9,113.6,83.6,89.2,1.6540797497880315
S4,85.5,99.9,152.2,169.16,112.7,162.3,88.1,85.2,1.8839080393081176
S1,40.2,39.0,82.9,163.94,87.6,113.6,93.4,67.0,-0.006330535817878347
S1,42.6,36.9,78.1,170.39,103.7,108.5,76.4,84.1,-0.966425479068556
S4,85.9,101.2,188.1,162.63,145.9,135.4,85.5,78.1,3.409759063655134
S1,38.6,36.9,64.9,162.49,99.5,107.4,72.4,67.1,-1.5986346247922099
S1,64.6,36.8,57.9,155.85,106.5,145.8,91.2,81.2,0.9277983630311206
S3,39.3,38.0,72.7,171.19,113.6,99.9,140.8,45.5,0.15802653321616256
S2,61.3,37.1,79.4,151.98,9.8,124.4,74.6,94.3,3.1872354193506576
S1,78.4,36.7,81.4,166.56,97.9,147.8,88.2,78.9,1.4863698463199064
S1,31.0,36.8,68.5,177.63,65.8,120.7,88.8,88.6,-1.6675906589690146
S1,53.6,38.9,47.5,160.69,111.2,119.6,87.3,106.7,0.3711467837452717
S1,53.3,36.7,85.1,158.59,105.0,127.4,73.6,68.5,1.3436414451792302
S1,44.9,36.8,75.2,166.94,123.3,127.5,78.0,87.9,0.6771413014718535
S3,18.3,37.1,74.4,163.51,121.4,75.8,112.9,31.8,-1.1208670715950588
S2,54.3,36.5,57.4,163.06,9.5,134.8,82.0,83.3,1.0823319048661393
S2,58.0,36.9,64.9,169.14,6.0,133.4,87.3,78.4,0.021129837307484606
S3,41.2,36.9,70.7,168.31,96.7,83.3,126.0,35.8,-1.52464679812498
S1,65.0,36.6,79.3,176.35,127.0,134.5,70.8,74.2,0.25199391471242216
S4,58.0,101.1,166.4,166.57,141.6,131.3,78.5,80.6,2.225663467598491
S4,51.4,97.8,204.5,176.31,107.0,139.7,88.3,83.5,0.9088002820294336
S3,62.9,37.0,57.3,173.99,92.4,75.1,140.0,33.6,-0.38999723960555943
S1,74.3,37.0,104.1,169.88,113.5,128.9,75.6,73.7,2.549400402468103
S5,39.4,37.0,86.6,1.78,106.9,102.4,82.4,69.7,-1.695920690520376
S2,49.9,37.5,116.4,179.97,7.7,145.5,85.4,80.5,1.917733219549434
S3,46.9,36.6,70.7,164.38,75.6,68.3,121.0,40.3,-0.08104036086692869
S1,66.9,36.5,59.7,173.06,101.6,143.8,89.7,80.1,-0.35310015863910466
S1,50.4,36.5,85.4,174.4,140.4,129.4,77.4,78.8,0.890734453879098
S1,63.4,36.5,70.0,175.57,94.9,139.8,80.1,74.8,1.0879187859109878
S1,60.9,36.6,85.2,183.57,106.2,124.6,74.2,94.7,0.22642987550470106
S3,38.8,36.7,91.7,184.04,78.6,82.8,110.7,24.6,-2.9714173028735242
S4,52.6,97.6,199.3,166.08,190.0,138.2,89.6,75.4,1.470758992612288
S2,84.4,39.2,78.2,162.31,8.1,147.7,88.2,78.9,4.129201333032972
S4,75.2,100.0,261.3,173.84,70.3,134.0,83.0,96.6,2.8359741378177077
S2,52.0,36.8,61.1,160.39,9.2,131.6,85.4,70.2,0.15502281668031495
S2,41.6,36.3,79.0,170.61,5.5,111.5,78.3,86.9,-0.41329525311290016
S1,28.5,39.6,83.3,168.75,112.9,91.6,67.9,88.2,1.3236973718854521
S1,54.9,36.6,58.0,166.34,98.9,119.7,62.1,99.9,1.5480249036188924
S5,30.1,36.8,56.5,1.65,143.7,111.1,64.3,43.3,-2.703214132800807
S1,60.4,38.2,119.2,184.73,112.1,144.8,83.0,92.4,3.3671789747667225
S2,56.6,36.9,93.5,182.42,6.5,113.3,81.6,75.7,0.23162179460957383
S1,51.6,36.4,70.8,166.59,85.5,123.0,70.4,93.9,0.757521970660313
S2,61.6,36.8,88.7,169.29,8.3,108.8,78.6,71.3,0.652299099058907
S2,63.0,37.0,107.2,185.99,7.3,131.8,82.6,89.1,1.5164455945439277
S1,47.3,36.7,70.1,162.69,128.4,145.7,92.1,76.2,0.4138696228783868
S2,74.1,36.6,83.6,175.75,6.0,151.1,86.3,82.8,1.1386002064087062
S3,24.3,36.4,61.2,168.4,88.2,79.8,131.2,44.9,-0.7124773073021233
S4,77.5,100.8,148.0,164.59,82.6,151.5,100.7,82.5,1.5123727250022128
S1,39.8,36.6,57.9,166.95,89.3,147.8,94.9,65.8,-1.0953018812227775
S3,50.4,36.3,73.9,165.36,83.8,59.1,105.1,29.6,-1.2319534609692782
S2,64.0,36.7,92.1,177.39,5.3,124.5,75.8,68.6,0.5524836121545615
S1,37.0,36.6,70.3,173.4,98.7,118.8,83.8,94.8,0.11279879173844498
S2,55.4,36.5,94.6,179.8,7.3,111.7,69.4,80.7,0.9596180378871653
S3,40.8,37.2,99.2,186.41,106.6,81.9,135.2,30.7,-0.2058086497799497
S2,63.7,36.9,64.5,165.62,4.5,126.7,87.7,76.8,-1.0566031853223978
S1,61.8,36.6,91.3,176.68,85.7,133.7,96.6,80.3,0.3728191589513007
S1,61.8,36.5,63.6,165.85,90.8,138.1,84.0,82.7,0.4044213705245845
S1,34.2,37.0,79.8,169.44,161.8,128.8,86.6,83.4,0.6834392017156327
S1,53.3,39.5,73.6,166.77,90.5,115.5,83.7,77.3,1.2807976961856693
S2,64.5,38.5,107.7,186.04,8.2,151.6,93.7,101.3,3.7359335112958125
S3,67.0,37.1,86.6,182.42,92.9,66.1,124.5,32.3,-0.24898138942487513
S1,82.4,36.7,80.5,161.42,108.0,145.5,79.4,74.1,2.240211563272336
S2,50.8,37.3,72.7,182.9,5.3,111.2,76.1,76.8,-1.2396168023727618
S3,22.0,38.2,67.2,170.72,129.6,77.2,101.2,48.8,-0.5382947843883111
S3,25.5,36.4,96.3,168.95,83.6,87.2,129.1,26.1,-1.0875857210955329
S2,49.4,37.1,118.0,180.53,8.2,126.8,81.3,89.8,0.7029455813344376
S3,24.8,36.7,44.8,165.96,100.3,57.1,106.1,30.8,-2.0978661076832377
S2,37.5,36.8,99.1,170.81,7.9,107.0,75.7,71.3,0.2707473744125789
S3,37.2,36.6,60.0,158.69,113.2,79.3,115.6,33.3,-1.3370519160318908
S2,67.3,38.9,110.4,172.6,6.7,148.4,87.2,95.8,4.650056918015642
S1,54.1,36.7,61.4,158.9,85.1,135.2,89.1,62.4,-0.3192505989508405
S2,46.4,36.9,68.3,166.83,6.3,140.0,80.6,64.6,-0.2965243450095716
S1,63.7,37.1,84.0,164.81,138.0,134.2,88.2,61.9,0.5059200629664693
S3,18.0,37.1,96.5,176.37,139.2,73.0,136.8,44.3,0.4270190809767961
S1,52.9,37.0,68.6,166.95,67.8,131.3,84.6,77.3,-0.09102476302970708
S4,47.2,97.8,170.3,155.77,130.1,104.8,78.7,71.7,-0.9380085542891721
S4,59.6,100.3,217.1,177.22,210.8,144.2,83.8,97.6,3.3117883804332537
S4,60.8,98.2,205.1,176.41,88.4,131.9,76.8,71.9,0.4214076746453447
S3,43.8,36.6,69.8,170.65,119.2,81.6,124.0,35.6,-1.3505296146700125
S1,36.6,36.6,82.6,182.0,120.1,124.7,74.4,71.7,-0.23763445124146465
S1,37.6,36.8,110.7,178.1,79.5,155.5,91.0,71.9,0.659698244868574
S2,39.1,36.8,83.9,178.67,11.0,108.2,71.6,67.7,-0.9359547017915052
S5,59.5,37.1,96.0,1.73,66.1,124.4,75.2,84.1,1.252316476991885
S1,58.6,39.8,85.6,169.29,123.5,114.2,74.8,88.0,3.1043754533776675
S3,47.6,36.8,87.9,177.41,206.0,84.5,136.3,43.1,1.5283937721662872
S1,39.3,38.8,88.7,172.86,65.2,112.3,70.2,90.6,0.6516004745238921
S3,33.6,36.9,65.9,167.72,183.8,82.7,106.9,31.6,-1.9049151864846714
S3,43.2,37.2,47.5,178.04,76.7,88.4,111.8,30.5,-2.808198870055196
S2,75.6,36.8,85.1,166.1,5.7,123.3,74.0,62.4,1.4503990310834185
S1,45.9,36.8,74.7,170.04,94.4,124.4,81.9,57.9,-0.3367869877241967
S2,74.3,36.7,63.3,168.51,13.1,121.9,77.7,68.6,1.4147639186753025
S2,42.1,36.7,61.1,153.17,7.0,134.8,83.7,82.9,-0.4673873663316823
S3,34.8,36.6,58.4,151.83,116.6,75.8,127.9,32.9,-1.2752940147211904
S1,57.9,37.0,57.8,174.49,86.4,118.8,70.0,86.9,-0.30252015889920425
S1,73.1,36.5,74.1,177.89,194.9,144.8,79.9,91.6,2.758383533450993
S1,51.2,36.5,96.3,177.96,100.0,123.9,73.2,83.9,0.5126112183166962
S1,52.8,38.8,83.5,182.16,87.7,103.3,67.7,85.1,1.199177159275063
S1,46.9,37.0,86.0,178.87,107.9,111.4,85.5,73.4,-1.3850058287794498
S5,57.4,36.4,69.8,1.66,66.7,130.2,81.1,73.4,-0.5129571749820945
S1,60.6,36.9,69.6,172.23,91.7,114.0,68.7,74.8,-0.43608883087354633
S3,34.9,37.3,79.2,168.97,106.0,98.3,135.4,32.6,-1.319453391616874
S3,64.6,36.8,75.7,171.77,60.1,78.3,121.0,35.9,-0.13622835452560794
S1,61.5,37.0,92.0,169.98,144.9,138.1,90.3,65.0,1.2854112231211487
S3,33.3,36.6,76.7,171.49,142.6,85.9,125.1,41.5,-0.5272011579008806
S3,51.3,37.0,57.7,154.77,82.3,73.2,114.3,39.7,-0.8944996654970105
S1,72.4,37.1,62.4,155.08,76.2,146.4,87.2,89.6,1.37319661480566
S2,71.0,36.6,65.0,176.55,8.6,135.1,82.9,76.4,0.22678452277556493
S2,33.3,37.1,85.1,164.71,5.9,102.5,65.5,85.0,-1.2335507122296985
S3,50.3,36.9,60.0,165.58,108.0,70.6,120.1,33.3,-0.5886682150800965
S2,81.8,39.1,74.0,182.19,7.2,119.6,79.0,102.4,2.9678337155627723
S2,81.3,37.6,94.2,169.18,8.3,126.3,63.5,65.1,1.749289597028775
S2,57.0,37.0,59.9,160.02,7.3,115.1,84.8,83.9,-0.09982518238784244
S4,49.0,98.9,199.4,163.3,120.1,115.7,66.2,79.7,0.39093861132911656
S1,52.2,37.0,61.1,161.33,78.0,123.9,71.3,88.8,-0.8763138290607694
S1,58.3,36.7,64.3,175.3,78.5,114.8,66.3,66.8,-0.2869989386997771
S1,75.9,36.5,78.0,184.62,99.8,145.9,76.6,82.4,1.7700320642804193
S4,81.9,98.1,153.5,166.2,105.1,133.1,79.9,99.5,2.7883715850190063
S2,59.8,37.1,61.0,168.18,7.6,106.5,57.1,68.7,0.3291085452772636
S1,40.0,38.4,71.2,170.08,86.4,131.4,93.2,79.8,-0.3729910107623589
S2,77.6,38.4,100.1,169.58,5.9,115.7,71.5,97.3,4.122222056939044
S2,35.9,37.1,75.5,156.15,7.7,125.4,85.6,81.9,-0.2127541871562601
S1,34.4,36.5,61.9,178.78,153.1,122.6,85.4,78.0,-1.3830026533352848
S2,59.6,36.7,79.2,164.15,5.7,128.3,79.6,69.0,-0.02289851503016127
S1,47.2,36.3,100.3,184.83,104.5,97.3,74.6,47.9,-1.1701000971511737
S3,64.1,37.2,66.6,164.83,83.1,94.5,169.9,32.2,0.9264470473486685
S1,51.2,36.7,85.7,179.99,81.5,128.2,78.9,78.0,-0.18074777526860872
S1,35.9,37.9,89.3,156.61,75.7,142.0,94.8,86.9,0.3203590888165472
S2,62.4,37.2,62.7,168.83,7.4,149.7,88.3,78.3,1.5094769753384245
S2,69.6,37.2,86.4,154.36,7.3,125.6,74.7,53.9,1.3808305729558275
S1,46.6,38.6,60.9,158.42,85.7,133.4,87.7,102.4,0.9837372837055842
S3,45.6,36.8,91.6,176.34,135.7,75.7,115.0,40.5,0.25380330099018955
S1,33.4,36.7,54.8,166.91,79.5,84.6,47.6,72.7,-2.413157558056035
S3,38.2,37.2,57.0,168.46,78.8,69.6,109.3,35.4,-1.5569804950587596
S2,59.9,37.6,75.9,189.86,5.7,123.4,74.9,90.2,-0.7054448355401821
S5,24.8,36.6,69.3,1.73,72.4,126.9,79.7,73.4,-1.7158000401679
S4,91.6,102.5,179.1,166.18,120.3,151.5,88.8,62.0,3.733253875893352
S5,43.9,36.7,58.2,1.58,90.5,120.7,74.7,85.5,-0.41831248324628795
S5,51.6,36.7,67.7,1.65,198.6,131.4,82.6,66.7,0.27437695120873773
S1,66.7,36.5,86.5,174.71,106.8,129.6,83.9,70.3,0.16275911876636867
S5,37.0,36.9,89.3,1.75,98.7,102.2,77.6,80.6,-0.7675560225707261
S2,57.3,36.9,85.1,168.36,7.2,140.0,75.2,80.3,2.0709509420660455
S1,33.6,36.8,73.2,171.64,135.7,111.2,73.6,76.8,-0.8778033485060478
S1,63.6,37.1,61.1,167.52,98.7,116.5,77.6,79.1,-0.9232724023925857
S1,55.3,36.7,68.9,168.7,96.8,146.8,88.1,64.1,-0.5516194355667028
S2,56.4,36.6,103.4,187.9,9.5,123.8,78.9,70.9,1.4022312687909655
S4,84.6,97.7,210.1,175.99,106.3,136.1,82.3,63.5,1.5779134910404922
S4,66.6,97.7,179.1,168.29,110.4,131.5,85.7,83.6,0.5609378540269635
S2,91.5,36.4,68.6,183.59,5.2,153.8,84.2,83.9,2.08376572689472
S3,54.9,37.0,68.3,168.39,152.5,76.5,122.9,43.2,0.8378006163789541
S2,64.4,36.4,74.6,155.6,6.6,137.6,92.9,75.0,1.1237832677185655
S1,42.6,39.0,85.6,180.41,87.2,102.6,63.7,105.2,1.555787971515443
S1,52.1,36.7,87.4,179.57,92.1,113.9,65.0,69.2,-0.33899424035672626
S1,35.6,36.5,91.2,170.66,108.6,124.2,92.5,85.8,-0.3695578319985633
S3,49.7,36.3,48.1,168.26,66.8,78.8,126.0,37.9,-1.9547939269331156
S1,44.1,37.7,43.1,152.66,84.1,128.4,73.1,79.6,-0.6920274899169399
S4,67.5,101.5,226.9,167.58,144.2,141.3,82.2,100.4,3.7241025647350647
S1,89.7,36.7,93.8,175.04,89.2,143.7,77.6,54.1,1.929385975340223
S4,64.2,101.4,172.7,171.18,162.4,150.5,91.6,94.0,3.2395069593599906
S4,48.9,98.8,186.9,157.28,103.7,124.9,76.9,94.8,1.1488172463892448
S4,58.7,98.7,173.3,167.22,83.3,128.7,84.5,69.6,-0.34645287834532507
S4,86.8,98.2,236.2,170.64,149.3,160.5,103.9,66.4,3.1782649828502874
S2,84.9,36.7,68.1,177.02,4.2,144.3,80.6,73.4,1.172694513304136
S1,45.3,38.7,57.2,167.38,98.4,133.8,85.6,93.7,0.8337613699779117
S1,18.0,36.8,109.0,176.27,76.6,89.7,66.7,60.9,-1.6154222481951974
S1,50.4,36.6,102.3,180.98,160.0,127.6,93.8,74.1,0.6126368656184717
S4,53.6,102.3,190.2,166.46,144.4,162.9,101.8,95.8,3.964823206968723
S1,59.4,36.5,82.6,166.72,101.4,105.5,69.9,84.4,0.6974278797738549
S5,57.5,36.5,81.4,1.65,94.4,131.8,85.2,79.3,0.6728012849045264
S2,73.8,36.6,71.3,158.29,7.6,128.6,81.2,87.0,1.5689244535067086
S1,53.9,36.7,54.5,159.37,79.5,134.2,86.0,68.6,-0.7883874014155166
S1,44.4,37.1,74.4,158.47,99.9,148.7,91.8,58.7,-0.40870689806058363
S1,69.1,36.8,71.4,166.19,97.3,142.6,90.9,73.3,0.7363610485026331
S1,51.9,37.1,106.5,173.23,100.7,107.3,77.9,74.0,0.7089580121948057
S4,36.9,97.9,241.6,178.44,106.5,118.5,68.0,81.8,1.0735180401961875
S1,59.3,37.1,78.2,163.6,149.6,130.4,75.9,67.8,1.5486244316038207
S1,41.8,36.6,60.0,160.73,114.4,113.5,79.5,89.3,-0.18765917608553506
S3,55.8,36.6,74.4,166.07,97.8,81.8,126.0,40.6,-0.3589441642639604
S1,49.7,36.7,77.5,163.68,97.9,104.8,62.9,93.7,0.6269509375996319
S3,62.3,37.2,58.9,159.92,112.2,72.5,135.9,32.2,-0.4514881950678371
S2,66.1,38.3,97.5,171.81,8.4,137.2,91.0,64.0,2.8107364714891157
S1,77.4,36.9,90.0,169.1,110.2,91.4,52.7,77.6,0.6953498097899394
S1,35.3,36.4,42.2,144.76,74.0,121.3,84.1,92.2,-0.9611698714417748
S1,54.9,36.8,86.7,184.27,89.5,126.4,80.2,71.5,0.0909509169210661
S1,32.1,36.6,81.6,159.88,103.8,109.4,84.5,42.3,-2.077879195748382
S1,43.2,37.0,70.3,164.04,104.0,101.0,75.9,67.5,-1.380216450353621
S1,41.8,36.8,107.0,174.73,126.3,130.3,86.3,75.6,1.063451010078151
S1,64.1,36.4,91.5,171.24,108.9,124.7,74.3,78.5,1.0316864458096329
S1,53.0,36.7,76.8,172.84,93.3,102.7,65.6,56.8,-1.6664961101546485
S2,59.4,36.8,114.4,173.53,6.4,137.4,85.4,78.2,1.5173112559877096
S4,73.0,97.4,122.0,181.38,115.2,113.7,73.3,67.4,-0.6897372050187726
S4,50.2,102.9,116.0,152.43,132.0,152.1,88.4,95.5,3.354147825228888
S4,72.6,100.7,166.7,148.16,109.5,144.5,85.9,84.6,2.532678623166139
S1,63.4,36.4,70.0,156.99,94.3,160.0,99.5,66.3,0.6646460562049082
S5,23.1,36.6,62.8,1.79,83.6,113.1,83.0,77.2,-2.3532672500231477
S3,78.4,36.7,92.4,179.01,81.4,74.1,137.5,40.8,2.220013833414712
S1,51.4,36.6,73.8,145.0,138.0,104.0,64.1,99.3,1.408455690221019
S1,37.1,36.9,98.3,177.5,97.6,157.9,82.3,67.3,0.8907204042107362
S1,28.8,37.2,96.7,186.17,124.9,89.6,59.0,80.5,-1.4677541655475075
S4,65.3,102.4,186.8,174.12,97.6,131.7,78.4,79.8,3.0164081893491983
S1,77.9,36.8,111.8,183.05,109.4,118.1,72.0,62.2,1.9526416697219195
S3,21.8,37.0,101.5,186.52,99.4,70.3,111.9,29.4,-2.249053541248098
S4,32.7,98.4,200.6,175.28,144.2,110.6,79.6,89.4,-0.21326980059732056
S3,50.3,37.3,78.4,188.36,82.7,76.5,116.8,25.3,-2.0820048466863725
S1,73.7,36.5,69.4,167.13,97.0,139.7,74.6,73.1,0.7901336421997589
S1,24.9,36.5,78.7,167.18,82.6,117.2,71.5,81.8,-0.9321233048302568
S1,33.1,36.7,64.4,178.32,90.9,116.6,82.4,73.9,-2.4361949508754774
S2,74.3,37.0,66.5,179.48,5.8,138.6,86.7,55.7,-0.5286393005213474
S1,50.2,37.0,79.2,167.84,93.1,111.5,67.6,70.7,-0.7335613165507853
S1,35.2,36.3,56.2,157.12,88.3,118.0,81.4,79.8,-1.1626958410759864
S2,39.6,36.9,86.0,186.77,7.5,98.3,73.0,73.3,-1.3559893086710482
S1,65.8,36.4,75.8,166.43,102.9,146.9,85.1,67.3,0.8914291733082117
S4,70.5,97.4,212.9,188.57,170.4,131.4,89.0,90.0,1.6173959083923575
S3,44.5,36.3,60.9,170.58,98.4,67.5,119.8,38.9,-0.22119900971575263
S2,59.0,39.5,66.5,166.75,8.4,136.0,87.8,53.7,1.76600995023947
S2,65.9,38.2,73.4,166.32,6.4,143.8,92.7,77.9,0.2516023467891697
S2,89.6,36.7,100.7,174.51,9.6,124.1,68.1,67.1,4.761162648511706
S2,37.5,37.0,79.0,167.0,6.5,118.4,68.7,69.6,0.5053084024038529
S2,63.1,36.6,36.9,156.78,7.9,105.5,78.5,69.5,-0.8513331006399452
S3,60.9,36.8,80.5,157.1,79.6,77.0,132.1,25.3,0.617833239109236
S1,62.1,36.6,74.3,169.73,102.8,111.9,64.6,60.9,-0.3347731175513584
S1,50.7,37.2,80.5,173.32,127.9,133.6,96.0,99.4,-0.8350841705819834
S1,40.3,37.1,85.3,167.96,67.9,113.0,72.2,51.4,-1.6504310638649198
S1,50.1,36.8,78.9,164.26,101.1,121.8,91.1,89.8,-0.47094130679711355
S2,60.8,36.9,88.5,170.03,6.7,120.7,73.0,87.6,1.2108167979614752
S2,84.0,37.1,84.9,172.73,6.4,154.3,88.7,72.3,2.7375178538677476
S3,37.9,36.6,97.0,180.57,135.0,71.6,98.3,39.8,-0.2167017416603015
S1,50.9,36.5,47.3,175.94,121.3,137.4,78.9,72.3,0.004950686022542006
S4,80.8,98.6,170.6,163.7,203.9,133.9,80.3,80.7,2.6165232093553943
S1,33.1,36.9,89.0,187.57,106.1,121.1,77.7,71.9,-2.4243233724268802
S3,25.6,37.0,68.7,157.84,85.5,68.9,112.5,26.5,-1.0612992125214986
S2,61.1,36.3,91.4,182.15,6.4,157.2,94.9,79.8,1.3838948621344611
S1,59.8,36.5,51.0,156.82,61.9,128.0,91.4,66.8,-1.5202547056649447
S1,54.5,36.6,83.7,193.01,119.1,93.5,56.5,87.8,0.02409867802444121
S1,54.2,39.0,98.5,178.77,100.9,134.5,87.2,93.2,2.9608449266605525
S1,36.7,36.6,65.5,159.34,83.1,102.0,68.9,101.8,-0.8414920670360853
S1,77.3,36.7,64.9,160.43,112.1,154.4,91.4,80.6,1.346350446484871
S1,63.9,37.2,72.9,174.16,101.5,129.5,80.5,56.6,-0.08058109297661026
S1,31.3,38.5,77.3,167.04,101.8,112.2,85.7,90.6,0.047909916899462016
S1,47.8,37.2,83.5,180.28,97.1,97.3,71.6,73.6,-1.6859453881189315
S3,52.3,39.1,94.4,171.55,102.2,75.3,108.2,34.8,1.6358519494012296
S4,67.0,101.6,202.1,177.1,147.9,137.3,82.4,74.8,2.6451713729254687
S1,34.9,36.8,62.5,152.93,88.3,118.4,75.9,86.7,-0.7962691722807795
S1,33.8,36.8,106.5,175.78,82.7,113.1,75.7,74.2,-0.9214207705086457
S2,57.0,36.7,98.6,171.4,9.4,111.0,63.3,85.3,2.485271729282522
S1,37.6,36.2,79.3,156.3,143.0,134.2,72.8,77.0,0.3596017147606909
S2,67.0,36.9,115.4,185.39,6.7,155.1,79.5,72.4,2.375213327644061
S3,32.0,36.4,81.2,163.12,124.2,77.2,97.2,37.8,-0.45509876289962686
S1,53.3,37.0,90.0,176.29,129.1,118.6,78.8,72.2,0.10101999963617525
S3,71.4,38.1,64.7,159.3,119.7,73.6,132.1,48.9,1.683515432859568
S5,30.0,37.3,75.7,1.63,84.9,127.6,77.9,81.3,-1.1871877467891592
S3,58.7,36.7,72.7,166.13,72.1,74.4,127.0,37.1,0.42825249592389214
S1,43.5,36.7,83.7,174.01,127.8,129.3,89.0,84.3,-0.050061923623650056
S3,39.8,36.4,58.3,152.48,84.1,77.9,132.6,36.5,-0.3686453162384895
S2,51.8,39.4,79.8,167.68,7.7,126.9,80.4,84.1,3.0855233123703996
S5,61.8,36.9,72.0,1.61,77.6,128.6,81.0,62.5,-0.35307001341423333
S1,35.8,38.6,69.8,158.43,111.8,116.9,73.2,81.8,0.313390556578876
S1,45.1,37.1,66.0,175.31,99.5,111.8,75.6,89.9,-1.586622749342538
S4,46.9,98.5,222.1,176.53,156.8,123.9,88.8,69.7,0.9416103468768946
S3,55.6,36.7,71.0,162.15,148.0,68.3,111.0,35.8,0.06704849690749029
S1,65.3,37.0,51.0,163.78,152.9,127.5,82.3,82.3,0.05406288539609702
S1,63.1,36.7,77.9,174.66,152.2,140.8,82.4,92.2,1.3541678520334406
S1,25.8,36.9,87.3,167.26,175.8,101.4,77.3,57.9,-0.6925348379241829
S2,72.2,36.7,68.3,152.97,5.0,148.3,86.5,62.7,0.9425225302265495
S1,69.9,36.7,70.7,174.27,125.8,120.0,66.7,73.5,-0.09629067026166427
S3,37.3,36.7,103.7,173.85,79.5,83.5,124.2,31.2,-0.19025405135089113
S2,71.7,38.0,84.3,156.92,8.6,142.7,78.4,91.9,4.532573606309317
S3,41.8,36.7,73.2,167.41,106.2,78.7,118.4,41.0,-1.243229578697909
S3,39.6,37.0,78.4,167.36,112.7,71.5,91.5,40.3,-0.175261944577477
S3,28.7,36.4,58.4,182.1,126.4,74.3,123.7,41.3,-0.704981625471043
S4,61.2,97.9,169.5,162.08,115.4,134.9,83.2,75.6,1.7183044989424232
S3,35.3,36.9,88.9,174.92,108.2,72.8,132.7,32.4,0.10209660797665372
S1,39.7,36.9,103.2,179.77,168.6,98.3,77.3,66.5,-0.9918858266362376
S3,58.3,36.6,44.5,160.07,74.8,70.6,117.0,38.3,-1.3230484304224905
S1,75.6,37.3,55.1,160.18,88.8,149.6,78.5,77.0,0.5283103269085809
S5,41.8,36.9,72.7,1.67,71.0,115.8,78.7,64.8,-1.711012232334724
S2,49.8,36.9,84.7,156.16,9.0,129.5,84.2,64.8,1.5863102234390354
S1,38.3,37.3,65.1,168.65,78.2,120.9,89.5,81.4,-2.332125345593758
S4,62.3,102.5,178.4,157.08,144.5,143.8,77.7,91.8,4.2404074204201
S2,45.2,37.2,95.6,182.38,5.9,123.1,77.2,66.6,-0.5826659391671243
S5,53.7,37.3,72.0,1.62,137.5,118.0,70.4,63.6,0.5329122247848715
S3,18.0,36.5,57.4,160.85,131.6,80.8,113.2,41.0,-2.4780400064345804
S3,47.0,37.3,52.9,160.13,83.4,68.2,114.9,32.7,-0.29703969416686027
S1,48.0,36.5,68.2,178.27,103.7,126.8,86.6,85.6,-1.417840461112688
S1,63.9,37.0,77.2,171.66,104.8,149.7,82.3,74.2,1.1352196497009557
S1,43.6,36.8,98.9,175.06,88.8,110.1,68.8,67.2,-0.40204634983525495
S3,31.8,39.0,82.7,164.49,97.9,65.4,96.9,39.8,1.0901925029546295
S2,67.0,36.5,65.7,154.49,14.3,130.4,65.0,44.3,2.4723298157839446
S1,55.9,36.2,116.6,196.36,100.1,117.1,75.6,72.0,0.9618659889715507
S4,89.9,98.9,174.2,164.02,187.2,144.1,86.0,63.8,3.3846782078554645
S1,55.3,36.5,61.6,159.41,144.2,159.2,91.9,80.8,1.635745960394704
S5,39.0,37.1,71.2,1.78,69.8,87.6,61.7,69.1,-1.518001363609217
S1,47.9,36.8,57.2,173.73,101.2,129.9,73.0,61.9,-1.3420156472626277
S2,88.7,36.6,62.1,165.53,6.4,126.6,76.7,93.9,1.7924114954751653
S3,57.4,37.3,62.9,162.45,103.8,80.4,124.4,44.7,0.036262367826468196
S2,50.1,36.9,82.5,184.82,5.2,116.0,72.8,84.9,-0.7698582646560064
S4,69.4,97.9,184.2,163.56,121.1,110.1,60.6,61.1,0.7177334939919053
S1,44.3,37.1,63.7,165.31,73.6,97.0,65.1,97.0,-0.8117093690535173
S3,31.6,37.1,69.4,156.09,109.3,69.4,110.4,30.3,-1.4388880923969314
S3,37.8,36.8,92.1,179.33,93.7,76.2,126.0,31.2,-0.7896508343381484
S2,58.4,37.7,56.5,162.27,5.4,155.7,93.8,80.8,0.9334818153181323
S3,21.1,37.0,89.3,185.61,87.6,77.3,113.2,33.4,-1.862838736620081
S1,39.8,38.0,84.9,172.54,142.6,126.4,70.0,69.1,1.6097062125208985
S2,56.9,37.2,68.0,162.03,5.6,123.6,79.3,51.6,-0.9423018496204414
S2,76.9,37.0,89.1,178.42,6.0,138.7,75.6,74.3,1.9387293470626537
S2,75.2,36.6,75.0,171.9,9.8,132.9,66.8,63.3,1.9048498604729822
S2,59.8,36.6,81.5,164.55,8.0,153.5,90.1,62.9,1.5844491144093051
S2,51.2,36.2,77.9,166.5,9.6,143.3,94.6,69.8,0.5389217709063396
S1,47.5,37.4,69.2,171.43,114.6,90.0,70.0,79.1,-1.0590561269795744
S5,18.5,36.6,97.2,1.78,72.4,102.1,77.0,71.8,-2.2871593287143694
S4,40.5,102.9,251.0,170.19,124.9,108.0,75.9,89.1,2.3094222235363615
S5,18.0,36.6,66.5,1.73,83.9,126.5,86.3,84.4,-2.054205231154348
S1,43.7,37.2,89.4,165.19,80.8,127.0,78.7,89.6,0.013285019039420198
S3,21.5,36.7,62.0,161.06,120.8,71.5,110.8,35.7,-2.22815823182179
S3,55.3,36.4,70.8,160.26,184.1,83.5,132.4,34.4,0.030862369312453564
S1,62.4,36.6,73.4,158.05,130.6,126.2,75.6,73.8,1.6029506889215694
S3,44.2,36.8,81.8,163.22,135.9,75.1,115.0,41.1,0.9212915610358001
S3,63.1,37.2,89.4,181.38,93.3,81.1,118.2,40.1,0.470784102175996
S2,47.9,36.8,83.3,156.78,6.2,101.8,73.1,76.1,0.5128490154932905
S1,39.0,37.9,55.3,154.1,142.1,102.7,70.3,105.7,-0.09445386061706548
S1,59.5,36.6,125.6,179.66,56.5,109.4,71.3,75.6,0.6637536227444312
S1,75.8,37.1,74.0,172.66,150.3,132.5,89.1,77.6,0.8046704418655576
S4,50.1,98.7,185.6,174.3,121.1,122.0,70.1,76.2,0.055477313695113384
S1,54.3,36.1,75.3,177.32,113.1,124.5,78.6,75.5,-1.255522128247349
S3,62.7,36.6,62.0,182.32,68.4,72.2,111.1,36.8,-1.7928447217992696
S1,56.0,36.6,75.8,165.46,107.1,143.3,90.3,58.6,1.2987492862218528
S4,80.8,98.1,232.7,172.54,129.2,122.5,68.3,69.0,2.1869143939698787
S2,70.5,39.0,85.2,166.57,7.2,122.7,80.2,76.5,2.313021160557686
S1,34.4,36.7,69.2,167.11,116.0,117.8,86.3,75.2,-0.9847410155175566
S1,58.2,36.8,48.1,149.35,88.0,130.3,69.6,76.7,0.01648461277885177
S4,89.0,101.6,198.2,169.32,193.7,138.8,99.2,100.2,4.7581379173907346
S3,53.1,36.8,70.3,171.12,78.7,87.7,111.2,30.6,-2.2702526911958048
S3,62.4,39.0,62.6,179.04,101.6,74.4,135.8,40.4,1.149100358059822
S1,55.7,36.5,74.9,161.77,79.7,106.9,69.2,73.5,-0.05972317581338488
S2,61.5,38.4,88.7,162.43,5.9,140.0,79.8,86.9,3.2463598285770336
S1,58.8,37.1,91.3,169.98,136.0,132.7,75.7,62.5,0.845037850351049
S3,40.9,36.9,64.4,183.18,73.9,77.5,101.1,34.7,-2.217653084231971
S1,52.4,37.0,91.3,174.78,101.0,133.4,87.9,59.3,0.2713557470615396
S2,68.2,39.0,89.0,171.41,5.8,132.1,77.9,105.3,3.712904571516537
S2,80.6,38.0,93.7,174.47,10.1,107.3,67.7,69.5,2.7954656865673537
S2,48.5,36.8,83.4,181.68,8.2,150.5,88.6,89.7,1.1183558838984327
S2,46.1,36.7,82.4,156.28,4.0,121.1,73.8,74.8,0.26657456598885165
S1,56.4,36.8,81.1,168.18,99.5,141.2,86.1,84.1,1.1146922076534462
S3,31.1,36.8,96.0,174.8,133.9,81.8,109.7,38.1,-0.9569633142226482
S4,61.8,100.2,172.3,165.27,233.6,160.0,95.4,84.7,2.8067784019199844
S2,76.4,36.5,101.2,174.54,5.9,127.6,71.3,94.4,2.146255192932426
S3,22.5,36.8,75.0,172.03,116.8,72.4,104.8,38.0,-0.6890541947347345
S3,65.7,37.0,103.5,188.25,128.7,84.8,132.6,43.8,2.3676971344823197
S1,78.7,38.7,54.3,161.85,75.9,154.4,96.5,84.4,2.3514720303481753
S1,28.8,37.1,71.4,169.59,108.8,107.4,66.9,71.0,-2.3404492409994586
S3,46.3,36.9,102.6,180.5,96.4,62.3,105.1,29.4,-0.24590940441606945
S4,60.7,98.0,181.4,165.1,156.4,117.5,67.4,74.2,1.2977823757273306
S4,78.2,98.0,190.6,166.93,176.1,136.2,81.7,86.7,2.683700611664575
S1,37.2,37.0,65.5,169.96,70.7,136.9,79.6,51.3,-0.32930870034072846
S5,51.1,36.9,85.0,1.88,134.3,131.4,91.1,65.7,0.13313434827585535
S5,26.2,36.7,74.2,1.62,117.9,105.9,66.8,62.5,-2.4684415219371285
S1,75.0,36.8,51.4,163.21,139.0,115.5,74.1,79.4,-0.9366211527244157
S1,60.9,37.0,95.7,178.12,129.8,137.4,73.9,67.2,1.3606474201917451
S1,49.7,36.3,58.5,152.36,166.5,112.1,72.9,73.8,-0.01946547191291328
S2,57.7,36.7,70.0,179.38,5.7,107.4,79.6,72.1,-0.2619094173382934
S3,44.0,38.6,101.3,186.14,162.7,90.0,139.2,50.2,2.4467791415869713
S2,72.2,38.3,89.2,169.09,4.7,135.1,81.5,77.4,1.797610564741125
S3,40.8,38.8,94.0,169.39,111.6,65.5,144.4,34.5,2.0541137913043386
S1,53.8,36.4,67.0,167.43,103.9,135.9,80.8,65.0,0.06984237363003432
S1,60.4,37.9,61.0,158.25,83.3,131.2,98.1,84.5,-0.5732927705281432
S4,69.0,100.2,173.5,169.22,204.4,155.4,91.6,93.7,2.794553436862606
S2,42.4,36.7,100.9,179.92,10.4,133.8,86.5,93.9,1.1197707051626473
S1,58.2,36.7,97.2,176.3,86.8,114.6,63.5,67.6,-0.2953826402844272
S1,28.1,37.2,43.9,164.92,93.7,105.7,82.0,59.3,-3.4626619477959015
S4,62.3,98.8,176.5,174.17,151.7,130.0,70.2,94.8,2.6632078280322125
S3,43.6,36.5,83.1,171.57,83.8,101.2,154.2,37.3,0.23687880026826105
S1,49.8,36.7,80.9,173.03,151.1,125.6,77.2,69.6,0.5480624448932208
S3,56.3,37.3,92.2,185.32,96.6,86.9,132.6,38.1,-0.4252593472888646
S5,18.0,38.5,71.3,1.67,112.6,101.2,63.8,78.8,-0.4373820244056545
S2,52.9,36.9,70.2,144.72,6.8,143.2,90.4,92.7,0.9811112194635492
S2,50.6,36.7,103.4,173.87,10.5,105.5,81.7,68.3,0.9127735910060919
S1,28.4,36.5,74.2,180.6,103.7,121.2,82.0,82.2,-2.18793116729682
S1,68.7,37.1,60.4,153.87,121.5,144.2,80.9,95.8,1.7701851472070282
S5,44.1,36.8,54.1,1.6,85.8,118.7,80.0,70.0,-1.8658783373525434
S4,46.8,98.3,152.3,178.78,184.9,125.8,88.7,86.1,-0.4475940102884092
S4,63.5,98.7,185.8,178.6,108.5,144.9,83.2,76.4,0.42796999131762015
S2,66.5,36.7,56.4,165.45,7.2,128.1,79.6,81.5,1.4287556024558776
S3,58.4,36.6,96.8,173.65,147.1,86.6,136.8,44.3,2.1226449368363918
S1,36.7,36.7,91.3,186.84,93.2,105.8,69.8,91.4,-0.7038845833675343
S2,44.5,37.3,103.6,173.1,6.0,92.9,61.6,85.2,-0.09494062473062218
S1,28.5,36.9,86.6,171.0,105.2,106.3,86.3,74.0,-1.6067521761864914
S4,52.3,97.8,194.8,183.22,111.0,133.1,88.6,72.8,-0.5871127085353599
S1,51.5,36.7,113.3,187.74,118.7,120.5,80.8,83.3,0.9422252876439234
S2,63.2,37.3,90.7,183.88,10.9,118.4,74.1,76.6,1.2200992254316276
S2,74.0,38.3,73.5,160.44,7.6,141.0,62.1,96.7,3.441808019840336
S1,53.7,36.3,82.6,171.7,98.2,103.6,66.6,73.0,-0.4465742652309923
S2,42.3,37.3,75.7,155.68,7.8,133.6,81.5,84.6,1.5336100162049955
S4,78.8,101.0,252.4,180.08,108.8,140.9,84.4,68.3,2.483147019370366
S1,51.6,36.9,77.4,164.67,125.7,118.2,76.5,86.1,0.2007751929212177
S4,69.7,102.1,320.4,192.06,93.5,114.6,79.0,93.5,2.6436848327622218
S1,36.2,36.4,77.2,172.43,68.0,129.8,87.6,72.8,-1.1088613434723804
S1,81.7,37.0,53.5,163.92,94.5,122.9,67.4,73.9,0.7455406712808453
S1,46.5,36.8,84.8,169.3,117.5,142.0,97.2,74.4,-0.17165960656072907
S1,50.7,37.3,93.9,175.86,114.7,114.0,77.6,73.7,-0.5434149589350463
S1,41.1,37.5,78.1,175.19,101.0,156.1,79.8,83.8,1.0588393697834075
S5,45.6,37.3,53.3,1.66,105.7,126.8,84.8,81.6,-0.32955545776522455
S4,63.3,97.8,185.8,167.15,105.8,139.0,75.1,60.1,1.045945046972581
S5,52.7,37.0,44.6,1.73,91.2,138.6,86.5,84.4,-0.861183571291548
S4,62.8,98.1,230.8,173.92,80.8,107.9,66.5,62.9,0.058741136612903505
S2,59.0,38.7,120.5,171.74,7.4,132.0,91.1,96.3,3.739279933647319
S4,81.6,102.8,178.9,174.3,119.1,142.5,77.1,69.6,3.766018474135414
S4,79.2,98.0,212.3,168.02,143.5,138.4,80.2,67.8,2.5656753754650707
S3,60.9,36.9,79.1,175.47,94.4,76.5,130.3,42.7,1.2591935303746289
S3,54.7,39.5,44.0,153.53,135.9,68.1,119.9,32.4,1.944956663136035
S1,50.5,36.6,98.9,168.35,117.5,125.4,84.3,79.3,0.46661074413064696
S3,60.1,36.9,85.9,168.75,88.1,74.2,118.8,30.3,-0.05116452354118184
S1,72.0,37.5,59.1,173.31,130.2,115.7,75.4,61.8,-0.585877314470114
S1,52.3,37.1,45.7,163.35,98.5,118.7,72.9,87.3,-0.5754071633343028
S1,57.9,37.3,49.7,171.67,102.7,138.9,75.5,93.5,0.18974461186029182
S4,51.3,97.9,165.1,156.72,120.6,121.0,80.7,83.9,0.13584934388774006
S1,27.5,36.8,57.9,176.41,127.0,102.7,63.0,77.8,-2.318315538138069
S2,48.4,37.2,88.2,159.09,7.8,132.2,93.2,64.1,1.3594962378851163
S2,60.5,38.0,93.6,167.89,8.4,159.9,90.8,87.8,2.9484609522897207
S4,56.6,97.1,196.9,167.43,109.0,113.3,68.8,78.6,0.16910949457338886
S2,45.6,38.8,83.7,175.82,8.6,121.4,65.1,75.0,1.8542870280754518
S1,51.1,36.5,125.4,186.95,121.3,93.3,49.1,71.4,0.8009698607479647
S3,50.1,39.4,48.0,158.33,118.1,66.6,130.5,39.0,2.39303916728659
S2,84.0,36.6,67.0,166.5,5.3,147.1,90.6,83.5,1.0722296352051515
S1,54.5,36.8,59.2,176.79,94.7,141.2,85.0,63.9,-1.0806628272153829
S2,60.3,36.5,75.4,162.5,10.5,132.0,78.7,75.0,1.812774649656101
S1,43.8,37.3,67.6,157.52,136.2,118.4,74.8,76.7,-1.2755448075273956
S1,48.7,36.8,94.2,179.83,81.2,112.6,71.0,66.8,-0.6439684873328476
S3,49.2,37.1,66.8,165.0,103.7,71.3,108.0,21.9,-1.2059056702400166
S1,52.0,36.8,68.6,164.92,117.8,119.9,84.2,74.7,0.14865987601918218
S2,71.5,36.3,102.7,178.23,6.2,135.8,77.4,89.5,2.7520917135372684
S5,53.8,36.7,69.0,1.78,59.3,133.7,86.5,0.0,-0.498513343635503
S1,73.4,37.2,119.1,185.99,94.2,136.4,75.8,69.2,1.312183683477165
S1,63.5,36.8,75.6,174.64,98.9,137.3,89.1,70.2,-0.2677727471580231
S3,66.5,36.3,64.8,158.69,110.9,64.6,119.1,43.3,0.9841878206750001
S3,31.6,36.9,107.8,180.64,50.0,86.1,123.7,30.3,-2.0247063580970894
S4,53.7,97.5,225.5,177.81,169.1,129.0,88.2,67.9,1.7964113841420013
S1,42.6,36.8,74.8,178.34,113.8,113.2,79.8,67.8,-1.0434347763083434
S3,41.3,37.1,65.0,165.51,90.1,69.5,91.5,31.9,-2.4337659154681828
S3,61.1,37.0,80.5,171.88,114.6,81.4,124.5,35.4,-0.08238750717346621
S1,52.2,37.0,86.4,174.26,152.0,117.2,69.5,70.9,0.7629204929635922
S2,86.6,36.6,78.7,157.98,6.7,139.2,72.4,80.4,3.888205776154288
S4,65.9,98.5,196.5,160.84,112.0,150.8,80.3,73.4,1.752195437127611
S3,36.5,38.6,56.6,159.45,95.6,84.8,125.8,53.9,0.09625248616601617
S4,46.3,98.8,217.1,171.65,129.7,107.5,61.5,74.0,0.9207246778490903
S3,49.6,36.9,67.2,167.73,111.5,72.8,110.5,34.7,-1.2114734367429116
S1,40.6,36.1,87.1,177.84,72.8,131.3,91.8,71.6,-1.1476721749009988
S2,63.6,37.2,55.9,151.88,5.5,154.1,92.3,92.5,1.888555463854893
S1,44.7,36.4,95.2,187.11,98.6,117.0,69.9,75.4,-0.330673058753532
S4,53.7,98.4,182.0,179.8,153.2,115.6,78.7,70.6,-0.7614804319084346
S1,54.6,36.7,45.9,157.64,98.5,119.4,75.5,80.4,-0.6502008710842768
S4,61.4,97.5,194.8,172.36,121.7,140.6,91.3,73.1,0.49226912200312484
S3,45.1,38.8,69.8,150.1,74.4,67.6,103.9,40.3,0.6943004145433465
S3,30.6,36.5,52.6,170.84,88.5,57.8,88.4,34.7,-2.2947777300921106
S2,53.1,38.3,54.7,157.04,9.3,116.5,84.2,107.6,0.7182108433721054
S1,47.0,37.0,87.0,174.88,108.6,134.9,73.5,61.9,0.6514133675768262
S3,50.1,37.0,68.7,172.27,79.8,81.9,136.8,33.1,-0.36120744360399437
S1,66.0,36.7,69.3,184.14,110.8,125.9,82.1,74.0,-0.3837648619242513
S1,33.3,36.3,64.1,182.8,105.8,108.1,70.9,73.2,-1.2707116188196115
S3,49.6,36.7,80.7,178.64,78.7,80.2,138.9,33.9,0.17979813638523534
S1,39.8,36.2,53.4,154.83,84.9,111.1,78.3,84.0,-1.128670795846746
S3,30.3,37.3,50.5,167.75,82.1,68.4,120.3,32.5,-1.7238986912027598
S2,48.1,36.9,41.7,146.28,9.1,134.4,76.3,71.0,0.46498722879019
S1,41.0,36.1,85.5,163.97,102.6,141.7,83.4,84.2,-0.01597692954193808
S1,45.8,36.4,75.1,172.57,63.9,129.5,89.6,86.0,-1.0176861050735027
S1,50.2,38.5,57.8,167.93,90.6,127.4,78.3,85.9,-0.29050260704335484
S1,58.6,36.4,72.8,179.05,107.1,92.8,59.3,60.8,-0.2517901871849131
S1,35.5,38.5,90.6,179.31,102.3,122.3,69.9,92.9,1.147061447772696
S3,46.6,37.0,68.0,154.75,83.4,84.9,104.9,46.5,-0.17704533312392445
S3,36.3,37.2,82.6,167.9,91.6,82.1,114.7,31.8,-1.8889149846274824
S1,62.1,36.7,104.0,195.36,108.9,128.4,79.5,63.7,-0.2151483438591718
S3,34.6,36.6,106.5,172.56,84.7,67.9,119.3,38.9,0.5922877992414575
S2,49.6,36.9,94.8,172.94,5.8,131.5,76.1,64.1,0.100057727432458
S2,70.8,39.1,53.0,163.06,8.6,146.8,100.0,77.9,2.4838154417130056
S2,60.2,37.0,105.9,175.12,3.7,148.2,86.0,71.5,2.23408770336297
S3,38.8,37.0,52.2,172.18,74.5,78.5,98.5,38.0,-3.069287612589048
S3,59.7,37.2,89.8,187.22,127.0,74.9,117.9,38.2,0.13415289967498698
S2,95.0,38.8,100.9,176.92,5.6,151.3,83.0,78.6,4.42957696542542
S3,30.3,36.6,59.6,169.47,84.1,73.3,115.2,40.3,-2.463429629150054
S1,57.9,36.7,96.3,162.64,125.9,116.7,68.9,73.9,1.2713786458316396
S1,59.8,37.1,83.8,166.05,123.6,139.6,83.0,60.0,1.5982787646908545
S4,76.7,97.9,191.9,165.97,118.6,150.0,91.4,68.8,1.2854704249477116
S3,52.2,36.9,58.4,160.42,72.1,78.6,137.6,33.5,-0.7040915250088993
S1,60.4,37.0,83.9,179.1,173.7,111.6,76.6,74.6,-0.23330351419374928
S1,56.9,36.5,75.4,164.99,138.0,114.0,78.3,67.2,0.2686158431397039
S1,54.4,36.4,89.5,171.91,97.8,131.5,77.4,69.0,0.0972645987683089
S3,63.0,36.7,92.3,174.6,85.2,88.6,136.7,26.0,-0.7156635409968575
S1,93.8,36.9,72.1,161.06,110.0,145.2,77.9,82.4,2.3823975227706873
S2,55.3,37.3,67.0,173.71,6.9,123.2,79.2,66.1,-0.9150135850353918
S3,47.6,37.0,85.8,175.91,88.3,81.8,131.6,37.9,0.6683330099676347
S3,55.7,36.9,51.4,171.73,145.8,85.8,130.9,33.9,-1.9537475467980334
S2,60.8,36.7,94.8,184.34,10.1,131.7,79.6,68.9,2.237405728128377
S1,50.1,37.1,78.1,172.91,130.9,117.5,64.9,80.6,0.3865791588883592
S5,42.8,36.7,40.7,1.63,57.1,129.2,75.6,72.4,-1.9691436891247156
S4,74.6,98.8,245.8,169.7,109.1,150.6,88.4,72.7,2.9247746702341244
S2,71.7,36.8,60.0,154.22,8.9,127.6,83.1,68.5,1.203032548486782
S1,56.9,36.6,95.9,177.05,108.9,122.0,73.8,79.4,0.539754392427447
S2,68.8,37.2,64.3,167.76,6.8,126.6,65.9,53.2,0.08116780902409926
S1,70.6,36.7,55.1,169.96,102.4,133.9,73.3,62.3,-0.08493084311305316
S1,64.0,37.3,71.9,152.55,93.8,120.3,73.7,68.8,0.015867238981538412
S5,18.0,36.2,68.9,1.62,103.1,138.8,96.8,92.2,-1.4392616236804712
S3,54.8,36.6,72.0,176.96,137.4,86.4,147.0,42.0,0.4338578945960867
S1,72.3,37.2,68.1,162.07,92.1,136.9,82.8,83.6,0.6886503751626065
S4,60.1,98.9,215.6,166.25,145.2,117.2,73.8,74.5,1.2336937965868322
S1,50.6,37.7,60.7,167.29,61.2,106.9,67.3,89.7,-1.5881781753789894
S1,26.2,38.4,76.3,177.39,103.9,121.4,88.3,105.9,-0.5009001276835789
S4,57.2,97.6,245.9,166.28,144.2,108.8,86.4,65.7,0.8943169606777444
S1,54.4,36.5,53.5,156.16,112.6,109.6,70.1,80.6,-0.8365331259322254
S1,50.4,36.8,83.8,167.28,88.7,129.0,77.0,85.0,0.005106897680650757
S1,36.4,37.0,60.5,166.67,73.2,133.6,91.3,78.1,-2.27752022935311
S2,74.7,36.4,79.8,184.71,7.6,160.7,78.6,81.6,2.2094309625165263
S2,67.7,36.7,102.3,185.03,9.0,107.0,77.5,96.6,1.3114137561673826
S1,36.0,36.7,91.6,182.09,101.6,113.8,80.4,73.0,-1.1677885425162646
S1,57.6,38.9,44.4,168.25,100.3,133.7,81.1,78.0,1.5442558448108505
S4,88.7,97.8,228.5,166.63,99.3,169.4,89.9,86.4,2.7401006650794972
S1,44.2,37.1,57.9,177.91,138.2,118.8,73.2,81.7,-0.27534374637654907
S1,68.2,36.7,90.7,179.93,141.5,136.4,70.8,49.0,1.7685707363423533
S1,61.6,38.4,75.8,160.78,83.3,111.4,79.8,98.0,1.599112010940955
S3,47.2,36.3,44.4,172.07,92.8,69.6,116.3,37.2,-1.9538557318114618
S2,51.8,37.1,83.4,163.07,5.8,130.2,75.2,81.1,0.34634204247627576
S4,56.0,97.9,175.2,165.6,129.1,142.6,92.1,87.3,1.5412679244178247
S1,65.8,36.7,77.1,168.57,142.7,118.8,62.4,82.7,2.029618985035115
S1,59.2,38.7,75.2,177.76,120.3,143.2,81.2,79.0,2.580101515691332
S1,47.4,37.2,84.6,168.64,108.1,113.8,70.6,74.1,0.022552072044615873
S3,43.5,37.1,79.9,175.38,146.8,84.2,124.9,37.8,-0.034489476734531815
S1,61.2,36.6,75.0,168.96,117.4,135.1,90.6,70.5,0.4063995492947178
S3,40.8,36.8,70.6,163.91,70.3,69.8,105.9,35.8,-0.5809411072916109
S3,29.0,37.2,79.0,172.22,90.0,76.5,106.5,33.5,-2.207365514032394
S2,75.5,36.8,71.1,154.37,6.0,145.4,80.4,78.6,2.5135295316029733
S3,47.7,36.7,62.8,185.41,76.9,75.6,120.5,40.7,-1.7699845144107165
S1,54.0,36.6,76.2,167.43,81.4,115.6,70.0,73.2,-0.2219243466201213
S2,31.6,36.9,85.4,166.02,5.7,113.3,74.8,87.7,-0.36690154365758
S1,52.2,36.2,70.0,171.16,113.6,131.5,83.2,68.8,0.37108306701556676
S3,30.5,36.8,60.5,163.13,131.1,81.5,122.1,34.1,-1.0679000495857291
S4,29.0,97.7,128.4,155.9,127.2,125.3,73.2,91.8,0.20281769151997447
S5,50.8,36.5,60.0,1.65,170.0,131.0,70.4,75.7,0.47077862447615326
S1,26.8,36.6,49.6,158.64,104.7,102.2,63.7,67.5,-0.8849938145336724
S3,31.7,37.1,73.1,173.6,151.0,82.8,120.2,29.0,-1.6442722155203149
S2,69.0,36.6,79.4,181.5,5.0,128.6,72.7,73.8,0.5706886816826088
S4,53.2,98.6,176.7,162.96,127.8,114.4,75.7,70.3,0.18409222019595323
S3,43.0,37.0,91.2,170.81,108.5,88.2,136.7,39.5,0.4001377005847897
S1,44.7,37.3,54.5,163.97,117.8,109.1,70.5,71.3,-1.4658574671938704
S1,48.0,36.5,70.3,163.88,76.8,113.9,76.0,59.9,-1.834013795120229
S1,48.1,36.8,63.3,154.74,128.4,115.9,81.0,66.3,-1.24140315746991
S1,66.6,36.7,62.8,168.59,105.0,143.2,84.3,74.3,-0.5312609570924749
S4,57.8,103.2,149.1,164.68,166.4,118.9,69.6,79.9,3.3347871307325896
S5,18.0,37.3,47.8,1.59,67.7,100.2,68.3,63.5,-3.577224650769477
S2,61.1,36.3,72.6,170.0,9.3,144.9,81.9,80.8,1.8286359417058515
S1,53.8,38.1,70.5,177.69,82.4,134.2,88.0,73.3,-0.2957864457567305
S1,38.8,36.6,90.1,175.68,102.4,119.6,68.6,65.7,-0.41257987515164063
S1,30.3,38.2,66.4,167.02,148.7,96.9,61.4,98.8,-0.060460638627065355
S2,48.7,36.8,111.7,174.19,7.5,113.3,76.0,68.3,0.8531286515154828
S1,59.7,36.4,78.6,182.11,135.4,129.9,83.5,74.3,1.0008694657002555
S1,47.2,38.9,69.5,155.86,76.9,115.1,74.1,92.2,1.1856541513327374
S1,42.8,36.4,86.0,170.52,118.2,129.6,83.7,75.8,-0.344658501565587
S4,71.7,98.8,203.8,174.61,170.1,127.2,69.1,89.5,2.101434245666332
S1,58.5,36.9,47.5,168.72,190.2,111.9,69.8,74.8,-0.6111605903328632
S3,34.9,37.2,81.9,174.21,70.8,73.9,110.8,33.5,-1.944371550503129
S2,57.7,37.0,78.0,161.53,7.4,101.3,73.3,80.4,-0.5251199272256746
S1,53.4,37.1,66.1,169.54,136.8,106.6,61.1,64.7,-1.056517189539849
S1,71.3,37.3,91.6,179.48,147.0,129.8,85.9,67.9,0.519939981978117
S2,66.3,36.7,93.5,175.37,8.6,136.5,86.9,74.8,1.8276917823835521
S4,64.5,97.3,176.8,160.9,128.6,152.6,91.1,71.6,1.7997553768924286
S5,30.9,37.0,66.6,1.56,97.5,112.3,74.4,82.3,-1.4656087990051452
S4,72.3,102.5,192.2,166.37,139.0,139.6,78.2,81.5,4.313298546401339
S3,22.4,37.2,51.5,165.89,69.8,71.0,105.1,33.7,-2.983403387334132
S1,42.1,36.9,89.3,181.8,129.4,112.7,77.8,68.7,-0.7497057713346064
S2,60.2,38.3,47.2,156.32,11.0,128.2,93.7,90.7,1.1726982331656985
S3,46.1,39.6,64.6,162.54,107.5,74.3,116.5,47.6,1.4348826334158489
S1,69.4,36.4,62.6,169.3,77.5,144.1,75.7,71.6,0.605945844761711
S2,59.6,37.0,115.5,186.64,6.7,123.3,82.4,87.4,1.2171068580391866
S1,50.9,37.1,144.5,202.7,133.9,155.8,78.9,65.2,2.383080713367146
S1,50.3,36.2,91.4,172.79,116.8,119.2,75.9,79.1,0.14596914354788726
S2,61.3,38.3,67.6,159.55,6.2,138.8,69.8,80.7,1.9587797978841592
S3,49.8,37.9,98.0,168.43,116.2,74.3,111.8,37.0,1.1165706088072174
S1,54.5,36.8,59.7,158.24,167.7,145.1,94.1,80.1,0.687257322303793
S1,64.9,36.8,63.1,179.58,133.9,124.6,65.5,88.4,1.1599709593869312
S1,53.2,36.6,73.3,167.15,139.6,132.2,80.9,54.9,0.7930965547461869
S1,40.5,37.5,86.5,179.71,146.3,115.1,92.8,85.9,-0.9114376325406717
S3,63.0,37.0,64.0,170.19,106.1,67.8,118.1,34.8,-0.44133128207670846
S2,54.1,39.1,87.8,166.84,11.3,130.9,86.5,97.8,4.207272419821919
S3,72.5,37.2,59.5,166.71,93.3,79.2,134.2,41.2,1.3388141290979603
S1,62.3,36.4,69.9,163.24,89.7,134.6,78.2,88.0,0.5981136814046558
S2,61.6,36.8,71.8,159.22,8.5,138.0,86.8,83.9,1.9315900263494998
S2,42.2,36.6,78.3,170.54,5.9,128.3,85.5,69.8,-0.8325658372961907
S3,46.6,37.4,73.7,170.46,122.6,77.3,124.4,43.9,0.5941757365294833
S3,60.0,36.5,66.8,168.61,87.4,62.2,97.8,39.0,-0.3789537511519702
S4,63.5,98.3,193.5,171.76,159.2,128.2,75.4,88.5,2.1579065759176856
S1,54.7,36.6,69.1,169.82,166.3,102.0,59.1,75.0,0.6853877454278516
S3,54.5,36.8,65.8,160.44,134.1,73.1,115.7,33.9,0.7687200202774741
S3,18.0,36.8,77.5,170.6,78.2,62.4,88.3,37.0,-1.9223914738569785
S2,87.7,36.8,86.0,175.28,7.9,141.4,90.2,75.8,2.2420291036899505
S1,52.4,38.6,102.8,172.24,96.3,153.2,84.8,86.4,1.9406411730084057
S5,50.7,36.9,65.1,1.7,119.7,137.8,77.9,0.0,1.1876276874424199
S1,51.9,37.5,99.1,185.58,103.0,106.1,69.2,77.0,-1.2359466894461257
S1,44.5,36.9,77.7,177.0,111.5,113.8,82.5,75.2,-1.942096810787611
S2,47.8,36.2,89.3,167.84,5.9,147.7,91.9,92.0,0.44648284854526477
S3,47.9,36.7,55.2,158.1,97.9,81.7,146.4,29.2,-0.34994514139656535
S2,76.1,36.7,89.6,162.19,7.8,128.7,76.2,90.1,2.7761682039557947
S4,71.0,98.5,198.9,157.56,184.2,152.9,103.9,63.2,3.4244189931838758
S4,73.0,98.0,202.5,166.73,145.8,136.3,85.0,63.4,1.8705463743305073
S5,18.0,36.2,89.5,1.77,148.7,119.8,76.4,85.4,-1.3820500203543955
S1,71.3,36.1,75.9,160.88,80.3,117.9,74.6,79.6,0.6052934750206526
S4,66.8,102.1,222.9,175.08,156.5,126.2,78.1,80.6,4.203239197187976
S4,39.9,98.4,243.1,190.12,165.8,100.0,71.8,71.7,-0.48437645465978973
S5,18.0,39.4,43.9,1.64,72.0,136.2,85.5,81.6,0.24512752684425987
S5,39.0,36.2,48.4,1.48,102.2,122.8,75.5,98.2,-0.8284913126792433
S1,66.1,36.4,55.7,159.83,130.0,134.2,79.3,63.5,0.6002093949290987
S1,41.5,36.9,77.6,175.3,66.0,130.5,82.3,52.6,-2.0500055148571024
S3,45.5,37.5,65.3,161.54,68.2,85.1,147.2,31.7,-0.40163969862282284
S1,53.8,37.0,59.0,174.01,159.6,145.5,90.9,69.1,0.8337879166544022
S2,63.9,36.6,61.6,158.65,5.8,128.0,80.2,79.6,0.6777008636803008
S3,58.5,36.7,67.0,168.66,117.8,75.0,132.3,38.0,0.5850624529580576
S1,45.6,36.7,79.4,173.0,103.3,121.0,77.3,59.1,-0.47910914861209586
S4,63.9,97.4,197.2,185.69,145.9,141.8,96.9,98.7,0.7254833429061732
S2,48.4,37.0,77.5,162.43,3.4,116.9,55.9,63.3,0.8145430805043209
S3,56.3,37.1,85.1,171.1,77.0,91.3,148.4,40.8,1.0261263043833022
S2,57.6,36.5,69.3,160.94,15.0,135.8,86.7,72.0,1.89464117493604
S2,63.9,36.8,84.1,165.33,10.9,140.4,80.7,87.4,2.2757044991715363
S3,51.0,37.8,77.7,163.84,116.2,79.0,128.9,26.6,0.14753927928344843
S3,26.0,36.9,58.7,172.43,50.0,70.8,102.9,35.7,-3.0214348612782342
S3,39.1,36.7,55.2,164.41,104.8,75.7,114.7,32.6,-2.3423706203216614
S3,45.7,36.2,80.1,171.56,110.3,65.3,94.7,45.4,-0.42508003802954536
S4,90.7,102.2,125.7,163.7,75.9,154.5,79.0,86.6,3.756921110948447
S2,56.9,38.3,118.9,179.4,8.1,111.8,80.8,99.8,2.455452583961843
S2,34.4,36.5,89.4,164.24,6.4,125.8,82.5,81.1,0.29215121662245647
S2,23.4,36.8,56.0,167.36,6.3,98.7,67.7,93.0,-2.2500016447867743
S2,58.8,36.6,103.3,174.18,4.2,111.9,76.5,77.6,0.13175473725010817
S1,44.4,39.6,90.5,162.42,83.8,119.6,76.3,99.9,3.440445878003069
S3,65.7,36.7,88.4,180.27,144.4,73.7,117.0,38.9,1.4549906328651558
S1,47.8,36.8,55.3,168.21,112.4,109.5,72.4,69.5,-1.5374763328257715
S1,71.3,36.6,77.3,164.16,103.6,115.5,75.2,65.7,-0.1481385900417867
S1,55.5,36.4,79.2,167.46,155.8,129.2,75.3,75.6,1.024222245772001
S1,55.9,39.8,69.6,166.04,110.5,114.2,70.7,81.2,1.794783059374352
S1,60.7,38.7,79.6,171.28,160.9,137.3,83.4,92.4,2.643829222093104
S3,76.6,38.4,80.0,170.57,132.9,73.4,133.0,41.4,3.0372355435854557
S1,69.8,36.6,119.2,189.12,113.7,152.0,76.7,79.5,1.9634587603922853
S2,64.1,36.2,62.5,156.04,6.7,126.3,81.8,61.6,0.5550714841595245
S3,53.9,38.8,82.8,170.39,77.6,83.3,128.5,44.1,1.4113631466217973
S1,18.0,37.1,53.8,166.27,79.4,92.4,48.4,72.5,-2.998018377892026
S1,53.9,37.0,70.3,156.08,139.2,118.5,71.1,76.0,0.6194495563916369
S2,52.6,37.0,98.0,170.3,8.0,107.3,75.3,85.0,0.7737459746708508
S1,53.8,36.9,99.4,175.35,86.9,114.6,75.1,62.7,-0.6026610619899679
S2,44.9,38.9,95.8,175.44,4.6,136.2,88.5,62.3,0.8473984948735674
S1,64.5,38.7,88.5,178.65,60.0,139.1,82.3,79.5,1.6121322769831143
S4,67.6,97.6,207.0,175.62,142.1,128.8,76.7,68.0,0.6329032182345337
S3,53.2,36.9,86.1,164.21,138.1,84.4,149.2,29.4,1.4755961988580124
S1,48.9,36.4,79.9,174.89,90.6,120.4,66.9,52.3,-0.6735105811895872
S3,39.2,36.6,80.6,171.77,87.4,79.7,129.4,45.1,-0.3470921668852287
S4,74.2,96.9,213.3,185.24,76.2,134.0,82.9,69.5,0.1952575283396783
S1,58.9,37.2,72.6,148.53,91.0,129.4,78.1,54.3,0.5843074347886321
S1,44.5,36.9,51.5,167.13,99.8,163.0,92.4,68.9,-1.099831088014542
S2,53.5,36.5,85.1,160.3,5.5,129.1,91.2,69.4,-0.5985301978940429
S1,41.9,37.4,62.0,165.66,164.5,115.5,75.4,71.7,-0.9809665073529668
S1,30.4,36.5,75.5,166.02,110.8,117.5,75.9,92.0,-0.5008968254516931
S2,61.5,36.3,66.8,160.16,5.5,124.4,72.7,76.6,0.6503721294827056
S1,45.9,36.5,62.2,155.23,92.4,122.9,79.3,69.2,0.2547846598672162
S1,20.5,36.9,77.6,175.66,87.2,94.3,71.5,91.9,-1.9063283520650869
S2,75.9,36.6,72.8,165.2,5.4,106.3,58.5,69.5,0.5358828380080337
S4,75.1,98.1,149.7,170.71,89.8,143.6,91.9,86.4,0.6209204796583717
S1,52.0,36.5,47.7,164.13,109.4,138.7,78.6,65.9,-0.9365962934965113
S1,46.4,37.2,47.9,153.43,140.6,133.4,75.8,100.0,1.6397980792002804
S3,59.0,37.1,95.0,193.46,91.1,85.9,125.2,24.9,-0.5113791241317116
S1,46.3,37.2,77.5,167.92,111.9,118.4,86.0,83.0,-0.7748711139726532
S2,74.4,38.4,80.4,179.33,8.7,128.6,68.4,91.3,2.860955250998982
S2,60.9,37.2,79.3,162.5,7.0,138.4,90.9,67.0,1.1283232822518032
S1,68.9,37.0,57.7,159.01,116.0,143.4,81.0,85.7,1.499165472279563
S1,86.4,37.1,94.8,187.25,90.7,120.2,73.7,73.2,-0.019381861375709852
S4,60.1,99.1,227.4,176.53,251.1,113.0,82.9,97.5,3.3783715824682843
S4,85.4,102.4,174.7,167.56,99.0,149.2,81.7,83.8,4.506745581050532
S1,29.7,36.9,69.6,171.05,133.4,109.2,74.8,79.6,-1.771586142341623
S1,47.7,36.6,81.7,166.62,158.7,133.9,69.7,93.5,2.239094963914777
S2,47.1,36.8,63.2,159.48,8.4,127.3,78.3,62.8,0.4504384654956508
S1,46.3,39.4,85.3,174.87,101.4,134.9,83.7,80.9,2.3637434452888755
S1,37.4,36.5,91.2,182.29,120.3,120.0,81.6,76.4,-0.7680838801526249
S1,44.1,38.0,84.3,194.45,89.4,118.5,76.8,83.1,-0.8894756483735773
S1,55.0,36.7,72.8,164.02,51.8,116.9,68.0,75.3,-0.8153116958662303
S1,65.0,36.9,75.3,168.43,89.3,128.1,77.5,84.1,1.117063527657368
S1,52.7,39.0,60.7,166.07,71.8,132.4,81.5,73.5,0.9332011596517139
S3,60.4,36.8,73.9,161.86,78.7,77.0,122.5,37.0,0.07816495888320288
S5,22.4,36.9,89.8,1.73,92.2,121.6,77.1,82.8,-1.2851473976516499
S3,27.6,37.1,84.8,171.67,60.3,63.7,87.8,39.1,-1.5222890757932688
S4,71.0,97.5,205.7,186.19,133.0,133.8,74.4,84.1,1.7882220689540562
S2,47.0,36.9,81.4,164.62,7.8,113.5,72.6,77.9,-0.14615844385702498
S3,30.7,36.6,85.8,175.53,102.7,61.4,100.9,43.7,-1.1950388475971703
S1,73.0,36.8,85.0,178.13,88.4,139.3,87.8,80.6,0.019506601551744995
S1,45.0,37.0,80.1,179.06,70.8,122.7,82.1,58.0,-2.064892976490335
S2,73.5,36.9,100.4,178.4,8.5,119.9,71.7,67.5,1.4377642135222026
S2,66.4,36.3,87.0,172.69,11.9,134.0,77.2,96.7,3.384118635315318
S2,86.0,36.4,115.8,180.61,4.8,145.3,84.6,58.0,2.2467109286623272
S3,73.6,37.0,90.4,170.85,120.7,80.0,139.6,40.8,3.5856484643201068
S4,44.4,100.2,196.6,171.43,117.6,118.4,79.1,78.5,0.5185110280827852
S3,43.9,36.9,83.5,165.83,63.3,75.1,131.7,31.5,-0.717702978044302
S1,50.6,37.0,71.4,168.8,104.6,116.0,72.2,75.8,-0.919041082511215
S4,76.9,101.6,179.8,173.75,126.7,165.1,99.5,96.5,3.6030570599053133
S2,69.2,36.9,71.5,165.27,9.8,115.8,64.7,68.5,0.980192092344033
S1,18.0,35.9,98.2,180.6,115.7,88.5,56.3,60.0,-1.1857762516224264
S1,51.3,38.1,136.1,186.09,96.7,131.2,85.5,109.3,2.698017555302111
S3,60.3,36.6,50.6,150.3,140.6,74.8,123.9,35.9,0.3145597775857857
S1,37.6,36.4,51.1,163.69,120.3,120.8,84.4,76.2,-1.4119130952265153
S2,56.8,36.9,88.9,173.25,6.9,128.7,65.1,67.5,2.36444742445361
S1,48.9,36.9,79.3,169.87,107.4,99.5,59.3,79.2,-0.40395840739218025
S2,63.8,37.2,85.6,172.51,7.6,122.0,77.2,78.7,0.8275522555954284
S2,71.6,37.0,91.8,157.01,9.7,164.4,93.0,80.3,4.2298415068073085
S5,55.8,36.9,54.7,1.62,110.2,113.8,87.2,51.8,-1.5622350081443974
S3,60.3,37.1,91.3,175.22,91.1,71.0,103.2,27.8,-0.43564933312128107
S1,49.3,37.3,75.6,166.51,64.9,112.7,70.1,63.7,-1.8010833446781023
S1,66.8,36.6,77.3,175.66,118.4,143.6,77.8,70.4,1.2716344282707603
S3,40.7,38.9,80.2,184.9,76.2,72.9,117.0,43.8,0.17181621776360134
S3,61.0,36.3,67.6,171.73,75.6,77.3,136.5,30.4,-0.40632030004116637
S4,95.0,103.3,201.9,174.27,115.2,125.9,97.1,91.6,3.5777995217488963
S1,45.6,37.0,89.7,166.05,165.7,120.1,79.4,87.2,1.719057595679577
S1,64.2,38.7,68.2,170.98,69.8,156.9,87.7,81.2,2.1614734334485735
S1,25.8,39.6,72.5,173.51,109.1,104.4,84.4,93.5,0.6181229275250323
S1,44.7,36.9,58.2,165.18,123.6,146.8,92.8,80.3,-0.4050788980413368
S1,30.8,36.4,50.5,154.9,91.8,105.0,69.2,73.7,-2.0936885055473478
S1,51.8,36.8,74.9,172.78,151.2,115.1,73.6,74.9,-0.15202154565454107
S4,68.6,98.4,179.4,159.74,204.7,115.2,81.0,66.5,1.5683579276898716
S2,57.2,38.3,90.7,161.88,7.9,134.7,81.0,96.9,3.046990719256497
S3,40.5,37.1,70.4,157.87,92.2,81.9,124.1,42.3,-0.4640132349392758
S2,78.4,38.8,101.5,172.81,9.0,129.8,67.5,91.6,5.827303259377736
S4,79.4,98.4,161.2,164.39,126.7,141.5,78.8,91.7,2.45318363239907
S1,76.3,36.5,45.6,159.66,118.0,136.1,85.2,102.4,1.4301154176373185
S1,71.3,39.0,88.1,194.13,136.4,128.2,74.7,82.2,2.857697382766533
S1,56.3,36.0,111.2,190.19,135.6,119.8,71.9,81.7,1.4015337595841686
S4,83.0,98.0,207.4,181.04,119.5,145.4,88.8,65.6,1.710630114434408
S3,25.0,38.0,83.2,170.49,122.5,65.6,109.1,58.0,0.9637695899853066
S3,52.5,37.9,69.6,177.9,117.7,83.8,135.3,48.9,1.4228713563294204
S3,39.7,37.0,90.8,172.63,117.6,79.5,128.6,30.5,-0.3318836175290617
S2,58.8,36.4,69.8,165.9,8.2,137.6,75.5,69.2,1.1973161452056431
S1,55.2,36.8,88.0,171.17,107.8,129.6,78.2,67.1,0.945814253833047
S3,69.0,36.4,91.6,175.59,121.0,86.0,132.9,38.6,0.7729515008255234
S2,54.3,36.4,65.0,162.53,5.1,138.5,80.4,71.0,0.38724947119665765
S2,61.5,37.8,106.8,185.23,4.9,130.8,71.6,107.9,2.847251510502754
S4,64.0,99.3,138.2,163.89,148.3,141.4,82.2,86.8,2.6882734910833035
S1,37.8,36.8,81.5,163.16,154.6,104.6,84.6,78.5,-0.01794617466836146
S4,48.7,98.2,224.5,180.99,139.0,126.2,85.4,74.5,1.8881350392770433
S5,62.6,36.4,93.5,1.76,83.7,117.3,79.4,68.0,0.7531161572756778
S5,48.2,37.5,77.6,1.64,97.8,120.4,68.0,68.6,-0.742940973618296
S4,71.9,98.1,190.6,171.88,166.1,134.8,81.7,73.7,1.791007860091509
S2,60.2,36.8,72.1,171.51,7.4,148.5,79.2,83.4,1.4636783862475007
S1,47.9,36.6,86.1,174.95,150.4,119.3,80.2,81.8,-0.03528103098161936
S2,75.7,36.7,108.5,175.71,6.7,134.4,70.1,98.2,3.600368271838984
S1,44.8,37.0,63.5,169.46,90.2,141.4,78.2,86.2,-0.42037356242916274
S3,44.6,36.6,67.2,158.24,103.3,80.5,136.7,45.2,1.0868269807372188
S1,46.2,36.5,57.3,151.57,59.8,115.3,72.1,84.5,-0.6095103630132142
S2,31.7,36.8,93.6,169.56,7.7,111.6,73.5,81.2,0.20566728090879816
S4,64.5,98.2,193.5,171.09,91.5,144.4,83.6,82.5,1.2525604910831114
S3,57.0,39.9,73.3,174.65,98.6,72.2,106.6,45.7,2.320518850749488
S1,58.9,37.0,79.0,164.27,116.4,131.0,85.9,64.7,0.4311234543593539
S2,63.1,36.4,91.0,176.84,8.7,127.1,84.7,57.2,0.8590187387741579
S2,76.5,36.7,88.0,163.34,6.2,108.8,56.2,71.0,1.4582510152445067
S3,40.0,37.1,59.2,154.36,92.0,72.0,130.7,43.2,0.05514714710837632
S5,34.1,37.3,68.0,1.86,96.6,123.8,80.7,59.5,-1.4501703771809669
S1,65.2,38.4,60.7,167.33,95.6,129.0,79.8,90.1,0.8584835288155801
S2,72.3,36.9,79.2,173.25,7.9,107.3,67.6,77.9,0.8251445618248634
S1,37.8,37.0,80.2,165.11,144.6,130.2,86.4,69.9,-0.3492266496507005
S3,31.7,37.0,51.3,141.11,158.2,75.8,97.7,42.6,-0.10097033473697314
S4,89.3,101.0,159.8,160.68,99.3,130.0,68.6,80.7,3.1259917084845985
S1,55.8,37.0,58.7,170.39,82.9,128.8,71.2,75.9,0.35638365929883575
S1,47.7,36.8,64.9,168.01,89.5,131.4,81.8,76.7,-0.10839980564275975
S3,31.1,36.8,70.1,172.5,76.3,67.0,122.0,35.6,-1.0027020580876953
S2,44.0,36.7,65.4,172.14,6.4,129.6,82.5,51.6,-1.5804838668901768
S3,52.5,37.1,94.5,180.39,84.2,86.7,141.8,39.2,1.5789399042799233
S1,64.1,36.9,89.0,169.87,102.7,141.4,79.4,70.7,1.449489528721034
S1,65.0,36.9,98.3,178.41,93.6,117.5,68.0,66.8,0.30220279261959215
S1,69.1,36.7,60.3,165.95,98.5,135.2,89.7,74.0,-0.059168597681189386
S1,41.6,36.9,79.1,172.69,110.1,115.9,73.8,72.5,-1.3196127392063606
S1,83.1,37.0,41.6,166.58,96.4,158.5,82.6,75.6,0.13850725958698273
S4,65.2,100.4,161.5,147.98,136.7,138.2,74.8,75.1,2.4509440406003242
S3,29.1,37.0,79.8,187.51,94.2,60.8,106.1,41.9,-1.1732326650421336
S4,65.0,99.0,154.7,175.04,79.8,120.5,69.8,78.2,-0.8024976843133604
S1,52.4,36.8,40.6,164.52,88.6,123.9,77.1,99.0,-0.7840981119014927
S2,67.5,36.9,71.0,171.44,6.6,125.3,81.1,71.9,0.6783143080061343
S3,47.4,37.0,73.5,173.97,114.6,71.0,116.2,38.0,-0.511401436750097
S3,48.3,38.7,63.3,165.05,103.1,74.2,132.5,40.6,2.55292297806282
S2,50.3,39.5,78.8,159.91,7.6,116.7,71.3,76.3,2.6193909659997763
S1,53.5,36.7,65.5,162.97,92.3,122.6,71.1,70.8,0.4793787551856043
S1,58.4,36.8,70.4,158.56,99.0,140.6,91.0,80.1,0.5768341910924414
S1,55.1,37.3,69.4,169.31,66.5,124.5,79.9,71.3,-1.1431503750989087
S1,51.9,37.1,68.6,174.09,123.0,150.7,77.8,73.4,0.3281507237689372
S1,35.8,38.6,82.0,173.54,95.9,113.0,73.8,73.8,-0.18937679584066633
S3,52.4,36.6,69.8,164.76,79.0,71.7,126.3,33.1,-0.06319752625483549
S1,61.6,37.0,67.8,164.57,74.3,109.1,69.5,73.9,-1.7310159938699743
S2,46.2,37.1,64.7,175.16,7.5,118.8,64.9,71.5,-0.8805302666469735
S3,43.1,36.7,58.7,164.17,85.9,79.2,131.0,40.1,0.25151376976481343
S2,58.0,36.8,83.6,170.49,6.8,138.4,88.9,67.5,0.2738986157196391
S1,63.8,36.4,61.0,160.33,135.0,123.5,71.7,74.5,1.016565039861887
S3,54.5,37.3,78.4,175.6,116.7,67.8,117.4,34.2,-0.5071691393453526
S3,42.9,36.6,58.9,172.28,112.2,74.9,112.4,32.3,-1.768458773201072
S1,60.7,36.7,56.1,154.94,120.7,118.3,76.1,78.9,-0.09431976530185675
S1,43.4,37.8,65.4,163.11,129.3,113.4,59.8,95.5,0.8918019700759767
S3,18.0,36.2,63.7,162.43,62.3,73.0,110.4,45.8,-2.5196554319630833
S3,41.5,36.4,80.5,174.39,105.1,61.5,104.7,29.5,-1.3566561732181168
S2,50.1,36.7,91.2,180.15,9.4,126.9,86.9,68.6,-0.4967673303491295
S5,25.8,36.8,75.5,1.69,87.8,113.6,73.6,83.6,-1.7426745668781276
S2,41.4,36.8,91.8,170.18,6.2,105.3,68.7,73.7,-0.21168150207998282
S3,32.8,36.5,66.8,176.98,125.1,92.5,139.1,30.6,-2.1975665639393336
S2,54.6,37.4,66.2,173.16,3.3,115.1,77.6,75.1,-1.3703588590223126
S1,32.4,36.6,42.2,164.45,107.8,106.8,78.8,95.3,-0.7332349370347779
S2,67.8,37.5,87.9,165.33,8.1,151.3,77.7,95.0,3.1001985300468466
S1,66.2,39.3,107.7,177.65,109.6,123.6,81.7,105.4,3.900927758007255
S2,51.3,36.7,94.4,168.88,9.3,138.4,100.5,70.6,1.763930656717014
S1,37.6,36.7,83.9,174.42,118.6,117.2,72.8,67.8,-0.30947268829522306
S1,71.0,36.7,75.7,179.78,116.6,121.6,76.4,78.6,-0.09590595029113697
S1,50.9,36.8,85.3,193.52,91.5,128.7,77.6,99.9,-0.15687682910387518
S1,48.2,36.4,90.6,182.99,111.6,98.4,64.1,74.4,-0.20130751499328503
S2,80.6,37.3,71.0,174.49,6.4,143.9,95.1,75.4,0.9293044189736341
S3,18.4,37.1,73.1,182.77,149.3,73.1,93.8,48.4,-1.7973211585730482
S1,38.3,36.9,42.5,144.29,82.8,128.9,85.3,81.0,-1.77192719964695
S1,66.0,36.9,77.1,170.67,141.0,119.8,66.0,92.7,2.2663769062865815
S2,69.7,36.8,92.2,161.86,7.8,110.2,71.6,69.9,1.693132775835069
S4,74.8,97.5,234.7,175.84,172.8,148.2,82.4,77.1,3.64145310247442
S3,65.5,37.9,67.0,159.21,178.7,57.4,123.9,52.0,3.3118796713562086
S2,53.0,36.8,70.2,161.87,6.7,118.8,76.6,81.4,-0.6161962579063478
S3,41.8,37.0,71.0,161.97,113.3,92.4,117.6,40.7,-1.2372142321421364
S4,50.1,97.7,216.1,171.53,81.1,138.6,84.3,84.3,1.4556237893068915
S1,51.6,36.4,107.2,176.86,81.0,107.0,73.5,63.7,-0.5893245848702527
S4,66.3,101.8,136.4,167.33,147.1,124.2,84.3,75.2,1.5510484494060115
S2,72.1,37.3,73.3,160.6,9.3,120.6,80.9,63.7,0.49547392346820635
S1,57.0,37.3,70.3,168.74,187.9,156.3,101.5,71.2,1.6559368658517546
S2,86.5,38.6,63.0,165.39,6.6,164.6,94.9,70.2,2.9868695036692916
S4,70.7,102.2,193.3,164.72,168.3,152.3,94.4,91.7,5.35944130729075
S5,20.0,39.2,78.7,1.68,139.1,119.1,77.6,97.8,1.2213062289814727
S1,66.1,37.1,74.2,160.9,124.4,150.2,87.6,65.4,1.450152935960502
S1,83.1,36.9,91.0,189.04,105.2,145.0,91.0,84.6,1.555824868868073
S4,69.4,102.2,140.7,164.91,176.8,132.9,83.9,96.3,3.884578532786013
S1,37.5,36.7,86.0,171.2,78.2,122.3,74.5,76.5,-0.7112494779082825
S4,48.1,101.2,176.8,167.74,151.4,121.0,75.0,83.1,2.049510720480351
S3,33.6,36.6,60.7,172.22,78.4,78.2,123.6,44.5,-1.527593084163305
S1,47.9,37.2,74.2,175.74,97.5,125.6,89.3,76.7,-1.1244434751983405
S2,52.1,36.6,70.1,160.28,6.7,106.7,74.0,65.5,-0.3577098571099486
S4,60.8,98.2,140.1,165.39,83.2,111.9,85.0,78.3,-1.4702416015702262
S3,45.6,37.0,83.3,180.54,130.0,70.5,108.1,35.1,-0.858675479312701
S1,53.3,36.9,52.9,169.05,113.9,121.4,65.7,67.7,-0.9252153048865779
S3,30.7,37.2,66.4,162.04,133.5,75.1,107.5,29.6,-1.638771027247081
S1,44.7,37.0,71.2,177.18,99.9,133.7,90.3,75.1,-0.574047002291582
S1,43.6,37.4,78.7,162.75,109.6,113.4,70.9,79.7,0.10167474771427715
S3,56.9,36.9,83.9,171.12,70.5,77.2,105.9,36.5,-0.9478719364480354
S3,48.4,36.6,69.1,171.26,153.2,75.4,101.2,34.5,-0.007807733982753584
S1,71.4,36.7,80.9,170.73,89.0,108.7,65.6,80.7,0.22736885148328986
S3,34.9,36.3,83.1,189.55,58.8,75.3,124.5,30.4,-1.748627767069158
S3,63.0,36.9,87.3,177.73,64.2,80.6,133.9,43.4,0.36834950815269535
S1,59.5,37.2,100.2,183.33,60.0,140.8,88.8,73.1,0.25655663391223743
S1,47.2,36.0,66.4,172.43,128.2,111.5,71.0,45.5,-1.6471984109378242
S4,53.1,98.2,163.5,154.24,89.6,111.7,66.1,69.3,-0.7211825045991811
S1,68.4,37.0,78.0,166.54,108.6,131.6,87.2,66.5,0.5624154764055913
S5,27.2,37.3,85.0,1.73,87.8,110.6,60.1,66.0,-0.9184991993522561
S1,48.8,38.5,79.1,163.39,124.2,125.5,83.7,82.6,2.446001813769301
S1,63.5,38.1,106.8,175.01,143.0,123.0,79.5,85.2,2.3639002051793843
S3,35.1,36.5,71.8,176.79,63.9,77.8,128.4,42.1,-1.1735762439832753
S1,50.8,38.6,93.0,181.32,154.2,134.2,69.8,86.7,3.3884478672954206
S1,52.4,36.9,72.6,168.64,82.1,112.2,69.6,70.0,-1.0935601609057137
S1,18.3,36.8,79.7,162.57,127.3,101.2,71.9,61.3,-1.0576898887332324
S3,51.5,36.5,46.1,154.7,121.5,74.5,124.7,46.6,0.1138752407248069
S1,54.6,38.4,71.0,168.69,93.5,155.1,88.0,96.3,1.5242411581922788
S1,55.5,36.6,65.0,168.52,142.1,124.4,90.4,90.4,0.3171161391144841
S2,65.9,36.4,92.7,169.03,6.9,141.5,89.6,73.3,0.794610101548026
S3,41.2,36.7,94.6,179.43,122.1,78.4,113.9,49.9,-0.7276162761196632
S4,91.2,98.9,217.7,185.78,147.3,162.1,103.7,79.5,3.1818363600264865
S1,36.4,37.0,91.7,180.8,154.1,133.2,72.9,70.7,0.8663081375479473
S1,85.6,36.8,54.0,155.13,137.4,120.1,71.9,63.2,1.1641254130350915
S1,55.3,36.7,60.4,159.0,140.9,106.9,71.5,77.9,-0.2784436084492501
S4,63.0,102.0,166.5,174.09,79.2,119.6,81.0,84.6,0.8686984544905656
S2,45.5,36.8,84.8,167.84,6.5,133.1,76.4,73.6,0.4829996671254269
S1,61.3,37.0,83.3,179.53,115.5,123.6,62.4,83.3,0.03350053874724179
S1,58.3,36.9,81.6,167.52,127.3,108.3,76.2,73.6,-0.03800551136595468
S4,95.0,98.0,239.0,174.58,95.7,147.1,78.9,84.7,3.986514655151721
S1,39.9,36.3,66.2,152.96,113.9,153.8,91.5,95.6,1.2979038666847578
S2,59.1,36.9,83.2,174.69,7.0,132.8,86.5,58.2,0.5621356852862172
S2,72.2,36.5,80.6,179.75,10.3,133.8,83.0,61.9,1.948368158689893
S1,54.7,36.5,64.1,180.72,113.2,136.0,67.4,70.1,0.5074803748446539
S1,45.0,38.8,83.0,174.48,110.2,91.3,61.6,99.3,0.7823985324842646
S3,39.2,36.9,89.3,172.97,98.7,66.2,98.9,43.8,-1.0085786599493924
S1,51.5,36.7,79.1,177.47,126.4,131.4,84.2,60.6,-1.4575060041770267
S1,45.2,36.6,85.3,172.18,101.5,129.2,81.7,73.3,0.2638157598911705
S5,52.8,37.0,68.7,1.66,85.7,112.8,69.7,75.4,-0.7571153738663963
S4,76.4,97.9,200.7,169.14,109.4,140.8,80.6,87.1,2.7557406004715004
S1,67.8,36.5,62.4,172.09,105.1,140.2,70.9,67.2,1.630798093529941
S1,42.5,36.7,65.0,177.28,146.5,127.1,78.7,84.5,-0.037140185651906465
S5,38.6,36.6,56.5,1.75,54.9,125.1,82.4,0.0,-1.5532775075457945
S2,90.1,37.2,83.0,174.42,6.0,143.0,84.2,77.5,1.9197698651854618
S1,49.1,38.0,89.8,180.19,137.4,125.1,74.7,101.7,1.588392805060965
S2,57.1,36.9,88.3,173.04,5.6,107.9,81.0,71.8,0.44752632779729773
S3,40.6,36.6,68.0,166.14,104.6,81.4,129.5,36.1,-0.1822753079107201
S2,81.3,36.3,78.3,160.16,5.4,160.0,93.4,59.9,1.746978986138907
S1,28.7,36.6,110.4,193.04,78.1,121.5,73.7,65.8,-1.0835813220910495
S1,55.8,38.9,69.9,174.88,81.2,111.7,76.9,86.9,0.39654664358194924
S1,51.1,37.6,69.9,166.01,113.9,126.1,72.8,91.2,0.10679649690381754
S3,73.0,36.9,77.9,165.94,91.9,75.1,128.1,36.2,1.3833836014748289
S5,18.0,36.9,78.6,1.63,78.2,95.6,72.8,83.7,-1.7030572805967716
S4,55.3,97.9,221.9,169.6,177.2,140.7,85.9,70.0,2.3350140908224866
S2,87.5,36.7,67.3,164.57,5.6,138.9,76.1,81.9,1.4714909522449138
S1,44.8,38.2,67.4,166.82,116.3,106.5,63.7,73.8,0.02777583580513221
S1,37.1,37.8,70.1,177.12,117.8,137.9,67.3,94.3,1.3762930044927857
S2,75.9,37.2,80.8,161.06,9.4,151.2,90.1,81.1,2.1815624102731537
S1,58.3,36.6,65.9,167.07,83.4,125.0,79.7,83.4,-0.25092602505308736
S5,24.7,36.6,73.3,1.68,72.3,98.6,72.1,82.7,-1.9945444977641549
S1,51.4,37.0,78.7,177.76,142.8,109.8,62.0,90.0,0.0856868731857448
S2,48.1,36.7,84.4,165.93,5.6,117.2,77.0,74.2,0.35467884437762237
S2,28.7,36.5,98.9,181.68,8.3,111.4,72.8,89.8,-0.16257276328411008
S3,37.5,37.5,76.7,159.24,113.3,87.9,131.1,33.1,-1.1480080295745685
S2,58.3,37.0,102.7,184.3,4.7,136.4,86.7,84.8,1.4149494292605285
S4,67.5,97.9,161.8,163.54,150.4,126.6,72.1,69.4,1.3715639888954003
S2,82.3,38.4,99.5,177.39,5.3,148.4,73.2,87.4,3.82992029757286
S1,62.0,37.0,76.3,155.76,105.2,138.2,87.6,106.2,1.861665486219187
S1,51.4,37.1,60.5,163.7,98.9,129.6,82.8,65.3,-1.0134257181642095
S3,36.0,36.5,77.9,168.95,87.9,64.0,124.7,41.8,-0.20648704739066345
S1,41.3,36.7,63.8,162.23,134.4,124.1,76.5,75.1,-0.47445467231601307
S3,64.0,37.5,68.4,166.23,111.9,90.7,138.6,42.5,0.8757308112522406
S1,42.2,36.6,88.2,173.12,168.2,104.6,63.4,84.8,0.6361344941625078
S3,64.0,38.6,62.4,181.96,106.4,65.0,116.6,35.4,0.5022281973739848
S1,31.4,36.7,59.8,168.4,103.0,154.7,92.2,68.2,-1.2189248870313476
S4,61.2,100.7,212.4,161.71,138.4,135.6,78.5,89.0,3.1461886209397525
S1,57.4,36.2,83.4,168.26,83.5,144.6,87.1,49.3,0.45291341209583563
S1,65.2,36.9,95.2,167.5,113.2,105.5,70.4,67.4,0.05813097000171552
S4,69.8,99.2,205.2,167.58,121.9,144.0,84.3,76.9,1.530811753583785
S3,18.0,36.6,71.7,173.57,74.0,61.9,89.3,39.2,-2.2401886895348886
S4,53.0,97.4,170.7,178.83,143.5,121.0,97.4,89.4,-0.3013125313634877
S1,70.7,38.0,75.3,164.74,88.8,126.5,73.2,82.7,0.5948023082323954
S3,46.8,37.3,92.5,170.32,77.6,96.7,153.0,39.8,1.339353464906333
S3,30.0,36.7,95.0,184.63,95.9,65.5,100.1,45.9,-0.5509421851662125
S3,35.6,37.1,45.7,157.56,76.7,69.7,123.6,41.8,-2.025211467453393
S3,34.3,40.4,83.3,178.99,86.1,87.3,117.5,39.0,1.2781629591081056
S2,69.0,36.9,63.9,163.0,7.3,133.9,85.5,48.3,0.3454164431336317
S1,47.6,36.9,61.9,173.66,120.9,132.9,82.5,75.7,0.18355040035432307
S2,84.8,38.6,122.1,176.92,5.4,132.7,75.0,90.6,4.131343692513519
S3,51.4,37.4,71.1,173.06,97.4,66.6,103.2,40.4,-0.4858170514396096
S2,66.6,36.8,67.4,164.55,5.7,136.9,83.6,70.5,0.0954430800383701
S2,47.5,36.9,102.6,179.95,10.8,85.1,55.4,70.5,-0.4801505699898363
S2,48.6,39.5,106.3,174.94,7.8,106.2,65.5,89.6,3.1956458961799052
S3,42.1,38.5,65.2,166.95,76.4,80.2,140.9,52.1,0.7463031841852295
S3,48.4,37.0,67.4,169.45,87.9,71.0,117.0,37.6,-1.0634368910834686
S3,48.3,36.5,61.2,152.02,80.7,79.6,113.2,31.5,-1.367276348944125
S4,52.9,98.0,254.6,181.81,162.2,131.3,81.3,67.5,1.8586352545806655
S4,66.3,98.1,220.1,178.97,129.1,112.2,64.9,77.1,0.8252622008504975
S4,65.6,101.1,209.9,172.71,100.9,145.0,78.6,77.3,2.1678565992664196
S2,69.0,37.0,94.3,171.44,6.8,139.7,88.2,79.2,2.4365833424069265
S3,18.0,36.7,60.7,167.12,86.2,71.7,102.3,32.6,-2.4411024280255647
S1,52.6,38.6,76.2,166.23,150.0,115.1,90.3,79.4,1.4838960708933902
S1,50.7,36.6,95.5,171.86,81.0,109.7,80.7,95.3,-0.5743608064105817
S2,57.9,37.4,81.6,176.0,6.2,129.7,79.5,73.4,0.8116837917769015
S1,58.7,39.0,93.0,177.48,95.1,133.1,70.7,100.3,2.9878241567115795
S3,56.9,36.8,71.1,159.72,101.1,88.8,146.5,41.2,0.7253569310901913
S1,79.5,36.6,62.7,175.06,59.2,145.9,78.0,73.3,0.05513897903774001
S3,40.1,36.7,107.7,182.47,63.2,85.1,129.4,36.1,-0.40537011018792773
S1,59.8,36.4,89.3,176.21,112.2,147.9,81.8,74.5,1.2388624668688182
S2,67.1,36.1,66.9,170.89,4.7,124.5,77.7,56.8,-0.3915197279818584
S2,60.9,36.9,50.0,162.23,10.2,114.2,70.5,96.7,0.9848275734394975
S2,60.3,38.8,52.5,167.27,4.2,156.1,87.7,110.7,1.9298088032704144
S5,31.7,37.1,81.5,1.73,120.0,89.0,69.0,66.2,-0.9346256553695284
S2,36.5,36.9,107.6,184.86,6.6,114.4,77.9,75.6,-0.4396363717984598
S2,55.0,36.9,122.3,179.0,7.9,120.6,81.4,76.1,1.1671497144757546
S2,67.7,38.6,69.1,157.89,4.5,134.9,85.3,95.3,2.1614154528857896
S5,30.0,37.1,60.4,1.66,126.1,106.2,77.2,70.7,-2.0889096837563232
S1,77.8,36.9,64.0,169.73,105.6,153.5,100.3,68.7,1.275108866262778
S2,77.7,38.0,63.4,154.84,6.5,162.4,91.7,99.8,2.5446928954487276
S3,28.4,36.7,67.2,155.92,106.9,84.5,131.3,51.1,0.4410975461633221
S4,61.0,101.0,166.9,160.61,157.1,121.1,67.1,94.4,2.9862888301868895
S4,95.0,97.0,188.9,169.63,190.6,163.7,104.7,55.3,3.3583273675166616
S2,65.0,38.7,96.2,181.72,7.1,120.8,81.0,88.4,1.507507873984265
S1,52.9,38.4,80.5,158.32,120.8,128.7,83.1,87.4,2.4456173555791545
S1,60.0,36.9,58.9,155.73,60.5,128.1,81.4,60.6,-0.7920461598818459
S3,55.1,37.6,95.0,180.18,124.7,77.8,130.4,45.0,1.1320307388541615
S1,68.6,37.7,68.9,154.6,232.4,110.8,72.5,56.3,1.9118055874366542
S1,44.8,38.9,102.3,179.83,76.6,112.8,79.2,93.4,1.1477402260569511
S1,69.0,36.6,75.2,168.21,80.0,150.7,87.5,69.1,0.38213729196261026
S3,27.4,36.8,80.3,171.94,74.2,92.1,131.2,34.8,-1.835274106024173
S2,73.0,37.4,83.5,176.57,10.7,124.2,75.5,66.4,1.7878843175244388
S3,43.0,37.0,40.5,157.77,133.5,69.9,102.1,32.7,-1.621532419839363
S1,57.3,36.7,72.9,170.24,103.9,128.7,84.5,66.5,0.11475695808090813
S1,37.0,37.0,98.3,178.52,183.7,122.9,76.8,52.7,0.6991611081623782
S1,36.2,36.7,72.6,166.65,95.0,128.8,92.7,62.5,-1.1494910052228153
S1,71.7,36.9,74.2,172.39,98.7,136.8,81.3,68.9,0.7308830232084387
S1,42.1,37.0,67.1,163.8,161.3,117.4,70.2,88.3,0.3717949710470233
S1,46.9,37.9,62.3,181.0,115.5,114.0,69.8,91.1,-0.49297102136018883
S2,47.9,36.7,94.3,168.38,5.9,101.4,76.6,84.4,-0.5455538726449606
S2,50.9,36.4,84.3,173.82,6.4,130.2,69.6,62.4,0.8232090674476091
S1,57.5,36.5,70.3,174.54,141.4,137.2,87.4,79.5,0.7441249483826005
S4,62.1,98.1,160.3,167.54,119.2,106.4,73.8,85.9,0.14338319045243977
S5,46.4,36.9,73.0,1.66,146.3,120.4,63.5,65.5,0.9041408457706119
S1,51.5,38.4,74.5,172.57,99.4,140.9,81.2,83.0,1.4106386511759164
S1,61.0,37.0,81.8,177.83,73.9,98.5,72.3,91.9,-0.5985584188243227
S3,32.0,37.4,61.0,172.14,82.2,73.2,112.7,33.0,-2.963899820727364
S1,54.2,38.0,65.6,171.89,92.6,110.8,72.0,94.3,-0.2148075688781191
S1,41.1,36.8,114.1,180.59,130.2,115.0,74.5,75.0,0.42019429220486715
S3,41.6,37.4,83.0,177.67,86.1,84.6,150.3,34.6,0.2452364022181826
S1,72.8,36.8,46.9,166.54,170.2,143.6,77.2,86.0,1.5214141451586205
S1,68.9,36.7,77.4,166.79,96.6,133.9,76.8,78.3,1.003014156172828
S1,38.2,36.3,92.1,183.37,128.4,82.8,53.4,74.8,-1.0286767069023632
S2,33.5,37.1,68.7,173.02,6.4,88.2,56.4,65.8,-1.6459770574140853
S2,46.3,36.9,88.9,153.36,6.2,120.6,82.6,84.0,0.4870630727593065
S1,43.7,38.2,70.9,174.0,86.1,125.2,77.8,85.3,-0.15822058341544434
S2,43.7,36.8,86.9,171.81,7.0,123.4,75.6,62.1,-0.4595023152354512
S3,36.1,36.5,61.5,167.48,112.7,73.4,110.8,38.5,-1.5436983019710282
S2,54.4,38.8,76.5,158.27,5.0,120.7,80.2,72.9,0.8530507105448737
S4,82.5,97.0,245.1,180.49,201.6,148.7,77.1,54.8,3.7788103099698303
S2,56.9,36.7,84.0,177.31,6.5,103.6,62.4,77.5,0.7420547706859689
S1,42.9,39.2,91.1,167.83,102.5,115.9,79.2,101.5,1.9957560480288745
S3,67.5,36.5,94.1,179.18,99.2,82.7,134.9,35.9,-0.0462860459778166
S3,34.4,36.9,81.0,175.12,101.2,87.6,114.2,39.3,-1.4729979634098604
S1,61.4,37.1,79.7,176.25,110.9,136.8,91.6,71.7,-0.008418484540725902
S3,24.5,37.4,44.3,171.84,83.1,75.0,110.2,43.3,-2.2711128196183887
S1,31.5,38.3,107.4,181.33,104.4,110.5,76.8,80.7,1.027513298052977
S5,31.5,36.8,83.7,1.66,91.9,100.9,75.8,87.9,-1.274424792367092
S2,45.7,37.4,65.5,154.76,8.7,99.7,58.0,79.8,0.2624866838312574
S4,58.5,101.0,150.4,165.73,103.7,103.9,79.9,95.6,0.43284386696309807
S1,49.2,37.3,58.9,157.02,81.0,119.9,69.4,71.5,-0.6958598782316369
S1,73.9,38.8,46.6,151.35,109.4,174.2,101.0,86.9,2.9109444758421037
S1,47.4,36.4,79.7,176.22,135.5,111.3,81.6,57.2,-0.692482090843417
S1,65.1,36.8,105.3,174.41,101.3,138.0,76.1,61.1,1.5586189343765124
S4,60.4,98.6,166.2,157.86,137.1,127.2,80.5,73.1,0.8319480797517895
S1,22.3,36.4,108.9,179.26,100.6,99.2,71.3,80.0,-1.1490356329071334
S1,46.3,38.7,62.4,155.36,133.1,123.0,75.2,95.6,2.4758907165419313
S2,59.9,37.1,83.6,162.61,6.4,126.4,69.2,81.3,1.344623293674409
S1,59.6,36.3,88.2,165.45,134.4,144.7,96.4,98.2,1.6829715289246077
S3,33.2,36.5,89.0,176.94,128.8,59.7,99.6,51.4,0.6244522551191313
S3,35.5,36.3,85.0,179.63,110.9,86.5,106.5,27.6,-1.5713064932638237
S3,40.6,37.0,77.0,170.46,60.1,99.9,154.7,35.5,-0.6200506059477158
S1,44.3,36.9,78.1,177.62,110.5,134.1,87.6,73.9,-0.38959088755746185
S1,66.7,36.7,71.8,163.63,135.6,110.5,67.2,65.0,0.8058141920357624
S4,33.0,98.2,176.2,165.96,97.6,85.3,61.1,89.3,-0.6661977467505739
S1,47.6,36.9,82.6,163.83,124.6,131.6,81.6,69.8,0.28607499282867555
S3,69.7,36.4,60.1,145.52,76.9,90.3,129.6,39.6,1.178364406388168
S3,59.1,37.0,77.6,162.5,69.5,90.6,143.0,34.9,-0.17014685133145346
S1,73.2,36.9,75.2,171.26,117.2,114.9,74.1,85.8,0.7856363287560166
S1,23.7,37.2,67.1,172.42,58.7,95.8,61.5,61.4,-2.954432058540761
S2,65.6,36.8,77.1,162.18,6.2,108.8,84.1,78.4,-0.07699665238251649
S3,34.3,38.9,70.2,163.49,71.2,77.5,120.6,51.0,0.9087297236759074
S2,42.4,38.7,66.4,166.8,6.1,126.8,85.3,99.2,0.5454264565853417
S1,66.6,37.8,69.9,169.9,112.2,118.3,73.2,81.9,1.0711269393465828
S2,78.1,36.7,81.0,166.07,5.8,158.5,103.3,97.6,2.3701768850187297
S2,55.6,36.9,87.1,178.51,10.2,114.5,68.8,82.0,0.6973474433267081
S2,56.8,36.6,61.9,155.81,11.3,149.4,98.5,64.4,0.936090935314725
S3,52.8,36.7,64.8,173.95,104.9,63.5,119.2,33.8,-0.20766332068899185
S2,72.1,38.4,96.8,172.27,6.2,104.6,70.1,81.1,1.3257196763267864
S3,36.9,36.9,62.0,175.12,110.6,73.1,129.6,37.4,-0.4935953201378669
S3,19.8,36.8,76.4,168.42,93.0,70.3,108.1,42.0,-1.23924733198521
S3,45.8,38.3,63.2,174.38,123.5,73.1,105.8,49.9,-0.5113348529014876
S1,59.7,36.6,75.7,174.51,97.3,141.4,91.9,81.8,0.11380052284674805
S1,59.2,36.6,74.4,169.52,91.5,111.5,77.3,86.2,-0.6406494588214445
S3,41.4,36.3,83.7,164.16,82.3,90.3,123.7,36.5,-1.1249467140657332
S1,49.4,36.7,60.3,162.1,106.7,122.7,71.0,83.4,-0.723383485680519
S3,40.4,37.2,86.9,160.02,88.1,80.7,113.4,48.0,0.18587054933275
S1,39.2,36.8,83.6,176.51,98.7,150.6,94.1,75.4,-0.45972711460663646
S1,68.3,36.7,63.8,161.62,81.2,145.4,83.7,76.7,0.7967360471656987
S2,83.9,37.8,57.7,158.91,6.7,146.0,83.8,76.6,3.1868650489264683
S2,78.5,36.7,81.7,160.68,4.9,138.2,84.2,64.7,1.8540573694312745
S1,59.8,37.2,60.0,164.39,112.9,125.4,70.8,77.0,0.4050410765740711
S1,59.9,38.8,79.9,164.57,75.2,147.1,88.6,99.1,3.020194795785751
S2,60.8,36.8,86.4,165.55,6.0,105.8,59.5,73.4,1.3008762714004836
S2,46.0,36.6,103.8,175.2,6.5,122.8,65.3,85.4,0.995675309787522
S5,31.0,37.2,39.9,1.63,78.5,110.5,82.1,93.8,-2.7654542140916814
S3,52.6,36.4,52.0,153.04,81.1,81.1,126.7,35.5,-1.030823831637521
S1,50.3,36.5,70.4,168.96,75.2,111.8,62.7,83.1,-0.4013179469231462
S3,59.9,37.0,97.7,176.83,124.3,100.5,150.4,35.7,1.1463340360541916
S5,33.9,37.3,66.3,1.71,91.0,91.9,65.1,86.1,-1.9332721531321764
S1,47.1,36.6,67.9,193.74,96.9,110.8,77.0,69.0,-2.3037896091311616
S2,49.0,36.7,60.2,161.3,7.9,98.6,64.6,75.4,-0.6138775583182292
S2,45.2,36.7,86.4,164.7,8.1,161.8,92.5,73.4,1.6079883107522088
S1,54.2,36.7,75.9,160.04,94.3,110.8,74.4,56.0,0.07640424849632732
S1,75.6,36.7,67.5,179.57,105.4,149.6,83.6,74.4,0.8723250029199645
S2,57.5,36.4,100.6,187.54,7.7,116.5,82.0,80.3,-0.3163348177425739
S1,32.5,36.9,88.1,180.99,103.0,90.9,65.2,62.2,-1.283985377409099
S1,52.9,38.0,71.7,163.01,95.2,120.5,82.2,80.6,0.08107442113203081
S3,53.0,36.7,57.3,161.14,82.1,68.9,134.3,39.8,-0.4840627209344447
S3,72.4,36.5,74.5,169.4,79.2,80.5,153.0,29.0,0.593165355880475
S3,46.0,36.7,55.1,170.36,84.0,93.3,127.6,32.3,-2.914274692481487
S1,69.7,36.9,90.1,160.05,126.7,150.9,88.1,67.0,2.058841498798358
S2,74.9,36.8,92.1,175.33,8.0,170.2,104.5,86.6,3.342592106453915
S1,43.3,36.5,88.1,163.9,162.4,120.0,79.0,72.6,1.2240686973583093
S2,56.4,39.5,71.4,154.69,6.1,111.9,74.3,75.5,2.5678977858008043
S1,70.3,36.9,88.9,177.02,122.3,138.1,76.1,62.1,1.8458768389093552
S3,48.2,36.8,73.8,158.93,91.4,75.3,133.6,44.7,0.7286236675135349
S4,68.6,98.9,162.9,161.24,86.5,146.3,86.6,83.3,1.0476145632483842
S1,59.1,36.8,71.1,184.25,77.0,143.8,89.1,70.5,-1.021828929563777
S2,50.8,36.6,76.3,159.19,7.3,113.4,80.6,74.5,-0.16484469991370637
S3,63.8,36.9,84.6,170.79,80.4,78.4,132.2,29.7,0.10540767826955491
S1,32.3,37.0,47.1,152.21,114.7,115.5,82.6,76.6,-1.760847280299355
S2,60.4,36.7,79.3,175.1,6.7,99.0,56.9,80.5,0.3528407775518053
S1,56.0,36.9,89.6,159.79,104.9,134.4,80.5,74.8,1.809191970582275
S1,28.8,37.1,79.3,170.5,135.1,92.7,59.9,56.2,-0.84696457124798
S1,42.2,39.0,103.7,182.65,80.5,135.1,74.9,104.6,1.9315758696506542
S1,34.2,37.1,58.7,160.82,85.8,132.3,85.9,66.2,-1.7737358251984712
S1,49.1,36.7,65.5,169.15,88.2,112.8,74.1,72.8,-1.7397885211701838
S1,57.7,36.5,79.8,168.72,94.4,122.3,72.2,51.0,-0.7948475085986587
S3,37.8,36.4,79.4,185.58,101.9,81.0,143.8,30.4,-0.9339743816007908
S2,58.6,36.3,65.7,139.27,5.9,111.1,74.9,80.7,1.0392160239237234
S2,38.3,37.0,101.7,174.34,9.5,117.2,70.2,82.5,1.5375812301002327
S2,56.3,36.7,101.8,179.04,9.2,133.7,83.9,81.6,1.257994480890198
S1,58.2,36.8,41.7,166.65,115.6,148.0,86.8,91.8,-0.15424092209721324
S5,18.0,36.3,82.3,1.78,87.5,101.5,69.4,95.1,-1.524240857157746
S4,52.5,98.2,166.2,162.74,152.2,129.2,72.4,70.8,1.4316503033388281
S4,50.5,98.6,141.1,150.25,139.1,136.1,85.1,77.2,0.6033679167566157
S3,31.9,36.6,74.7,183.03,83.6,80.5,125.2,32.8,-2.677352995992802
S1,44.6,36.7,108.3,182.07,108.4,127.2,84.5,73.1,0.2675380409158062
S3,39.7,36.4,70.4,158.49,127.8,69.5,116.3,35.3,0.8562288094413592
S2,72.1,36.6,74.8,183.05,4.8,150.0,93.2,81.2,0.8118583758758758
S4,66.8,102.1,132.2,167.96,195.1,158.2,91.6,100.6,4.1204520334345744
S1,41.3,37.6,56.3,152.97,87.1,109.7,69.7,85.5,-1.2994672068510347
S2,47.3,38.4,65.1,180.3,9.5,106.0,58.9,97.3,1.205560130757198
S1,54.1,37.1,58.8,158.08,89.1,144.0,83.2,63.4,-0.13635536594970474
S4,81.6,98.4,158.2,157.8,103.2,124.7,72.8,64.0,1.7489902269295539
S1,71.4,36.8,47.6,170.18,77.9,115.8,63.5,74.9,0.25845620811670317
S3,44.5,37.2,63.8,153.62,153.0,74.5,114.2,38.2,0.056057519713708565
S1,54.3,36.4,72.8,173.7,116.2,131.7,75.6,65.6,-0.2840404849981785
S1,45.8,36.7,60.6,172.92,89.0,103.7,70.1,88.8,-2.000640619093888
S2,62.0,36.9,73.5,160.8,5.0,147.9,96.2,70.4,0.09147271464866724
S3,64.2,36.9,63.8,167.07,88.7,71.8,128.4,41.0,-0.39581041407133033
S2,95.0,36.9,67.4,155.24,5.8,148.1,86.3,66.3,1.5306369754305238
S2,30.1,36.5,69.4,167.11,6.8,135.0,77.6,64.9,-0.3335762232670982
S1,43.1,36.9,60.8,168.27,136.6,115.3,72.6,64.8,-0.6956071363150698
S2,66.1,36.7,61.9,174.35,8.1,105.9,67.2,95.0,0.9260932724246825
S3,47.0,36.8,67.2,158.09,71.3,66.3,124.8,35.3,0.14342439846278787
S5,37.8,36.9,63.5,1.65,117.6,122.1,81.1,77.9,-1.2270079214367395
S1,45.0,37.2,74.8,165.83,73.5,114.2,69.0,65.6,-0.7399546087008894
S1,34.2,36.9,80.4,171.18,113.2,122.0,73.4,58.4,-1.764219188094129
S3,36.8,39.1,79.6,183.53,106.1,75.0,138.9,46.1,1.9527763323303085
S1,45.0,36.9,88.0,180.12,102.5,109.2,82.1,80.1,-1.3752651772734303
S4,64.9,98.2,195.4,166.87,134.4,128.0,83.0,83.5,1.23751103690275
S2,51.1,37.1,81.5,173.04,4.7,137.4,90.8,63.0,-0.9817288599534757
S2,74.7,36.8,87.1,167.11,7.1,118.0,73.4,79.2,1.1068999326684374
S1,65.3,36.6,82.3,163.63,112.8,142.9,98.7,90.9,1.0304788052587122
S1,47.3,36.2,93.6,169.52,82.7,120.5,82.9,78.8,-0.529488754367937
S3,60.4,37.1,67.1,170.67,142.9,80.4,125.2,25.0,0.10042343178924718
S2,63.8,37.0,80.7,155.86,8.0,98.3,73.3,64.9,0.6089281694553604
S2,66.3,36.5,80.3,164.97,8.4,121.5,78.6,77.7,2.3562356169171723
S1,53.9,38.5,100.4,179.07,101.5,120.4,82.8,86.8,0.998623511575697
S1,40.7,37.0,48.8,161.77,115.4,123.5,74.9,86.2,-0.3821335091396183
S1,82.2,36.4,69.2,165.12,158.4,156.9,95.7,57.6,2.3995812304630575
S1,37.0,36.5,86.0,180.17,139.7,128.8,85.3,57.7,-1.3264059772422114
S3,40.6,37.0,103.4,174.87,127.6,73.4,102.3,33.3,0.7074446476969601
S1,58.9,36.8,56.9,169.05,96.6,135.3,70.1,65.0,0.05352264574892869
S2,57.5,36.7,104.5,174.49,7.3,129.6,86.7,76.7,1.0815921886913276
S4,54.7,97.8,220.3,175.85,105.1,133.8,94.4,79.3,0.3341434237763806
S2,58.7,36.9,63.9,169.05,8.6,131.3,80.0,108.0,1.240926511410846
S2,79.0,36.6,94.2,178.49,8.3,137.7,80.1,75.7,2.1978323695709325
S3,50.9,36.4,70.6,156.99,113.0,81.8,139.8,38.0,-0.21127523473022936
S5,35.7,37.1,74.9,1.74,71.3,100.9,68.8,69.3,-1.7565409331023514
S2,80.9,36.5,104.7,174.07,7.6,139.2,93.7,60.6,2.301889518193274
S1,42.7,38.5,131.6,186.96,82.9,97.0,66.6,99.9,1.7597955297464327
S1,46.5,36.5,76.0,173.84,73.9,115.2,76.9,81.8,-1.7596058635031522
S2,66.3,37.0,82.7,182.19,7.0,130.4,78.9,71.1,0.3655040138721534
S4,66.8,100.3,131.9,164.24,175.5,148.7,93.8,90.4,1.8634526961832867
S1,44.6,37.0,86.3,165.37,113.2,110.2,66.9,67.7,0.008280885411674654
S1,63.0,36.3,81.2,173.54,170.4,99.3,62.7,84.3,0.7579341379761755
S1,78.5,36.9,76.6,174.76,91.3,110.1,73.0,49.7,-0.9440461218173981
S2,58.5,39.1,103.4,180.18,8.6,138.9,83.1,56.2,2.6351732384162467
S3,62.6,36.6,85.1,168.68,190.0,65.0,100.9,28.3,-0.15560083110961542
S5,31.6,36.5,55.6,1.63,79.3,112.7,72.9,54.0,-2.2704483131595987
S3,35.4,36.9,87.5,179.87,99.3,63.9,89.9,50.8,-0.8606494476123047
S1,45.6,36.9,55.4,166.26,134.7,114.3,71.9,86.2,-0.26976412906775754
S3,39.1,36.7,75.8,177.12,119.8,94.9,129.2,42.1,-1.36457973718576
S3,18.0,36.7,80.8,178.26,121.4,79.6,102.4,35.5,-2.0085093991403418
S2,31.1,36.8,80.8,169.91,5.0,121.9,79.6,80.2,-1.9335499552934086
S1,71.4,36.9,73.1,176.41,100.7,129.8,82.7,77.6,0.741279282283226
S4,80.3,98.2,176.0,161.11,126.2,136.5,80.5,54.1,1.5034467042395767
S2,69.0,40.0,106.0,175.27,6.0,142.9,82.1,67.0,4.71269974566098
S1,48.6,37.2,49.6,161.88,136.2,128.4,76.3,92.1,0.5837907625163468
S3,46.4,37.0,66.3,172.85,110.4,80.4,109.3,42.0,-1.1065255146008126
S1,56.5,36.1,89.2,180.27,83.2,115.7,70.7,73.3,-0.06617593358711263
S2,60.9,36.4,76.6,167.19,5.1,129.4,83.6,78.4,-0.5510644258391122
S1,65.6,36.7,62.5,172.69,84.2,131.4,79.5,74.1,-0.745673140879936
S2,92.3,36.7,56.9,158.87,8.2,143.0,86.9,82.2,1.4947148167847568
S1,52.0,36.9,64.6,164.26,95.8,114.7,80.2,80.9,-0.7334396877243952
S3,51.6,38.8,81.0,179.49,66.7,73.0,125.3,52.6,1.910795703250358
S1,42.9,36.9,113.2,174.29,104.6,131.3,84.4,59.4,-0.3943184006560721
S3,41.1,37.2,62.5,158.3,66.2,72.6,113.8,34.3,-1.9232176504880556
S3,70.7,36.8,61.0,166.29,126.4,73.7,133.6,31.9,0.920075253257111
S1,46.2,36.5,75.9,170.56,110.5,125.3,77.9,76.7,-0.23227945285530666
S5,28.7,36.8,74.8,1.69,118.3,110.8,73.8,86.5,-0.9585424492187146
S2,50.6,36.8,97.4,173.74,10.0,102.6,72.5,80.2,1.534577098982007
S5,63.0,36.4,76.6,1.6,70.7,135.4,79.0,70.2,0.36865350531225455
S1,38.5,36.7,61.7,159.19,126.0,116.5,76.0,80.0,-0.3498005536903043
S1,31.2,37.2,79.2,171.53,91.0,118.5,78.7,92.2,-1.0128675419978852
S3,40.8,37.0,70.5,155.86,95.1,67.2,103.4,37.8,-0.669792312167123
S2,42.8,36.9,49.1,153.51,5.6,108.0,68.3,75.1,-1.3756901137366089
S1,60.8,37.0,70.6,185.15,99.0,154.8,89.6,59.0,1.099354171366747
S3,26.6,36.7,61.9,158.84,104.4,64.8,91.2,39.7,-1.4712482945349523
S1,55.4,36.5,65.6,151.14,104.1,137.1,70.0,93.0,2.1914379865680056
S1,47.9,36.7,82.9,178.15,112.4,103.2,66.1,41.3,-1.5134066660338223
S3,28.0,36.9,58.0,168.65,129.3,71.7,100.2,31.7,-2.7507198947303677
S4,60.1,101.5,170.9,162.61,104.5,105.5,77.4,62.5,0.5473690231779094
S1,53.1,36.7,79.3,149.6,119.6,125.7,89.8,56.7,0.031996433332818194
S4,56.9,98.6,162.7,180.1,98.0,138.0,84.2,80.2,-0.42795233776673647
S3,28.7,36.8,44.4,166.76,90.2,74.0,107.2,36.3,-2.6536292145088716
S5,43.5,37.9,73.4,1.79,88.4,122.4,89.5,88.3,-0.48318253881033885
S1,44.5,36.4,67.7,161.61,82.3,136.0,78.7,83.1,-0.6654783555914456
S3,58.4,36.8,67.1,170.72,131.1,80.5,122.5,40.4,1.2939647469769335
S1,40.4,39.1,81.7,174.94,50.0,118.1,80.6,97.2,0.7727014157310439
S4,59.6,98.4,171.2,173.45,97.1,124.4,70.8,71.8,-0.08099115302415683
S1,55.9,36.9,64.0,148.29,104.2,131.7,78.0,86.7,1.579258952232283
S1,48.5,36.7,69.5,147.94,65.6,134.6,80.6,86.1,0.24207031339802065
S2,22.6,36.9,58.9,161.35,5.3,109.5,85.3,63.2,-1.967072908017132
S5,27.5,37.4,67.2,1.73,93.2,100.6,70.1,0.0,-2.9433282447537454
S4,52.5,102.7,191.6,161.67,137.4,114.8,74.5,102.8,3.026181905579076
S3,38.6,36.9,61.6,175.15,77.9,70.9,100.4,34.7,-1.5952936189192393
S2,36.2,36.9,72.8,162.99,8.7,106.6,67.1,74.6,-0.3359093575998517
S1,83.6,36.9,70.6,164.15,131.7,146.4,84.0,60.6,1.517677666918128
S1,59.3,38.6,74.3,172.46,119.2,132.8,84.8,93.8,2.5418577851824016
S2,57.9,37.1,72.4,177.01,8.6,135.2,86.3,66.2,0.5039170623681306
S1,48.8,37.5,62.3,178.12,107.4,145.0,89.0,80.5,-0.2654796752716692
S1,73.5,39.6,96.9,184.7,78.4,112.1,61.7,64.9,2.5477236357475874
S2,57.9,36.9,69.1,167.69,9.3,124.0,72.8,84.4,1.5741747320242434
S1,60.4,37.1,59.9,184.18,122.0,126.1,61.7,79.6,-0.05996008512280282
S2,55.2,36.6,83.8,165.73,6.9,134.1,87.7,80.8,1.7431893947277084
S1,43.9,36.7,63.7,166.12,102.8,99.6,60.9,103.2,-0.059249999192635794
S2,35.4,38.1,91.7,160.7,7.0,112.8,75.9,76.6,1.3036202526706577
S1,58.8,36.5,93.2,162.48,123.4,106.7,60.1,98.0,1.9464067769187634
S2,45.2,38.8,52.6,168.28,8.5,136.8,80.4,91.3,1.6981861852088498
S2,67.9,36.6,66.9,172.91,7.2,135.1,91.4,63.4,-0.2867049557744968
S4,65.4,98.8,165.4,166.71,209.5,125.2,76.0,65.7,2.3816969984151495
S1,32.6,38.3,75.9,167.37,113.7,111.5,69.9,88.0,-0.6916566064983725
S1,28.5,36.9,59.6,169.24,92.2,89.1,66.8,83.4,-2.248155045266678
S1,59.6,36.6,100.9,193.19,109.9,163.3,86.4,63.8,1.07193077450156
S2,70.0,36.8,58.3,156.37,7.1,155.5,95.6,86.6,2.1908109552727573
S1,55.4,39.3,66.0,171.96,77.2,127.9,86.2,84.4,0.4801378438383004
S1,45.0,36.7,45.5,161.55,98.6,109.9,67.2,86.9,-1.2825948132471703
S1,64.7,36.7,67.2,165.16,91.2,137.8,79.8,53.2,-0.09436237851225732
S1,59.3,36.2,96.2,186.67,139.3,120.4,73.8,55.5,0.6189617224470205
S4,42.9,98.0,128.3,144.72,121.5,116.8,63.3,63.1,-0.6517649775200003
S4,48.3,101.4,241.0,183.28,164.4,111.4,57.2,93.3,4.3725323507201
S4,60.3,98.5,269.9,172.05,115.7,143.1,83.7,82.5,3.5171064168964272
S5,18.0,36.3,63.3,1.64,90.6,102.5,61.6,74.3,-2.3674738805452726
S3,36.5,36.2,52.0,167.01,87.8,78.7,104.6,42.8,-2.069555560924831
S1,41.5,36.8,61.8,184.06,81.1,136.6,76.8,72.1,-0.8086644509575156
S1,56.8,38.2,94.0,190.81,120.6,130.9,87.7,94.7,1.010608421444205
S1,54.4,37.5,50.1,159.27,173.7,139.6,79.6,69.9,0.5748376750055488
S4,42.7,98.2,212.3,173.49,186.8,139.6,75.0,73.5,2.07354699094715
S5,40.4,37.3,85.4,1.76,73.9,133.8,88.6,55.5,-0.8463040746953997
S2,57.3,36.8,70.1,161.02,5.0,131.6,84.5,59.6,-0.9477412338905048
S4,74.5,97.9,183.5,160.67,108.8,107.4,81.4,63.2,0.6740759608032612
S3,63.3,36.8,44.8,171.87,98.0,85.4,135.8,33.2,-1.309029812014838
S4,58.7,98.4,199.9,172.91,141.9,134.7,77.5,73.1,1.6440852292973611
S1,69.9,36.7,80.2,169.92,94.4,143.2,78.4,88.8,1.880761303617045
S2,69.4,37.3,110.9,181.14,5.7,131.7,82.7,54.4,0.48177118151466636
S3,52.4,36.6,75.5,163.65,130.8,94.3,135.0,29.8,-0.4085835307927733
S2,34.6,36.9,75.9,171.16,8.1,131.3,76.0,82.7,0.4001100607320157
S2,66.6,37.1,88.1,187.4,10.6,109.5,65.3,72.6,1.1060721856060647
S2,41.4,36.9,104.8,173.85,6.5,105.9,73.7,50.6,0.164697090967294
S2,48.3,36.9,102.6,168.33,3.9,104.3,76.7,74.5,-0.4962935349638363
S2,45.6,36.8,101.9,183.02,6.5,108.1,75.2,76.4,-0.5748044835570554
S1,69.4,36.9,77.9,181.34,114.8,142.4,92.2,72.3,0.4836259232335974
S1,64.3,36.4,80.7,177.75,114.2,109.8,65.1,78.6,0.5324448264876092
S4,65.2,98.5,209.8,168.56,174.8,129.0,82.6,96.4,2.5886146899462674
S4,42.7,96.9,177.2,168.76,90.9,118.8,73.6,76.6,-0.6704899617266553
S3,57.3,37.1,93.2,186.54,113.0,83.3,139.0,47.1,1.3063400425294
S4,70.5,98.3,226.5,186.06,133.2,132.6,85.0,66.8,0.47455140453374567
S1,47.8,38.9,68.8,183.73,98.2,108.2,74.3,90.6,-0.0034504215764999957
S3,40.7,38.4,73.3,162.2,121.6,84.8,140.7,38.8,1.265138574861624
S4,63.2,98.9,214.2,174.42,155.9,128.4,82.3,81.7,1.5858701581309895
S1,57.5,39.0,57.6,166.92,113.2,135.8,74.0,74.8,1.9331382262707113
S1,90.4,36.4,91.6,167.46,137.1,118.1,85.2,87.1,1.5275021976601284
S1,52.9,36.9,96.3,175.54,99.6,136.6,79.7,53.5,0.34906185498305436
S2,56.8,36.7,87.6,178.64,8.4,117.3,69.0,62.9,0.5425304152498456
S4,74.9,97.9,232.9,179.06,143.1,108.3,57.8,73.6,1.3700603912531308
S2,78.2,36.6,81.5,167.36,6.7,139.3,83.0,89.0,2.762403525972338
S1,34.0,37.0,104.3,196.35,148.0,124.1,85.4,85.5,-0.2611099510057985
S1,66.0,36.4,77.5,173.77,85.0,136.7,80.7,80.4,0.5714284548079028
S1,70.2,36.9,66.8,170.76,82.8,142.5,76.4,77.5,0.792358119719786
S3,31.4,37.1,93.1,173.3,99.0,60.2,105.4,38.7,-0.897170055366856
S1,60.7,36.5,92.6,177.97,95.2,107.1,75.2,75.2,-0.748340187917466
S1,39.9,36.8,57.8,164.65,125.0,121.3,74.6,75.0,-1.3317850324176295
S5,80.4,37.8,67.1,1.89,104.4,133.2,81.0,99.3,0.8754321340473048
S2,57.7,38.8,85.8,173.3,7.3,145.1,77.9,84.5,2.6452844446199855
S1,48.6,37.0,64.8,166.84,73.0,121.1,85.7,78.7,-0.8953439037341544
S2,61.9,37.0,81.4,161.77,7.1,130.4,79.7,73.9,1.1500683003669836
S1,78.2,37.5,69.0,165.41,99.8,166.5,96.9,67.2,1.0987057698432856
S1,61.8,36.9,80.1,165.16,186.1,128.0,86.1,89.0,1.7996040128478756
S2,63.7,39.0,60.9,154.88,6.3,125.3,64.7,82.9,2.4340913911544946
S1,34.6,36.6,64.8,163.55,97.1,116.2,84.5,72.9,-1.4880172729596075
S1,45.0,36.7,84.4,171.45,102.7,127.7,77.8,72.2,-0.08393322501762723
S3,36.5,36.8,54.3,174.84,64.3,82.9,118.0,39.8,-2.395470491810957
S1,45.2,39.3,76.8,180.25,116.9,121.0,72.4,74.9,0.5794722632638893
S4,63.3,98.5,133.5,171.85,179.6,146.8,76.0,82.8,2.0226839951097073
S5,68.5,37.2,61.8,1.6,72.0,121.6,84.1,84.9,-0.9050516391443676
S3,48.7,36.1,71.5,158.46,194.0,96.1,131.0,39.1,0.8605032699021598
S2,37.5,36.9,74.0,157.06,5.5,100.6,70.7,59.1,-1.2302836706812805
S3,49.8,36.5,49.3,154.83,139.5,79.2,113.8,47.3,-0.8879692919224788
S1,65.4,37.2,76.5,177.23,79.6,126.9,77.4,56.2,-0.35465541151766433
S3,29.7,37.1,103.9,181.77,97.2,82.8,120.5,31.2,-1.948882783870581
S4,68.7,97.5,180.5,162.18,173.6,139.0,84.2,64.8,1.7289551521654807
S3,63.5,36.9,66.3,164.02,148.6,78.8,118.6,40.9,0.32160282951303737
S1,52.1,37.1,102.0,181.25,54.6,134.0,79.3,45.8,-1.3339993156722214
S1,62.1,37.1,78.1,149.21,101.6,129.6,86.5,83.8,1.0606815759411683
S1,55.0,36.5,66.3,171.57,148.6,123.2,73.2,60.8,0.2748545251348104
S3,47.7,36.8,45.4,156.42,121.2,83.8,133.3,42.4,-0.4322768879536559
S1,46.4,36.6,99.7,172.24,131.8,116.5,78.9,52.1,0.06963669803766348
S4,76.2,101.6,193.6,177.7,96.7,131.9,81.3,82.5,2.154997793332251
S2,50.8,37.3,58.8,158.31,6.1,154.1,90.2,76.5,0.16641838198773662
S4,80.7,98.0,160.6,157.76,139.2,144.8,99.3,106.4,3.034095695510814
S2,53.4,36.8,94.2,175.41,6.0,143.0,79.3,74.2,1.6635821403601871
S1,45.3,36.7,57.9,151.78,176.3,108.2,83.5,85.2,0.11119104875131425
S2,65.3,37.1,94.3,194.75,4.7,116.5,73.1,68.9,-1.2864177611301966
S2,74.8,36.8,82.1,153.86,7.7,127.7,81.8,65.6,1.9203145578637055
S4,59.0,98.0,166.8,178.33,148.2,125.5,59.6,83.9,1.838700681405613
S2,80.3,36.5,48.3,159.0,8.2,151.3,91.4,92.3,2.7069091756058157
S3,64.2,36.0,68.2,164.64,74.0,80.0,111.1,36.2,-0.784561832444603
S3,37.6,37.2,63.4,176.45,100.8,61.6,94.0,41.9,-0.11111131079466952
S1,53.2,37.0,84.6,179.86,128.1,113.0,68.4,68.6,0.23772536367684194
S1,32.5,36.5,104.1,175.52,78.5,100.4,69.0,84.0,-0.43933327814598544
S3,42.8,37.3,63.2,161.3,96.9,90.6,139.8,29.2,-1.246402968185393
S3,34.8,36.6,57.8,160.11,96.8,75.3,115.8,33.7,-1.872125303902234
S1,70.7,36.9,65.4,152.91,50.0,125.9,68.4,55.8,0.3185414649909306
S1,35.2,36.8,65.8,167.77,90.9,123.2,89.9,84.7,-1.362494383985995
S3,50.3,36.8,53.1,143.63,85.5,84.0,123.6,30.9,-1.6167540997968615
S1,50.9,36.8,63.6,156.54,103.3,122.7,78.5,74.9,0.057419025483680386
S1,41.8,36.2,77.5,172.75,129.2,90.9,60.7,71.2,-0.6523471283841517
S1,65.9,36.4,89.8,187.05,91.0,139.3,88.8,73.9,-0.0242626075111112
S5,40.7,38.1,56.1,1.67,56.3,119.8,77.9,114.6,-0.6509555303801433
S1,40.2,37.0,72.6,181.88,98.1,111.4,72.0,82.4,-1.6694535518040106
S2,44.9,38.7,87.3,174.21,5.7,126.6,81.7,68.7,0.7937291354702856
S3,42.2,36.9,68.1,165.45,74.9,77.2,126.8,39.4,-1.340019036090024
S2,55.3,36.8,76.3,173.84,7.0,143.9,92.1,70.3,0.21077931485099244
S3,38.1,36.6,93.9,165.82,62.7,90.3,128.9,37.8,-0.04002820348943992
S1,66.8,36.7,68.0,168.15,140.5,118.6,73.9,68.9,1.039312389328757
S1,49.7,37.0,76.4,162.83,151.5,141.8,82.4,75.8,1.2995474694695486
S1,21.7,36.4,75.6,167.39,80.2,99.2,76.5,77.8,-1.9030891470141722
S1,37.8,37.8,62.4,171.59,105.3,92.8,56.1,91.4,-0.4719335643567575
S2,39.7,37.5,116.1,174.14,6.6,124.0,70.4,84.4,1.6680356637315876
S3,25.2,37.1,87.8,182.02,122.4,68.0,88.0,36.9,-1.5520929863398851
S4,39.7,100.8,190.0,165.52,242.4,123.4,77.2,97.3,3.4137421692060377
S2,57.5,38.5,71.9,168.92,6.8,124.4,89.6,84.3,0.6378810408893469
S4,70.0,103.8,213.2,163.5,112.4,114.5,66.8,87.4,5.032377113265525
S5,38.7,39.0,88.8,1.68,168.8,126.9,74.5,110.1,3.84597343997899
S1,49.4,37.2,103.4,181.66,135.3,111.7,67.9,62.3,0.7412980175381934
S3,43.7,36.4,87.3,174.97,120.9,78.6,130.9,54.1,1.8990926873377978
S4,72.0,97.3,232.4,179.57,132.9,146.2,98.3,84.3,1.7473414939046314
S2,49.6,36.9,63.9,168.73,7.0,140.0,88.6,71.8,-0.22704123265258547
S1,43.6,38.6,86.5,171.86,92.3,133.0,91.8,79.6,0.6790900824704251
S3,29.4,38.5,89.1,170.4,138.2,61.3,98.3,53.0,1.10227684570619
S1,32.2,37.1,63.2,175.16,105.4,125.8,70.0,80.9,-0.40285893675935575
S2,62.0,38.8,79.1,173.98,5.0,113.4,63.4,87.0,1.8697466609411895
S1,61.9,37.0,81.1,173.85,92.5,131.6,82.2,102.8,0.5410746113980794
S3,46.3,36.8,62.9,159.47,64.3,76.7,128.8,42.4,-1.4303498394720768
S1,60.6,36.6,93.7,186.77,80.3,127.0,75.7,89.8,0.23450290469104235
S1,53.1,36.7,93.2,165.05,102.4,118.2,78.0,89.7,0.8127577519907527
S4,52.9,98.5,184.6,168.87,173.1,123.2,86.7,69.7,-0.1036975635428764
S4,64.5,98.4,195.3,170.74,93.8,116.2,78.9,68.9,-0.03473744080606826
S1,66.6,36.6,76.9,176.36,98.1,118.3,75.4,73.6,-0.1360630736466022
S1,64.1,38.7,87.9,173.63,85.0,153.7,96.8,91.4,2.572004070198015
S3,56.5,38.0,104.0,179.21,102.8,73.6,107.8,46.8,1.6905937297677696
S2,69.2,36.8,72.7,169.27,8.1,142.2,75.3,81.1,1.9082251878651624
S5,57.6,37.0,67.3,1.71,122.1,135.7,92.9,66.9,-0.5838600189022914
S4,70.2,97.7,239.5,180.79,182.9,148.0,81.8,72.7,3.598884843181313
S2,59.9,36.5,91.1,176.92,4.8,97.9,73.6,83.4,0.37031637587642074
S3,49.1,37.2,83.3,167.3,78.2,73.8,125.2,36.0,0.21615925870946434
S3,50.2,36.3,56.8,166.55,91.9,95.6,159.2,48.1,0.7095766296114934
S4,69.7,99.0,172.2,163.04,128.8,154.3,84.9,72.7,1.0853054907688326
S2,54.0,37.2,67.4,176.98,6.0,118.7,84.7,79.8,-1.3418206019526562
S1,41.3,39.5,47.9,153.74,80.9,115.0,83.5,74.5,0.2536586906151196
S4,77.9,101.1,182.0,178.76,183.1,127.7,84.6,70.0,1.687738073577421
S1,70.1,36.8,68.0,174.25,83.7,112.6,83.2,82.2,-0.24381001014059728
S4,26.4,97.5,172.0,173.77,163.7,137.1,89.1,95.7,-0.04072201796735839
S1,40.0,36.8,73.9,172.77,105.3,105.7,75.6,71.1,-1.520359901315284
S1,77.5,36.8,83.4,176.63,129.2,153.0,80.7,76.3,2.1472183117667307
S4,77.3,102.4,178.0,165.84,121.5,144.0,90.1,91.3,4.217119651027154
S4,44.9,97.7,205.9,171.32,91.4,119.2,66.2,71.7,0.7045864360087626
S1,45.9,36.7,73.6,173.34,80.4,112.2,67.7,71.5,-0.06208671083223882
S1,56.1,36.8,86.9,172.87,99.5,134.3,75.8,77.1,0.17504849286780422
S1,63.4,36.8,69.9,179.55,116.1,126.7,81.8,70.1,-0.8151779505931578
S4,61.2,100.7,174.0,170.17,132.8,135.7,73.5,111.0,2.7307273493599995
S1,59.5,37.1,89.8,167.08,88.6,144.4,84.1,84.1,2.094452633840602
S2,63.2,37.3,67.1,176.53,8.6,124.0,76.8,81.4,0.8557943949870626
S3,42.5,38.1,51.2,155.36,137.2,79.3,112.3,43.9,-0.7421654831181073
S1,67.1,38.3,66.4,168.84,116.1,112.8,76.2,81.3,0.3029399178839416
S2,31.2,37.3,100.3,192.39,6.7,121.1,77.3,76.3,0.2122319155674134
S1,66.0,40.0,75.1,177.56,115.0,125.0,85.6,86.1,2.9786112096047552
S2,48.2,36.4,73.4,160.39,8.8,129.8,80.2,65.3,0.020894572861442307
S3,68.5,37.0,70.4,164.12,99.9,70.5,125.7,33.3,0.1588161911529296
S1,59.3,36.6,50.7,171.68,87.2,125.5,76.6,83.1,-0.2785427215566387
S4,78.2,98.1,111.4,168.64,101.5,133.0,76.2,100.7,0.7305109188118956
S1,39.5,36.6,79.3,168.84,87.6,115.3,79.6,73.9,-1.236282015493962
S1,43.9,36.7,92.4,171.34,167.6,117.9,82.0,54.9,-0.2223073035385852
S2,59.4,36.6,87.1,174.59,6.6,103.5,73.6,75.8,-0.4684313341488888
S1,32.7,36.3,67.2,173.98,112.8,108.8,88.8,76.6,-1.5648182188996929
S2,39.3,36.8,73.9,171.05,6.6,92.5,67.8,69.7,-1.2585785981555289
S4,62.2,98.2,202.3,186.66,103.9,113.9,76.1,82.6,0.00392837759280662
S2,68.3,37.0,98.0,184.44,8.4,149.9,99.4,80.8,1.7592497026443739
S3,33.9,36.8,74.0,180.33,122.2,81.4,119.8,28.7,-1.7370212870148543
S5,58.6,37.1,71.7,1.7,132.4,136.2,92.4,86.7,0.6826860694908369
S2,50.1,36.8,87.9,176.89,5.1,133.7,87.1,66.0,-1.2219286397630373
S1,75.1,37.3,58.0,180.51,117.5,150.8,90.7,63.8,1.295563087782037
S3,50.3,36.8,58.1,169.66,130.3,78.8,111.0,36.8,-0.569375888552084
S2,53.6,39.5,91.0,169.95,5.6,123.3,70.4,46.0,2.108172041604623
S3,39.6,36.8,85.1,171.28,59.3,83.5,132.6,46.9,-0.4691444940126071
S1,52.2,37.6,86.7,177.85,87.0,126.9,82.7,75.6,-0.2649455565975137
S1,39.6,36.9,77.7,172.59,131.5,138.1,88.9,66.0,-0.00643033450858127
S1,52.5,36.6,87.4,182.72,86.0,139.2,89.9,77.5,-0.6704170815808834
S1,41.3,38.6,98.9,171.01,103.2,117.8,70.1,99.2,1.6773283454496841
S1,40.3,36.9,61.3,166.3,103.0,97.7,72.7,87.0,-0.5368886949822277
S2,54.8,39.5,79.1,168.25,5.7,127.4,74.3,81.9,2.5660207072836845
S3,36.6,36.9,57.0,154.02,64.2,85.7,132.3,37.2,-1.386206895695184
S4,53.6,102.1,156.4,162.35,136.3,93.9,66.3,104.3,1.7070912670507508
S3,49.7,36.5,79.5,166.26,127.7,87.9,144.7,28.7,0.4312033020092609
S1,71.8,36.5,71.3,164.73,86.0,142.0,88.2,84.3,0.6930140541345544
S4,63.8,102.0,149.5,149.18,167.3,142.0,89.3,77.5,2.7990337181503127
S2,58.5,37.3,66.4,152.5,4.8,126.3,86.4,85.5,0.20320612707632554
S1,52.2,36.8,102.3,183.02,90.3,126.2,81.0,92.8,0.18480451688242522
S1,28.7,37.0,100.6,180.17,123.9,98.1,54.1,72.9,-0.7196044270251272
S1,64.7,37.4,80.5,163.62,161.1,136.5,101.5,55.9,0.6326052110897367
S2,58.3,38.3,80.8,173.87,8.8,139.7,99.6,93.0,1.9660587447876177
S2,70.0,39.7,89.2,172.53,6.1,159.3,94.6,94.2,5.147667370654908
S1,54.8,36.6,67.1,166.06,79.2,123.3,75.7,79.2,-0.21816645969904552
S5,42.9,36.6,61.1,1.78,78.7,151.8,86.3,74.5,-0.5960529986568364
S1,46.6,36.5,81.7,178.36,145.3,102.1,70.6,69.7,-0.6616058464253697
S1,51.6,36.9,66.4,167.07,103.2,125.7,89.3,66.3,-0.9692695736822228
S2,79.5,36.5,69.4,162.79,6.5,146.8,80.8,64.3,1.2273637589932507
S3,40.6,37.0,61.5,179.86,138.9,82.6,132.5,31.0,-1.764700311619856
S1,55.9,36.4,68.5,154.94,95.7,109.4,75.9,63.1,-0.21892861706876598
S2,33.8,36.6,112.4,177.27,5.4,105.2,66.0,74.5,-0.4423296174924668
S3,39.9,36.8,75.2,168.95,64.0,67.0,97.1,41.1,-1.7372177021571065
S1,50.7,37.1,81.9,174.96,81.9,139.5,85.5,69.1,0.5898361721071058
S1,63.4,36.5,80.8,173.52,122.6,114.2,82.2,66.6,-0.8348248006709402
S1,58.3,37.2,79.3,171.64,113.2,129.4,77.6,80.2,1.0101226601673314
S1,59.2,36.7,86.4,180.08,162.5,125.5,80.2,76.4,0.33907724820975677
S3,36.9,37.0,82.6,168.76,77.8,67.0,107.2,38.7,-0.8892730578320798
S2,42.7,39.7,80.4,183.19,4.9,113.6,75.4,98.3,1.658596573132779
S1,54.1,36.7,68.9,170.55,97.3,107.2,74.5,92.7,-0.3198796936388137
S1,36.3,36.8,82.8,169.25,170.1,100.3,74.2,77.2,-0.8186555053269157
S2,60.2,36.8,80.0,160.48,4.3,112.4,80.6,66.2,-0.6910860949806656
S2,62.0,37.4,113.6,174.51,5.9,142.3,95.3,75.3,1.6205066229242204
S1,59.5,36.8,107.0,169.17,69.8,149.9,92.0,75.8,1.5869274639387705
S1,47.3,36.9,86.8,179.45,70.8,101.1,72.4,84.4,-1.276539947458976
S1,32.1,37.1,86.3,170.77,140.9,106.9,75.0,75.4,-0.5915078322934193
S1,60.1,36.8,60.7,158.01,57.0,118.7,82.6,66.7,-1.1918069343434594
S2,65.8,36.6,68.8,173.8,6.1,131.7,75.1,74.5,-0.34352008456109173
S1,42.8,36.4,107.9,169.22,126.3,143.0,88.2,90.9,1.3580801624988945
S2,54.2,36.2,85.6,169.21,5.7,112.8,73.3,81.2,0.3764070057164209
S1,54.1,36.9,87.2,183.64,98.7,118.9,81.8,63.1,-0.755567176020457
S1,65.3,37.1,74.1,164.16,116.6,141.8,95.1,67.7,0.46064970701557595
S2,50.3,38.9,59.5,155.49,6.8,119.8,83.4,96.7,1.4509505731112564
S1,54.3,37.3,82.1,165.14,125.6,136.3,88.9,66.7,-0.48726685498311706
S2,57.3,36.6,67.2,155.01,10.7,128.5,78.5,72.4,1.5408534142726293
S1,29.4,36.6,111.4,185.3,103.4,117.0,71.0,83.3,-0.4042345316312475
S3,57.3,36.3,89.1,173.41,109.7,74.5,124.0,49.4,2.022518461653125
S4,59.6,98.1,143.3,167.74,94.3,104.3,74.5,76.9,-1.791400993205769
S2,50.1,36.5,104.5,185.48,5.9,115.5,71.8,83.7,0.2846355301169924
S1,50.3,36.4,95.9,173.63,108.8,116.1,75.9,66.1,-0.49865682478081935
S1,50.8,36.4,68.9,182.62,98.6,123.2,79.0,68.4,-1.3680748558256597
S4,80.8,98.1,261.1,171.53,149.3,156.4,93.6,64.6,2.8805290556712726
S3,33.4,36.3,73.8,185.88,93.5,78.8,110.0,33.0,-2.6338851863354726
S1,70.3,36.6,61.3,148.68,82.7,130.7,84.0,65.0,-0.04878084067692301
S4,51.9,97.3,98.6,163.47,204.0,133.9,84.5,77.3,0.06302191807271712
S2,60.1,38.2,52.9,168.16,5.5,113.6,66.9,109.4,0.2440240028427424
S5,26.4,36.9,100.5,1.79,91.8,99.4,79.4,81.0,-0.4829577244804065
S1,63.0,37.2,90.7,166.57,132.7,159.4,90.3,58.8,2.207805931292889
S1,48.5,37.0,69.6,164.34,125.3,89.0,69.0,87.9,-0.08803522588181101
S1,35.7,36.9,67.3,159.65,102.6,120.6,82.3,74.3,-1.4130176264387302
S2,59.8,36.8,102.6,174.45,6.3,124.1,75.8,64.0,1.533009883899969
S1,45.3,36.4,64.3,168.52,110.8,88.1,68.1,76.7,-0.43189091490272025
S2,61.5,37.3,70.3,166.16,8.7,139.0,80.0,74.2,0.5824002666729423
S4,71.1,98.7,207.6,175.97,109.5,123.6,80.4,73.2,1.5238256246052642
S1,43.1,36.7,80.7,193.69,128.7,129.3,71.2,96.2,-0.1349185594888983
S2,67.1,36.2,72.0,152.87,7.0,108.3,65.4,65.7,0.8914397013797078
S1,42.5,37.0,109.0,191.37,78.1,109.9,72.2,75.0,-0.8413609586065699
S2,70.7,36.6,74.0,173.19,7.5,167.3,96.5,52.5,1.2752846089840906
S3,30.1,36.2,82.8,179.08,91.6,76.6,121.3,45.4,-0.5556134904588373
S3,41.2,36.8,114.9,181.79,94.1,80.2,132.2,31.3,-0.27964052372121095
S4,28.7,98.4,176.7,157.67,145.7,128.9,93.8,65.8,-0.5864909840131481
S2,75.9,38.5,69.4,157.18,6.5,154.9,91.1,104.0,3.1788084840186674
S1,53.7,36.9,67.3,168.26,110.5,124.3,78.0,70.1,-0.20110582486114287
S4,65.4,102.7,294.6,192.58,206.5,136.9,81.1,74.7,4.795318554742006
S2,68.9,36.4,83.8,176.88,8.2,137.6,70.0,58.3,2.2223715982995595
S1,54.6,37.8,61.6,167.84,93.5,131.1,76.7,67.8,0.534015291328082
S1,34.1,36.9,57.9,160.98,85.4,91.7,57.0,90.3,-1.5315912849803701
S1,70.7,36.1,84.9,165.86,176.3,129.6,79.0,100.9,3.094065716086748
S3,18.9,36.4,48.3,157.36,114.6,77.3,116.8,27.7,-1.8844116409124796
S2,67.6,36.8,98.3,174.53,7.4,140.8,91.3,61.8,1.7214357147808332
S1,27.4,37.2,79.1,171.49,143.4,110.6,68.8,80.0,-0.30292099718613613
S2,52.3,37.0,69.6,176.98,7.9,103.0,80.9,67.3,-1.3665930238431128
S4,71.8,101.1,211.1,184.86,141.4,132.7,83.3,110.5,2.9859163060166085
S1,53.6,36.6,53.2,170.08,105.3,133.9,84.9,75.9,0.16378811776042046
S2,51.6,36.9,104.8,182.57,6.1,104.0,84.0,86.2,0.13971398560580203
S1,49.7,36.8,87.4,165.56,105.6,137.1,84.8,61.5,0.6397876515169099
S1,63.4,36.6,100.6,175.73,165.8,130.9,72.1,73.2,2.804148203287607
S1,59.0,36.7,78.3,173.15,102.0,128.9,69.8,67.7,1.0697118683223308
S1,41.0,36.0,49.0,167.74,98.9,104.5,76.7,76.3,-1.1468067030204798
S1,56.1,37.0,75.1,171.04,84.0,132.3,73.3,92.0,0.5317222450416063
S1,52.1,37.3,56.9,160.44,69.0,123.8,74.5,66.4,-0.670094669822469
S2,70.6,36.9,76.2,161.73,7.3,141.2,99.1,78.3,1.2909317912214655
S3,76.3,36.2,96.6,174.03,83.8,82.0,131.8,47.0,1.9843700251436032
S2,44.3,36.8,68.2,162.8,5.7,125.7,82.8,80.1,-0.7233935507089702
S2,72.1,37.1,85.6,163.99,9.3,145.4,85.9,58.5,2.197912012685049
S1,47.6,36.9,74.6,158.78,184.9,146.3,94.5,80.5,2.3433915694113523
S3,35.9,37.9,72.5,167.52,116.7,81.1,123.3,44.4,-1.020229256031799
S2,38.3,36.5,80.5,169.36,7.1,125.5,86.3,67.2,-1.0585617123589022
S4,78.5,101.1,212.8,178.61,144.0,143.5,90.7,93.7,3.741359791776602
S1,44.8,36.4,69.6,164.16,105.3,124.2,81.1,71.2,-0.6446397024238473
S2,46.3,36.6,85.2,171.71,8.9,121.3,65.8,99.2,0.8540688623830492
S4,65.2,98.1,173.6,154.55,119.1,108.2,66.8,73.1,1.1365690008039937
S1,51.3,36.7,66.7,165.98,123.4,117.5,77.3,55.6,-1.066937033023889
S3,46.5,37.2,77.3,177.98,137.5,88.1,128.9,44.5,-1.0520619800577473
S4,45.0,97.4,134.9,167.26,184.0,130.4,70.9,77.3,0.48654797903154634
S1,62.4,36.8,82.9,175.52,93.1,114.1,76.4,82.3,-0.14008124125333124
S4,57.8,98.5,145.6,171.88,114.2,123.3,68.5,93.0,0.2747012271184814
S4,63.1,98.1,206.4,178.28,123.7,111.0,69.1,72.0,0.33345404028131914
S1,53.3,36.3,67.2,167.98,110.0,133.8,81.6,92.3,0.48464737874008273
S4,84.4,97.9,188.9,166.83,161.6,154.2,81.9,78.1,3.771152562614896
S2,60.9,36.5,70.4,157.15,6.9,112.6,71.5,92.3,1.2167207603884058
S2,52.4,40.2,85.7,177.31,9.1,125.8,79.3,97.1,4.340406477632491
S1,36.3,36.9,83.3,168.76,108.3,140.8,82.8,78.0,0.04262248012930586
S4,67.1,97.0,202.1,176.42,95.1,135.4,70.7,61.8,0.6672779450386328
S2,74.1,38.6,70.1,163.68,9.9,131.3,80.3,98.5,4.415646561947709
S2,48.7,37.0,69.1,152.17,6.2,95.2,69.8,64.1,-0.613832359493826
S3,35.1,37.6,72.9,178.58,114.4,77.6,117.8,34.4,-1.7201418659208545
S1,55.4,38.5,69.1,158.79,161.5,112.3,60.1,101.3,3.211379606236675
S5,30.2,38.5,57.3,1.73,143.0,78.4,58.4,0.0,-0.04813453623973368
S3,55.5,36.5,66.1,175.81,105.9,76.4,121.7,35.4,-0.8579235791567006
S3,29.5,36.8,68.7,157.79,61.6,87.3,107.3,42.9,-1.622545968185621
S1,33.5,36.7,65.2,170.98,97.4,105.3,75.3,72.2,-1.2239488409035815
S3,42.8,37.3,73.3,179.23,91.8,72.9,121.1,34.2,-1.837901568068248
S1,50.2,36.8,59.8,158.55,87.9,102.7,73.6,67.4,-1.7326596159845133
S1,54.6,36.9,78.7,168.38,100.9,131.4,82.8,74.7,-0.029476763820778684
S1,44.4,36.3,84.4,164.45,104.1,101.8,75.8,64.5,-0.9340698617260834
S1,41.9,36.9,62.2,160.98,115.1,100.8,64.7,71.0,-2.125536511078633
S2,59.8,38.4,106.7,173.53,7.8,129.4,79.7,94.1,2.8188105322630603
S2,60.0,38.4,52.4,158.04,9.0,130.3,79.0,91.1,2.0000106714737607
S4,59.6,98.3,207.3,174.01,152.2,116.5,81.2,85.4,0.8413958393984138
S1,41.1,36.7,89.8,165.67,85.5,129.3,90.7,72.2,-0.8294691136540202
S1,51.3,37.0,59.5,162.01,108.1,146.9,96.9,82.4,-0.33109247644642625
S1,54.3,36.6,68.4,182.43,155.0,128.6,74.5,72.6,0.4463723942290491
S1,32.4,36.3,72.3,175.11,135.8,106.1,63.6,86.3,-0.8132210752961143
S2,63.2,37.2,87.8,177.43,6.9,123.0,67.9,66.8,1.8176995044692252
S1,48.5,38.9,61.1,182.01,89.2,117.2,85.3,73.3,-0.004512391278534811
S1,46.2,39.5,53.9,166.99,145.7,139.7,92.9,92.9,1.9123691868174475
S2,71.0,36.7,86.2,165.11,7.4,154.5,91.6,85.4,2.5109401230473467
S5,49.2,36.5,63.1,1.67,147.3,129.2,98.5,79.6,-1.4400381194922796
S4,75.2,99.0,154.8,168.38,93.8,94.5,65.0,69.9,-0.45508960406659954
S1,63.0,36.6,90.7,163.55,138.6,123.7,89.9,69.8,1.3029601279765726
S1,72.4,37.3,65.9,169.14,108.4,107.6,77.6,91.9,-0.09192672082609993
S3,28.8,36.8,71.0,160.83,75.9,79.2,137.3,40.2,0.4506762248863232
S1,37.6,37.3,89.6,181.72,107.6,119.7,70.5,73.9,-0.2710246989422084
S2,35.7,36.5,82.0,182.48,5.3,117.5,75.1,98.3,-1.0024803439301753
S1,74.5,36.3,66.7,163.0,118.4,138.7,69.8,65.5,1.204299008371955
S1,43.0,36.8,68.3,157.86,92.0,127.7,69.4,72.5,0.46149397423341515
S2,52.3,36.8,126.7,190.07,4.2,114.1,71.5,59.2,-0.15458989970953163
S3,55.8,37.0,62.9,168.76,80.7,77.4,129.0,39.7,-0.6859579685310377
S2,78.9,36.9,85.6,164.1,4.6,125.1,93.1,68.8,0.32952874444654484
S2,69.4,37.0,62.3,169.32,7.2,120.0,73.0,76.8,0.27183100740230154
S1,38.2,36.6,78.5,163.58,81.4,124.1,79.6,71.7,-1.9443224707050935
S1,40.8,37.1,62.4,167.94,97.6,111.1,82.3,80.2,-0.6828003498856942
S1,28.4,36.6,90.9,165.05,117.2,96.6,76.1,72.4,-0.9336324932548585
S4,70.3,101.5,204.1,173.88,150.0,133.6,83.5,88.3,3.117931951717393
S3,56.7,37.8,89.3,171.81,83.2,66.4,112.3,41.7,-0.4289922841352144
S3,43.9,36.8,83.5,172.2,120.5,74.6,100.9,35.4,-1.390825247861074
S2,65.6,36.9,127.4,194.92,7.5,146.6,90.0,66.3,2.0627066220842876
S5,36.3,37.7,89.0,1.86,117.2,120.6,78.7,71.6,-0.4592488833384454
S5,55.4,37.0,72.2,1.65,95.4,112.5,67.8,0.0,-0.005790374794588243
S2,46.1,37.1,79.1,156.72,4.9,118.1,78.2,96.5,0.6708789102949122
S1,39.3,38.1,65.9,175.07,104.7,102.8,74.3,94.1,-0.900168960220137
S1,41.6,37.1,74.6,164.66,120.1,134.9,77.2,71.5,0.03045901901499476
S2,35.7,36.8,98.2,174.75,5.0,96.5,56.5,91.7,-0.1525393591784653
S5,45.0,36.8,58.4,1.59,84.7,125.5,90.8,74.2,-1.4249497572058347
S5,33.5,37.0,48.3,1.68,76.3,101.2,64.4,0.0,-3.1106651403259526
S1,76.2,36.7,81.7,168.54,147.3,146.1,82.1,59.1,1.8693193847732583
S4,72.8,98.6,161.5,179.2,243.7,115.4,81.6,88.7,1.6206237306564746
S4,52.0,103.0,197.5,172.63,211.5,116.9,69.2,104.4,4.582762893126376
S1,18.1,36.2,83.1,170.43,113.0,110.1,84.8,79.5,-2.1959475492910467
S1,44.5,37.3,47.2,160.04,109.2,117.2,78.2,90.9,-1.1644313586438537
S1,67.0,36.9,98.5,173.43,69.4,131.6,88.3,67.5,-0.4726967210225116
S2,65.7,36.6,63.9,151.58,8.5,101.2,58.5,83.1,1.606704587277486
S2,47.7,36.5,101.2,183.63,8.6,111.2,73.1,89.5,0.32479885205150305
S5,31.6,37.1,91.1,1.8,121.2,108.9,69.4,56.9,-1.1039437925046554
S5,53.2,36.9,54.9,1.7,123.9,135.3,80.7,71.7,-0.34932114004540704
S1,40.9,38.7,40.6,162.8,90.2,128.5,83.0,122.8,1.0341960510905492
S2,64.0,37.0,69.4,167.88,6.0,123.0,75.7,80.6,0.054146138381549025
S3,56.1,37.2,79.2,179.02,83.8,69.9,121.7,29.8,-0.6563673249592478
S1,45.2,37.1,81.2,177.63,68.9,101.8,65.7,70.8,-0.9367677043229093
S3,45.0,36.4,80.8,157.97,110.3,68.6,117.5,35.9,0.15762084183329303
S1,69.9,39.2,60.1,179.2,76.7,133.5,78.8,92.8,1.9632965698037061
S1,52.4,37.0,56.3,156.7,100.5,122.9,74.2,76.7,-0.9055142825797333
S3,53.6,36.9,73.4,172.13,107.7,77.7,129.8,34.2,-0.214941624519147
S1,64.5,36.6,79.4,172.94,138.1,144.5,82.9,83.8,1.9354536846523724
S3,48.6,36.4,82.9,185.5,112.6,74.4,130.2,41.3,-0.17512005199646313
S1,51.6,36.5,87.4,183.46,101.5,120.2,77.8,61.6,-0.3142317822183817
S1,45.6,36.6,58.8,164.93,76.2,107.4,71.6,70.5,-2.107025226836376
S1,73.7,36.5,85.9,171.06,126.6,133.8,84.7,60.0,-0.027040622256120028
S1,60.5,36.7,60.0,151.44,112.8,139.9,86.4,76.0,0.45604706470736717
S2,51.3,37.1,110.5,177.33,4.5,107.6,74.4,78.7,0.1392573572967377
S1,30.2,36.3,75.2,172.51,123.6,126.2,72.8,69.2,0.10948275433573318
S1,48.3,37.0,86.0,181.48,145.1,141.4,83.4,92.9,1.6763428699368128
S4,41.8,98.1,265.0,181.46,72.3,116.0,78.9,72.9,-0.6769056423058096
S3,27.7,38.7,68.5,149.22,92.7,83.4,111.5,32.5,-0.3539685158606404
S3,64.3,36.8,69.2,162.27,206.8,84.0,155.2,38.2,2.942954387363643
S4,77.4,98.4,194.9,174.63,126.1,141.7,78.1,87.3,3.003840206068751
S1,47.8,38.3,91.5,167.56,146.1,125.7,87.8,81.4,1.0660303435194929
S3,43.7,36.7,67.1,176.8,103.7,74.5,112.6,22.2,-1.5044553851678653
S1,46.2,36.6,70.7,159.49,106.7,131.1,69.7,76.2,1.1974483407531267
S1,41.2,36.3,67.6,170.56,115.0,125.5,72.4,77.7,-0.41451346754105084
S2,49.3,38.8,66.3,161.84,5.7,110.9,70.5,75.5,0.8137147088232244
S1,45.4,36.6,66.3,165.61,122.9,128.6,80.1,80.4,-0.7413950094775918
S1,55.5,36.7,79.4,170.55,106.4,156.0,100.9,57.4,-0.3341974637833656
S2,66.3,37.0,83.9,179.58,7.4,126.3,74.1,86.7,1.3334938702495227
S5,37.3,36.7,40.7,1.62,90.3,122.7,85.5,73.3,-2.44777209442113
S1,64.0,36.8,89.3,180.44,66.7,131.7,94.0,72.9,-0.5090185997610595
S3,46.4,39.1,57.2,167.39,107.0,66.1,119.8,50.2,1.2475240463895383
S1,52.7,36.9,66.9,159.59,87.2,110.1,71.5,99.8,0.4281821146967173
S3,44.8,38.4,74.7,165.08,125.3,72.1,116.4,42.5,1.1727576236250226
S1,34.5,36.9,69.9,167.67,93.4,99.1,51.2,79.5,-0.9246996408887151
S2,40.6,36.5,97.8,180.78,8.6,109.2,84.8,68.2,-0.19364675468457812
S1,55.5,37.0,68.6,175.03,118.9,119.5,67.7,71.6,-0.9580745530910273
S1,40.3,37.4,46.8,163.71,103.8,110.8,76.9,67.8,-2.3581116852648476
S2,60.1,37.2,80.4,175.99,7.5,123.3,77.6,80.9,0.24592502079274514
S1,21.6,36.9,76.8,173.93,77.9,119.9,77.2,78.8,-1.8362017261605952
S3,55.0,36.5,80.3,167.4,125.4,76.0,115.0,38.7,0.16461229469451816
S2,54.8,38.4,104.4,169.06,5.1,141.2,84.4,95.1,3.28379620596274
S1,55.3,37.5,72.4,168.64,77.1,127.5,68.9,79.5,0.2025047279522137
S1,33.1,36.8,73.8,173.14,126.1,124.3,80.0,65.1,-1.7569732101753046
S2,80.8,36.6,107.9,172.47,5.4,127.6,75.4,82.6,2.2750241558090103
S3,51.1,36.7,83.3,175.19,159.2,72.7,117.9,31.3,-0.25742686982907753
S1,38.9,36.7,64.4,171.47,140.2,125.9,75.4,76.4,0.19773499585897358
S1,29.0,36.8,69.8,166.43,82.6,107.7,69.0,48.9,-1.5325519460180828
S2,46.1,36.7,82.3,168.45,4.0,146.4,90.4,70.4,0.3484661397734659
S1,66.6,36.5,73.6,173.46,96.2,115.1,69.8,71.7,-0.38240441200063
S1,42.7,36.6,71.1,175.42,76.6,124.3,69.9,67.0,-0.43506826546689203
S2,42.8,37.5,87.9,167.55,10.1,134.9,91.9,80.9,0.38445644471617746
S1,42.4,36.8,76.8,171.25,146.7,104.2,66.6,76.9,-0.15640041031153862
S1,54.6,37.0,72.4,173.65,97.3,119.2,77.1,72.1,-0.7428056358389544
S1,36.4,36.7,68.0,152.45,131.4,102.6,69.8,100.9,-1.1542571577307772
S1,59.5,37.2,55.7,157.34,99.6,119.4,82.6,62.6,-1.0597094742995898
S3,35.9,36.7,76.9,173.53,72.1,67.1,110.9,27.7,-1.1094601262908645
S3,37.7,37.0,62.2,152.54,99.4,77.6,109.9,42.9,-1.414156638415108
S1,38.8,39.1,78.2,172.65,118.2,105.9,65.7,108.3,2.99895568677751
S2,55.5,36.9,61.7,161.42,6.6,137.1,83.0,70.7,-0.6471114453826057
S1,67.0,37.4,69.0,179.16,147.9,143.0,90.9,75.5,0.6574289992522434
S1,28.7,36.6,77.4,178.89,110.2,135.8,84.2,69.3,-0.9245403112668436
S2,67.9,38.7,91.9,180.16,7.5,125.8,70.1,74.5,2.5047802683906375
S4,82.1,98.5,166.0,167.24,130.4,157.8,93.6,87.9,2.989585346266249
S1,40.7,37.1,86.1,172.58,86.8,134.3,82.0,84.7,0.825864922052412
S2,65.3,36.8,88.3,156.98,10.0,148.9,88.9,82.2,3.3752964851190628
S1,61.5,36.6,60.4,155.52,89.1,108.5,66.2,55.7,-1.5416414895705932
S1,49.5,37.1,59.9,159.92,78.0,120.7,72.9,67.8,-0.976872112129105
S3,24.7,37.0,57.1,173.27,93.3,80.5,107.7,39.9,-2.780355963788117
S1,46.1,37.1,74.4,178.9,132.2,126.5,79.5,61.3,-0.31523571114155197
S1,56.2,37.1,88.2,170.71,132.6,112.6,82.0,64.8,-0.07192165761819685
S2,79.7,36.1,58.2,162.26,4.5,134.9,89.3,90.7,0.7234955954004143
S2,60.5,36.9,69.9,173.03,11.7,143.9,86.4,67.3,1.630991820697283
S1,26.2,36.4,72.7,165.93,101.8,113.4,82.4,77.4,-0.7858720976960655
S2,41.9,36.8,82.2,172.81,7.2,135.8,92.3,77.5,-0.366188694305117
S2,69.0,37.0,58.5,165.65,6.8,101.2,65.3,77.8,-0.865591714355989
S1,58.7,38.5,72.4,154.95,69.4,124.6,87.9,82.0,0.2967625546871665
S1,53.8,36.8,46.3,175.39,106.0,125.8,65.5,72.5,-1.010219643208912
S1,42.3,37.1,61.6,175.3,122.1,129.1,86.6,60.7,-0.5826825206908622
S2,50.3,37.0,95.9,174.35,8.5,108.0,64.3,70.2,0.6294568016943618
S2,64.8,37.0,70.2,148.51,6.8,122.3,80.0,89.5,0.6396321585821186
S5,50.2,36.9,48.0,1.66,109.7,166.9,101.5,82.3,-0.3844817746294721
S1,40.7,37.3,70.9,165.97,110.1,113.2,63.1,86.4,-0.5454163755598009
S5,35.3,37.0,59.7,1.67,123.1,106.9,63.5,80.5,-1.3350608310449645
S1,69.2,36.8,89.8,173.37,106.8,168.6,95.7,62.5,1.9708548781901245
S1,35.6,37.0,77.4,162.01,121.0,118.6,74.9,63.0,-0.3273533227557434
S3,57.2,36.6,74.3,155.87,77.7,73.2,116.9,36.6,0.20597425750190743
S1,54.7,37.2,62.1,179.97,76.2,142.6,86.6,64.1,-1.2302233331989745
S3,72.5,37.0,80.7,184.47,104.3,86.8,141.1,41.0,1.3150297291056996
S3,41.8,37.2,60.6,161.77,114.5,59.9,126.0,38.6,0.014172880501012813
S2,58.6,36.4,98.3,166.79,4.2,125.5,83.1,60.6,0.2631796668452676
S2,62.8,36.7,84.7,161.61,6.5,139.7,80.5,84.7,1.9795521323266212
S2,68.2,37.0,56.3,165.97,5.2,139.6,97.6,64.9,0.2895638462816468
S3,58.9,36.8,72.2,169.86,123.6,75.6,142.5,21.9,-0.30978930759069323
S4,49.7,97.7,128.3,161.73,110.1,142.9,88.8,86.1,0.10705554502378037
S3,62.7,36.9,78.7,157.93,76.3,84.2,135.8,25.1,0.2580549234477007
S3,50.0,36.9,75.7,180.0,127.6,80.0,126.1,29.4,0.14819092985747095
S1,24.2,36.2,43.4,160.91,115.4,122.8,73.1,86.4,-0.9061841993459581
S2,63.9,37.1,45.3,157.18,6.7,150.1,86.0,79.5,0.5489146499104954
S5,24.8,37.4,76.7,1.77,52.0,104.7,66.6,0.0,-3.1467685366138496
S1,49.7,39.1,53.6,152.97,123.9,155.0,83.9,95.6,3.130054466907173
S4,86.1,97.9,193.8,164.9,180.7,139.5,72.8,71.8,3.6184053424771876
S1,52.8,36.0,96.6,166.09,111.4,127.6,83.1,74.6,0.47664861614119836
S4,43.0,97.0,168.9,159.51,76.3,101.7,71.6,87.5,-0.39956934310375475
S2,64.4,36.9,87.2,175.58,5.9,133.2,90.5,85.3,0.6131312238921428
S3,48.5,37.4,80.9,168.13,95.0,65.6,109.3,41.1,0.46587457517706843
S1,53.5,37.1,71.5,179.21,90.8,138.2,75.3,67.4,0.07260430412281024
S2,71.9,38.5,68.2,160.79,7.2,124.5,76.7,100.9,3.219836157116501
S4,54.5,97.9,165.8,164.56,256.4,115.0,84.8,75.4,1.6716029324895714
S2,53.8,37.1,65.4,166.81,7.4,113.8,78.4,73.9,-0.9693697233769587
S4,53.4,98.5,228.0,171.25,234.9,123.2,80.9,64.7,2.6186058221939867
S3,55.3,36.7,76.3,181.14,143.4,88.8,134.7,25.6,-0.3055641476805142
S1,60.7,36.6,64.8,177.69,115.5,122.5,82.6,71.5,-0.5415195559318331
S2,74.6,36.6,82.6,166.05,11.3,140.8,98.7,67.3,1.5200034479628706
S1,74.2,37.1,79.7,184.4,100.5,141.4,84.2,70.9,0.6536868681907806
S1,67.5,36.5,79.9,176.15,78.3,109.3,70.8,73.9,-0.5032127751730935
S1,40.6,36.7,75.9,167.57,100.4,129.7,78.9,61.2,-0.6971365661442501
S1,18.0,36.9,75.6,165.86,79.6,103.1,62.5,81.6,-1.4846364073417515
S1,53.1,36.7,92.2,180.79,103.4,109.3,63.4,101.7,0.5274865868271836
S3,35.4,39.2,89.1,177.37,75.5,70.3,110.6,41.5,0.7002986213688647
S1,45.2,36.5,85.9,181.62,129.3,124.6,88.6,81.6,0.1107614600657687
S4,39.1,98.2,176.1,169.83,130.8,129.7,83.8,76.9,-0.22754074113728606
S1,31.2,36.9,78.5,167.94,88.4,115.0,67.3,66.9,-1.3393514954871497
S1,63.7,37.2,52.4,155.18,99.3,148.0,90.7,70.6,0.49300647542015574
S1,49.2,37.0,88.6,171.32,90.1,149.5,100.0,78.9,-0.21629480730554834
S3,52.1,37.0,96.3,189.09,98.0,92.0,136.0,33.0,0.5363443430467846
S2,75.0,37.0,72.4,152.04,6.2,137.8,83.8,72.2,1.941146905860299
S1,23.6,37.0,58.9,160.39,134.0,135.0,87.2,80.0,-1.3640270516813264
S1,20.0,36.6,58.8,143.34,80.6,107.3,74.6,73.4,-2.008230185356278
S4,67.9,98.6,304.8,188.71,132.7,121.2,74.3,50.7,1.7008525140878594
S2,43.7,37.3,48.3,173.25,8.6,121.3,84.2,74.5,-0.9732682121846206
S2,58.6,39.4,56.9,159.01,7.6,98.9,72.0,88.1,1.3324913609603635
S1,66.6,36.6,74.2,163.1,125.0,142.6,92.5,77.2,0.8920085646864285
S1,51.2,37.0,84.1,170.98,106.5,133.6,74.5,59.4,0.20437316484654006
S4,72.4,98.3,152.5,159.32,158.2,125.4,73.0,74.8,1.9536900860614526
S1,38.2,36.7,43.6,170.45,94.1,106.4,58.1,75.8,-2.5866583946453114
S4,95.0,98.0,169.3,164.21,105.8,124.9,77.9,76.7,1.673743814943376
S5,33.4,36.7,68.1,1.63,64.9,107.8,72.5,90.0,-0.78982133567642
S2,55.0,36.8,84.6,170.16,6.9,134.7,93.5,67.8,0.2731145492659672
S1,50.7,37.1,98.4,182.63,126.3,140.1,96.3,74.0,0.4428369636087808
S4,51.9,98.9,164.7,180.41,127.0,134.5,77.8,62.1,0.48176110881455253
S3,35.6,38.6,86.7,177.01,98.8,79.5,99.5,38.2,-0.6301297462116269
S2,76.1,36.2,90.5,168.99,3.2,142.1,85.8,84.8,0.9223361522294546
S4,72.6,98.8,134.6,158.79,205.7,127.0,66.2,67.5,2.3606490697060334
S1,40.2,38.0,97.9,181.26,130.5,113.8,74.6,59.7,0.04370583740828743
S2,64.3,36.9,84.8,160.94,7.2,127.1,87.6,84.4,1.852316622082784
S1,59.2,36.4,64.7,163.48,85.8,140.7,88.6,72.2,-0.6041494054361102
S3,54.7,36.4,78.2,175.04,123.5,80.2,122.0,29.9,0.29297988705605515
S5,18.0,36.6,113.3,1.79,113.1,91.8,67.5,0.0,-1.2936255871706561
S5,55.2,36.9,77.9,1.71,71.9,106.7,86.7,112.2,0.6162695468804958
S1,32.0,37.0,69.0,169.07,92.1,134.9,93.4,89.6,-0.8459444809565333
S1,30.2,36.3,84.3,173.79,88.6,111.4,75.3,77.3,-1.274003371362715
S4,76.5,98.5,209.2,166.25,128.4,170.8,104.3,72.2,2.1900581247185125
S2,32.8,37.6,95.5,184.98,9.6,128.9,80.1,96.0,0.8314629620236479
S1,67.8,39.0,65.3,165.83,95.3,144.0,82.3,88.5,3.0468213900240233
S3,47.2,36.9,43.1,159.82,95.8,72.7,116.1,40.2,-0.9915868965118511
S1,32.3,37.1,97.9,174.67,118.0,102.5,70.8,67.4,-1.1055864682611862
S3,29.3,37.2,82.8,169.24,127.6,74.8,94.8,29.9,-1.1989738065632902
S3,24.3,36.8,81.4,180.25,131.2,70.4,107.9,45.3,-0.602701229175572
S1,51.0,38.1,82.6,171.02,69.8,127.9,78.3,85.3,0.14952974179298167
S2,76.9,37.0,82.9,170.82,8.8,127.9,82.1,92.1,1.2987623200256389
S2,65.9,36.7,103.1,176.92,7.0,124.0,79.5,52.0,1.628389790438257
S5,18.0,37.2,83.5,1.71,112.6,114.5,76.9,85.4,-0.5350514373765666
S5,27.2,37.1,64.2,1.66,86.8,115.6,64.7,0.0,-1.208693114238231
S2,55.6,36.6,96.4,175.15,6.8,104.4,67.3,82.5,0.35375902470667187
S2,63.8,36.4,81.9,165.19,4.7,122.7,69.6,58.0,1.1058808170339698
S1,59.7,38.8,74.3,162.49,117.8,152.5,88.7,101.1,3.5195772931186857
S4,51.0,97.5,163.7,176.56,197.9,156.2,88.2,79.1,0.575277676425255
S2,52.5,36.8,64.7,168.26,10.0,126.7,63.6,101.3,1.9872366869316673
S1,19.0,36.5,67.6,172.26,96.1,114.8,80.0,90.3,-2.439630101656907
S1,50.3,37.2,58.1,177.95,90.3,138.9,84.3,83.0,-0.05618905197465074
S3,38.4,37.2,66.5,169.28,180.9,66.8,97.1,35.2,-1.3187948374490919
S4,66.7,101.9,242.4,175.14,110.9,126.5,75.0,62.6,2.8914903771391085
S2,54.6,36.7,84.2,166.01,10.7,121.4,74.6,70.9,1.530173754626438
S4,57.0,98.1,183.2,182.58,80.9,118.1,75.5,94.5,-1.189121490891068
S1,61.2,36.5,62.1,167.85,136.9,111.6,74.0,69.6,0.15471942072039024
S1,47.1,37.0,68.8,168.03,95.4,108.9,55.1,75.6,-0.35415653891905086
S4,55.2,98.4,127.4,151.05,131.8,146.9,78.7,70.3,0.9537751403520378
S2,61.6,39.2,86.6,169.98,9.7,139.3,84.3,87.0,3.613748240715988
S2,62.7,38.3,75.2,165.57,6.3,120.5,74.0,87.4,1.2085807582517547
S3,41.1,37.0,49.9,168.91,79.7,82.2,132.3,37.8,-1.2497655660584106
S5,26.9,37.2,69.5,1.76,82.1,93.8,72.8,67.5,-2.115275132882167
S2,85.0,38.0,55.1,169.09,5.4,147.3,91.8,101.3,1.7762049937264823
S2,77.9,36.9,83.4,173.92,5.1,125.7,78.9,64.6,0.09633658007500784
S1,52.3,37.2,73.0,191.81,88.3,121.5,77.7,69.9,-1.5126391266252641
S1,54.8,36.9,55.3,166.04,163.0,149.0,98.3,85.9,0.5289473500849747
S1,63.4,36.8,93.3,184.44,93.2,133.9,83.3,77.1,0.3873576618126896
S1,61.7,37.0,83.3,169.98,71.8,119.3,66.3,79.9,0.5564665029365307
S1,43.5,37.0,83.4,172.33,138.3,112.5,69.1,69.8,-0.11015742424771963
S1,68.6,37.3,77.1,164.91,130.2,132.8,74.4,75.2,0.2540434563758809
S2,35.5,37.3,49.8,156.7,5.7,125.6,83.9,76.1,-0.6626167075888084
S1,54.8,39.0,94.7,163.54,156.1,123.7,67.4,79.8,4.485952572257623
S1,51.4,36.6,85.1,172.2,157.1,115.9,62.4,95.2,2.2829398492819912
S4,45.2,98.7,164.6,164.8,124.7,119.5,72.8,95.8,0.8042243470626025
S1,41.1,37.1,97.1,183.1,80.1,113.7,77.6,66.5,-1.7721922126709475
S1,48.1,38.6,78.6,182.98,112.8,127.1,70.4,105.7,2.02274055764955
S1,41.5,36.6,77.2,167.06,107.2,147.3,100.3,88.5,0.18757182859435956
S3,60.4,37.4,86.0,164.14,151.5,70.0,121.8,35.4,1.3749383890933553
S4,59.0,98.0,189.1,172.11,149.4,131.5,90.4,68.1,0.22654068347412973
S1,73.9,36.6,67.8,160.11,104.0,122.4,77.7,74.3,0.7060133230618199
S3,33.4,36.9,63.0,157.68,101.9,61.0,96.8,30.8,-1.9415405141949311
S1,52.6,36.3,91.0,174.0,100.3,112.4,71.2,74.7,0.30384464064105415
S2,84.9,37.4,63.0,178.23,5.3,152.5,84.4,86.7,1.17156240216353
S4,71.7,101.6,195.3,179.64,206.9,151.8,87.9,71.5,3.1610404557485405
S4,60.1,97.8,217.8,165.12,109.1,109.5,62.1,68.1,0.805226577572809
S2,66.3,36.4,67.7,172.07,7.2,138.8,93.9,70.4,0.011083654953126104
S1,68.5,36.9,78.9,175.66,113.3,144.6,86.4,69.2,0.32967605634953856
S1,56.3,37.0,49.8,164.3,73.5,122.2,69.2,85.3,-1.4000398522547846
S2,60.2,36.6,78.2,161.64,6.1,121.3,77.1,82.3,0.6601486066939687
S1,62.1,38.4,90.2,186.99,107.6,128.3,89.5,90.4,0.9259548119816655
S4,73.9,100.6,170.7,165.16,113.3,148.2,90.1,76.8,2.2953687986713067
S3,33.3,36.9,75.2,166.09,70.1,75.3,125.1,36.4,-0.6312452031317564
S3,37.2,36.9,101.6,166.96,84.8,68.3,120.0,26.4,-0.3787630395911356
S1,65.1,36.2,79.2,164.57,97.7,141.3,83.1,88.2,1.6817266094994725
S2,63.6,37.5,106.9,182.9,5.9,116.7,71.4,78.5,0.949228387203757
S2,66.9,37.1,78.7,168.57,7.5,129.1,77.5,83.3,1.9049548701923604
S1,53.5,36.8,79.6,163.66,103.5,133.3,81.6,86.0,0.5166228070558474
S3,64.9,37.5,50.0,169.87,113.0,77.4,154.1,40.0,-0.11442551881362839
S1,69.2,37.0,67.0,159.96,68.4,151.1,73.4,72.4,0.14392280048278994
S1,22.6,36.7,89.9,171.62,84.3,137.0,93.7,69.3,-0.9195175769270083
S5,45.8,36.9,52.2,1.83,67.8,88.5,68.5,63.5,-3.0246460707860474
S2,53.4,37.0,91.8,168.73,8.3,126.6,78.8,88.7,2.18693397143723
S2,67.7,36.2,53.8,154.69,9.8,136.6,84.6,62.8,0.6784598666756066
S3,63.7,37.6,90.3,170.65,119.3,89.6,161.2,34.4,1.7311887848451122
S2,41.3,36.4,44.5,151.52,9.4,122.3,79.0,83.9,-0.021235032469067217
S1,42.6,38.4,104.4,174.12,116.2,94.8,55.0,78.9,1.0122092756863814
S3,76.1,36.9,92.2,188.88,110.7,75.2,133.9,35.7,1.1670695529531425
S2,68.3,36.3,70.1,168.16,6.0,123.7,82.7,76.1,0.1079603612232286
S1,66.1,37.1,79.5,169.81,117.5,117.8,75.8,89.7,1.2978925621243653
S1,57.1,38.5,67.8,164.21,94.2,107.9,77.7,93.7,0.6938160451835232
S1,59.0,36.6,74.1,166.34,99.3,91.6,64.8,83.5,-0.7479530516133528
S2,74.7,36.6,77.2,154.23,7.2,129.1,80.3,61.7,1.225195017241066
S1,33.7,37.1,78.8,167.84,137.4,97.1,66.6,85.1,-0.9061094178950784
S1,48.6,36.6,71.7,163.64,132.0,117.5,79.3,72.6,-0.46477970438210847
S3,38.8,39.0,89.2,170.14,72.3,67.5,108.2,45.1,0.7386258959934238
S1,29.5,36.2,60.2,168.89,95.6,103.3,71.1,82.5,-2.2655160578947195
S3,46.6,37.0,71.5,164.6,94.4,82.6,132.5,37.5,-0.2816594053531479
S1,72.3,36.8,87.7,164.3,115.1,151.8,100.5,82.8,1.632979743548193
S1,47.2,37.0,52.7,157.19,104.7,114.8,77.9,80.3,-1.214570916466309
S1,51.4,36.7,69.2,193.5,180.8,127.8,87.0,92.1,0.17438051310843883
S1,35.4,36.4,58.5,161.5,107.0,117.3,82.2,78.4,-1.9923554531919763
S4,82.5,97.9,256.8,176.07,122.9,126.9,82.5,72.5,1.249195496643018
S2,40.3,36.9,94.3,168.17,7.0,93.1,53.6,87.4,0.8300659085328739
S1,59.4,36.5,73.1,179.35,100.6,140.1,84.0,66.1,-0.3807723992425265
S4,65.6,98.6,215.2,164.22,110.3,150.4,106.2,75.8,2.200861299293863
S4,51.5,97.7,174.7,175.42,140.8,109.7,73.0,84.1,0.592115267386093
S1,31.1,38.3,76.6,162.69,107.3,120.1,68.9,88.9,1.4517150294306842
S2,61.1,36.5,72.6,163.78,4.6,130.0,93.0,57.0,-1.2357298952420361
S2,56.2,37.2,58.3,164.0,4.8,105.1,75.5,83.7,-0.45283594162899665
S1,45.0,37.6,64.7,175.86,62.5,136.9,89.2,72.3,-1.6919680379826187
S1,53.1,38.6,111.8,170.59,111.8,149.1,80.8,83.7,3.1481638052918783
S3,39.2,36.7,50.6,158.11,117.7,69.9,133.5,29.7,-0.24174981073041746
S2,48.5,37.2,80.9,172.11,7.0,131.4,79.7,72.5,0.7316092527584203
S2,66.8,36.6,59.1,160.51,6.7,108.1,64.4,64.9,-0.3752783835553475
S4,89.0,101.2,159.6,162.23,173.1,136.4,84.4,103.0,4.04334281328761
S1,68.2,37.4,73.2,164.55,85.9,150.1,90.0,68.4,0.8184278774007524
S2,59.5,36.7,99.5,170.14,7.0,134.9,83.9,66.4,1.067648942020367
S5,41.3,36.4,71.0,1.67,91.9,133.8,88.7,101.1,-0.03641232925611865
S2,69.5,36.3,78.6,173.13,6.4,141.0,82.5,68.2,1.0646853402956242
S1,61.8,37.1,72.6,167.71,122.4,134.5,85.7,83.9,0.4806541677075763
S1,40.9,36.9,74.7,158.28,81.2,129.0,81.0,80.5,-0.43304774036452487
S2,59.7,36.6,62.9,179.32,7.6,128.5,89.1,76.1,-1.0805955006520969
S3,64.5,36.8,81.3,172.62,89.6,76.5,132.3,41.2,0.6784438481938823
S4,60.0,98.1,195.5,165.1,253.6,152.8,81.9,63.7,3.314584128879196
S3,60.8,36.5,91.4,176.93,102.4,59.5,103.4,40.0,0.46953499016304756
S1,46.0,36.8,50.4,163.36,63.7,128.4,75.3,67.3,-1.3816180108345484
S2,43.9,36.7,79.3,162.81,6.2,129.1,82.1,69.1,-0.2614245997974639
S4,50.1,100.3,198.4,176.66,109.2,126.4,80.7,95.7,0.9304698375934719
S1,59.8,36.0,73.0,181.55,109.2,152.0,91.6,48.3,-0.2872977040789526
S3,33.3,36.7,94.3,171.91,108.7,65.5,131.9,36.4,0.2942982555167673
S1,57.8,37.1,74.8,188.31,109.0,130.6,80.9,75.7,-0.18420612274909368
S2,74.2,36.4,92.2,167.35,8.6,139.9,83.8,65.8,3.0341388883277864
S4,41.3,98.0,214.8,161.97,157.0,124.0,72.7,37.9,1.6030757264623172
S2,65.6,37.3,86.6,177.93,6.4,125.8,74.8,65.8,0.17644168275910455
S4,51.6,97.9,229.9,178.38,162.0,117.9,70.1,64.4,1.5593088482840445
S3,18.0,37.1,73.6,171.84,79.5,76.6,107.6,36.3,-2.8939317091887267
S2,74.3,36.9,110.0,172.98,6.5,124.5,73.0,70.8,2.3203728041846308
S1,57.2,37.3,89.8,174.66,98.4,126.6,76.0,95.6,0.5297432274486338
S2,71.2,36.9,71.2,161.24,6.0,132.1,80.3,91.6,1.3046069404164031
S5,72.0,36.5,60.2,1.74,118.9,149.1,81.3,67.4,0.41344642541462223
S3,32.1,37.1,55.5,169.71,147.8,63.3,97.5,44.4,-1.1191256230006323
S1,54.3,36.6,78.2,155.59,105.0,128.0,80.9,86.1,0.8107387482087002
S4,95.0,98.1,141.0,171.21,113.5,150.2,81.0,87.1,2.674045958457673
S1,57.3,36.8,73.4,181.34,106.0,113.6,81.5,86.8,-0.3915304027963912
S3,36.6,36.7,103.3,191.67,143.2,71.8,96.8,30.4,-1.2510269148380373
S3,45.9,36.9,124.8,178.23,111.6,70.3,123.9,27.0,0.38125849178768
S2,57.5,38.6,79.1,180.66,5.3,148.3,85.9,95.8,2.493901592238132
S2,91.5,37.9,79.1,165.08,11.2,156.6,79.9,106.2,5.203871938547678
S3,36.7,36.6,73.6,175.17,59.2,62.1,93.2,39.2,-1.9248622981242607
S2,35.9,38.2,93.9,180.19,6.4,115.0,71.4,104.8,1.917104280817727
S5,52.1,36.4,78.3,1.67,105.2,118.2,80.7,66.0,-1.1358785888182104
S1,65.4,37.1,85.4,173.19,121.0,135.5,85.9,89.9,1.235643099144285
S3,63.3,38.2,60.4,179.14,107.2,79.7,128.1,43.5,1.0380402604671641
S2,66.4,36.9,76.2,162.69,7.2,116.3,73.6,65.6,-0.3071990659309145
S4,80.7,98.1,173.9,171.98,107.2,136.1,77.7,86.6,1.4157177838601593
S3,31.0,37.0,100.2,178.5,53.8,57.5,99.0,32.3,-0.8575533334787583
S1,89.9,37.2,79.9,162.33,103.9,141.8,78.8,71.4,2.16557963105769
S4,43.1,97.8,129.7,174.09,255.9,117.8,77.5,70.0,0.1268654251995647
S4,51.7,97.5,214.0,168.14,85.4,132.2,89.8,106.4,0.7488029140532173
S5,21.9,37.0,63.5,1.71,104.4,112.5,68.9,0.0,-1.1925728193967498
S4,66.4,101.7,236.1,170.89,118.5,139.3,82.8,101.1,3.8936016549051504
S5,37.5,36.2,83.6,1.73,107.0,93.5,61.4,0.0,-1.3313767923495032
S1,54.8,38.5,78.1,172.17,110.9,111.8,80.5,76.5,-0.14624395669725632
S2,34.9,38.3,87.7,157.79,6.7,120.4,82.5,89.1,0.9602597738926388
S3,44.5,36.3,56.2,175.09,140.4,74.8,117.9,43.0,-0.5461094324014052
S4,70.2,102.1,184.6,155.53,121.2,141.9,82.9,94.6,4.198100477546564
S3,54.5,36.8,72.7,165.71,158.6,66.5,101.2,35.3,-0.5061749927393248
S1,59.2,38.7,108.0,187.56,145.4,138.4,84.6,85.0,3.1188999178804875
S2,62.6,36.8,82.6,175.57,5.9,137.6,82.4,69.7,0.30197644127570705
S5,45.8,37.9,38.9,1.61,184.6,139.3,93.9,98.8,0.29497633337591983
S4,77.7,97.8,155.3,157.16,184.2,134.4,90.0,95.6,2.271028324221333
S4,64.8,97.4,254.4,177.87,141.4,121.6,85.6,71.3,0.934375709781819
S1,37.3,36.6,64.6,169.85,163.5,122.2,85.6,67.6,-0.6762302808635551
S2,52.6,36.8,99.0,184.64,7.9,132.1,78.6,72.1,1.6585440508996854
S3,36.2,36.4,77.2,178.7,94.2,71.4,113.3,32.2,-1.6338221120358347
S2,60.8,36.8,73.0,177.29,7.9,135.5,81.6,73.7,0.3303454204107706
S2,73.7,37.0,77.9,160.86,8.0,126.7,68.2,71.2,1.380651370205705
S1,74.0,37.0,76.7,150.98,106.9,141.6,77.8,73.4,1.6051634145832319
S1,76.5,36.2,70.1,176.24,82.1,141.3,76.5,72.4,0.4727908116101127
S1,30.1,36.9,65.0,159.93,78.2,125.6,84.0,78.7,-2.2463301512935314
S4,72.2,101.7,190.3,176.57,111.2,135.1,80.0,101.3,2.830422720849076
S2,70.2,36.8,55.5,147.44,8.5,127.3,89.1,78.7,0.13873235789671268
S1,55.5,36.5,63.1,178.88,85.7,144.2,77.1,72.7,0.5215934369540566
S4,66.0,99.7,186.6,169.17,187.0,144.1,72.7,98.9,3.4495528093568533
S4,57.1,100.7,206.0,164.54,143.9,117.8,80.7,96.7,1.3947814156626674
S1,44.2,36.4,84.8,165.24,83.3,111.2,63.8,95.0,0.260452020226669
S2,66.0,37.1,74.2,152.93,9.9,123.7,83.8,71.5,1.4117949580829487
S3,24.5,36.6,81.6,180.43,129.1,71.0,119.7,37.7,-1.0064042598354872
S1,50.6,38.5,96.6,176.04,104.9,134.0,72.3,78.2,1.9409322270774116
S3,61.2,36.8,68.6,164.67,66.0,80.8,124.2,40.2,-0.46110478007036954
S2,37.2,36.9,70.9,161.93,5.6,128.7,81.2,67.5,-0.5510490866757831
S2,55.2,38.2,80.7,175.94,9.2,137.0,81.2,97.6,3.1397584141000987
S1,56.2,36.8,71.8,170.03,67.7,126.9,75.5,70.5,-0.892184028046524
S1,49.7,38.5,66.1,166.8,121.9,126.0,77.6,82.0,0.6300084709964168
S3,36.6,37.3,73.4,168.46,61.5,67.7,101.0,42.3,-2.0774973880715537
S1,30.4,36.7,79.3,175.21,63.7,119.2,76.9,87.6,-0.9849998477087296
S5,30.1,37.1,39.8,1.63,87.5,140.1,84.8,62.4,-2.1192075345354326
S1,75.1,36.9,65.9,170.69,206.8,153.5,84.9,79.4,1.683057048862216
S4,79.3,100.0,200.7,175.51,177.9,137.6,80.9,89.5,3.06313378133526
S2,36.5,37.1,89.0,175.81,5.6,120.5,88.9,87.7,-0.44710779618114743
S4,34.7,103.0,216.0,168.18,80.5,118.2,78.6,81.2,0.8424682896211566
S4,58.1,97.9,204.6,177.77,174.4,138.9,85.6,78.3,0.882952946618996
S1,52.1,37.0,83.4,163.42,95.9,124.8,86.6,68.4,0.32656898896110137
S1,37.7,37.0,66.1,160.97,70.8,122.8,78.4,78.6,-0.696691775866374
S5,18.2,36.4,52.5,1.67,111.3,114.9,75.2,64.8,-2.6590402184602038
S4,51.5,98.5,169.9,162.83,112.5,138.8,91.8,84.1,0.5176237208491924
S1,37.8,36.8,72.0,175.04,131.0,109.7,76.5,61.1,-2.3031695022970147
S1,26.0,37.2,100.6,183.95,133.2,114.1,70.2,64.3,-1.3179644834118687
S2,76.7,38.7,75.3,175.41,7.4,156.8,79.1,75.9,2.573132688876048
S3,64.7,37.1,74.5,163.95,95.1,89.0,122.4,37.8,-0.15953699427886264
S2,59.1,36.8,71.4,160.93,7.1,114.5,80.4,76.8,0.3941167757881639
S1,47.5,37.0,63.9,185.7,102.4,124.7,72.5,70.4,-0.3232875802346443
S3,54.3,36.8,70.9,172.37,142.7,76.4,134.7,33.9,0.7086496878205325
S1,25.8,36.4,57.4,164.65,99.5,126.2,80.8,98.5,-1.7491158797172257
S4,77.2,98.6,158.6,178.45,156.4,137.3,85.8,87.2,1.636957199576673
S5,38.7,37.1,73.8,1.68,119.3,108.9,81.7,78.6,-1.199568497059867
S4,63.6,98.2,155.2,163.5,127.0,165.9,94.5,83.0,1.7273045761489478
S3,56.7,38.8,42.1,167.56,62.2,78.8,119.2,38.9,-0.05866374203784397
S1,43.1,36.8,77.0,168.47,117.5,131.5,85.0,69.9,-0.250868374808373
S1,53.9,36.3,58.5,165.56,59.5,141.5,89.7,69.2,-1.058184315772898
S4,48.8,101.2,322.2,194.24,144.5,114.0,76.2,85.0,2.157835001484197
S1,69.9,36.4,63.1,165.35,98.5,123.1,73.0,84.7,0.02351252901939138
S2,64.9,36.9,75.8,182.66,5.6,108.1,68.5,78.1,0.47363496876657424
S4,79.8,102.7,232.3,173.33,110.7,126.2,83.8,98.8,4.0227799593165114
S2,55.3,36.9,81.3,167.05,5.7,139.6,78.9,73.1,2.033277612766181
S2,58.3,36.5,97.0,176.18,4.9,125.3,73.2,61.5,-0.03332645487952779
S1,65.5,36.5,104.7,181.76,112.8,150.8,87.4,93.4,2.538203833875739
S3,66.7,38.4,81.6,175.21,89.8,68.9,138.2,42.9,2.312566781223782
S2,54.2,37.1,78.3,158.57,6.4,119.4,79.4,69.7,0.15022598694595685
S1,27.8,36.8,66.8,167.08,114.9,110.0,77.1,93.2,-0.9472949421981913
S1,48.6,36.8,103.7,197.72,113.7,123.7,76.9,80.4,0.49133419717495735
S2,41.7,36.6,81.6,146.06,3.8,123.7,78.0,75.7,0.2193554268671308
S1,50.6,36.7,88.5,165.44,117.3,122.0,67.8,87.0,0.9132056181294121
S3,18.0,37.1,73.9,160.55,152.6,66.5,98.3,30.0,-2.3030472019331647
S2,52.5,38.7,79.1,170.72,10.8,134.5,84.9,87.6,2.6050776924632157
S2,65.7,36.5,104.2,181.78,6.9,141.0,74.2,74.9,2.1831793608525825
S1,44.5,38.6,69.0,169.42,198.6,124.6,78.7,83.9,1.8812784289465982
S2,45.1,37.3,96.7,172.46,7.8,104.5,82.2,74.0,-0.46067225342731316
S2,61.8,36.3,101.0,194.58,5.7,138.3,84.2,82.3,-0.01796001696894134
S3,40.4,37.0,93.7,185.59,90.2,75.0,111.1,32.8,-1.1799183572242293
S1,37.3,36.5,82.8,166.88,107.2,113.5,79.0,77.4,-0.826262274308436
S3,68.7,36.7,68.6,176.73,108.9,80.1,136.0,38.9,1.027117984560292
S1,43.3,36.4,60.0,174.66,102.8,91.9,60.1,71.8,-1.4805484141787981
S2,60.3,36.7,73.7,177.63,8.3,119.8,80.5,74.0,0.5068901628843873
S1,63.5,38.3,62.9,166.02,111.9,149.0,98.0,64.3,0.9704527270877495
S3,56.9,36.4,58.5,163.98,77.2,81.3,118.4,34.1,-1.1385174399405018
S1,33.5,37.0,59.3,161.52,112.3,130.2,73.9,70.7,-0.3155829458092928
S1,43.9,38.2,98.5,186.18,114.4,121.2,78.9,78.2,0.514041725494401
S1,56.2,37.0,67.7,168.35,108.4,121.6,84.0,66.2,-0.8684338263227706
S1,53.8,36.8,87.5,170.6,126.0,121.2,79.5,68.7,0.24233368069799222
S3,19.6,36.5,60.2,157.5,108.3,75.4,121.0,35.6,-1.4648054401010242
S2,57.2,38.2,65.2,179.21,8.5,134.4,83.4,72.2,0.8164804240025301
S1,53.6,36.8,67.9,162.39,120.2,144.8,83.4,59.4,0.2966946587916615
S4,70.0,98.2,175.8,160.88,124.9,140.1,80.5,79.8,1.3952482600552698
S3,30.1,37.2,90.2,177.39,97.2,62.9,113.7,38.1,-0.4351264184254596
S2,63.4,38.7,92.1,161.58,7.8,111.6,66.8,79.2,2.810749605329201
S2,75.1,37.3,85.9,173.9,4.7,124.9,82.5,71.5,-0.37243187999240873
S2,55.2,36.7,92.8,175.11,8.1,131.7,87.8,94.8,0.7868129767840355
S4,95.0,102.2,172.6,162.67,186.3,129.6,76.5,94.1,4.330447632504134
S3,69.1,38.9,67.7,166.64,85.9,79.6,139.7,32.3,1.3858832276871114
S4,66.0,99.3,156.7,160.31,155.0,123.8,75.5,70.8,0.7809664039750905
S1,38.5,36.9,99.6,176.24,112.8,114.6,71.1,73.3,0.47355100465993155
S1,85.3,37.2,62.4,157.25,147.8,123.5,84.2,70.0,0.43540438760894606
S3,42.9,36.9,71.0,174.69,109.9,71.3,113.4,40.6,-1.4706921758087022
S3,55.6,36.7,97.9,177.04,110.7,55.4,97.9,45.3,0.8717218253400145
S2,37.8,38.1,75.6,174.61,7.1,132.7,80.3,61.5,0.38827591755557056
S1,33.3,37.5,83.9,168.94,101.8,118.7,86.8,82.9,-0.8343710124256757
S1,50.7,36.8,77.5,187.52,90.2,110.0,77.8,55.5,-1.9311174905461548
S2,50.3,37.2,77.6,147.13,5.6,136.2,89.2,80.3,1.0620204022265292
S3,39.7,36.6,138.0,192.95,107.4,66.5,96.1,28.5,-0.08517016372026792
S3,47.8,38.1,71.5,153.45,74.9,92.5,140.2,36.1,0.06364185835320652
S2,58.6,38.5,81.7,160.63,7.2,123.5,68.4,63.6,2.2603583006846506
S5,37.1,37.1,61.9,1.69,130.5,136.0,88.8,78.5,-0.47699758883813925
S1,42.4,37.1,51.0,152.87,101.7,138.0,83.2,77.5,-0.8167653960879642
S2,58.3,36.9,82.7,179.78,6.7,147.3,95.9,75.8,0.6782788691034984
S1,45.1,36.4,78.2,171.38,101.2,129.6,77.9,75.0,-0.05189474373018936
S5,52.5,36.7,74.0,1.63,81.5,121.2,75.0,0.0,-0.5982068268309488
S1,64.1,37.3,50.3,154.53,124.2,98.8,61.5,64.9,-1.2371483323243
S3,32.8,36.8,87.4,172.58,175.5,74.3,106.9,31.9,-0.36582516829897777
S3,84.3,37.0,82.3,180.79,98.5,88.7,163.2,38.5,1.6552677909112328
S3,47.6,39.1,69.8,165.36,106.1,76.6,141.2,42.6,2.309174875133325
S2,76.9,37.0,96.6,177.53,8.5,149.5,84.9,67.3,2.332709306297277
S4,69.8,98.3,128.7,146.1,130.7,147.1,89.2,64.1,1.318971035068941
S3,59.7,36.7,70.5,173.15,86.5,85.1,130.5,40.3,-0.5592857852255413
S1,58.4,37.1,67.4,168.78,74.4,113.3,70.2,86.9,-1.264944537481832
S1,73.0,38.4,93.1,178.42,76.3,139.2,75.6,108.8,3.0891560697690124
S2,59.7,36.5,78.9,177.79,4.0,104.8,76.0,63.7,-2.3930100978785367
S2,76.6,38.5,97.7,172.16,4.3,153.3,87.8,77.8,2.0626570349975255
S1,75.7,36.6,50.0,145.93,130.9,126.7,85.2,62.8,-0.03252828465476845
S4,61.4,98.0,235.4,165.4,96.4,135.0,77.4,76.8,2.140400938812804
S1,45.0,36.9,60.7,154.31,125.3,123.7,79.3,67.2,-0.3564119260193178
S5,48.8,37.2,64.0,1.61,97.5,127.6,74.8,74.9,0.06868073929901897
S4,60.0,102.0,178.6,161.61,103.2,115.2,76.9,64.5,1.0426140133492399
S1,57.4,37.1,66.0,182.24,96.7,113.6,68.5,81.9,0.5280395565922458
S1,67.1,37.4,106.0,171.25,136.3,135.1,81.4,82.1,2.495890632928366
S2,59.5,37.2,64.3,160.05,4.7,135.7,81.7,59.6,0.1318316127060518
S4,95.0,98.2,123.8,149.0,169.1,132.3,83.6,71.2,1.244062532923123
S3,49.6,36.6,94.2,176.2,88.5,93.6,130.9,41.4,-0.10755143678236989
S1,43.5,37.2,93.9,162.48,129.9,119.6,86.7,87.9,1.2748089870770725
S1,45.7,36.7,62.6,166.86,108.3,127.3,72.3,69.9,0.3271384346671068
S1,45.4,36.6,67.9,169.71,117.8,104.2,72.3,53.6,-2.463214886084936
S2,57.9,38.6,64.1,161.03,9.0,138.7,82.4,75.5,2.7751628400567325
S2,50.0,36.4,93.3,179.64,6.9,136.1,77.2,79.2,0.2645863660205532
S2,56.6,37.2,98.3,173.31,6.8,116.6,86.3,76.0,1.2855278536980304
S2,64.6,36.9,92.3,171.5,7.4,133.2,84.3,80.7,1.7647705315162001
S2,49.0,37.1,106.2,184.68,7.8,120.9,69.2,45.2,0.1178094357287443
S3,34.7,36.4,87.4,183.98,105.7,80.8,100.8,39.9,-1.1978202397393443
S2,82.8,36.9,78.1,163.72,6.1,132.9,76.7,95.0,2.1860687481335823
S1,56.2,36.9,63.1,167.58,86.8,117.3,65.0,71.1,0.06666526848354198
S2,50.6,38.2,81.6,170.13,8.6,126.4,80.0,91.6,1.1861709019151325
S1,55.5,36.7,92.9,169.88,135.5,120.3,72.3,77.3,1.1159666361011908
S2,71.7,36.5,93.6,164.75,7.9,148.5,73.9,60.1,2.661893529147575
S2,64.2,36.6,63.1,142.45,5.3,140.7,83.3,80.4,1.613907925604205
S2,69.3,36.3,76.3,164.34,5.8,135.6,81.8,83.9,1.7753800240048423
S1,46.4,37.1,62.9,166.76,71.9,110.4,67.2,64.2,-0.7120744847320426
S1,35.2,37.0,87.6,175.23,68.1,113.8,87.9,64.2,-1.5380538326656223
S3,65.6,37.1,86.0,173.37,75.1,79.9,147.8,28.3,0.11048425467405087
S2,62.8,37.2,81.2,178.67,7.0,166.3,106.6,69.2,0.90143928664716
S3,53.3,36.2,63.4,167.18,134.3,70.3,114.4,31.3,-1.3029104256744994
S1,49.2,37.1,65.2,165.6,113.2,125.3,81.3,84.6,-0.5173778069044498
S1,48.8,36.9,52.9,161.8,117.0,121.0,89.3,93.5,-1.0776924358855549
S2,42.7,38.1,61.2,170.73,5.0,114.2,85.5,93.4,-0.9673040140168297
S1,33.7,37.0,83.0,169.57,114.4,129.4,77.4,81.0,-0.5159970363820443
S1,47.7,36.9,88.0,184.69,95.5,100.2,57.7,78.0,-0.7215046108027758
S2,66.5,37.0,83.6,173.43,6.6,139.8,73.4,67.1,1.8316832542923076
S4,63.0,98.7,146.8,176.08,118.1,134.2,81.0,77.8,1.2097765788926815
S1,34.8,36.7,81.6,162.7,136.9,122.2,70.9,87.6,0.9001481096061217
S2,52.5,36.8,78.5,166.69,7.2,124.2,78.2,83.1,1.1620163708309468
S2,67.4,36.6,112.3,170.98,5.9,153.2,94.5,64.9,2.2714364689265847
S2,78.1,37.9,83.8,174.21,8.7,143.1,71.5,65.9,1.9054346156404032
S1,66.0,36.7,98.0,168.56,86.4,118.5,69.1,59.2,0.34575312032575717
S1,54.0,36.7,81.2,164.24,96.7,140.4,81.4,67.6,1.441463987547787
S1,48.9,38.5,65.2,161.64,73.9,145.3,87.5,71.7,0.9606927812771635
S3,69.6,37.0,68.3,155.86,94.9,76.8,125.9,33.3,0.4473405842618581
S1,66.4,37.2,71.3,182.34,109.8,126.4,77.2,74.7,0.486984034750324
S1,59.1,36.8,109.9,176.13,71.5,123.2,82.1,78.5,0.47208943134189996
S3,54.7,36.7,74.0,180.01,98.6,72.1,126.5,39.4,0.07588443235753184
S2,45.2,36.6,71.0,170.26,5.7,118.7,78.2,81.2,-0.29760287600612595
S3,60.9,36.8,91.6,173.89,77.0,68.8,109.7,42.3,0.2695711821160178
S4,78.6,98.5,238.2,175.27,91.9,128.0,75.1,78.0,1.2286648379561558
S1,48.6,36.7,69.6,169.99,57.7,120.9,76.8,71.3,-1.0436680552531599
S2,60.6,36.5,72.4,185.36,4.7,144.0,84.2,67.5,-0.35133639632752156
S2,44.7,36.3,87.8,160.2,7.2,135.6,80.4,77.0,0.9039074589736396
S1,55.1,36.9,76.9,151.74,141.5,128.4,80.3,85.3,1.0059112487880442
S2,43.4,37.0,90.8,183.13,6.5,129.4,77.9,80.4,0.0777402002161069
S5,43.2,37.0,62.2,1.6,131.7,145.0,87.0,76.7,0.7038126203367934
S4,71.3,102.6,229.1,175.34,135.6,142.1,85.7,77.9,3.71708497264773
S3,59.8,36.8,74.8,162.67,69.5,81.7,149.5,42.4,1.4641131222646955
S1,34.5,36.7,61.4,160.19,114.2,106.8,75.8,58.8,-1.431106241669646
S2,50.7,36.3,83.5,168.6,9.3,101.2,75.4,72.4,0.6400635732167057
S3,35.4,36.6,72.9,158.68,109.6,75.4,104.7,36.4,-1.6571121519179508
S2,74.1,36.5,69.8,170.0,7.7,147.9,89.0,70.7,0.960175087898497
S1,44.9,37.0,75.3,172.78,91.8,140.3,88.9,75.6,-0.7890454377418322
S5,39.3,36.5,85.0,1.78,146.0,118.3,81.0,73.4,0.16011390147383364
S1,58.1,37.2,65.7,157.45,98.9,141.8,85.9,87.1,0.8807355562578038
S1,53.2,36.6,68.8,168.28,114.9,120.4,78.0,89.7,-0.8526059687681535
S1,39.7,37.0,66.1,156.51,96.1,103.8,72.2,102.1,-0.34706025673697416
S1,50.5,36.6,62.3,169.15,97.5,120.9,79.1,74.0,-0.7678083024017828
S4,75.6,102.0,240.3,179.0,105.3,138.2,87.7,89.6,2.9043823425593582
S3,18.0,39.5,40.6,164.48,128.1,75.0,107.0,45.6,0.1614112512129588
S2,56.9,36.8,55.8,145.83,8.2,131.6,77.2,79.2,1.0762421836906397
S3,67.4,36.7,85.2,171.19,108.3,103.5,141.2,30.9,-0.6270621399592926
S1,56.5,38.2,66.0,169.98,84.3,117.7,69.5,92.1,-0.07014718942275322
S1,45.8,36.5,73.5,167.77,146.4,133.8,80.3,77.6,1.1762642904689358
S1,41.1,37.1,81.7,161.33,90.3,121.0,73.6,72.5,-0.6134559001394769
S1,69.7,37.1,99.4,174.36,158.1,126.2,89.9,103.0,2.0040376444366803
S3,54.9,36.2,55.8,178.75,94.5,71.7,114.4,33.3,-1.5980795773076502
S1,21.7,36.8,62.6,175.68,110.2,101.5,65.2,96.3,-0.6197004744452976
S1,43.5,36.5,74.0,184.7,126.5,134.7,83.4,67.4,-1.1460420471370512
S3,53.2,37.2,74.9,178.25,65.0,73.9,109.1,34.4,-1.9686845993417843
S2,58.7,36.4,64.6,178.85,9.0,94.2,66.2,63.2,-0.013500559369533205
S1,48.9,36.7,96.6,185.84,216.6,124.1,76.3,90.4,2.354004896945465
S1,56.5,36.9,59.8,170.41,95.0,120.0,70.0,73.7,0.30766551174919654
S4,62.1,101.9,239.7,193.35,189.7,138.9,91.3,88.4,3.4067954302817585
S5,60.5,36.7,76.5,1.73,130.8,119.7,70.6,85.1,1.3364335144777533
S4,64.8,99.3,254.3,175.77,87.3,158.8,80.7,90.2,3.1728265287077626
S1,56.3,37.3,86.1,172.24,95.4,124.2,76.8,92.7,0.9113110802412919
S3,36.5,36.8,56.0,173.5,85.2,74.1,126.9,36.5,-1.9313168142932855
S1,46.9,38.7,78.6,170.15,143.8,108.1,68.9,88.1,2.112476273449731
S1,42.7,38.1,75.0,175.82,113.6,119.7,76.9,90.8,0.35675565396954306
S1,35.1,37.0,50.3,154.46,107.7,109.4,75.6,93.3,-1.2310549592569346
S1,38.5,36.8,97.3,172.92,99.4,102.3,76.8,85.3,-1.1609612557400617
S3,65.1,36.9,55.3,168.75,150.9,76.4,106.0,40.6,0.10940747103313819
S2,61.4,37.0,90.6,180.32,6.3,145.0,81.9,77.0,1.497364605507618
S1,39.0,37.0,72.1,173.97,80.2,116.1,87.9,93.0,-1.1911706148708145
S1,42.4,36.8,46.3,155.57,86.8,96.2,67.7,86.0,-1.9470628028305157
S2,51.9,36.9,62.2,162.62,6.5,126.3,71.7,81.0,0.06604359923052128
S1,38.8,38.8,91.2,179.79,91.3,118.8,85.7,93.1,0.6489454414405641
S4,84.6,98.1,130.1,160.99,141.9,124.0,80.3,50.2,0.18189229137479956
S1,35.8,36.1,82.9,167.59,83.1,108.6,79.9,87.3,-1.178503870533684
S3,42.8,36.5,81.4,171.32,105.7,75.7,115.7,27.7,-1.97328354967713
S1,50.4,36.8,86.1,179.69,100.4,105.0,63.3,78.5,-1.0520252646187875
S1,55.8,36.9,64.8,155.64,116.0,126.8,83.6,90.5,0.23723203285548167
S1,53.1,39.2,91.3,166.67,133.1,123.1,85.6,75.6,2.116656483679392
S3,55.0,37.0,77.8,168.36,102.9,76.8,99.2,39.2,-1.3953168911059364
S4,86.5,101.8,263.7,195.19,133.9,175.6,99.7,86.2,4.900008005957031
S2,60.2,36.6,56.2,165.05,7.4,127.2,73.9,59.9,0.33857855972776024
S1,43.4,37.1,74.6,171.02,110.7,92.5,59.8,76.3,-0.9472999137627899
S1,65.3,36.6,71.4,154.0,73.5,146.0,84.6,65.4,0.536702341129987
S1,61.5,37.1,105.0,179.83,97.2,142.6,87.0,81.4,1.711556648146761
S3,42.5,37.6,73.3,163.96,98.0,74.7,125.0,39.2,-0.3636503404949277
S2,56.1,36.8,73.0,163.6,5.6,131.3,83.1,64.8,-1.2145442686910684
S2,66.4,37.0,68.5,161.75,9.2,131.5,90.1,61.2,0.6489144826927589
S1,60.8,37.3,74.3,164.56,119.8,119.9,79.6,83.5,-0.08380028920582266
S2,60.5,36.8,76.1,158.55,4.0,124.9,92.4,76.8,-0.2616871454318671
S1,59.0,36.6,91.1,166.78,133.4,116.7,73.5,96.7,1.0423107904221878
S4,64.6,97.7,182.1,166.19,85.8,124.9,73.7,65.9,0.45581866266799725
S3,41.1,36.4,84.8,173.93,95.7,76.4,125.7,45.4,-0.6516171744307256
S2,68.9,37.7,67.9,167.82,6.8,122.7,77.7,79.1,0.7649803492817177
S3,51.0,38.9,91.4,171.33,121.9,82.5,119.3,50.4,2.7052230256388357
S2,64.3,36.7,66.4,163.75,5.7,125.2,83.5,72.7,-0.11310971205435791
S2,64.2,36.5,105.4,182.93,7.2,112.3,68.5,85.8,0.8707277320917157
S2,72.8,36.5,82.4,161.17,8.0,118.4,63.0,65.1,1.8454500253489468
S2,69.9,36.8,108.8,175.44,8.2,132.7,88.0,87.3,1.409285100672268
S2,60.2,36.5,93.6,185.11,5.6,130.1,85.0,90.4,0.5432570505923185
S1,51.6,36.9,103.9,184.02,94.9,140.2,83.9,64.2,0.36513504135454866
S3,46.8,36.8,98.2,178.26,84.0,93.5,138.1,31.1,-0.06305174224794796
S2,52.2,36.4,84.6,170.63,6.3,94.2,65.3,81.5,-0.22654832560145144
S4,77.5,98.2,171.3,171.16,177.6,130.6,73.9,70.4,2.3679119097411236
S1,52.3,36.7,74.7,176.24,124.2,130.8,82.0,73.9,-0.7166487553923989
S1,45.5,36.6,76.2,181.16,109.5,128.5,82.2,59.7,-1.429594869248181
S1,51.5,37.0,58.2,153.26,95.0,99.7,63.1,63.3,-1.4426310989199675
S2,30.7,37.2,86.3,170.01,5.7,80.5,55.6,67.7,-0.7325919372964896
S2,65.7,36.7,106.5,182.87,5.7,126.5,80.7,78.1,0.9642382526618415
S1,54.8,38.6,67.6,170.82,95.1,125.3,78.2,85.4,0.48762499702689677
S2,46.7,38.6,87.2,190.41,6.5,119.9,64.8,80.0,0.9391401617322377
S4,54.9,98.5,227.6,183.2,184.7,148.1,91.7,72.8,0.8610723973434046
S1,59.5,36.8,84.2,167.37,95.2,120.2,80.9,68.9,0.2763904194796283
S2,76.6,38.9,46.3,153.75,6.4,129.0,81.5,91.7,2.714773356187213
S1,49.8,37.0,60.0,144.41,61.3,115.7,57.8,83.7,0.17445476754774208
S1,34.8,36.7,64.0,176.38,91.4,118.1,86.2,75.2,-1.6837944892135044
S1,45.1,37.2,89.1,168.18,72.2,105.7,76.0,56.8,-1.5702066922444926
S3,56.0,37.1,59.3,159.16,78.2,81.5,129.6,33.6,-0.8543824733736912
S1,31.6,36.6,55.7,163.14,107.5,111.6,75.2,98.5,-0.5341252894612071
S2,70.7,38.4,68.6,176.07,7.5,149.9,89.7,87.6,2.292812556894279
S1,33.2,37.0,56.6,154.9,84.4,117.8,87.1,65.8,-2.1920421105565313
S1,74.4,36.7,75.9,174.31,99.8,141.6,86.5,81.3,1.3940866743873657
S1,31.6,36.5,76.4,184.68,98.7,124.6,86.8,84.6,-0.9142965088992766
S1,59.1,38.9,72.6,160.76,102.2,136.1,82.9,85.3,1.6927543477554572
S4,72.2,102.2,183.7,167.07,167.9,151.3,82.7,89.2,4.51016794817003
S1,51.6,36.7,89.1,170.85,63.9,132.4,84.4,72.1,-0.18864939503469796
S1,50.5,36.7,85.5,174.63,116.2,118.1,73.9,66.9,-0.17185141069784704
S1,77.5,37.0,86.6,175.44,97.5,139.0,80.7,69.5,0.9817668686372479
S2,40.3,36.8,99.3,191.92,8.3,118.2,71.5,70.0,-0.3343380884402153
S3,30.5,36.4,97.1,188.82,91.3,66.5,100.8,41.6,-1.4947650731518527
S3,48.2,36.6,101.9,186.95,152.7,69.6,111.6,32.2,0.8167976152565903
S3,43.4,36.4,48.3,179.35,119.4,67.4,111.7,44.0,-0.9234723805484136
S1,36.6,36.5,80.3,168.82,146.1,108.0,82.5,93.6,-0.4717068256551707
S5,18.0,36.6,85.3,1.81,189.6,120.3,83.9,0.0,-1.6025329294955486
S1,50.2,36.4,64.7,168.76,114.0,126.0,77.8,89.9,-0.13837729382007605
S1,31.8,37.2,74.5,182.28,98.8,98.9,65.8,67.1,-1.9764131740733308
S4,41.3,98.2,135.6,168.45,103.1,109.7,74.6,78.3,-0.8193384187800675
S2,43.5,36.4,70.0,162.07,6.7,108.8,66.9,82.6,0.07774315199625947
S2,49.5,38.3,72.2,157.1,9.3,112.8,81.6,81.1,1.953787174140113
S3,34.8,37.1,85.8,172.1,97.8,69.4,105.4,30.1,-1.5010662763256235
S2,72.6,36.8,97.3,182.31,6.7,142.0,96.7,60.2,0.42346364297096684
S1,56.2,36.8,46.7,150.73,92.9,101.2,71.2,64.0,-1.5424712957408417
S1,32.0,37.1,61.9,181.6,104.8,123.5,82.9,70.6,-1.9679716844127237
S4,56.3,98.8,175.4,165.45,157.2,137.4,87.8,62.2,0.1437851604717394
S3,56.1,36.5,82.9,160.04,96.7,78.8,127.0,34.1,0.4883979114216811
S1,48.2,36.5,73.1,165.84,149.5,129.5,78.5,57.3,0.9783352167168555
S1,47.9,37.0,80.3,163.36,131.0,122.0,92.2,57.6,-0.38248697745988847
S1,58.4,36.5,71.7,177.27,82.4,109.3,72.5,68.2,-1.0247986521367958
S3,56.4,36.6,65.2,152.76,83.5,83.4,130.8,43.0,0.6307007110673462
S3,71.6,36.6,87.0,182.19,119.4,76.6,138.0,46.1,1.5038626336152419
S1,80.6,36.9,74.2,171.61,89.9,156.8,99.9,84.1,0.6728512371418363
S1,56.5,37.5,90.7,171.25,86.4,107.9,69.8,72.6,-0.7322613492926988
S5,49.6,37.0,62.1,1.66,84.5,122.7,79.6,0.0,-0.7808019145672574
S4,67.2,98.9,239.8,172.82,143.7,120.1,86.2,80.7,1.7762939454338968
S3,51.8,37.4,55.9,159.91,103.9,74.6,115.2,45.1,-0.3487791351945635
S1,69.0,36.8,90.4,175.18,145.9,128.8,72.9,68.0,1.5928210095621127
S1,69.2,39.6,93.6,181.61,89.8,173.9,103.0,92.2,3.924952044609653
S2,49.8,37.2,66.7,151.62,10.3,128.6,76.5,78.1,1.059812698137359
S5,44.0,37.0,71.4,1.72,108.0,129.7,69.4,77.1,-0.12251005966028097
S1,62.1,37.0,64.4,173.98,73.3,124.0,82.8,63.8,-1.1378965019696843
S1,40.7,36.8,75.7,175.77,87.3,116.7,81.4,86.8,-1.620926742132195
S3,25.4,36.9,60.5,174.85,71.1,76.3,108.2,40.4,-3.3204824357287053
S2,74.9,36.3,119.6,182.81,5.9,139.3,75.0,78.7,2.37369219365314
S2,66.4,38.3,111.0,185.68,5.5,134.8,94.8,85.2,1.3332297377965732
S4,93.6,98.4,222.7,193.57,109.7,133.0,75.6,54.5,1.1838446142412664
S2,88.8,36.3,84.0,154.29,6.4,145.7,82.0,67.6,2.9793292894253285
S1,37.7,36.4,79.3,161.0,85.7,109.6,80.3,75.7,-0.9963821278387998
S1,55.8,38.4,98.2,174.75,82.2,105.8,85.8,83.0,0.6179291454576855
S4,57.1,99.0,208.6,178.79,136.3,124.3,78.5,75.8,0.5119182359648176
S3,44.9,37.6,57.4,162.06,84.8,72.9,119.1,37.8,-1.0847314809343878
S2,39.2,36.8,71.2,162.25,8.3,116.2,60.7,75.0,0.2516123763148204
S3,47.7,39.2,75.9,162.05,134.9,65.5,120.0,42.6,2.423861075688791
S2,61.4,36.7,96.4,173.48,7.6,132.6,78.6,94.3,2.159899160522988
S2,65.2,36.7,72.9,164.11,5.7,126.9,86.9,74.9,-0.5391046338098933
S2,54.6,38.6,72.8,174.41,6.1,122.7,83.1,78.5,0.15812598549861911
S4,50.3,99.8,198.8,173.65,101.2,130.5,92.8,68.4,0.19457608776628776
S3,46.9,37.1,76.5,168.58,83.7,87.7,121.4,36.2,-1.1576641267777976
S3,52.6,36.6,66.4,170.55,101.5,82.1,125.0,42.2,-0.9115919989199255
S4,39.5,102.0,143.3,158.09,130.5,114.8,63.2,95.5,1.633024519589795
S2,68.2,37.1,72.9,157.37,8.9,112.8,68.7,66.4,1.4895031152555311
S2,69.5,36.8,89.5,156.55,8.0,125.8,87.4,85.7,2.1983988795254334
S1,87.4,36.6,76.9,163.47,145.0,132.6,73.9,59.2,0.856214124782825
S1,40.4,37.7,83.1,175.44,92.6,100.7,70.9,94.9,-0.6975395887630341
S4,78.4,98.8,159.0,180.31,92.5,136.7,83.7,71.9,-0.4479347712892684
S2,38.5,37.0,101.8,183.91,10.6,94.8,73.5,68.8,0.15473371382336215
S4,68.6,98.6,193.7,174.12,102.4,112.7,75.0,87.5,0.7440155919176434
S3,28.8,36.7,73.8,176.93,155.9,52.3,81.7,37.6,-1.7696023091806965
S1,68.2,36.9,43.4,164.62,103.8,133.9,86.4,73.9,-0.7211881127907573
S3,85.1,37.3,93.5,183.02,120.6,94.6,171.1,41.9,2.55278791628454
S2,70.6,38.6,73.8,171.82,6.5,137.7,82.9,81.7,1.8660918984256116
S1,36.8,37.0,103.2,172.87,76.1,137.7,81.0,70.9,-0.08288139873829614
S1,66.6,39.2,40.6,161.32,95.0,109.7,67.6,70.3,0.42239602804647514
S1,65.8,37.3,76.4,176.04,106.4,120.5,80.1,91.3,0.4503420599291102
S1,62.0,36.7,97.2,173.43,136.1,113.8,81.9,76.5,0.24492604335692864
S3,21.4,36.8,58.6,171.23,94.7,83.3,119.3,48.9,-1.7272835600344236
S1,66.7,36.6,47.6,138.77,145.0,125.0,67.9,67.5,0.5907042471817332
S1,38.8,38.0,69.4,173.66,150.9,145.6,88.3,73.1,0.7574667606472015
S1,70.7,36.8,84.5,171.93,102.1,118.0,71.0,69.0,0.22873035666164016
S4,76.3,98.2,203.7,175.98,153.4,137.6,73.5,66.2,2.499726040560733
S3,35.1,37.2,68.2,169.77,86.2,82.9,133.1,42.5,0.10715025833052061
S2,75.0,36.2,64.9,167.98,5.0,150.5,86.4,57.2,-0.04030109312849206
S1,64.2,37.3,108.1,178.6,76.5,152.2,82.8,64.3,1.5331134236803101
S1,46.6,36.5,79.1,171.97,138.5,129.4,85.2,80.9,0.5463541532811999
S4,70.7,98.0,229.7,175.61,137.4,129.1,75.7,89.0,2.56847200483659
S2,55.3,36.5,98.8,185.43,6.4,155.6,92.9,79.6,1.843936684339619
S1,60.5,37.0,55.2,161.88,97.7,133.7,72.7,72.8,0.3657066987197741
S4,60.6,98.6,211.6,183.98,115.1,116.2,71.5,72.6,-0.3552060163461114
S1,54.4,36.7,72.0,173.94,103.6,142.5,86.8,76.9,0.2512008069291337
S1,42.2,39.6,81.5,177.02,63.6,136.4,91.9,110.0,2.1688960725570694
S2,56.1,36.8,76.1,176.76,8.5,116.0,81.0,102.1,1.0247469038750907
S1,57.1,36.4,70.1,171.04,107.3,121.2,74.7,79.4,0.6283691146257986
S1,72.2,39.4,62.3,154.25,167.3,129.4,70.2,90.7,3.879744347064858
S1,36.8,36.7,83.2,172.69,107.4,123.0,84.1,97.4,0.509206610098125
S4,38.4,98.6,250.4,177.24,181.6,124.5,78.9,70.6,3.4086057920291806
S2,55.0,36.9,70.1,151.08,3.9,132.5,83.8,87.2,0.34269991028516406
S2,56.3,36.4,68.4,175.16,5.3,145.6,86.8,54.7,-0.8339688289086669
S1,40.0,37.3,66.3,151.66,139.8,107.6,71.6,67.1,-1.037170185394399
S1,54.1,36.7,77.6,176.25,107.9,135.6,77.6,91.1,1.0200562414724812
S1,72.0,36.5,85.0,158.85,145.7,151.8,102.3,84.0,2.8615859072213246
S3,60.5,37.1,55.0,152.89,65.4,70.9,119.8,32.0,-1.4229881725276554
S3,39.0,37.0,54.9,174.83,69.2,80.0,124.1,43.9,-1.6315806387673764
S2,67.8,36.5,66.8,169.7,6.0,150.9,92.1,89.7,1.861766627530027
S1,67.3,36.6,58.7,165.78,110.0,142.6,95.9,79.4,-0.2376825623678802
S1,71.3,37.2,85.7,163.31,118.2,154.6,88.0,82.6,2.42715684324489
S2,60.7,38.8,96.7,170.36,7.0,143.2,88.9,99.5,3.2389760265960117
S1,60.6,36.2,86.4,172.17,90.3,141.8,77.0,74.1,1.0919286657263616
S1,72.8,36.6,82.9,179.51,52.2,129.8,84.4,58.8,-0.9840831746292698
S1,40.1,36.9,87.9,176.31,68.6,117.3,88.5,75.8,-1.373426892166399
S4,75.9,98.4,209.0,170.76,141.2,143.7,86.4,60.0,2.3340453295650483
S5,29.7,37.3,61.0,1.79,83.3,110.9,65.3,80.9,-1.7857232910339775
S1,55.3,38.2,76.2,175.87,119.0,132.1,76.2,74.1,0.9320926750461499
S1,70.5,37.0,76.3,162.96,88.9,103.3,63.9,72.6,-0.20426679231295775
S1,49.0,37.2,87.9,171.03,134.9,131.9,84.3,71.5,1.1398641980625162
S3,60.1,35.9,70.9,158.65,129.1,73.3,149.4,40.1,2.670576773584463
S1,60.9,36.7,84.0,173.53,100.2,135.2,78.6,56.1,1.081363486113619
S1,41.8,36.6,79.8,164.41,113.7,127.0,82.4,81.8,-0.29402378186626543
S1,45.3,39.0,88.1,184.11,103.3,117.1,63.7,116.8,2.5555957657733717
S1,48.7,38.0,77.4,171.19,75.7,129.2,90.3,89.5,-0.11153344161059074
S1,36.8,37.3,64.5,159.03,90.0,110.3,66.5,72.2,-1.130277772234471
S3,43.3,36.9,89.1,176.55,116.3,76.1,104.4,30.5,-1.3201493621812594
S2,59.9,36.4,76.8,166.84,8.8,120.8,72.2,63.2,0.5071494031096138
S1,41.7,36.3,65.5,171.97,97.8,118.0,76.0,88.9,-1.0117932681422472
S2,82.2,36.9,91.6,185.47,6.8,118.8,84.7,77.4,0.334714357674962
S4,69.3,99.5,239.6,185.16,75.1,169.3,92.4,73.2,1.7799297562453558
S2,51.3,36.9,86.5,173.36,6.5,113.5,75.5,91.3,0.6981047880697422
S3,69.2,37.4,88.7,174.47,129.4,76.6,129.6,38.2,0.9670371714825331
S3,45.2,36.8,79.6,179.07,88.1,71.7,96.6,33.0,-1.848736996245419
S2,51.7,36.5,38.9,129.48,8.0,114.2,81.6,95.8,-0.5692969323780499
S1,48.6,36.5,78.0,171.2,127.2,110.0,62.6,82.4,0.6825760395052067
S3,66.3,36.7,71.0,167.9,153.6,103.5,158.7,38.3,2.223090218473722
S3,26.3,36.4,78.9,159.76,99.2,58.5,80.5,28.8,-2.330380040595336
S3,56.2,39.7,72.9,163.33,118.4,93.0,147.3,41.2,3.210753196416132
S4,85.8,98.0,207.3,171.17,99.9,143.5,80.9,64.3,1.7081548236641755
S1,88.8,36.8,101.5,170.65,129.0,133.2,80.1,68.5,2.8620594286510648
S2,64.1,39.5,74.4,161.44,6.4,140.2,82.5,95.6,3.341069579509816
S1,45.4,38.2,70.7,153.99,55.3,111.2,78.9,93.8,0.0473028011820127
S4,49.3,99.9,167.4,152.95,101.8,115.5,73.1,100.1,1.520664245465949
S3,57.8,38.8,59.0,165.56,102.4,85.0,129.7,41.8,1.466504907144932
S1,61.3,37.1,42.6,156.34,92.2,138.8,88.4,70.9,-0.7163229966505724
S5,26.0,36.5,75.1,1.76,50.0,110.0,71.5,77.3,-2.1350185366880727
S1,72.7,36.8,68.6,177.4,163.0,124.2,81.3,73.3,0.4053256698799208
S1,55.1,36.9,67.0,164.75,110.1,113.8,65.4,78.4,0.20701560852403467
S5,36.1,36.8,97.8,1.82,99.9,102.4,72.9,56.1,-0.7055298346728814
S2,42.4,39.0,73.2,180.28,6.7,121.3,72.5,85.7,1.6584345128847715
S1,27.0,36.7,60.4,159.01,103.5,95.1,58.7,58.1,-1.3574109430101076
S3,64.5,37.3,74.7,171.78,100.1,85.1,143.5,40.7,0.8953682240192499
S1,85.0,36.9,78.2,167.68,98.3,152.4,76.2,83.7,3.012537934082792
S3,51.3,37.4,79.7,167.85,93.0,89.3,129.5,30.2,-1.2597080758081143
S1,37.6,37.1,52.5,161.12,116.5,115.6,73.1,86.5,-1.6474127745056797
S1,49.7,36.5,57.3,179.3,79.3,135.9,97.4,51.4,-1.5913451713704452
S2,25.5,37.0,97.8,172.84,11.0,116.3,69.9,75.3,0.8296424819615366
S3,19.0,37.0,60.3,148.38,132.0,78.2,132.6,41.2,-0.963473569156406
S1,80.1,38.8,88.5,177.98,104.6,139.4,87.3,78.8,2.2587872974188037
S1,57.9,36.6,70.7,159.19,94.9,121.4,85.3,78.7,0.11778521511448808
S4,57.9,101.1,223.5,168.66,128.0,120.4,76.9,104.2,2.7355892160558017
S4,60.9,100.1,138.5,164.66,140.6,127.8,86.5,105.7,0.980543134563755
S1,64.8,36.6,92.1,171.71,66.7,127.2,76.1,72.7,0.9825083788618727
S4,65.7,100.9,165.6,159.53,150.8,126.6,85.9,61.3,0.7568550285608855
S2,67.8,36.6,95.9,163.64,8.7,125.2,70.6,56.8,2.50365976205414
S2,49.1,37.3,117.0,177.04,7.0,142.3,78.6,86.8,1.2625157139371732
S2,67.2,36.5,102.4,188.68,9.1,101.9,56.6,77.2,0.6882443347533839
S2,60.4,37.0,97.9,174.31,9.2,134.8,94.5,85.9,1.627213185510513
S2,37.4,39.0,108.2,177.81,5.3,99.3,69.5,93.9,1.6648148111096055
S4,71.6,98.2,188.4,177.39,135.1,168.6,110.8,82.6,1.7779802881479538
S2,53.3,38.5,88.3,168.62,8.8,133.1,80.1,90.7,2.3549533179668947
S1,46.9,38.7,104.8,190.16,167.8,136.9,82.9,70.5,2.1264150608276715
S1,39.5,36.9,77.3,179.08,72.8,97.6,65.0,91.9,-1.377126123209258
S5,59.0,36.7,72.1,1.6,80.7,136.2,97.2,75.0,-0.7943589027086216
S2,31.5,36.7,75.8,154.39,4.9,108.7,76.9,72.0,-1.4444511222222611
S2,56.2,36.8,86.2,180.81,7.8,120.8,79.4,77.9,0.24546615434142144
S3,40.9,36.9,82.5,170.23,107.4,76.7,106.7,36.2,-1.6781764414203306
S2,51.9,37.3,80.0,164.88,8.0,133.5,86.4,68.1,0.5908485839963393
S4,70.0,102.4,180.6,162.82,178.6,123.0,75.3,116.2,4.169867736564811
S1,36.7,36.7,73.1,169.66,102.8,159.7,92.2,62.1,0.4838463124308396
S2,57.6,39.0,91.1,189.27,5.4,132.5,79.2,80.3,1.396854976965673
S2,64.8,36.7,104.8,180.14,8.1,125.4,70.4,62.4,1.3090518558457722
S1,37.7,36.9,75.2,172.57,133.7,111.9,72.2,61.4,-1.025270564045978
S1,48.8,36.6,73.8,165.99,114.2,116.9,83.9,66.1,-0.7903446227272926
S2,77.1,38.7,83.7,146.62,6.3,119.6,71.0,92.5,5.009853727797584
S2,39.4,38.8,129.1,179.87,7.3,92.1,67.5,110.1,2.2275850871400866
S3,49.3,36.7,50.7,169.36,89.3,84.7,127.7,40.2,-1.6272121071948085
S4,70.1,98.6,169.7,166.51,204.6,132.6,72.5,40.4,1.7638599129030144
S4,73.0,98.0,165.3,167.9,107.4,122.8,72.1,87.9,1.2040502773432853
S1,50.4,36.3,74.6,171.25,85.7,88.6,65.2,66.2,-0.5150987077393748
S3,31.9,36.7,70.1,165.78,91.9,76.6,112.0,36.9,-1.9821870845796052
S1,41.6,36.5,79.1,166.17,123.2,139.7,86.2,85.9,0.9201150015902915
S1,62.0,36.8,82.4,165.18,109.1,138.5,89.6,84.8,2.141845669825395
S1,63.9,36.8,62.4,152.93,150.3,131.1,76.9,74.8,1.9497149811697616
S1,42.2,36.5,115.7,185.88,100.1,116.6,80.6,69.3,-0.7351147592006027
S1,48.5,36.8,82.9,175.8,102.6,125.3,83.2,93.1,0.30944133441093563
S1,47.1,39.9,66.0,171.55,66.6,123.3,68.7,68.3,1.7623372962304646
S1,55.8,36.7,78.8,169.18,98.3,121.2,84.8,72.3,-0.656090016387846
S2,53.3,36.7,73.8,168.17,7.6,142.6,91.6,67.1,0.6906757560183083
S4,66.7,101.3,175.9,177.92,141.4,130.1,81.7,73.7,1.6894271739447555
S1,61.3,36.9,68.8,173.59,115.4,131.1,78.7,87.8,-0.4810353075166428
S3,78.2,37.0,75.3,179.76,98.8,71.3,121.2,35.9,0.5533887672681853
S1,59.0,36.8,82.4,178.86,87.1,150.7,97.1,70.0,-0.3106822983144309
S3,39.7,37.2,74.7,169.93,110.2,73.1,145.1,31.3,0.1990420036915844
S3,49.0,37.2,56.5,171.08,129.9,74.0,125.0,40.3,-0.05180280919467442
S2,62.4,36.8,92.8,181.91,6.4,119.1,74.1,71.1,0.9438004428107445
S2,51.0,36.5,67.4,167.38,8.5,118.8,73.4,70.1,0.06250027711569575
S1,52.7,36.9,79.4,185.65,114.1,123.4,73.7,84.4,-0.2961967526311383
S2,35.3,37.0,77.1,164.1,7.3,125.8,84.7,83.5,-0.745494567856944
S5,31.8,37.0,71.4,1.77,116.8,110.3,86.6,80.4,-1.8718156527688767
S1,57.7,37.1,77.2,170.01,110.2,147.9,87.6,82.9,1.1889993274781747
S1,60.8,37.0,93.0,177.02,88.6,158.5,97.4,79.2,1.7610586614922197
S2,54.2,36.5,75.0,166.91,7.4,99.8,53.4,70.8,0.7936248662536274
S4,61.6,98.1,183.7,166.6,137.5,130.9,79.9,73.4,0.18636029390434017
S4,80.2,98.1,132.4,171.9,173.1,140.5,85.7,81.2,2.287648615948374
S1,45.8,36.8,79.5,166.14,74.3,120.7,75.6,64.0,-0.9387426143529269
S5,35.5,36.8,67.6,1.62,90.4,108.0,69.2,56.5,-2.2249834320730026
S4,48.8,97.7,223.6,165.47,115.1,136.8,81.3,74.8,1.515112539750691
S3,69.8,38.8,55.3,153.35,87.5,84.8,145.5,48.4,2.777813788865656
S1,50.8,36.9,85.9,169.2,92.2,124.0,74.3,50.7,-0.5831610672297648
S1,18.0,36.8,80.9,173.04,81.6,112.0,78.9,86.9,-1.87552457762395
S1,52.7,37.2,88.6,171.42,113.2,129.7,87.5,32.2,-1.0239134353308308
S1,35.2,36.0,64.6,161.07,158.9,121.5,82.3,85.5,-1.0515569193872896
S2,58.7,36.7,84.3,176.47,4.5,119.4,72.6,57.3,-0.10148369057090101
S3,44.6,36.3,65.3,168.28,50.0,86.9,110.3,31.0,-3.5099959155884117
S1,49.7,37.1,92.9,172.4,112.9,131.7,85.1,84.6,0.7019145229513865
S3,68.7,36.9,56.1,178.93,109.3,80.5,122.5,47.3,-0.34431257569459733
S3,33.5,36.5,70.0,178.26,112.4,64.6,112.7,38.8,-0.31578922288791333
S3,38.4,36.4,73.2,184.71,141.4,88.1,117.0,37.1,-1.4115030482089757
S1,63.0,37.0,66.2,176.21,144.0,133.4,79.8,80.6,1.244667016458328
S2,82.8,36.6,75.1,161.16,7.0,146.1,79.5,84.1,2.789659614038839
S5,35.4,37.3,68.4,1.65,136.1,95.6,75.6,100.5,-0.8781563763671807
S2,63.2,36.8,73.3,168.89,9.2,121.1,66.0,59.0,0.657451846028304
S3,65.2,36.4,61.1,164.02,117.4,90.8,130.0,43.2,-0.18251008194697094
S1,52.6,36.5,98.7,181.26,138.5,114.9,67.8,58.1,0.23923549053600926
S1,57.4,36.6,93.8,172.96,129.7,139.1,79.7,83.5,1.5630359813233297
S4,73.9,97.5,229.8,181.29,114.7,146.9,88.2,45.8,0.3373905908501862
S4,86.2,101.4,196.7,169.84,84.3,145.6,86.3,84.2,3.394374587493949
S5,48.9,37.2,44.7,1.59,223.9,138.6,92.3,65.6,-0.40732709692638297
S4,71.7,97.6,142.2,161.81,210.6,124.4,82.5,73.7,1.4035364605119436
S1,38.1,36.9,79.2,150.8,100.1,114.8,77.1,74.2,-0.21525262675612045
S1,56.5,37.0,57.5,165.26,76.4,140.2,81.7,82.8,-0.44441899203046104
S5,34.3,36.4,47.8,1.7,71.7,100.1,80.1,70.2,-2.717317095343205
S4,53.7,97.6,185.8,171.41,90.9,124.5,87.8,76.3,-0.6212101706063732
S3,74.2,36.9,49.2,167.92,77.6,76.2,130.1,35.0,-0.6309316240449891
S5,54.1,36.9,54.9,1.7,88.9,103.1,77.2,62.9,-1.6568443023174926
S1,55.7,37.0,71.3,167.63,104.3,134.9,83.0,74.8,0.01066474719928795
S1,73.2,36.7,111.4,190.35,101.4,125.4,71.3,79.6,1.5596874143948123
S1,32.0,39.3,76.6,164.0,122.4,92.2,61.4,89.2,1.401453668206979
S3,53.4,36.7,92.9,169.04,150.5,95.2,135.8,37.3,0.47913860607210534
S5,25.5,37.2,50.4,1.59,94.8,132.2,79.1,83.0,-1.2644338109037565
S1,51.4,38.1,99.3,160.62,87.1,97.7,64.2,88.8,1.3010717481539598
S1,73.8,36.3,58.5,152.6,101.1,129.4,67.6,57.1,0.6674068472246308
S1,54.0,36.8,68.8,168.91,84.1,125.6,68.5,60.5,-0.5924346306561372
S3,20.8,37.1,49.7,169.21,62.2,72.6,117.9,37.9,-2.6863663918994884
S1,67.7,36.6,81.6,174.25,108.5,122.5,75.6,67.7,-0.06503632758098032
S1,47.9,37.4,60.5,166.89,118.2,130.5,87.3,66.8,-0.917630368736464
S2,52.4,36.6,101.3,167.52,6.9,125.2,84.5,73.2,0.0030439415661983604
S1,73.0,37.0,90.2,176.62,105.1,146.7,92.8,70.5,1.068265521747212
S1,54.7,36.5,69.4,156.25,82.4,127.5,89.4,67.7,-0.9275345367577295
S3,24.9,36.8,67.5,180.33,91.1,80.0,133.1,34.1,-1.747867325904705
S2,33.1,36.7,91.0,172.94,8.1,131.3,82.8,77.7,-0.23961227560957793
S1,62.3,36.9,77.7,172.46,93.4,127.0,78.1,80.8,0.49735702387192754
S2,83.7,36.8,81.3,161.29,7.4,131.7,79.7,58.8,2.316321753634475
S3,33.7,36.6,86.6,165.01,67.2,74.0,125.0,41.7,-1.0128658499940544
S2,61.2,38.8,101.2,182.37,8.4,137.7,86.0,92.2,3.7730520842709367
S2,49.4,38.0,79.5,179.52,9.0,144.4,75.1,97.8,2.026949542609615
S1,61.3,37.2,87.9,170.17,102.2,115.2,77.3,57.7,-0.6684777878742407
S3,38.3,36.2,57.5,162.56,113.6,75.7,131.2,37.4,-0.16762407568960702
S1,61.2,36.5,98.6,181.93,115.3,142.6,88.0,80.4,0.657694877156129
S2,53.7,36.6,70.0,160.34,9.6,139.0,85.2,78.6,1.2604346034201066
S2,42.2,38.2,83.4,170.26,10.6,139.0,87.2,89.4,2.230136356766066
S3,57.5,37.3,81.4,177.34,123.0,80.7,149.0,40.3,1.2241934002784003
S2,67.2,36.8,82.6,165.24,4.7,128.0,88.8,74.8,1.0354499692083048
S1,62.3,37.1,71.7,159.24,97.7,110.7,67.0,70.6,-0.19136289461630623
S3,57.8,36.4,80.1,178.38,72.6,73.2,136.8,34.0,0.36352212564866077
S1,40.2,37.0,74.6,167.86,104.9,112.3,91.1,85.1,-1.6827736781306681
S2,67.0,38.5,91.0,167.08,4.8,142.4,85.1,90.9,3.6418328728721185
S2,73.2,37.2,89.2,174.42,6.7,144.8,88.0,70.2,1.1040686934910575
S2,59.1,36.7,96.1,179.93,5.8,133.7,79.8,59.5,-0.29567112594373646
S5,43.0,36.8,84.6,1.77,78.3,128.9,82.4,87.6,-0.11068346338283624
S4,52.7,98.0,222.0,180.44,203.4,125.7,80.4,57.1,0.9657984461837141
S1,30.5,36.7,107.0,181.5,99.8,93.3,68.9,83.6,-0.8689014337852464
S1,43.7,36.9,86.5,184.84,129.4,130.7,103.9,82.7,-1.1911180583564653
S1,45.7,36.8,78.3,173.92,84.2,137.9,78.4,79.2,0.3374474364107289
S3,30.1,36.6,53.5,179.88,113.1,85.7,113.3,36.6,-2.8216277468309077
S1,42.9,37.3,67.3,171.01,69.1,111.8,73.7,72.5,-1.9216609157128575
S3,59.7,36.4,82.6,161.5,100.3,72.5,122.1,31.4,0.4835919443509458
S3,52.5,37.1,54.4,164.49,96.8,72.1,131.4,52.0,0.2693595800305517
S3,45.9,36.5,65.5,176.8,68.8,76.0,118.8,44.6,-1.3916377294109656
S3,62.6,37.4,47.0,163.14,76.3,79.6,137.1,42.6,-0.23086590589298359
S3,27.8,36.5,71.3,168.7,152.0,64.7,98.6,43.0,-0.7960150029324862
S1,37.2,36.8,100.1,178.5,52.3,116.2,68.6,81.4,-1.0309918204609114
S3,43.2,36.7,64.3,178.67,87.6,75.9,121.1,43.1,-1.2887168756220488
S1,44.8,36.9,92.8,179.69,107.6,144.1,88.6,54.6,0.07964736513637391
S1,43.5,36.8,41.8,159.79,118.1,108.3,70.0,83.0,-2.169916168413447
S1,44.2,38.9,56.8,155.75,93.4,121.4,81.4,86.7,0.09018957077703271
S1,63.0,36.9,102.1,193.34,164.4,126.6,76.3,72.8,0.8065400076270954
S2,54.8,36.8,76.6,163.72,12.4,121.1,65.8,70.0,1.8494327170754565
S5,54.1,37.0,72.4,1.67,94.7,126.2,80.8,78.3,-0.5279469312355795
S3,57.5,37.2,64.9,166.81,66.0,90.5,138.9,40.1,-0.8584829528033007
S3,41.6,36.9,68.7,167.95,111.2,82.5,130.2,42.9,0.4166617623368021
S4,36.3,98.5,136.5,171.59,131.5,102.1,76.8,79.4,-1.665046410098731
S4,65.1,100.6,190.4,169.12,97.7,115.2,77.4,95.7,1.6021644402665431
S1,42.0,36.6,71.7,161.61,110.3,118.6,70.2,91.2,-0.32286810485658607
S4,87.3,102.8,156.3,155.41,101.3,130.5,75.0,91.4,4.088101018066836
S1,46.1,36.6,98.1,181.75,105.8,123.5,84.3,89.6,0.34998018510248474
S4,77.0,98.5,232.6,183.72,209.8,122.3,87.4,50.7,1.5414491950458835
S2,67.0,36.8,45.7,144.81,5.7,129.0,95.5,69.8,-0.8877519618412717
S1,66.5,37.4,61.5,166.16,104.7,134.6,78.3,67.5,0.29055227592713145
S1,47.4,36.6,115.7,174.57,134.3,125.5,86.0,63.8,0.20927531274629246
S4,89.4,100.5,148.1,171.31,97.6,167.9,100.6,76.5,2.6236314933787863
S3,59.0,36.4,54.5,159.38,115.7,76.8,132.4,30.5,0.495892878960349
S4,74.6,98.5,174.5,174.18,128.2,146.2,85.2,51.8,1.4670056184515827
S2,80.7,37.2,75.0,171.48,6.5,139.8,80.1,83.6,2.1349808499705487
S1,70.8,39.3,76.4,163.89,119.9,154.6,77.0,72.3,4.047863325760932
S1,39.1,36.6,89.5,186.01,58.3,145.5,98.8,61.4,-1.541307925579705
S1,44.1,36.4,107.8,176.91,179.0,113.8,72.0,73.7,1.012616194995121
S1,58.3,36.9,61.8,154.79,65.8,136.0,75.3,70.1,0.6253073886423535
S3,31.3,36.5,73.1,177.81,109.7,83.1,130.5,47.6,-1.6337259961573858
S1,43.1,36.4,117.8,188.85,111.7,112.9,73.4,87.6,-0.16141897303352148
S4,57.7,103.5,110.6,147.53,109.7,82.7,59.2,90.5,1.7335470631758125
S4,57.8,97.3,253.2,168.78,123.6,127.8,73.1,86.7,2.970264839659703
S4,33.9,98.3,112.9,153.23,118.4,123.6,91.1,73.4,-1.907689262873323
S4,80.6,98.3,202.1,175.56,149.7,149.4,79.4,81.7,3.3504960791158123
S2,76.3,39.3,76.6,159.4,5.4,110.5,75.7,90.5,2.787535819076294
S2,45.6,36.7,73.0,174.97,5.8,122.2,72.0,67.4,-0.3565476762442638
S4,74.5,102.9,157.6,163.92,142.9,129.1,82.1,86.3,3.796331798248348
S1,55.3,36.4,57.0,152.16,87.3,145.8,84.8,67.7,0.2639062046352011
S2,60.5,36.8,78.8,163.44,6.3,122.4,70.0,62.3,1.6335618173699415
S4,49.4,98.0,165.9,175.95,73.5,140.5,97.8,71.0,-0.9062049066221252
S1,49.1,36.3,64.0,179.4,119.2,133.7,88.3,92.7,-0.45887911757187877
S1,55.6,36.8,79.2,167.9,101.4,144.1,80.1,57.9,0.8355398490098558
S1,54.8,37.3,77.6,157.46,124.7,125.9,82.6,49.1,0.6614635809130792
S4,52.7,97.9,157.8,171.47,89.2,114.6,75.9,83.2,-0.46145051087681854
S1,64.9,36.5,95.1,174.56,62.7,137.6,81.8,83.9,0.6589773573972888
S1,45.3,37.0,50.6,175.62,63.6,132.8,85.9,84.5,-1.5812057702447782
S1,60.7,36.4,77.2,167.73,51.1,117.0,71.1,68.9,-0.8844656838563731
S4,79.9,98.5,195.3,164.28,210.8,138.0,81.2,68.0,3.733449580154796
S1,33.4,37.7,63.8,166.58,102.9,117.9,75.8,79.8,-1.809438123664805
S3,22.1,36.9,71.6,177.32,70.8,90.4,127.3,31.7,-3.263803514185765
S3,59.1,36.7,54.8,164.83,136.6,89.9,124.0,40.6,-0.11429393887751105
S3,36.7,36.4,59.8,176.22,115.6,58.2,96.3,36.4,-0.9000941845020033
S2,61.1,36.9,107.8,182.25,6.4,115.3,67.7,67.1,1.1707393691136447
S3,28.0,37.2,72.8,162.02,103.2,76.5,117.7,34.1,-1.5957785930824333
S1,37.2,36.1,100.6,184.82,82.5,104.7,67.9,90.3,-1.0523630986116324
S2,52.1,36.5,94.4,180.95,7.8,144.5,82.0,69.4,1.8502786226435712
S1,61.6,39.5,85.8,183.86,97.2,144.0,81.6,84.2,3.9016532718011865
S2,42.9,38.6,78.0,176.49,9.9,149.6,84.2,86.4,2.884388166693074
S2,74.5,37.1,90.1,177.64,6.7,119.2,70.1,98.4,1.0192612419667075
S2,48.2,37.0,89.0,181.93,9.8,109.7,74.0,84.6,0.5107148065301204
S1,45.5,36.6,79.1,180.81,85.0,116.6,77.2,91.1,-0.627694113132802
S2,69.6,39.5,71.7,167.04,5.9,150.1,85.0,90.4,3.5461888920473084
S4,44.0,97.8,175.6,167.47,140.7,116.4,81.7,84.7,-0.31026660143448725
S1,47.2,36.8,61.2,158.14,69.0,100.3,52.5,70.3,-0.23118418531335683
S1,73.4,36.2,64.9,171.9,73.3,159.1,85.7,73.3,1.002123516648394
S1,49.1,37.1,80.3,164.93,149.0,124.7,66.1,89.9,1.6969273024939326
S2,78.6,36.8,121.0,176.85,5.5,144.2,77.8,91.9,3.068853039812619
S4,56.1,100.6,133.5,163.06,92.0,109.5,64.8,83.8,-0.0792224496861394
S2,64.8,36.9,55.6,155.43,7.4,113.0,72.9,75.0,0.1586246177116113
S3,36.3,37.2,62.2,174.16,77.0,75.1,123.5,45.7,-0.42522140030535505
S3,22.1,36.4,44.3,157.15,103.9,85.5,125.6,27.8,-2.745868904428178
S2,44.2,36.1,75.7,173.71,6.8,116.2,67.1,77.9,0.03138753228139331
S2,59.2,37.0,73.4,166.59,8.7,134.1,81.2,80.8,1.51513068433572
S2,56.9,39.0,102.6,175.22,5.6,149.5,85.8,85.7,2.6416013037301838
S1,22.7,36.3,88.0,189.94,66.6,105.2,68.3,77.5,-2.3448884443909925
S5,55.7,37.3,57.8,1.64,144.4,122.3,75.0,88.6,0.6266751028470952
S1,52.6,36.7,90.0,168.77,96.7,117.5,74.3,78.3,0.11227625214158064
S3,54.3,36.0,96.4,176.5,71.2,79.3,118.6,33.4,-1.1054514398182969
S4,57.4,103.4,192.1,175.36,197.2,146.0,86.8,97.4,4.990578159716762
S2,78.4,36.7,86.3,167.55,7.6,123.1,77.0,72.9,1.8183970458713326
S1,41.3,37.0,94.1,183.05,173.5,130.9,86.6,75.9,0.3771740157814201
S1,54.9,37.2,76.4,168.41,149.0,123.5,65.3,81.7,1.0803402277929761
S3,28.2,37.8,84.5,180.1,108.0,72.9,96.7,42.8,-0.6719109178157773
