run_id,lr_scale,warmup,micro_bs,grad_accum,zero_stage,offload,seq_len,act_ckpt,dropout,opt_eps,nccl_bw_gbps,sm_clock_mhz,grad_norm_p95,throughput_toks_s,step_time_ms,val_loss
r00000,1.0,200,8,2,1,0,2048,1,0.0,1e-08,190.0,1755,1.37896,10377.2,3157.684,2.355131
r00001,2.0,200,4,1,2,1,2048,1,0.0,1e-08,105.0,1410,1.72005,4634.3,1767.672,2.55619
r00002,1.0,1000,16,1,1,0,2048,1,0.1,1e-08,180.0,1800,1.51944,14906.8,2198.192,2.369647
r00003,1.0,1000,16,1,1,0,2048,1,0.0,1e-08,95.0,1410,1.28734,11529.6,2842.08,2.386293
r00004,2.0,200,4,2,2,1,1024,1,0.0,1e-06,95.0,1410,1.77975,5671.1,1444.507,2.572956
r00005,2.0,1000,4,2,2,1,1024,1,0.0,1e-08,100.0,1440,1.81178,5893.0,1390.113,2.468077
r00006,0.5,200,4,4,1,0,1024,0,0.1,1e-08,100.0,1410,0.79747,8347.0,1962.861,2.557449
r00007,1.0,200,8,4,2,1,1024,0,0.0,1e-06,100.0,1410,1.23914,10476.3,3127.813,2.452595
r00008,1.0,1000,8,1,2,1,1024,0,0.0,1e-08,180.0,1800,1.42679,14145.1,579.139,2.408518
r00009,1.0,200,16,1,2,1,1024,1,0.0,1e-08,180.0,1800,1.5693,16370.7,1000.815,2.425145
r00010,1.0,1000,16,2,1,0,1024,1,0.1,1e-08,95.0,1410,1.37411,13217.4,2479.149,2.424308
r00011,1.0,200,16,1,2,1,1024,1,0.0,1e-08,190.0,1755,1.45349,16335.7,1002.955,2.41645
r00012,2.0,200,8,4,2,1,2048,1,0.0,1e-08,105.0,1410,1.81537,6950.9,9428.422,2.457644
r00013,1.0,1000,16,4,1,0,2048,1,0.0,1e-08,190.0,1755,1.55858,14070.7,9315.213,2.318278
r00014,1.0,1000,4,1,1,0,1024,0,0.0,1e-06,95.0,1410,1.10602,8350.6,490.506,2.484183
r00015,2.0,200,16,1,2,1,2048,1,0.0,1e-08,190.0,1755,2.09407,12654.9,2589.351,2.42298
r00016,0.5,1000,8,1,1,0,1024,0,0.0,1e-08,95.0,1410,0.95299,11825.9,692.719,2.494378
r00017,1.0,1000,16,4,1,0,1024,1,0.1,1e-06,180.0,1800,1.45827,18736.5,3497.77,2.357147
r00018,1.0,1000,4,2,1,0,2048,1,0.0,1e-08,105.0,1410,1.21695,5432.8,3015.746,2.429161
r00019,0.5,200,4,1,1,0,1024,0,0.1,1e-08,105.0,1410,0.86553,8918.7,459.257,2.579247
r00020,2.0,1000,8,1,1,0,2048,1,0.0,1e-08,180.0,1755,2.00922,10702.7,1530.823,2.325711
r00021,1.0,1000,16,4,2,1,2048,1,0.1,1e-08,95.0,1440,1.32375,9637.5,13600.187,2.391637
r00022,2.0,1000,16,1,1,0,1024,1,0.0,1e-08,95.0,1410,1.85036,13679.7,1197.683,2.407124
r00023,2.0,1000,16,4,2,1,1024,1,0.0,1e-08,190.0,1800,2.04832,14931.5,4389.113,2.33658
r00024,2.0,1000,16,2,2,1,2048,1,0.0,1e-08,190.0,1800,2.0432,12218.9,5363.474,2.303739
r00025,0.5,1000,16,4,1,0,2048,0,0.0,1e-08,190.0,1755,1.25426,18921.5,6927.158,2.366915
r00026,2.0,1000,16,1,2,1,1024,1,0.1,1e-08,180.0,1755,2.05264,15914.6,1029.496,2.386616
r00027,2.0,1000,8,2,1,0,1024,0,0.1,1e-06,95.0,1440,1.77635,11983.6,1367.203,2.401698
r00028,2.0,1000,16,1,1,0,1024,0,0.1,1e-06,95.0,1440,1.80173,16616.7,985.994,2.412147
r00029,2.0,1000,4,1,2,1,2048,1,0.1,1e-08,95.0,1410,1.74679,4968.6,1648.754,2.471995
r00030,2.0,1000,16,2,1,0,2048,1,0.0,1e-08,105.0,1410,1.7404,10607.2,6178.431,2.340318
r00031,0.5,1000,16,1,1,0,1024,1,0.0,1e-08,100.0,1410,0.89125,13530.5,1210.896,2.473476
r00032,1.0,200,16,2,1,0,1024,1,0.0,1e-08,180.0,1800,1.56226,17771.4,1843.867,2.390676
r00033,1.0,200,4,2,1,0,2048,1,0.0,1e-08,95.0,1410,1.1383,5504.2,2976.642,2.457263
r00034,1.0,1000,4,2,2,1,1024,1,0.0,1e-08,95.0,1440,1.2419,5953.0,1376.12,2.497652
r00035,1.0,1000,4,4,2,1,1024,1,0.0,1e-06,100.0,1440,1.17285,5988.8,2735.787,2.482794
r00036,1.0,1000,4,4,2,1,1024,0,0.0,1e-08,105.0,1440,1.16469,7498.7,2184.906,2.497907
r00037,2.0,1000,16,2,1,0,1024,1,0.1,1e-08,190.0,1755,2.10237,18090.9,1811.302,2.359458
r00038,2.0,200,8,2,1,0,1024,0,0.0,1e-06,190.0,1800,1.96772,16091.6,1018.174,2.446357
r00039,2.0,1000,4,1,1,0,2048,1,0.0,1e-08,95.0,1440,1.66326,5657.0,1448.12,2.420168
r00040,2.0,200,4,2,2,1,1024,0,0.0,1e-08,95.0,1410,1.68221,7589.9,1079.329,2.567637
r00041,0.5,1000,16,4,2,1,2048,1,0.1,1e-08,190.0,1800,1.20159,12879.0,10177.189,2.390786
r00042,1.0,1000,16,4,1,0,1024,0,0.1,1e-06,105.0,1410,1.29108,17607.7,3722.006,2.407066
r00043,0.5,1000,4,2,1,0,1024,0,0.0,1e-08,95.0,1440,0.88996,8533.0,960.04,2.519243
r00044,2.0,200,8,4,1,0,2048,1,0.0,1e-08,180.0,1800,1.97843,10372.4,6318.321,2.399179
r00045,1.0,200,8,1,2,1,1024,0,0.0,1e-08,100.0,1440,1.21176,10150.0,807.098,2.479574
r00046,1.0,1000,8,2,2,1,1024,0,0.0,1e-08,180.0,1755,1.4734,12785.0,1281.501,2.378581
r00047,1.0,1000,16,4,2,1,2048,0,0.0,1e-08,95.0,1410,1.39029,11921.4,10994.7,2.367398
r00048,1.0,200,4,4,2,1,2048,1,0.1,1e-08,190.0,1755,1.31064,6543.4,5007.794,2.445976
r00049,2.0,1000,4,2,1,0,1024,0,0.0,1e-08,95.0,1440,1.74392,8581.8,954.575,2.444528
r00050,1.0,200,16,2,2,1,2048,0,0.1,1e-08,190.0,1755,1.49741,16267.2,4028.719,2.372426
r00051,1.0,200,8,2,1,0,1024,0,0.0,1e-08,95.0,1410,1.24441,12740.1,1286.023,2.455775
r00052,2.0,1000,16,1,2,1,1024,1,0.0,1e-08,190.0,1800,2.14169,15108.5,1084.42,2.364736
r00053,0.5,1000,8,4,1,0,2048,0,0.1,1e-08,95.0,1410,0.9716,9916.0,6609.104,2.437472
r00054,1.0,1000,8,2,2,1,2048,1,0.0,1e-08,95.0,1410,1.1526,6737.0,4863.909,2.391934
r00055,0.5,1000,16,4,2,1,2048,1,0.0,1e-08,190.0,1755,1.22443,13350.2,9817.957,2.372051
r00056,2.0,1000,16,2,1,0,2048,1,0.0,1e-08,180.0,1755,2.04805,15922.1,4116.037,2.287529
r00057,1.0,200,16,2,1,0,2048,0,0.0,1e-08,95.0,1410,1.2905,14031.3,4670.703,2.395162
r00058,2.0,200,4,1,1,0,1024,0,0.1,1e-06,95.0,1440,1.61073,8654.2,473.294,2.57211
r00059,1.0,1000,16,2,2,1,2048,1,0.1,1e-08,180.0,1800,1.68923,12142.3,5397.321,2.346997
r00060,2.0,1000,16,4,1,0,1024,1,0.1,1e-08,95.0,1440,1.88141,13995.9,4682.516,2.386192
r00061,2.0,1000,4,1,1,0,1024,1,0.0,1e-08,105.0,1410,1.76064,6674.8,613.653,2.47564
r00062,1.0,1000,4,4,2,1,2048,1,0.0,1e-08,100.0,1410,1.15593,4697.5,6975.608,2.451636
r00063,2.0,200,16,1,2,1,2048,1,0.1,1e-08,180.0,1755,2.08835,12692.5,2581.691,2.438358
r00064,1.0,200,4,1,1,0,1024,0,0.1,1e-06,95.0,1410,1.14442,8522.0,480.639,2.528962
r00065,1.0,200,4,4,2,1,1024,0,0.1,1e-08,105.0,1410,1.19505,7352.2,2228.444,2.544501
r00066,2.0,1000,8,2,1,0,2048,1,0.0,1e-08,95.0,1410,1.81564,7632.2,4293.414,2.348472
r00067,2.0,200,16,1,2,1,1024,1,0.1,1e-08,190.0,1755,2.1382,15856.3,1033.28,2.477325
r00068,1.0,1000,4,1,2,1,1024,0,0.0,1e-08,95.0,1440,1.1263,7282.7,562.431,2.524479
r00069,1.0,1000,4,4,1,0,1024,0,0.0,1e-08,95.0,1440,1.23619,8287.0,1977.065,2.468398
r00070,1.0,1000,4,1,2,1,1024,0,0.1,1e-06,95.0,1410,1.11717,7831.2,523.035,2.528543
r00071,0.5,1000,16,2,2,1,1024,0,0.0,1e-08,180.0,1755,1.30734,19609.4,1671.034,2.422531
r00072,0.5,1000,16,2,2,1,2048,1,0.1,1e-08,180.0,1755,1.25384,12846.1,5101.631,2.394728
r00073,1.0,200,4,4,1,0,1024,0,0.0,1e-08,105.0,1440,1.17348,8520.0,1922.996,2.495792
r00074,1.0,1000,8,1,1,0,1024,0,0.0,1e-06,95.0,1410,1.25799,12235.4,669.53,2.434798
r00075,1.0,1000,16,1,1,0,2048,1,0.0,1e-08,180.0,1755,1.62271,15481.9,2116.538,2.338992
r00076,2.0,200,8,4,2,1,2048,0,0.1,1e-08,180.0,1755,2.00497,10804.0,6065.916,2.427876
r00077,0.5,200,4,4,2,1,2048,1,0.1,1e-08,180.0,1800,1.18023,6513.0,5031.141,2.500413
r00078,0.5,200,4,1,1,0,1024,0,0.0,1e-06,105.0,1410,0.93133,8413.4,486.845,2.567852
r00079,2.0,1000,8,2,1,0,1024,0,0.0,1e-06,100.0,1410,1.72239,11677.2,1403.081,2.38869
r00080,0.5,1000,16,2,2,1,1024,0,0.0,1e-08,95.0,1410,1.03788,14991.9,2185.714,2.468407
r00081,0.5,1000,16,4,2,1,1024,1,0.1,1e-06,180.0,1800,1.22612,15373.0,4263.064,2.423498
r00082,1.0,1000,8,1,1,0,1024,0,0.0,1e-08,100.0,1410,1.18194,12260.2,668.179,2.436414
r00083,2.0,1000,8,1,1,0,1024,0,0.1,1e-08,105.0,1440,1.68632,13098.1,625.434,2.427498
r00084,0.5,1000,16,1,2,1,1024,1,0.0,1e-08,95.0,1440,1.03711,11614.0,1410.708,2.488017
r00085,1.0,1000,4,2,1,0,1024,0,0.0,1e-08,105.0,1440,1.18657,8434.2,971.281,2.462841
r00086,1.0,200,8,2,2,1,1024,0,0.0,1e-08,190.0,1800,1.41914,13482.1,1215.243,2.414272
r00087,0.5,1000,8,1,1,0,1024,0,0.0,1e-08,100.0,1410,0.96398,12275.8,667.329,2.488427
r00088,1.0,200,16,2,2,1,1024,0,0.1,1e-06,180.0,1755,1.57756,20496.4,1598.721,2.411945
r00089,1.0,1000,16,2,1,0,1024,1,0.0,1e-08,190.0,1800,1.47128,17776.4,1843.346,2.355668
r00090,1.0,1000,8,1,1,0,1024,1,0.0,1e-08,95.0,1440,1.15825,9526.0,859.965,2.432991
r00091,0.5,200,16,4,2,1,2048,1,0.1,1e-08,180.0,1800,1.34291,12442.1,10534.561,2.427046
r00092,1.0,200,8,1,2,1,2048,1,0.0,1e-08,105.0,1440,1.18445,6622.7,2473.911,2.436628
r00093,2.0,200,8,1,2,1,2048,1,0.0,1e-08,105.0,1410,1.68656,6654.1,2462.251,2.475855
r00094,0.5,200,16,2,2,1,1024,1,0.0,1e-08,105.0,1440,0.9921,11556.4,2835.488,2.490523
r00095,0.5,200,4,1,1,0,1024,0,0.0,1e-06,105.0,1410,0.94946,8089.0,506.367,2.567446
r00096,2.0,1000,16,4,2,1,1024,1,0.1,1e-06,190.0,1755,2.11948,16286.1,4024.051,2.34223
r00097,2.0,200,4,1,2,1,2048,1,0.0,1e-08,105.0,1440,1.74569,5093.4,1608.342,2.555597
r00098,1.0,200,16,4,1,0,2048,1,0.1,1e-08,190.0,1755,1.54324,14832.1,8837.034,2.355979
r00099,1.0,1000,8,2,2,1,2048,0,0.1,1e-08,100.0,1440,1.24095,8139.3,4025.896,2.407278
r00100,2.0,200,16,2,2,1,2048,0,0.1,1e-08,180.0,1755,2.07002,16689.4,3926.805,2.420278
r00101,2.0,1000,8,2,2,1,1024,0,0.0,1e-08,100.0,1440,1.81524,10366.2,1580.527,2.407836
r00102,1.0,1000,4,4,2,1,1024,0,0.0,1e-06,105.0,1440,1.1692,7323.6,2237.147,2.489791
r00103,1.0,1000,16,2,2,1,2048,1,0.1,1e-08,180.0,1755,1.53337,12787.5,5124.988,2.344665
r00104,0.5,1000,8,1,1,0,1024,0,0.0,1e-06,100.0,1410,0.8616,12075.3,678.41,2.488604
r00105,2.0,200,4,2,2,1,1024,1,0.1,1e-08,95.0,1440,1.67374,5915.4,1384.853,2.587296
r00106,1.0,1000,8,2,2,1,1024,0,0.1,1e-06,105.0,1410,1.23033,10839.5,1511.511,2.44649
r00107,2.0,1000,16,1,2,1,2048,1,0.1,1e-08,190.0,1755,2.08253,12977.9,2524.912,2.339178
r00108,1.0,1000,4,2,1,0,1024,0,0.0,1e-08,105.0,1440,1.07397,8398.6,975.397,2.464758
r00109,1.0,1000,16,1,1,0,1024,1,0.1,1e-08,190.0,1800,1.54804,17808.1,920.028,2.40088
r00110,1.0,1000,4,1,2,1,1024,0,0.0,1e-06,95.0,1440,1.09675,7795.2,525.451,2.509143
r00111,0.5,1000,8,4,1,0,2048,1,0.1,1e-08,190.0,1800,1.11315,10764.1,6088.412,2.380196
r00112,1.0,200,8,2,2,1,1024,0,0.0,1e-06,100.0,1410,1.21282,10216.1,1603.744,2.447542
r00113,1.0,1000,4,4,1,0,1024,0,0.1,1e-08,100.0,1440,1.13609,8646.0,1894.988,2.469291
r00114,0.5,200,4,1,1,0,1024,0,0.0,1e-08,100.0,1440,0.90672,8119.3,504.476,2.573958
r00115,1.0,1000,4,1,2,1,1024,0,0.1,1e-06,105.0,1410,1.14596,7456.1,549.35,2.524691
r00116,0.5,1000,16,1,1,0,2048,1,0.0,1e-08,180.0,1755,1.19561,14398.5,2275.789,2.384261
r00117,0.5,1000,16,1,1,0,2048,1,0.1,1e-08,190.0,1800,1.2797,15399.2,2127.904,2.408551
r00118,1.0,200,8,1,1,0,1024,0,0.0,1e-06,190.0,1800,1.35375,15409.5,531.621,2.420252
r00119,0.5,200,4,2,2,1,1024,0,0.0,1e-06,105.0,1410,0.8454,7549.3,1085.13,2.577718
r00120,1.0,1000,4,2,2,1,2048,1,0.0,1e-08,95.0,1410,1.14487,4788.0,3421.919,2.459245
r00121,1.0,1000,16,2,2,1,1024,1,0.0,1e-08,100.0,1440,1.32578,11910.4,2751.2,2.414836
r00122,1.0,1000,16,4,2,1,1024,1,0.0,1e-08,105.0,1410,1.32098,11146.3,5879.637,2.405528
r00123,1.0,1000,8,2,1,0,1024,0,0.1,1e-08,95.0,1410,1.29744,12109.0,1353.044,2.444854
r00124,1.0,1000,8,1,1,0,2048,1,0.1,1e-08,105.0,1410,1.22785,7897.9,2074.484,2.41881
r00125,0.5,1000,16,2,1,0,1024,1,0.0,1e-06,100.0,1440,0.99726,13004.1,2519.818,2.45093
r00126,2.0,1000,4,2,2,1,2048,1,0.0,1e-08,105.0,1410,1.67627,4767.3,3436.712,2.432045
r00127,1.0,200,16,1,1,0,2048,0,0.1,1e-08,190.0,1755,1.48445,17576.3,1864.324,2.383546
r00128,1.0,1000,16,4,1,0,2048,0,0.0,1e-08,190.0,1800,1.57431,19823.8,6611.859,2.312043
r00129,0.5,1000,16,1,1,0,1024,1,0.0,1e-06,100.0,1410,0.95584,13049.6,1255.519,2.469945
r00130,1.0,1000,16,1,1,0,2048,0,0.0,1e-08,190.0,1800,1.53051,18990.2,1725.52,2.339255
r00131,2.0,200,16,1,2,1,1024,1,0.1,1e-08,190.0,1800,2.09615,15473.6,1058.835,2.475855
r00132,1.0,1000,16,4,1,0,2048,1,0.1,1e-08,190.0,1800,1.47398,14495.7,9042.154,2.324009
r00133,0.5,1000,16,2,1,0,2048,1,0.1,1e-08,180.0,1755,1.2399,15527.4,4220.678,2.378344
r00134,0.5,200,16,4,2,1,1024,1,0.1,1e-08,180.0,1755,1.23736,15838.1,4137.87,2.455204
r00135,1.0,200,16,4,2,1,1024,1,0.1,1e-06,190.0,1800,1.60742,15968.9,4103.983,2.407558
r00136,0.5,200,4,1,2,1,1024,0,0.0,1e-08,95.0,1410,0.85295,7201.3,568.785,2.603822
r00137,0.5,1000,16,4,2,1,1024,1,0.1,1e-08,105.0,1440,1.05682,11814.8,5546.942,2.472992
r00138,1.0,1000,8,4,2,1,1024,0,0.0,1e-08,105.0,1410,1.16845,11050.5,2965.293,2.424016
r00139,1.0,200,4,2,1,0,1024,0,0.0,1e-08,105.0,1410,1.13037,8552.1,957.889,2.495011
r00140,2.0,200,4,1,2,1,2048,1,0.0,1e-08,100.0,1410,1.59162,4865.7,1683.63,2.558315
r00141,0.5,200,8,1,2,1,1024,1,0.0,1e-08,105.0,1410,0.92314,8763.7,934.766,2.533537
r00142,2.0,1000,8,1,1,0,2048,0,0.1,1e-08,95.0,1440,1.74394,9165.0,1787.663,2.395174
r00143,2.0,1000,8,2,2,1,2048,1,0.1,1e-08,100.0,1440,1.78784,6864.9,4773.258,2.378687
r00144,1.0,1000,8,4,2,1,2048,1,0.1,1e-08,190.0,1800,1.35725,9174.9,7142.992,2.34195
r00145,2.0,1000,4,4,1,0,1024,0,0.1,1e-08,105.0,1440,1.69508,9008.0,1818.836,2.446474
r00146,1.0,1000,4,2,2,1,1024,0,0.0,1e-06,95.0,1440,1.17818,7415.0,1104.785,2.494954
r00147,2.0,200,16,1,2,1,2048,0,0.1,1e-08,190.0,1755,2.06944,15443.4,2121.807,2.439206
r00148,0.5,200,8,4,2,1,2048,1,0.0,1e-08,190.0,1800,1.18069,9321.8,7030.42,2.420598
r00149,1.0,1000,8,1,1,0,2048,0,0.0,1e-08,105.0,1410,1.27894,9693.8,1690.159,2.404725
r00150,2.0,200,8,4,1,0,1024,0,0.0,1e-08,190.0,1800,2.02362,16307.4,2009.391,2.441627
r00151,2.0,200,16,1,2,1,2048,1,0.1,1e-08,190.0,1800,2.07945,12269.0,2670.793,2.437592
r00152,0.5,1000,16,4,2,1,1024,1,0.1,1e-08,190.0,1800,1.25724,15084.6,4344.55,2.426773
r00153,0.5,200,4,4,1,0,1024,0,0.1,1e-08,105.0,1410,0.79914,8588.6,1907.635,2.555641
r00154,0.5,1000,4,2,1,0,1024,0,0.1,1e-06,100.0,1410,0.84488,8514.4,962.14,2.522148
r00155,1.0,1000,4,4,2,1,2048,1,0.0,1e-08,190.0,1755,1.29782,6780.5,4832.648,2.413223
r00156,0.5,200,16,2,1,0,2048,0,0.0,1e-08,190.0,1800,1.24819,18069.7,3626.838,2.393351
r00157,2.0,1000,4,1,2,1,1024,1,0.1,1e-08,95.0,1410,1.60696,5685.4,720.444,2.508209
r00158,0.5,200,8,2,2,1,1024,0,0.1,1e-08,105.0,1410,0.858,10347.7,1583.354,2.52307
r00159,1.0,200,16,2,2,1,1024,0,0.1,1e-06,180.0,1800,1.56484,19858.1,1650.108,2.415587
r00160,1.0,1000,16,4,1,0,1024,1,0.1,1e-06,180.0,1755,1.47464,17989.0,3643.116,2.357083
r00161,0.5,1000,16,4,2,1,2048,1,0.1,1e-08,190.0,1800,1.2613,13276.1,9872.805,2.381798
r00162,1.0,1000,8,2,1,0,2048,1,0.0,1e-08,190.0,1800,1.4441,10279.2,3187.792,2.334899
r00163,0.5,200,16,1,1,0,2048,1,0.1,1e-08,180.0,1755,1.19111,14470.1,2264.525,2.435936
r00164,1.0,200,4,4,2,1,1024,1,0.0,1e-08,105.0,1440,1.11151,5911.9,2771.344,2.515849
r00165,2.0,1000,4,2,1,0,1024,0,0.0,1e-08,105.0,1410,1.72658,8609.3,951.525,2.43761
r00166,1.0,1000,16,2,1,0,2048,1,0.0,1e-08,190.0,1800,1.44036,14422.0,4544.164,2.311921
r00167,1.0,200,16,4,1,0,2048,1,0.0,1e-08,180.0,1800,1.54763,14180.7,9243.002,2.340463
r00168,0.5,200,4,1,2,1,1024,0,0.1,1e-06,100.0,1440,0.87847,7333.8,558.508,2.603613
r00169,0.5,1000,8,4,2,1,1024,1,0.0,1e-08,95.0,1410,0.90788,8626.5,3798.545,2.474167
r00170,1.0,1000,16,2,2,1,2048,1,0.0,1e-08,180.0,1800,1.55558,13101.4,5002.213,2.33268
r00171,0.5,1000,8,1,1,0,2048,0,0.1,1e-08,190.0,1800,1.19826,13091.9,1251.464,2.417855
r00172,0.5,200,16,1,1,0,2048,1,0.0,1e-08,180.0,1755,1.33807,15136.5,2164.834,2.41797
r00173,1.0,200,4,2,2,1,1024,0,0.0,1e-08,100.0,1410,1.21614,7525.3,1088.599,2.527485
r00174,2.0,1000,8,1,1,0,1024,0,0.1,1e-08,190.0,1800,1.99518,15671.7,522.726,2.386425
r00175,2.0,200,16,4,2,1,2048,1,0.1,1e-08,95.0,1440,1.86405,9282.8,14119.816,2.459738
r00176,2.0,1000,16,2,2,1,2048,1,0.1,1e-08,190.0,1755,2.19733,12443.8,5266.554,2.320292
r00177,2.0,1000,16,2,1,0,1024,1,0.0,1e-08,180.0,1800,1.99525,18422.5,1778.698,2.328428
r00178,2.0,1000,4,2,1,0,1024,0,0.0,1e-06,105.0,1410,1.71393,8663.2,945.608,2.444684
r00179,2.0,1000,16,1,1,0,2048,1,0.1,1e-08,180.0,1755,2.22259,13908.4,2355.991,2.338422
r00180,2.0,1000,4,2,2,1,1024,0,0.1,1e-06,95.0,1440,1.72156,7614.5,1075.839,2.488945
r00181,1.0,1000,8,2,2,1,1024,1,0.0,1e-08,95.0,1410,1.24825,8593.2,1906.623,2.439206
r00182,0.5,1000,8,4,1,0,2048,1,0.0,1e-08,100.0,1410,0.97033,7984.0,8208.39,2.420815
r00183,1.0,1000,16,2,2,1,1024,1,0.1,1e-08,95.0,1410,1.23963,11407.3,2872.543,2.432204
r00184,1.0,1000,4,1,1,0,2048,0,0.0,1e-08,100.0,1440,1.22374,6678.9,1226.553,2.454785
r00185,0.5,1000,16,1,2,1,2048,1,0.1,1e-08,190.0,1755,1.25933,12812.9,2557.431,2.415007
r00186,2.0,1000,16,4,1,0,2048,0,0.1,1e-08,190.0,1755,2.1561,18122.0,7232.744,2.296991
r00187,2.0,1000,16,2,2,1,1024,1,0.0,1e-08,190.0,1800,1.99554,14989.8,2186.017,2.339331
r00188,2.0,1000,16,4,2,1,2048,0,0.1,1e-08,180.0,1755,2.1082,16641.5,7876.2,2.310364
r00189,0.5,200,16,1,1,0,1024,0,0.1,1e-08,100.0,1440,1.01248,17423.2,940.355,2.530665
r00190,1.0,1000,8,1,1,0,1024,0,0.0,1e-08,105.0,1410,1.16487,11627.1,704.563,2.43312
r00191,1.0,1000,16,1,1,0,1024,0,0.0,1e-06,105.0,1440,1.29978,16811.7,974.56,2.416469
r00192,0.5,200,4,4,2,1,1024,0,0.1,1e-08,100.0,1440,0.93334,7389.7,2217.142,2.584579
r00193,0.5,1000,16,4,2,1,1024,1,0.0,1e-08,105.0,1410,0.97183,11834.5,5537.692,2.460215
r00194,1.0,200,4,4,1,0,2048,1,0.0,1e-08,190.0,1800,1.44968,7393.8,4431.808,2.398823
r00195,1.0,200,8,4,2,1,1024,0,0.0,1e-08,180.0,1800,1.40594,13862.1,2363.859,2.406981
r00196,2.0,1000,8,1,1,0,2048,0,0.1,1e-08,190.0,1755,2.08096,12409.6,1320.263,2.34657
r00197,1.0,1000,4,2,1,0,2048,1,0.1,1e-08,105.0,1410,1.243,5312.4,3084.106,2.451603
r00198,1.0,200,4,1,1,0,2048,1,0.0,1e-08,180.0,1755,1.41034,7831.6,1046.025,2.432557
r00199,2.0,1000,8,2,1,0,1024,1,0.0,1e-06,100.0,1410,1.79844,9954.3,1645.928,2.395514
r00200,2.0,200,4,1,1,0,1024,0,0.0,1e-08,95.0,1410,1.75645,8793.7,465.787,2.560537
r00201,2.0,1000,16,2,2,1,2048,1,0.0,1e-08,180.0,1755,2.09945,12986.4,5046.491,2.298601
r00202,0.5,1000,4,2,1,0,2048,0,0.1,1e-08,105.0,1440,0.94988,6591.5,2485.615,2.492423
r00203,2.0,1000,16,4,1,0,2048,1,0.0,1e-08,180.0,1755,2.10763,14803.7,8853.975,2.282578
r00204,2.0,200,8,4,1,0,2048,0,0.0,1e-08,95.0,1440,1.74663,9318.7,7032.716,2.441343
r00205,2.0,200,16,1,2,1,2048,1,0.1,1e-08,190.0,1800,2.08736,12503.5,2620.7,2.441233
r00206,2.0,1000,16,1,2,1,2048,1,0.1,1e-08,190.0,1755,2.12492,12269.0,2670.795,2.34529
r00207,1.0,200,8,1,2,1,1024,0,0.1,1e-08,95.0,1410,1.22012,10655.2,768.827,2.502878
r00208,1.0,1000,8,1,2,1,1024,1,0.0,1e-06,95.0,1440,1.19429,8095.1,1011.976,2.454198
r00209,0.5,1000,16,1,1,0,1024,1,0.0,1e-08,100.0,1440,1.02835,13757.0,1190.953,2.473222
r00210,1.0,1000,4,4,1,0,1024,0,0.0,1e-06,105.0,1410,1.19393,8506.3,1926.099,2.463925
r00211,1.0,1000,16,4,2,1,1024,1,0.0,1e-08,100.0,1440,1.27032,11406.0,5745.757,2.399783
r00212,2.0,1000,4,2,1,0,2048,0,0.0,1e-08,100.0,1410,1.69053,6891.1,2377.55,2.403479
r00213,1.0,200,8,4,2,1,2048,1,0.0,1e-08,180.0,1800,1.38769,8811.5,7437.54,2.356196
r00214,0.5,1000,16,2,2,1,1024,1,0.0,1e-08,180.0,1755,1.28064,16624.1,1971.117,2.41997
r00215,1.0,1000,16,1,1,0,1024,1,0.1,1e-08,190.0,1755,1.49323,18654.8,878.272,2.390039
r00216,1.0,1000,16,4,1,0,1024,1,0.0,1e-06,190.0,1755,1.55039,17362.4,3774.603,2.346068
r00217,0.5,200,4,1,2,1,1024,0,0.0,1e-06,100.0,1440,0.88917,7419.0,552.096,2.597704
r00218,1.0,1000,4,2,2,1,2048,0,0.1,1e-08,95.0,1440,1.19831,5812.7,2818.643,2.476947
r00219,1.0,1000,8,4,1,0,2048,1,0.0,1e-08,105.0,1440,1.28064,7729.0,8479.246,2.384334
r00220,2.0,1000,16,1,2,1,1024,1,0.1,1e-08,180.0,1755,1.98226,15854.4,1033.407,2.376755
r00221,2.0,1000,8,4,2,1,1024,0,0.1,1e-08,190.0,1800,1.99408,14338.5,2285.31,2.361291
r00222,1.0,200,8,1,1,0,1024,1,0.0,1e-06,105.0,1410,1.21658,10029.9,816.76,2.470091
r00223,1.0,1000,8,2,1,0,1024,0,0.0,1e-08,180.0,1800,1.45765,16388.9,999.703,2.375857
r00224,0.5,200,16,4,1,0,2048,1,0.1,1e-08,190.0,1755,1.28579,14995.6,8740.702,2.405549
r00225,1.0,1000,8,1,2,1,1024,0,0.1,1e-08,95.0,1410,1.2085,10079.0,812.782,2.465973
r00226,2.0,200,16,2,1,0,2048,1,0.1,1e-08,180.0,1755,2.18865,15417.0,4250.896,2.414978
r00227,1.0,1000,4,4,2,1,2048,1,0.0,1e-08,100.0,1440,1.09461,4982.7,6576.377,2.45083
r00228,0.5,1000,4,2,2,1,1024,0,0.1,1e-08,95.0,1440,0.95785,7749.5,1057.107,2.560662
r00229,0.5,200,8,1,2,1,1024,0,0.0,1e-08,95.0,1410,0.98544,10427.9,785.582,2.537979
r00230,1.0,200,16,2,2,1,1024,0,0.1,1e-06,190.0,1755,1.43698,20370.0,1608.643,2.411177
r00231,1.0,1000,8,2,2,1,1024,0,0.0,1e-06,95.0,1440,1.2139,10583.5,1548.073,2.420817
r00232,1.0,200,4,2,1,0,1024,0,0.1,1e-08,105.0,1440,1.2387,8238.9,994.306,2.515497
r00233,1.0,200,4,4,2,1,1024,0,0.1,1e-08,105.0,1410,1.14457,7303.4,2243.352,2.535273
r00234,0.5,1000,4,2,1,0,1024,0,0.1,1e-08,100.0,1410,0.92498,8058.5,1016.563,2.542313
r00235,0.5,200,8,1,1,0,2048,0,0.0,1e-08,105.0,1410,0.85049,9939.3,1648.413,2.486163
r00236,2.0,1000,4,1,2,1,1024,0,0.1,1e-08,100.0,1410,1.73244,7537.2,543.438,2.507638
r00237,2.0,200,16,2,2,1,1024,1,0.0,1e-06,105.0,1440,1.89733,12414.9,2639.418,2.488234
r00238,1.0,200,8,4,2,1,2048,1,0.1,1e-08,190.0,1755,1.40137,8523.3,7688.996,2.37973
r00239,1.0,1000,16,4,2,1,2048,1,0.0,1e-08,180.0,1755,1.45881,12462.0,10517.699,2.316329
r00240,2.0,200,8,2,1,0,1024,0,0.1,1e-08,190.0,1755,1.8942,16370.1,1000.849,2.455345
r00241,1.0,200,8,1,1,0,2048,1,0.1,1e-08,190.0,1800,1.42626,10133.7,1616.784,2.396724
r00242,0.5,1000,8,2,1,0,2048,1,0.0,1e-08,100.0,1410,0.86507,8015.1,4088.295,2.431253
r00243,2.0,1000,4,4,2,1,2048,1,0.1,1e-08,100.0,1410,1.75092,4696.5,6977.139,2.4401
r00244,1.0,200,8,1,2,1,1024,0,0.1,1e-06,95.0,1410,1.17366,10842.5,755.546,2.492016
r00245,0.5,1000,8,1,1,0,1024,0,0.0,1e-08,95.0,1440,0.81864,11381.1,719.792,2.48794
r00246,0.5,200,16,1,1,0,2048,1,0.0,1e-08,180.0,1755,1.24974,14414.2,2273.32,2.423852
r00247,1.0,1000,4,2,1,0,1024,0,0.0,1e-06,95.0,1440,1.15482,8195.2,999.605,2.466492
r00248,0.5,1000,8,2,1,0,1024,0,0.1,1e-08,95.0,1410,0.97135,12192.6,1343.769,2.491846
r00249,0.5,1000,8,4,2,1,1024,0,0.1,1e-08,95.0,1440,0.87827,10777.6,3040.389,2.483908
r00250,2.0,1000,8,4,2,1,1024,1,0.0,1e-06,100.0,1440,1.7358,8365.6,3916.98,2.394253
r00251,1.0,1000,8,1,2,1,1024,0,0.1,1e-08,100.0,1410,1.16929,10411.2,786.847,2.461354
r00252,1.0,1000,4,2,1,0,2048,1,0.1,1e-08,105.0,1440,1.1732,5287.1,3098.876,2.446893
r00253,0.5,200,4,4,2,1,1024,0,0.1,1e-06,105.0,1440,0.89056,7502.4,2183.847,2.587201
r00254,1.0,200,16,4,2,1,1024,0,0.0,1e-06,100.0,1410,1.2117,15341.7,4271.768,2.42973
r00255,1.0,1000,4,4,1,0,2048,1,0.0,1e-08,105.0,1440,1.15879,5163.9,6345.613,2.423588
r00256,1.0,200,4,1,1,0,2048,1,0.0,1e-08,105.0,1440,1.19991,5479.0,1495.17,2.474341
r00257,0.5,1000,4,2,2,1,1024,0,0.0,1e-08,105.0,1410,0.9059,7671.7,1067.825,2.554004
r00258,1.0,1000,16,2,1,0,2048,0,0.1,1e-08,190.0,1755,1.51732,18244.1,3592.175,2.3406
r00259,2.0,1000,16,1,2,1,2048,1,0.0,1e-08,180.0,1800,2.18436,13176.5,2486.849,2.332724
r00260,2.0,1000,4,4,1,0,2048,1,0.1,1e-08,100.0,1410,1.75724,5334.6,6142.561,2.410041
r00261,2.0,200,4,4,2,1,1024,0,0.1,1e-08,100.0,1410,1.68345,7430.8,2204.867,2.58004
r00262,2.0,1000,8,4,2,1,1024,0,0.1,1e-06,180.0,1755,2.07705,13813.1,2372.243,2.367582
r00263,0.5,1000,16,1,1,0,1024,1,0.1,1e-06,190.0,1755,1.2771,17870.1,916.84,2.44164
r00264,0.5,1000,8,1,2,1,1024,0,0.0,1e-06,105.0,1410,0.88311,10747.2,762.247,2.49795
r00265,1.0,1000,16,2,2,1,1024,1,0.0,1e-08,180.0,1800,1.49716,15465.3,2118.812,2.376414
r00266,2.0,1000,4,4,2,1,2048,1,0.0,1e-08,190.0,1755,1.9398,6007.9,5454.146,2.370365
r00267,1.0,200,16,2,2,1,2048,1,0.0,1e-08,190.0,1755,1.50767,12446.3,5265.516,2.357436
r00268,2.0,200,4,2,2,1,1024,0,0.0,1e-08,105.0,1410,1.75141,6759.9,1211.856,2.573936
r00269,2.0,200,4,4,1,0,1024,0,0.0,1e-08,105.0,1440,1.71038,8517.1,1923.658,2.529086
r00270,1.0,200,16,4,1,0,1024,1,0.0,1e-06,95.0,1440,1.25562,13968.2,4691.815,2.422565
r00271,2.0,1000,16,2,2,1,2048,1,0.0,1e-08,180.0,1800,2.04846,12947.6,5061.637,2.303745
r00272,2.0,200,16,2,1,0,1024,1,0.0,1e-06,180.0,1800,2.05603,18622.5,1759.591,2.418671
r00273,2.0,1000,16,1,1,0,1024,1,0.0,1e-08,100.0,1410,1.83885,13800.8,1187.179,2.4051
r00274,1.0,1000,16,1,2,1,2048,1,0.0,1e-08,180.0,1755,1.53023,12825.2,2554.977,2.352863
r00275,1.0,1000,16,1,1,0,2048,1,0.0,1e-08,180.0,1755,1.52363,14773.9,2217.966,2.341495
r00276,1.0,200,4,2,1,0,2048,1,0.0,1e-08,180.0,1755,1.39318,7447.0,2200.081,2.409964
r00277,2.0,1000,8,1,1,0,2048,0,0.0,1e-08,190.0,1800,1.95426,12844.5,1275.57,2.324937
r00278,2.0,200,4,1,2,1,1024,0,0.1,1e-06,95.0,1410,1.76063,7227.1,566.757,2.608791
r00279,0.5,200,16,2,2,1,2048,0,0.0,1e-08,190.0,1755,1.18211,15974.3,4102.581,2.404843
r00280,1.0,1000,4,4,1,0,1024,0,0.0,1e-08,100.0,1410,1.28294,8816.9,1858.246,2.464958
r00281,1.0,200,16,1,2,1,1024,1,0.0,1e-08,180.0,1800,1.49133,15981.6,1025.177,2.411906
r00282,1.0,1000,16,1,2,1,1024,1,0.0,1e-08,190.0,1755,1.45772,16061.3,1020.092,2.383675
r00283,2.0,1000,4,1,2,1,2048,0,0.1,1e-08,100.0,1440,1.71846,5967.9,1372.678,2.476309
r00284,1.0,1000,4,1,1,0,1024,0,0.1,1e-08,100.0,1410,1.11938,8156.9,502.154,2.507228
r00285,1.0,200,8,4,1,0,2048,1,0.1,1e-08,190.0,1800,1.44055,10851.4,6039.416,2.369645
r00286,0.5,1000,8,1,1,0,2048,1,0.0,1e-08,190.0,1755,1.24492,11276.6,1452.918,2.414975
r00287,1.0,200,16,2,2,1,2048,1,0.1,1e-08,105.0,1410,1.29279,9036.2,7252.606,2.414666
r00288,2.0,200,16,2,2,1,2048,0,0.1,1e-08,190.0,1800,2.10035,15598.6,4201.416,2.423551
r00289,1.0,1000,16,4,1,0,2048,1,0.0,1e-08,180.0,1800,1.46015,15831.8,8279.012,2.307848
r00290,0.5,1000,4,4,1,0,1024,0,0.0,1e-06,100.0,1440,0.84914,8490.4,1929.699,2.501597
r00291,1.0,200,16,2,1,0,1024,1,0.0,1e-06,100.0,1440,1.29123,13916.1,2354.69,2.436476
r00292,0.5,1000,8,1,2,1,1024,0,0.1,1e-08,105.0,1440,0.91344,10427.8,785.591,2.519712
r00293,1.0,1000,16,1,2,1,1024,1,0.1,1e-06,180.0,1800,1.58232,16000.6,1023.96,2.404098
r00294,2.0,1000,16,2,1,0,2048,1,0.0,1e-08,190.0,1800,2.13241,15194.4,4313.168,2.289701
r00295,1.0,200,8,1,1,0,2048,1,0.0,1e-08,95.0,1440,1.14736,7610.9,2152.697,2.425904
r00296,0.5,1000,16,4,2,1,2048,1,0.1,1e-08,190.0,1800,1.24214,12869.9,10184.413,2.387513
r00297,0.5,200,16,1,2,1,2048,1,0.0,1e-08,95.0,1410,1.02746,9751.0,3360.469,2.481962
r00298,2.0,1000,4,4,1,0,2048,1,0.0,1e-08,100.0,1410,1.70253,5505.9,5951.473,2.397699
r00299,0.5,1000,4,2,1,0,1024,1,0.0,1e-08,105.0,1410,0.93789,6950.2,1178.667,2.516264
r00300,1.0,200,4,4,1,0,1024,0,0.1,1e-08,95.0,1410,1.1542,8505.1,1926.374,2.506725
r00301,1.0,200,16,1,1,0,1024,0,0.1,1e-08,105.0,1410,1.31403,17295.3,947.31,2.475353
r00302,1.0,1000,8,1,2,1,2048,1,0.1,1e-08,180.0,1755,1.43778,9227.5,1775.562,2.388195
r00303,0.5,1000,4,1,1,0,1024,0,0.0,1e-08,100.0,1410,0.80701,8660.7,472.941,2.54008
r00304,1.0,200,4,4,2,1,1024,1,0.0,1e-08,95.0,1440,1.13689,5582.1,2935.075,2.518017
r00305,1.0,200,16,1,2,1,1024,0,0.1,1e-06,190.0,1755,1.52062,20034.3,817.798,2.431609
r00306,0.5,1000,4,1,1,0,1024,0,0.0,1e-06,95.0,1410,0.84929,8158.5,502.056,2.533457
r00307,2.0,200,4,4,2,1,1024,0,0.0,1e-06,100.0,1410,1.72785,7437.9,2202.764,2.557506
r00308,1.0,200,16,1,1,0,2048,1,0.1,1e-08,190.0,1800,1.48898,14443.7,2268.675,2.383245
r00309,0.5,1000,8,4,1,0,2048,1,0.0,1e-08,95.0,1410,0.94191,8075.8,8115.091,2.423293
r00310,0.5,200,16,4,2,1,1024,1,0.0,1e-08,190.0,1800,1.23829,16432.0,3988.317,2.443938
r00311,2.0,200,4,1,2,1,2048,1,0.0,1e-08,95.0,1410,1.72287,4857.8,1686.352,2.552175
r00312,1.0,1000,8,4,1,0,2048,1,0.0,1e-08,190.0,1755,1.42172,10672.8,6140.487,2.321747
r00313,2.0,1000,4,2,2,1,2048,1,0.0,1e-08,180.0,1755,2.01374,6424.6,2550.193,2.386713
r00314,1.0,1000,8,1,2,1,1024,1,0.1,1e-06,100.0,1440,1.20335,8716.8,939.797,2.455195
r00315,0.5,200,4,1,2,1,1024,0,0.0,1e-08,95.0,1410,0.85092,7054.0,580.664,2.600555
r00316,0.5,1000,4,2,2,1,2048,1,0.0,1e-08,100.0,1440,0.86308,4633.5,3536.02,2.506585
r00317,0.5,1000,16,2,2,1,1024,1,0.0,1e-06,100.0,1440,0.91617,11496.2,2850.323,2.46526
r00318,2.0,200,16,4,1,0,2048,1,0.0,1e-08,190.0,1755,2.07534,14807.0,8852.049,2.38784
r00319,1.0,200,16,4,2,1,2048,1,0.0,1e-08,180.0,1755,1.46226,13076.2,10023.724,2.35165
r00320,0.5,200,16,2,1,0,2048,1,0.1,1e-08,190.0,1800,1.24307,14865.5,4408.592,2.416103
r00321,0.5,200,8,1,2,1,1024,0,0.0,1e-08,100.0,1410,0.88704,10633.2,770.416,2.527689
r00322,1.0,1000,8,2,2,1,1024,0,0.1,1e-06,100.0,1410,1.18691,10513.9,1558.324,2.442886
r00323,1.0,1000,16,2,2,1,1024,1,0.0,1e-08,190.0,1755,1.53327,15597.1,2100.904,2.37335
r00324,0.5,1000,16,2,2,1,2048,1,0.0,1e-08,190.0,1800,1.32128,13067.1,5015.354,2.381417
r00325,1.0,200,4,1,2,1,1024,1,0.0,1e-08,105.0,1440,1.12768,6041.3,678.004,2.549201
r00326,1.0,200,16,1,1,0,1024,1,0.0,1e-06,180.0,1800,1.58712,18845.7,869.377,2.416062
r00327,1.0,1000,4,4,1,0,1024,0,0.1,1e-08,95.0,1440,1.22329,8144.0,2011.799,2.477354
r00328,1.0,1000,16,1,2,1,2048,1,0.1,1e-08,180.0,1755,1.48565,12982.6,2523.987,2.365768
r00329,0.5,200,16,1,2,1,2048,1,0.0,1e-08,180.0,1755,1.15905,12855.1,2549.037,2.430474
r00330,2.0,200,4,2,2,1,2048,1,0.0,1e-08,190.0,1800,1.84436,6682.0,2451.957,2.483162
r00331,0.5,200,16,4,1,0,1024,0,0.0,1e-08,190.0,1755,1.22673,22292.0,2939.892,2.434112
r00332,2.0,1000,16,4,2,1,2048,1,0.0,1e-08,180.0,1800,2.15645,13767.5,9520.399,2.294156
r00333,1.0,200,8,4,2,1,2048,1,0.0,1e-08,190.0,1755,1.57533,9004.7,7277.991,2.370447
r00334,2.0,200,8,1,2,1,2048,1,0.1,1e-08,190.0,1800,2.07499,9511.0,1722.635,2.461423
r00335,0.5,200,8,4,2,1,2048,1,0.0,1e-08,180.0,1755,1.23234,9623.4,6810.032,2.415181
r00336,1.0,200,8,1,1,0,1024,0,0.0,1e-06,190.0,1755,1.4073,16031.3,511.002,2.412872
r00337,2.0,200,4,2,2,1,2048,1,0.0,1e-08,190.0,1755,2.00212,6651.1,2463.358,2.487845
r00338,1.0,200,16,4,2,1,1024,1,0.0,1e-06,190.0,1800,1.53816,16025.8,4089.401,2.388272
r00339,2.0,1000,16,2,2,1,2048,1,0.0,1e-08,190.0,1755,2.12202,12414.0,5279.219,2.307857
r00340,2.0,1000,4,1,1,0,1024,0,0.0,1e-06,105.0,1440,1.77459,8718.3,469.815,2.459359
r00341,1.0,1000,4,4,2,1,1024,0,0.0,1e-08,105.0,1410,1.12656,6785.5,2414.546,2.487938
r00342,1.0,1000,8,1,1,0,2048,1,0.0,1e-08,180.0,1800,1.4258,11520.6,1422.148,2.361047
r00343,2.0,1000,4,4,1,0,2048,1,0.0,1e-08,95.0,1410,1.68679,5404.0,6063.639,2.394468
r00344,0.5,200,16,1,2,1,1024,1,0.0,1e-06,95.0,1440,1.01354,12059.3,1358.623,2.514967
r00345,2.0,1000,4,2,1,0,1024,0,0.0,1e-08,190.0,1800,2.03506,11434.2,716.449,2.397733
r00346,1.0,200,4,2,1,0,2048,1,0.0,1e-08,180.0,1800,1.3572,7424.3,2206.797,2.41243
r00347,1.0,1000,8,2,1,0,1024,0,0.1,1e-08,95.0,1440,1.20786,11826.6,1385.349,2.440516
r00348,0.5,1000,4,2,2,1,2048,1,0.0,1e-08,105.0,1440,0.95432,4859.3,3371.684,2.51812
r00349,0.5,1000,16,1,2,1,1024,1,0.0,1e-08,190.0,1800,1.31672,15884.8,1031.427,2.443749
r00350,1.0,1000,4,4,1,0,1024,0,0.1,1e-06,100.0,1440,1.19716,8726.5,1877.498,2.477122
r00351,0.5,1000,8,2,1,0,2048,1,0.1,1e-08,100.0,1440,0.85749,7927.7,4133.35,2.444249
r00352,0.5,200,4,2,1,0,1024,1,0.1,1e-06,105.0,1410,0.94328,6950.6,1178.606,2.557292
r00353,1.0,200,16,4,2,1,1024,1,0.1,1e-08,100.0,1410,1.29958,12069.3,5429.977,2.453637
r00354,1.0,200,4,1,2,1,1024,0,0.0,1e-08,100.0,1410,1.19029,7189.2,569.745,2.551902
r00355,2.0,200,16,2,2,1,1024,1,0.1,1e-06,180.0,1800,2.08744,16682.3,1964.241,2.450985
r00356,1.0,1000,4,4,2,1,1024,0,0.1,1e-06,100.0,1410,1.19308,7335.3,2233.574,2.498653
r00357,0.5,1000,8,1,1,0,1024,0,0.0,1e-08,105.0,1440,1.02327,11027.1,742.897,2.497371
r00358,2.0,1000,8,4,2,1,1024,0,0.0,1e-08,180.0,1755,1.90592,14207.8,2306.339,2.340909
r00359,0.5,1000,4,1,2,1,1024,0,0.0,1e-06,100.0,1410,0.87191,6988.4,586.112,2.559199
r00360,0.5,200,4,1,1,0,1024,1,0.1,1e-08,100.0,1410,0.93982,7275.7,562.966,2.58398
r00361,0.5,200,4,2,1,0,2048,1,0.1,1e-08,180.0,1755,1.09866,7123.9,2299.857,2.469487
r00362,2.0,200,8,1,1,0,1024,0,0.1,1e-06,95.0,1410,1.72096,11525.3,710.782,2.531039
r00363,2.0,1000,4,1,1,0,2048,0,0.1,1e-08,100.0,1440,1.67835,7142.0,1147.014,2.444903
r00364,1.0,200,16,2,2,1,2048,1,0.0,1e-08,190.0,1755,1.47725,12613.4,5195.753,2.357903
r00365,2.0,1000,16,1,2,1,2048,1,0.1,1e-08,180.0,1800,2.13871,12227.6,2679.83,2.337915
r00366,1.0,200,8,2,1,0,2048,1,0.0,1e-08,190.0,1800,1.49171,10115.1,3239.516,2.371273
r00367,1.0,1000,16,2,2,1,2048,0,0.0,1e-08,190.0,1755,1.5591,15357.6,4267.339,2.325864
r00368,2.0,200,4,2,2,1,2048,1,0.0,1e-08,105.0,1440,1.69385,4678.4,3502.048,2.532328
r00369,1.0,1000,16,2,1,0,1024,1,0.0,1e-08,180.0,1800,1.53652,18757.1,1746.969,2.362843
r00370,0.5,200,8,1,2,1,1024,0,0.0,1e-06,95.0,1410,0.92007,9903.2,827.208,2.531431
r00371,0.5,1000,4,1,2,1,1024,0,0.0,1e-08,100.0,1440,0.79664,7533.5,543.702,2.566968
r00372,1.0,1000,16,1,2,1,2048,1,0.0,1e-08,105.0,1440,1.27099,9063.2,3615.514,2.389902
r00373,1.0,1000,8,1,2,1,2048,0,0.0,1e-08,190.0,1755,1.47431,12168.7,1346.405,2.3634
r00374,0.5,200,16,2,2,1,1024,1,0.0,1e-08,190.0,1755,1.30459,15071.0,2174.249,2.457203
r00375,2.0,1000,4,4,2,1,1024,0,0.1,1e-08,95.0,1410,1.71424,7286.9,2248.422,2.480349
r00376,2.0,200,8,4,1,0,1024,0,0.0,1e-06,105.0,1440,1.85476,11827.6,2770.46,2.486001
r00377,0.5,1000,4,2,2,1,1024,0,0.1,1e-08,105.0,1410,0.82258,7385.0,1109.275,2.555773
r00378,0.5,1000,4,4,1,0,2048,0,0.1,1e-08,95.0,1410,0.82961,7009.3,4674.961,2.484824
r00379,0.5,1000,16,2,2,1,2048,1,0.1,1e-08,180.0,1800,1.23941,12382.2,5292.768,2.391855
r00380,2.0,200,8,2,1,0,2048,1,0.1,1e-08,190.0,1755,1.91035,10773.3,3041.584,2.423558
r00381,1.0,1000,16,1,2,1,2048,1,0.0,1e-08,100.0,1440,1.21078,9495.1,3451.025,2.395518
r00382,1.0,1000,16,1,2,1,1024,1,0.1,1e-08,190.0,1755,1.52339,16122.1,1016.244,2.408187
r00383,0.5,1000,16,2,1,0,2048,1,0.0,1e-08,180.0,1755,1.24015,15193.0,4313.555,2.366226
r00384,1.0,1000,4,1,1,0,2048,1,0.0,1e-08,105.0,1440,1.05282,5631.0,1454.797,2.442596
r00385,0.5,200,4,1,1,0,2048,1,0.1,1e-08,105.0,1410,0.8858,5495.7,1490.62,2.546533
r00386,1.0,1000,16,1,1,0,1024,1,0.1,1e-08,180.0,1755,1.45688,18234.7,898.506,2.391134
r00387,0.5,1000,16,4,2,1,2048,1,0.1,1e-08,190.0,1800,1.27505,12680.1,10336.819,2.394542
r00388,0.5,200,16,1,2,1,1024,1,0.0,1e-06,100.0,1440,0.93777,11869.0,1380.407,2.508047
r00389,0.5,200,8,1,1,0,1024,1,0.0,1e-08,100.0,1410,0.9665,9531.7,859.445,2.527132
r00390,1.0,200,4,4,1,0,1024,0,0.0,1e-08,105.0,1440,1.10911,8400.6,1950.338,2.487502
r00391,0.5,200,8,1,2,1,2048,1,0.0,1e-08,180.0,1755,1.20028,9458.4,1732.216,2.452127
r00392,1.0,1000,16,4,2,1,1024,1,0.0,1e-08,100.0,1410,1.36699,12312.3,5322.825,2.407279
r00393,0.5,1000,4,2,1,0,1024,1,0.1,1e-06,105.0,1440,0.8868,6607.0,1239.894,2.531101
r00394,1.0,1000,8,2,2,1,2048,1,0.1,1e-08,105.0,1410,1.28375,6615.5,4953.202,2.407219
r00395,1.0,1000,4,4,2,1,1024,0,0.1,1e-08,100.0,1440,1.12686,7449.8,2199.25,2.507682
r00396,1.0,1000,4,1,2,1,1024,0,0.0,1e-08,105.0,1410,1.20109,7417.4,552.213,2.52285
r00397,2.0,200,16,4,2,1,1024,0,0.0,1e-06,105.0,1410,1.8508,14973.6,4376.765,2.47279
r00398,2.0,1000,16,2,1,0,2048,1,0.0,1e-08,190.0,1755,2.15476,15301.4,4283.01,2.290568
r00399,1.0,200,8,1,1,0,1024,0,0.0,1e-08,180.0,1800,1.52011,16438.6,498.341,2.432332
r00400,2.0,1000,16,4,2,1,2048,1,0.0,1e-08,190.0,1800,2.05559,13321.4,9839.192,2.291555
r00401,0.5,1000,16,2,2,1,2048,0,0.0,1e-08,190.0,1755,1.22536,15983.9,4100.119,2.381787
r00402,1.0,1000,16,4,1,0,2048,1,0.0,1e-08,100.0,1410,1.26837,11343.9,11554.414,2.354973
r00403,0.5,1000,8,2,1,0,2048,1,0.0,1e-08,190.0,1800,1.14865,10693.3,3064.345,2.382812
r00404,1.0,200,4,4,1,0,2048,1,0.0,1e-08,190.0,1755,1.42242,7138.2,4590.51,2.406786
r00405,2.0,1000,8,2,1,0,2048,1,0.0,1e-08,105.0,1440,1.78728,7862.7,4167.511,2.354821
r00406,0.5,1000,4,1,2,1,1024,0,0.1,1e-08,95.0,1410,0.91099,7369.4,555.814,2.586401
r00407,1.0,200,8,1,1,0,2048,1,0.0,1e-08,190.0,1755,1.43845,10679.8,1534.108,2.378926
r00408,2.0,1000,16,2,2,1,2048,1,0.1,1e-08,190.0,1800,2.11299,12365.6,5299.843,2.310031
r00409,0.5,1000,16,1,1,0,1024,0,0.1,1e-06,180.0,1755,1.25591,22602.9,724.863,2.440992
r00410,0.5,200,16,4,2,1,2048,1,0.1,1e-08,180.0,1800,1.2507,12260.2,10690.871,2.414078
r00411,2.0,1000,8,4,1,0,2048,1,0.1,1e-08,180.0,1755,2.01767,10635.7,6161.868,2.315831
r00412,0.5,200,16,2,2,1,2048,0,0.0,1e-08,190.0,1800,1.31267,16132.0,4062.478,2.422722
r00413,2.0,200,8,4,1,0,1024,0,0.1,1e-06,100.0,1440,1.71961,11684.6,2804.387,2.500704
r00414,2.0,1000,4,4,2,1,1024,0,0.0,1e-08,95.0,1410,1.69443,7561.8,2166.687,2.463121
r00415,0.5,1000,8,1,1,0,1024,0,0.0,1e-06,190.0,1800,1.19924,15875.5,516.015,2.44075
r00416,2.0,1000,8,1,1,0,2048,1,0.0,1e-08,100.0,1410,1.81908,8155.7,2008.896,2.384694
r00417,1.0,1000,8,1,2,1,2048,1,0.1,1e-08,180.0,1800,1.3709,9297.5,1762.191,2.367942
r00418,1.0,1000,8,2,1,0,2048,0,0.1,1e-08,180.0,1800,1.43238,13252.8,2472.532,2.342952
r00419,2.0,1000,8,4,1,0,2048,1,0.0,1e-08,190.0,1755,1.95688,10488.7,6248.267,2.29899
r00420,1.0,1000,4,1,2,1,1024,0,0.0,1e-08,100.0,1410,1.218,7188.8,569.772,2.519036
r00421,0.5,200,4,2,2,1,1024,0,0.1,1e-08,105.0,1440,0.80214,7610.1,1076.467,2.595867
r00422,1.0,1000,4,2,1,0,2048,1,0.1,1e-08,105.0,1410,1.14743,5578.7,2936.859,2.447134
r00423,1.0,200,4,2,2,1,1024,0,0.1,1e-08,100.0,1440,1.20357,7358.4,1113.278,2.549027
r00424,0.5,1000,4,4,1,0,2048,1,0.0,1e-08,95.0,1440,0.85425,5410.6,6056.273,2.46497
r00425,1.0,1000,4,1,2,1,2048,1,0.1,1e-08,190.0,1755,1.38666,6532.1,1254.116,2.445105
r00426,1.0,1000,4,1,1,0,2048,1,0.0,1e-08,190.0,1800,1.38585,7500.8,1092.144,2.405689
r00427,2.0,1000,8,2,1,0,1024,0,0.0,1e-08,95.0,1440,1.61152,11667.2,1404.284,2.384527
r00428,0.5,1000,16,1,1,0,1024,1,0.0,1e-06,100.0,1410,0.99161,13655.7,1199.79,2.468727
r00429,2.0,200,4,1,1,0,1024,0,0.0,1e-08,105.0,1410,1.67584,8053.0,508.629,2.565235
r00430,1.0,200,16,1,1,0,2048,1,0.1,1e-08,190.0,1755,1.57006,14843.6,2207.548,2.392788
r00431,0.5,200,8,2,1,0,2048,0,0.0,1e-08,95.0,1440,0.97683,9652.7,3394.711,2.458309
r00432,1.0,1000,8,2,2,1,2048,1,0.1,1e-08,180.0,1755,1.4869,8989.5,3645.141,2.36068
r00433,0.5,1000,8,2,1,0,1024,0,0.1,1e-08,95.0,1410,0.87518,11821.6,1385.943,2.483734
r00434,0.5,200,16,1,2,1,1024,1,0.0,1e-06,190.0,1800,1.30702,15704.1,1043.294,2.468628
r00435,0.5,1000,8,4,1,0,1024,0,0.1,1e-08,105.0,1410,1.04781,11667.6,2808.454,2.478995
r00436,2.0,200,16,2,1,0,2048,1,0.0,1e-08,190.0,1755,2.10729,14666.4,4468.451,2.392472
r00437,0.5,1000,16,2,1,0,1024,1,0.1,1e-08,95.0,1440,0.9142,13876.5,2361.404,2.467209
r00438,2.0,1000,4,2,2,1,2048,0,0.0,1e-08,180.0,1800,1.97535,8278.2,1979.179,2.382714
r00439,1.0,200,4,4,1,0,1024,0,0.1,1e-08,95.0,1440,1.17046,8381.9,1954.679,2.502923
r00440,1.0,1000,4,1,1,0,1024,0,0.0,1e-08,100.0,1410,1.21273,8174.7,501.058,2.484661
r00441,2.0,200,8,4,2,1,2048,1,0.0,1e-08,190.0,1800,2.01718,9561.7,6854.042,2.408753
r00442,0.5,1000,16,1,2,1,1024,1,0.0,1e-08,95.0,1440,0.98734,11242.6,1457.319,2.484656
r00443,2.0,1000,8,2,1,0,1024,0,0.1,1e-06,100.0,1410,1.81956,12173.3,1345.895,2.402604
r00444,1.0,200,16,2,2,1,2048,1,0.1,1e-08,190.0,1755,1.58001,12449.2,5264.278,2.377779
r00445,0.5,1000,16,2,2,1,2048,1,0.0,1e-08,190.0,1755,1.2281,13228.1,4954.313,2.377898
r00446,1.0,1000,8,1,2,1,1024,0,0.0,1e-08,100.0,1410,1.24384,9730.8,841.862,2.451857
r00447,1.0,1000,16,1,1,0,1024,1,0.0,1e-08,180.0,1755,1.51282,19176.1,854.397,2.374696
r00448,1.0,1000,16,2,1,0,2048,1,0.0,1e-08,190.0,1800,1.44411,15128.2,4332.049,2.321714
r00449,1.0,1000,8,2,2,1,1024,0,0.1,1e-06,180.0,1800,1.46662,13537.7,1210.25,2.393002
r00450,0.5,1000,4,2,1,0,2048,0,0.0,1e-08,105.0,1410,0.92328,7022.1,2333.196,2.479
r00451,2.0,200,4,4,2,1,1024,0,0.0,1e-08,105.0,1410,1.65887,7466.2,2194.435,2.563957
r00452,1.0,1000,4,4,1,0,1024,1,0.0,1e-08,95.0,1440,1.21756,6783.6,2415.251,2.464486
r00453,1.0,1000,8,1,1,0,2048,1,0.0,1e-08,180.0,1755,1.44355,10655.3,1537.643,2.346048
r00454,1.0,200,8,2,2,1,1024,0,0.0,1e-06,105.0,1410,1.24913,10441.3,1569.15,2.458938
r00455,0.5,200,8,2,2,1,1024,0,0.1,1e-06,105.0,1410,0.94035,10646.0,1538.979,2.517831
r00456,1.0,200,4,2,1,0,1024,0,0.0,1e-08,105.0,1410,1.11646,8313.4,985.392,2.496877
r00457,1.0,200,16,2,2,1,2048,1,0.0,1e-08,190.0,1800,1.58657,13074.5,5012.493,2.360647
r00458,1.0,1000,4,1,2,1,1024,0,0.0,1e-06,100.0,1410,1.15682,7146.2,573.173,2.517676
r00459,2.0,1000,4,4,1,0,1024,1,0.0,1e-08,95.0,1410,1.71442,6700.3,2445.257,2.432379
r00460,2.0,1000,8,1,2,1,2048,1,0.0,1e-08,190.0,1800,1.93935,9532.1,1718.817,2.335895
r00461,2.0,200,16,2,2,1,2048,1,0.0,1e-08,180.0,1800,2.07365,13274.5,4936.988,2.400806
r00462,0.5,200,16,1,2,1,2048,1,0.0,1e-08,190.0,1755,1.19441,12784.8,2563.045,2.429244
r00463,1.0,200,16,1,1,0,2048,1,0.0,1e-08,180.0,1800,1.52464,14593.6,2245.375,2.371687
r00464,1.0,1000,8,1,1,0,1024,0,0.1,1e-06,100.0,1410,1.2578,12438.3,658.611,2.45596
r00465,1.0,200,16,1,1,0,2048,1,0.0,1e-08,190.0,1800,1.53699,14651.7,2236.461,2.365703
r00466,2.0,1000,4,4,1,0,1024,0,0.1,1e-06,105.0,1440,1.69971,8698.4,1883.57,2.440374
r00467,1.0,1000,4,2,1,0,1024,1,0.1,1e-08,100.0,1440,1.13296,6811.6,1202.652,2.483988
r00468,2.0,200,4,4,2,1,1024,0,0.1,1e-08,95.0,1410,1.75618,7256.0,2257.996,2.577531
r00469,1.0,1000,16,2,1,0,1024,1,0.0,1e-08,190.0,1755,1.5036,17691.0,1852.246,2.355578
r00470,1.0,200,16,1,2,1,2048,1,0.1,1e-08,190.0,1800,1.54753,13278.1,2467.817,2.392719
r00471,0.5,1000,16,2,2,1,1024,1,0.0,1e-06,105.0,1410,1.03181,11507.4,2847.548,2.461202
r00472,1.0,1000,16,4,1,0,2048,1,0.0,1e-08,180.0,1755,1.47516,14497.8,9040.843,2.311549
r00473,1.0,200,4,4,2,1,1024,1,0.1,1e-08,105.0,1440,1.10717,5669.4,2889.881,2.535957
r00474,0.5,1000,8,2,1,0,2048,1,0.0,1e-08,190.0,1800,1.1992,10963.0,2988.974,2.375954
r00475,2.0,1000,8,1,1,0,2048,0,0.1,1e-08,100.0,1440,1.77381,9827.4,1667.173,2.39896
r00476,2.0,1000,4,1,1,0,1024,0,0.1,1e-08,100.0,1410,1.67084,8025.8,510.354,2.474262
r00477,2.0,200,16,1,1,0,2048,1,0.1,1e-08,190.0,1800,2.09372,14745.3,2222.27,2.431933
r00478,1.0,1000,16,1,1,0,2048,1,0.1,1e-08,190.0,1755,1.56073,14538.1,2253.935,2.358868
r00479,2.0,1000,8,1,2,1,1024,0,0.1,1e-08,95.0,1440,1.68261,10408.8,787.03,2.435209
r00480,1.0,1000,16,1,2,1,1024,1,0.1,1e-08,180.0,1800,1.48562,15492.5,1057.545,2.40726
r00481,1.0,1000,4,4,1,0,2048,1,0.0,1e-08,100.0,1440,1.1838,5217.4,6280.522,2.426016
r00482,0.5,1000,16,1,2,1,2048,1,0.0,1e-08,180.0,1755,1.24851,13261.6,2470.899,2.39208
r00483,2.0,200,16,1,2,1,2048,1,0.0,1e-08,190.0,1755,2.11408,13082.2,2504.77,2.421636
r00484,2.0,1000,4,2,1,0,1024,1,0.0,1e-08,105.0,1440,1.64542,6815.4,1201.986,2.438073
r00485,1.0,1000,4,4,2,1,1024,0,0.1,1e-08,100.0,1410,1.11504,7043.2,2326.204,2.510209
r00486,2.0,1000,8,4,2,1,1024,0,0.0,1e-08,95.0,1410,1.79222,10403.9,3149.588,2.402635
r00487,2.0,200,4,1,2,1,1024,0,0.0,1e-06,105.0,1440,1.76071,7369.2,555.828,2.596062
r00488,2.0,1000,16,2,1,0,2048,1,0.0,1e-08,180.0,1800,2.09894,15980.7,4100.94,2.290011
r00489,2.0,1000,16,1,2,1,2048,1,0.0,1e-08,180.0,1755,2.10743,13372.6,2450.378,2.325165
r00490,1.0,1000,4,4,1,0,2048,0,0.1,1e-08,180.0,1755,1.33041,8973.2,3651.753,2.393557
r00491,1.0,200,4,2,1,0,2048,1,0.0,1e-08,190.0,1800,1.52163,7362.8,2225.245,2.40976
r00492,1.0,1000,16,1,1,0,1024,1,0.0,1e-08,95.0,1410,1.3001,13682.7,1197.427,2.424269
r00493,0.5,1000,4,1,1,0,1024,0,0.0,1e-06,105.0,1410,0.96043,8833.1,463.712,2.534123
r00494,2.0,200,8,4,1,0,1024,0,0.0,1e-08,190.0,1755,1.8935,16228.0,2019.229,2.434655
r00495,1.0,200,16,4,1,0,1024,1,0.0,1e-06,180.0,1800,1.47075,18051.3,3630.549,2.366837
r00496,2.0,1000,16,2,1,0,2048,0,0.1,1e-08,190.0,1755,2.07582,18615.7,3520.47,2.310586
r00497,2.0,1000,4,1,2,1,1024,0,0.0,1e-06,105.0,1440,1.67694,7396.6,553.769,2.490144
r00498,2.0,1000,4,4,2,1,1024,0,0.0,1e-08,180.0,1755,1.8952,10318.8,1587.789,2.416969
r00499,1.0,200,4,2,1,0,1024,1,0.1,1e-08,100.0,1410,1.20009,6885.0,1189.832,2.517578
r00500,0.5,1000,16,1,2,1,1024,1,0.1,1e-08,100.0,1440,1.04309,11817.9,1386.372,2.49872
r00501,0.5,200,8,2,1,0,2048,1,0.1,1e-08,190.0,1800,1.13381,10772.6,3041.79,2.432554
r00502,2.0,200,4,2,1,0,1024,0,0.0,1e-08,95.0,1410,1.58753,8710.6,940.462,2.542739
r00503,2.0,1000,4,1,2,1,1024,0,0.0,1e-08,100.0,1410,1.69709,7491.6,546.748,2.493234
r00504,1.0,1000,16,4,2,1,2048,1,0.0,1e-08,180.0,1755,1.56281,12204.1,10739.985,2.322191
r00505,0.5,1000,8,1,2,1,2048,1,0.1,1e-08,190.0,1800,1.16991,8797.2,1862.417,2.428482
r00506,2.0,200,16,1,2,1,1024,1,0.1,1e-08,190.0,1755,2.12988,16343.4,1002.482,2.481906
r00507,1.0,200,4,4,2,1,2048,1,0.0,1e-08,95.0,1410,1.11157,4877.8,6717.773,2.477447
r00508,0.5,200,4,4,1,0,1024,0,0.0,1e-06,180.0,1800,1.06686,10738.0,1525.801,2.491059
r00509,2.0,1000,4,1,2,1,2048,1,0.0,1e-08,95.0,1410,1.68993,4880.1,1678.655,2.457189
r00510,2.0,200,4,2,1,0,1024,0,0.1,1e-06,100.0,1440,1.80611,8251.9,992.74,2.566912
r00511,1.0,1000,4,4,2,1,1024,0,0.0,1e-08,105.0,1410,1.19051,7325.9,2236.434,2.489321
r00512,2.0,200,4,4,1,0,1024,0,0.1,1e-06,190.0,1755,1.97974,11779.8,1390.851,2.507114
r00513,1.0,1000,16,2,1,0,2048,1,0.1,1e-08,180.0,1755,1.45644,14175.9,4623.073,2.334318
r00514,0.5,200,4,1,2,1,1024,0,0.1,1e-08,100.0,1440,0.95081,7105.7,576.436,2.622521
r00515,2.0,1000,8,1,1,0,1024,0,0.0,1e-08,105.0,1410,1.80927,12466.0,657.148,2.419363
r00516,2.0,1000,16,4,1,0,2048,0,0.1,1e-08,180.0,1800,2.18957,17332.4,7562.252,2.295641
r00517,0.5,1000,16,1,1,0,1024,1,0.0,1e-08,180.0,1800,1.21649,17621.6,929.77,2.431227
r00518,2.0,200,8,2,1,0,2048,1,0.0,1e-08,105.0,1410,1.70493,7678.7,4267.392,2.449882
r00519,2.0,1000,16,4,1,0,2048,1,0.0,1e-08,180.0,1755,2.05699,15284.4,8575.558,2.285834
r00520,1.0,200,16,2,2,1,1024,0,0.1,1e-08,180.0,1755,1.53286,19663.2,1666.46,2.415603
r00521,1.0,1000,4,1,1,0,2048,1,0.0,1e-08,95.0,1410,1.1873,5508.8,1487.083,2.446131
r00522,0.5,1000,8,2,2,1,1024,1,0.1,1e-06,105.0,1410,0.92572,8516.6,1923.764,2.48926
r00523,1.0,1000,8,2,1,0,1024,0,0.1,1e-06,105.0,1410,1.30709,12981.1,1262.139,2.435389
r00524,2.0,200,8,2,1,0,2048,1,0.1,1e-08,180.0,1800,1.92541,10959.4,2989.945,2.422908
r00525,1.0,1000,4,1,2,1,1024,0,0.1,1e-08,105.0,1440,1.15612,7697.8,532.102,2.540659
r00526,2.0,200,8,4,1,0,1024,0,0.0,1e-08,105.0,1440,1.84515,12649.2,2590.509,2.486462
r00527,1.0,1000,16,1,1,0,2048,1,0.0,1e-08,190.0,1800,1.43982,14632.1,2239.465,2.33958
r00528,0.5,1000,8,2,2,1,1024,0,0.0,1e-08,105.0,1410,0.995,10352.7,1582.58,2.486842
r00529,1.0,1000,8,2,2,1,2048,1,0.1,1e-08,100.0,1440,1.17742,7140.0,4589.344,2.402343
r00530,1.0,1000,8,2,1,0,1024,0,0.1,1e-06,100.0,1410,1.31859,11878.6,1379.281,2.434604
r00531,2.0,1000,16,4,1,0,1024,0,0.0,1e-06,180.0,1755,2.12532,23834.5,2749.631,2.317842
r00532,0.5,200,16,2,1,0,1024,1,0.1,1e-08,105.0,1440,1.00433,13365.2,2451.747,2.496986
r00533,2.0,200,8,4,2,1,1024,1,0.0,1e-06,95.0,1410,1.69855,8244.6,3974.468,2.487714
r00534,1.0,1000,8,4,2,1,2048,0,0.1,1e-08,95.0,1440,1.09573,8797.3,7449.6,2.389875
r00535,1.0,1000,4,1,2,1,2048,1,0.0,1e-08,105.0,1440,1.16101,4513.6,1814.973,2.482882
r00536,2.0,1000,4,4,1,0,1024,0,0.0,1e-08,95.0,1440,1.71215,8174.3,2004.337,2.437471
r00537,1.0,1000,8,1,2,1,2048,1,0.0,1e-08,190.0,1800,1.48766,9025.5,1815.295,2.375614
r00538,1.0,200,4,1,2,1,2048,1,0.0,1e-08,180.0,1800,1.46611,6409.4,1278.117,2.468457
r00539,2.0,200,4,4,2,1,2048,1,0.1,1e-08,105.0,1410,1.67794,4786.0,6846.688,2.543759
r00540,1.0,1000,16,2,2,1,1024,1,0.0,1e-08,180.0,1800,1.53398,16120.3,2032.718,2.371572
r00541,1.0,1000,8,2,2,1,1024,0,0.0,1e-06,105.0,1440,1.20113,10579.2,1548.698,2.43175
r00542,1.0,200,16,2,2,1,2048,1,0.0,1e-08,180.0,1755,1.47593,12692.5,5163.379,2.359111
r00543,2.0,200,8,4,2,1,1024,0,0.1,1e-08,95.0,1440,1.70206,10084.7,3249.272,2.51624
r00544,2.0,1000,8,2,2,1,1024,0,0.0,1e-06,105.0,1410,1.73857,10715.6,1528.98,2.398118
r00545,0.5,200,8,1,2,1,2048,1,0.0,1e-08,180.0,1755,1.30267,9176.4,1785.456,2.454782
r00546,2.0,200,4,4,2,1,1024,1,0.0,1e-06,105.0,1410,1.68756,5750.2,2849.315,2.564808
r00547,2.0,1000,4,2,2,1,1024,0,0.1,1e-06,100.0,1440,1.76693,7511.8,1090.545,2.483472
r00548,2.0,1000,8,1,1,0,1024,0,0.0,1e-08,180.0,1800,2.02866,16783.3,488.104,2.36672
r00549,1.0,1000,16,1,1,0,1024,1,0.0,1e-06,190.0,1800,1.59989,19101.1,857.752,2.381492
r00550,0.5,200,8,1,1,0,1024,0,0.1,1e-08,100.0,1410,1.02306,11479.5,713.621,2.543967
r00551,0.5,1000,8,2,1,0,2048,1,0.0,1e-08,105.0,1440,0.95661,7802.9,4199.458,2.431892
r00552,1.0,200,4,1,2,1,2048,0,0.0,1e-08,190.0,1755,1.46047,8018.4,1021.646,2.475031
r00553,2.0,1000,8,1,2,1,1024,1,0.1,1e-08,105.0,1440,1.70996,8324.6,984.066,2.444923
r00554,1.0,1000,4,4,2,1,2048,1,0.0,1e-08,95.0,1410,1.20398,4892.8,6697.13,2.450377
r00555,0.5,200,16,1,2,1,2048,1,0.0,1e-08,180.0,1755,1.23677,13318.0,2460.438,2.426253
r00556,2.0,200,8,2,2,1,1024,0,0.1,1e-08,190.0,1755,1.98417,14553.3,1125.795,2.471691
r00557,1.0,200,16,2,2,1,2048,1,0.1,1e-08,105.0,1440,1.39035,9463.6,6925.095,2.421368
r00558,0.5,200,4,2,1,0,2048,1,0.1,1e-08,180.0,1755,1.21387,7348.8,2229.474,2.481654
r00559,1.0,1000,8,1,2,1,1024,0,0.0,1e-08,105.0,1410,1.14989,9810.6,835.017,2.445207
r00560,2.0,1000,8,4,1,0,1024,0,0.0,1e-06,100.0,1440,1.75059,12669.0,2586.471,2.382844
r00561,0.5,1000,16,1,2,1,2048,0,0.1,1e-08,180.0,1800,1.22945,16028.2,2044.399,2.413995
r00562,1.0,200,4,4,1,0,1024,0,0.0,1e-08,180.0,1800,1.47623,11242.7,1457.304,2.44182
r00563,1.0,1000,4,1,2,1,1024,0,0.0,1e-08,100.0,1410,1.09923,7588.3,539.776,2.520828
r00564,2.0,200,4,1,2,1,2048,1,0.0,1e-08,100.0,1410,1.70714,4935.2,1659.9,2.549916
r00565,2.0,1000,16,1,2,1,1024,1,0.1,1e-06,180.0,1755,2.12163,15466.5,1059.324,2.376487
r00566,1.0,1000,4,2,2,1,1024,0,0.0,1e-08,100.0,1440,1.07202,7118.5,1150.803,2.497632
r00567,2.0,200,4,1,1,0,1024,1,0.1,1e-06,100.0,1440,1.70066,6813.7,601.145,2.574466
r00568,2.0,200,8,4,2,1,2048,1,0.1,1e-08,190.0,1755,1.95313,9406.1,6967.377,2.435101
r00569,2.0,200,8,2,1,0,2048,0,0.1,1e-08,95.0,1440,1.81605,10354.8,3164.515,2.474202
r00570,1.0,1000,16,4,1,0,2048,1,0.1,1e-08,190.0,1800,1.61088,15113.4,8672.582,2.319049
r00571,1.0,1000,16,4,2,1,2048,1,0.0,1e-08,100.0,1410,1.31786,9738.4,13459.276,2.377382
r00572,1.0,200,16,2,1,0,2048,1,0.1,1e-08,180.0,1755,1.50749,15455.7,4240.244,2.356342
r00573,1.0,1000,16,4,2,1,2048,1,0.0,1e-08,190.0,1755,1.52294,12741.9,10286.653,2.321765
r00574,1.0,1000,8,1,2,1,1024,1,0.0,1e-08,95.0,1410,1.23081,8557.0,957.345,2.442688
r00575,0.5,1000,16,1,2,1,1024,1,0.0,1e-06,180.0,1755,1.24143,15924.4,1028.863,2.436815
r00576,1.0,1000,4,4,1,0,1024,0,0.0,1e-06,100.0,1440,1.13656,8319.9,1969.265,2.454951
r00577,1.0,1000,8,2,2,1,1024,0,0.1,1e-08,105.0,1410,1.25869,10573.2,1549.581,2.446957
r00578,1.0,1000,16,4,1,0,2048,1,0.0,1e-08,180.0,1800,1.60475,15642.7,8379.138,2.310328
r00579,1.0,1000,4,1,1,0,1024,0,0.0,1e-06,100.0,1410,1.15683,8456.3,484.374,2.486358
r00580,1.0,1000,4,1,2,1,1024,0,0.0,1e-08,95.0,1440,1.18756,7497.5,546.318,2.527872
r00581,2.0,200,16,1,1,0,1024,1,0.1,1e-08,95.0,1440,1.90849,13815.9,1185.881,2.52228
r00582,2.0,1000,4,2,2,1,1024,0,0.0,1e-06,105.0,1440,1.68945,7597.5,1078.246,2.465277
r00583,2.0,1000,4,1,2,1,2048,1,0.0,1e-08,190.0,1755,1.93611,6296.1,1301.121,2.411497
r00584,0.5,200,4,2,1,0,1024,0,0.0,1e-06,100.0,1410,0.91968,8532.0,960.151,2.549394
r00585,1.0,1000,8,2,2,1,2048,1,0.0,1e-08,180.0,1755,1.39296,8900.2,3681.725,2.339858
r00586,0.5,200,8,4,1,0,2048,1,0.0,1e-08,180.0,1755,1.12068,9740.4,6728.239,2.40364
r00587,2.0,1000,16,1,1,0,2048,0,0.1,1e-08,180.0,1755,2.16991,18516.8,1769.637,2.328358
r00588,1.0,200,8,1,1,0,1024,1,0.0,1e-08,100.0,1410,1.23005,9702.2,844.341,2.470493
r00589,1.0,1000,8,1,2,1,1024,0,0.0,1e-08,105.0,1410,1.17041,10710.3,764.871,2.455166
r00590,0.5,1000,8,4,1,0,2048,1,0.0,1e-08,190.0,1755,1.22612,10300.0,6362.747,2.37819
r00591,0.5,1000,16,2,2,1,2048,0,0.0,1e-08,190.0,1755,1.24725,16763.6,3909.419,2.376266
r00592,2.0,1000,4,4,1,0,2048,1,0.0,1e-08,105.0,1410,1.80044,5180.7,6324.994,2.399152
r00593,2.0,200,4,2,2,1,1024,0,0.0,1e-08,190.0,1755,2.07907,10604.1,772.534,2.530347
r00594,1.0,1000,4,2,2,1,2048,1,0.0,1e-08,100.0,1410,1.18646,4754.3,3446.143,2.458042
r00595,1.0,1000,8,2,1,0,1024,0,0.0,1e-08,95.0,1410,1.1997,12192.9,1343.731,2.417341
r00596,2.0,200,8,2,1,0,2048,0,0.0,1e-08,95.0,1410,1.72705,9874.7,3318.389,2.451938
r00597,1.0,1000,4,4,1,0,1024,0,0.0,1e-08,105.0,1410,1.10924,8520.1,1922.98,2.461165
r00598,1.0,200,8,2,2,1,2048,1,0.1,1e-08,190.0,1800,1.45169,9286.8,3528.452,2.388517
r00599,2.0,200,16,4,1,0,1024,0,0.1,1e-06,105.0,1440,1.84245,17718.8,3698.67,2.488562
r00600,2.0,1000,4,2,2,1,2048,0,0.0,1e-08,95.0,1440,1.73077,6035.0,2714.851,2.430014
r00601,1.0,1000,16,1,2,1,2048,1,0.0,1e-08,190.0,1800,1.56145,12806.3,2558.737,2.351839
r00602,1.0,200,8,2,2,1,1024,1,0.0,1e-06,180.0,1755,1.45097,11314.0,1448.114,2.412781
r00603,1.0,1000,8,1,1,0,1024,0,0.0,1e-08,105.0,1410,1.31916,12297.8,666.134,2.45096
r00604,1.0,1000,8,1,1,0,2048,1,0.1,1e-08,100.0,1440,1.2238,7393.5,2215.993,2.416018
r00605,1.0,200,8,1,2,1,1024,1,0.1,1e-08,100.0,1410,1.19805,8443.3,970.233,2.493579
r00606,2.0,200,16,1,1,0,1024,0,0.0,1e-08,105.0,1440,1.82629,17400.3,941.595,2.506855
r00607,1.0,1000,16,2,1,0,2048,0,0.0,1e-08,180.0,1755,1.54319,18779.7,3489.726,2.314844
r00608,1.0,1000,16,4,2,1,1024,1,0.0,1e-08,180.0,1755,1.59382,16443.8,3985.456,2.365175
r00609,1.0,1000,16,2,2,1,2048,1,0.1,1e-08,190.0,1800,1.54265,13622.7,4810.792,2.348109
r00610,1.0,1000,16,2,1,0,2048,1,0.0,1e-08,190.0,1755,1.44541,15005.5,4367.458,2.311033
r00611,1.0,1000,8,2,2,1,1024,0,0.1,1e-06,95.0,1440,1.22725,10456.3,1566.9,2.438106
r00612,1.0,200,8,1,2,1,1024,0,0.1,1e-08,95.0,1440,1.18483,10825.7,756.719,2.493227
r00613,1.0,200,8,4,1,0,1024,0,0.0,1e-06,95.0,1410,1.18343,11597.8,2825.364,2.442689
r00614,0.5,1000,16,4,1,0,2048,1,0.0,1e-08,180.0,1755,1.25907,14955.5,8764.147,2.364806
r00615,2.0,1000,8,1,2,1,2048,1,0.0,1e-08,190.0,1755,1.95714,9457.6,1732.369,2.337662
r00616,0.5,200,8,4,1,0,1024,0,0.0,1e-08,105.0,1440,0.84795,12160.8,2694.551,2.495908
r00617,1.0,200,4,1,2,1,1024,0,0.0,1e-06,100.0,1410,1.14332,7235.2,566.118,2.551702
r00618,1.0,200,4,1,1,0,2048,1,0.0,1e-08,180.0,1755,1.45267,7254.8,1129.178,2.432179
r00619,2.0,1000,8,1,2,1,1024,0,0.0,1e-08,105.0,1440,1.78889,10419.1,786.252,2.432303
r00620,1.0,200,16,4,2,1,1024,1,0.1,1e-08,100.0,1440,1.32626,11469.1,5714.159,2.460135
r00621,0.5,1000,16,4,1,0,1024,1,0.1,1e-06,190.0,1755,1.27775,17978.4,3645.26,2.414732
r00622,1.0,1000,4,4,1,0,2048,0,0.0,1e-08,95.0,1410,1.16883,6765.7,4843.218,2.425782
r00623,1.0,1000,8,1,2,1,1024,0,0.0,1e-08,105.0,1440,1.24547,10551.1,776.409,2.4585
r00624,2.0,200,16,2,2,1,2048,1,0.0,1e-08,180.0,1755,2.056,12712.5,5155.258,2.397389
r00625,2.0,200,8,4,1,0,1024,0,0.1,1e-06,100.0,1440,1.73018,12141.8,2698.771,2.499205
r00626,0.5,1000,4,1,1,0,1024,0,0.0,1e-08,95.0,1440,0.90041,8728.4,469.272,2.53953
r00627,0.5,1000,16,4,2,1,1024,1,0.0,1e-08,180.0,1755,1.27759,15194.1,4313.266,2.412595
r00628,0.5,1000,8,4,2,1,2048,1,0.1,1e-08,180.0,1755,1.239,9251.8,7083.581,2.411852
r00629,1.0,1000,16,1,1,0,2048,1,0.1,1e-08,180.0,1755,1.55049,15350.5,2134.647,2.355
r00630,1.0,1000,8,2,1,0,2048,1,0.1,1e-08,190.0,1800,1.50298,10194.1,3214.406,2.350279
r00631,2.0,1000,8,4,2,1,1024,0,0.0,1e-08,100.0,1440,1.63406,10776.8,3040.605,2.397745
r00632,1.0,1000,4,2,2,1,2048,1,0.1,1e-08,105.0,1410,1.17541,4614.3,3550.731,2.475239
r00633,2.0,1000,4,1,2,1,1024,0,0.0,1e-08,105.0,1410,1.67763,7551.0,542.443,2.491783
r00634,2.0,200,4,1,2,1,2048,1,0.0,1e-08,95.0,1410,1.56579,4840.2,1692.484,2.548287
r00635,1.0,1000,16,2,2,1,2048,1,0.1,1e-08,180.0,1800,1.58245,13085.8,5008.19,2.345957
r00636,2.0,1000,4,1,1,0,1024,0,0.0,1e-08,95.0,1440,1.79959,8367.4,489.52,2.462158
r00637,1.0,200,16,1,1,0,2048,1,0.1,1e-08,190.0,1755,1.58814,15427.6,2123.992,2.390214
r00638,1.0,1000,16,1,2,1,2048,1,0.0,1e-08,180.0,1755,1.49452,12444.4,2633.158,2.354901
r00639,0.5,200,16,1,2,1,2048,1,0.0,1e-08,180.0,1800,1.3509,12846.1,2550.819,2.43124
r00640,0.5,200,16,2,2,1,2048,1,0.0,1e-08,180.0,1800,1.28225,13053.8,5020.441,2.414515
r00641,1.0,1000,4,4,1,0,1024,0,0.0,1e-06,100.0,1440,1.11634,8289.7,1976.425,2.455551
r00642,1.0,1000,16,1,1,0,1024,1,0.1,1e-06,190.0,1755,1.48543,18612.4,880.271,2.395185
r00643,1.0,200,16,1,2,1,1024,1,0.1,1e-08,180.0,1755,1.41962,16053.7,1020.576,2.437077
r00644,0.5,200,8,4,2,1,2048,1,0.1,1e-08,190.0,1755,1.26092,9263.9,7074.313,2.437613
r00645,2.0,1000,4,1,2,1,2048,0,0.1,1e-08,105.0,1410,1.729,6156.4,1330.646,2.468074
r00646,1.0,1000,8,1,2,1,2048,1,0.0,1e-08,100.0,1440,1.27755,6656.6,2461.302,2.41387
r00647,2.0,1000,8,1,2,1,2048,1,0.0,1e-08,180.0,1800,1.87304,9264.5,1768.47,2.335358
r00648,1.0,200,16,2,1,0,1024,1,0.0,1e-06,95.0,1410,1.22754,13645.6,2401.368,2.427464
r00649,2.0,1000,4,2,2,1,1024,0,0.1,1e-06,105.0,1410,1.71072,7549.8,1085.06,2.489146
r00650,2.0,200,16,1,2,1,2048,1,0.1,1e-08,180.0,1800,2.07769,12644.6,2591.464,2.444666
r00651,1.0,1000,8,1,2,1,1024,0,0.1,1e-08,190.0,1800,1.36064,14694.8,557.476,2.415201
r00652,2.0,1000,4,2,2,1,1024,0,0.0,1e-08,95.0,1440,1.7335,7229.0,1133.212,2.480104
r00653,0.5,200,4,4,1,0,1024,0,0.1,1e-06,100.0,1440,0.9315,8453.8,1938.071,2.551436
r00654,0.5,1000,8,2,1,0,1024,0,0.0,1e-08,190.0,1755,1.15137,16057.6,1020.327,2.42444
r00655,1.0,1000,16,2,1,0,2048,0,0.0,1e-08,180.0,1800,1.55923,19818.0,3306.896,2.325721
r00656,2.0,1000,16,2,1,0,2048,0,0.0,1e-08,190.0,1755,2.03473,18634.9,3516.842,2.290382
r00657,1.0,1000,16,2,1,0,1024,1,0.1,1e-08,100.0,1410,1.24316,13489.6,2429.127,2.410286
r00658,0.5,1000,16,4,1,0,2048,1,0.0,1e-08,190.0,1755,1.20948,14726.9,8900.147,2.363526
r00659,1.0,1000,8,4,1,0,1024,0,0.0,1e-06,105.0,1440,1.17713,11985.1,2734.071,2.408756
r00660,0.5,200,16,2,2,1,2048,1,0.0,1e-08,180.0,1800,1.29377,12748.1,5140.844,2.413903
r00661,1.0,1000,8,1,2,1,2048,1,0.1,1e-08,105.0,1440,1.22684,6920.1,2367.579,2.424207
r00662,1.0,200,16,1,1,0,2048,1,0.1,1e-08,190.0,1800,1.55725,14880.6,2202.058,2.387006
r00663,2.0,1000,16,2,2,1,1024,1,0.0,1e-06,190.0,1755,2.17105,15768.7,2078.047,2.351056
r00664,1.0,1000,16,1,2,1,1024,1,0.1,1e-06,190.0,1800,1.54912,16290.6,1005.736,2.405769
r00665,1.0,1000,8,4,2,1,1024,0,0.1,1e-06,95.0,1440,1.25969,10625.3,3083.971,2.43428
r00666,2.0,1000,8,1,2,1,1024,1,0.0,1e-06,95.0,1440,1.75518,8775.3,933.53,2.424728
r00667,2.0,1000,8,1,2,1,2048,1,0.0,1e-08,105.0,1440,1.7635,7185.3,2280.221,2.386569
r00668,2.0,1000,4,1,1,0,1024,0,0.0,1e-06,95.0,1440,1.72597,8927.3,458.816,2.466398
r00669,2.0,1000,16,2,2,1,2048,1,0.0,1e-08,180.0,1800,2.06178,13096.5,5004.091,2.297316
r00670,0.5,1000,16,2,2,1,2048,0,0.0,1e-08,190.0,1755,1.27984,16513.0,3968.762,2.383956
r00671,0.5,1000,8,2,2,1,2048,1,0.0,1e-08,180.0,1800,1.21954,8889.9,3685.989,2.395121
r00672,2.0,1000,4,4,1,0,1024,0,0.0,1e-06,105.0,1410,1.79413,8605.5,1903.908,2.429708
r00673,0.5,1000,4,4,2,1,1024,1,0.1,1e-08,105.0,1410,0.83134,5734.5,2857.077,2.554661
r00674,1.0,1000,16,2,2,1,2048,1,0.0,1e-08,180.0,1800,1.50873,13697.5,4784.507,2.323301
r00675,1.0,1000,16,1,2,1,2048,1,0.0,1e-08,190.0,1800,1.60707,12371.7,2648.625,2.355887
r00676,1.0,200,4,1,2,1,2048,1,0.1,1e-08,105.0,1410,1.16763,4634.9,1767.45,2.522678
r00677,2.0,1000,4,1,1,0,1024,0,0.0,1e-08,100.0,1410,1.80186,8894.3,460.518,2.465671
r00678,2.0,200,4,1,2,1,2048,1,0.0,1e-08,180.0,1800,1.98352,6579.5,1245.079,2.505063
r00679,1.0,1000,8,2,1,0,1024,0,0.1,1e-06,100.0,1410,1.17784,11932.1,1373.104,2.427595
r00680,2.0,1000,4,1,1,0,2048,1,0.0,1e-08,105.0,1440,1.71883,5741.3,1426.851,2.422811
r00681,1.0,200,8,4,1,0,1024,0,0.0,1e-06,105.0,1410,1.32868,12546.3,2611.761,2.447622
r00682,1.0,200,8,1,2,1,1024,0,0.0,1e-08,180.0,1800,1.51718,14235.7,575.456,2.440582
r00683,0.5,200,16,2,2,1,2048,1,0.1,1e-08,190.0,1800,1.18203,13559.0,4833.403,2.424234
r00684,1.0,1000,8,1,1,0,1024,0,0.1,1e-08,100.0,1410,1.19091,12440.7,658.485,2.458097
r00685,0.5,200,8,4,1,0,1024,0,0.1,1e-06,105.0,1410,0.9117,12270.2,2670.535,2.496067
r00686,2.0,200,16,4,1,0,1024,1,0.1,1e-06,95.0,1410,1.83235,13211.4,4960.568,2.479608
r00687,2.0,200,4,1,2,1,2048,0,0.0,1e-08,105.0,1410,1.77908,6033.0,1357.876,2.557142
r00688,1.0,1000,4,4,1,0,1024,0,0.0,1e-06,105.0,1410,1.0909,8667.1,1890.36,2.457925
r00689,2.0,200,8,4,1,0,1024,0,0.0,1e-08,180.0,1800,1.95714,15883.5,2063.025,2.433564
r00690,2.0,200,4,1,1,0,2048,1,0.0,1e-08,100.0,1440,1.663,5616.2,1458.631,2.5187
r00691,0.5,200,8,1,1,0,2048,1,0.0,1e-08,190.0,1800,1.16726,10434.2,1570.222,2.438008
r00692,2.0,1000,8,1,1,0,1024,0,0.0,1e-08,105.0,1440,1.79956,12397.0,660.804,2.416613
r00693,2.0,200,16,4,1,0,1024,0,0.0,1e-08,95.0,1440,1.8037,16613.2,3944.82,2.472467
r00694,1.0,200,4,4,1,0,1024,0,0.1,1e-06,95.0,1440,1.05815,8461.7,1936.252,2.493423
r00695,2.0,1000,16,4,2,1,2048,0,0.1,1e-08,190.0,1755,2.00497,16557.4,7916.224,2.314766
r00696,0.5,200,16,2,2,1,2048,1,0.0,1e-08,180.0,1800,1.2927,13635.1,4806.43,2.405434
r00697,2.0,1000,4,2,2,1,1024,0,0.0,1e-08,100.0,1440,1.7106,7374.6,1110.846,2.472354
r00698,2.0,1000,4,2,1,0,1024,0,0.0,1e-06,100.0,1410,1.71004,8068.7,1015.277,2.437649
r00699,1.0,200,8,1,2,1,2048,1,0.0,1e-08,190.0,1755,1.46228,8849.4,1851.424,2.392727
r00700,2.0,1000,8,4,1,0,1024,0,0.1,1e-08,190.0,1755,2.01721,15417.7,2125.352,2.361535
r00701,1.0,1000,16,1,2,1,2048,1,0.0,1e-08,180.0,1800,1.54782,13008.5,2518.966,2.347695
r00702,2.0,200,4,1,1,0,1024,1,0.0,1e-08,95.0,1410,1.71835,6824.7,600.177,2.568008
r00703,1.0,1000,4,1,1,0,1024,0,0.1,1e-08,180.0,1755,1.4959,11504.2,356.044,2.463382
r00704,1.0,1000,4,2,2,1,2048,1,0.1,1e-08,190.0,1800,1.4468,6285.7,2606.542,2.432409
r00705,1.0,200,16,1,1,0,2048,1,0.0,1e-08,180.0,1755,1.53713,14505.0,2259.078,2.367774
r00706,2.0,1000,4,2,2,1,1024,0,0.0,1e-06,100.0,1440,1.70231,7234.3,1132.378,2.467978
r00707,2.0,1000,4,2,2,1,1024,0,0.0,1e-08,95.0,1410,1.75581,7418.0,1104.346,2.478054
r00708,1.0,200,16,1,1,0,2048,1,0.0,1e-08,180.0,1800,1.55172,14705.2,2228.333,2.369227
r00709,1.0,200,8,2,1,0,1024,0,0.1,1e-08,105.0,1410,1.16331,11746.8,1394.766,2.461975
r00710,2.0,1000,4,2,1,0,1024,1,0.1,1e-06,105.0,1440,1.62691,6690.3,1224.464,2.442408
r00711,1.0,1000,16,2,2,1,2048,1,0.1,1e-08,190.0,1800,1.50376,12728.4,5148.797,2.344262
r00712,1.0,200,16,1,1,0,1024,1,0.0,1e-08,100.0,1440,1.30298,13055.9,1254.909,2.454891
r00713,1.0,1000,4,1,1,0,1024,0,0.0,1e-06,95.0,1440,1.13023,8508.6,481.397,2.478477
r00714,1.0,1000,4,4,1,0,1024,0,0.1,1e-08,100.0,1410,1.18064,8310.9,1971.398,2.471121
r00715,2.0,200,16,1,2,1,1024,1,0.0,1e-08,190.0,1800,2.06534,15543.8,1054.051,2.469299
r00716,1.0,200,16,2,2,1,1024,1,0.0,1e-06,180.0,1755,1.60543,16010.5,2046.656,2.391188
r00717,1.0,200,16,1,2,1,1024,1,0.0,1e-08,190.0,1755,1.46524,15720.4,1042.216,2.418458
r00718,2.0,1000,16,1,1,0,2048,1,0.1,1e-08,180.0,1755,2.13676,15480.5,2116.722,2.330962
r00719,1.0,200,8,2,2,1,1024,0,0.1,1e-08,105.0,1410,1.2999,10736.2,1526.057,2.475607
r00720,1.0,1000,8,1,2,1,2048,0,0.1,1e-08,190.0,1800,1.50982,11302.1,1449.646,2.386096
r00721,2.0,1000,8,4,1,0,1024,0,0.1,1e-06,105.0,1410,1.69572,11981.1,2734.984,2.392261
r00722,1.0,1000,16,2,1,0,2048,1,0.1,1e-08,190.0,1800,1.42857,15154.0,4324.673,2.328636
r00723,1.0,1000,8,1,1,0,1024,0,0.0,1e-08,95.0,1440,1.15136,12182.7,672.43,2.434957
r00724,0.5,1000,16,2,2,1,2048,1,0.0,1e-08,190.0,1800,1.31977,12316.4,5321.056,2.386065
r00725,1.0,1000,8,4,1,0,1024,0,0.0,1e-08,190.0,1800,1.50431,16389.1,1999.375,2.364538
r00726,2.0,200,8,4,2,1,1024,0,0.1,1e-08,100.0,1410,1.80515,10412.8,3146.886,2.513532
r00727,2.0,1000,16,1,1,0,1024,1,0.1,1e-08,190.0,1755,1.99534,18386.8,891.076,2.36331
r00728,2.0,1000,4,4,1,0,1024,0,0.1,1e-06,100.0,1440,1.61476,8819.6,1857.675,2.435
r00729,1.0,1000,4,4,2,1,1024,0,0.0,1e-08,95.0,1440,1.17695,7574.4,2163.063,2.497654
r00730,2.0,1000,8,2,1,0,2048,1,0.1,1e-08,190.0,1755,1.97203,10423.6,3143.636,2.315744
r00731,2.0,1000,8,4,2,1,2048,1,0.0,1e-08,105.0,1440,1.73193,7001.8,9359.936,2.360717
r00732,1.0,200,4,4,1,0,2048,1,0.0,1e-08,100.0,1410,1.15586,5503.3,5954.235,2.446621
r00733,0.5,200,8,1,2,1,2048,1,0.0,1e-08,190.0,1800,1.24405,9635.0,1700.469,2.446534
r00734,0.5,1000,16,4,1,0,2048,0,0.1,1e-08,180.0,1755,1.26615,19291.3,6794.37,2.374556
r00735,1.0,1000,8,1,2,1,1024,1,0.1,1e-06,105.0,1440,1.2857,8640.8,948.061,2.469211
r00736,1.0,1000,4,1,1,0,2048,1,0.0,1e-08,100.0,1440,1.08057,5315.4,1541.19,2.455022
r00737,2.0,1000,4,2,1,0,2048,1,0.0,1e-08,95.0,1410,1.64614,5428.2,3018.326,2.399626
r00738,1.0,1000,8,2,2,1,1024,0,0.0,1e-08,100.0,1410,1.23898,10496.3,1560.931,2.438862
r00739,2.0,200,8,4,2,1,2048,0,0.0,1e-08,190.0,1800,1.9333,11843.9,5533.33,2.400103
r00740,1.0,1000,4,2,2,1,2048,1,0.0,1e-08,180.0,1800,1.44262,6554.4,2499.691,2.416463
r00741,1.0,200,8,2,1,0,2048,0,0.0,1e-08,180.0,1755,1.45926,13520.2,2423.629,2.370185
r00742,2.0,1000,4,2,1,0,1024,1,0.1,1e-08,105.0,1440,1.68972,6791.2,1206.276,2.452676
r00743,2.0,1000,16,2,1,0,2048,1,0.1,1e-08,180.0,1755,2.11643,14368.4,4561.115,2.307472
r00744,2.0,200,4,1,2,1,1024,1,0.1,1e-08,95.0,1410,1.69431,6039.2,678.237,2.608518
r00745,0.5,1000,4,1,1,0,2048,1,0.0,1e-08,95.0,1440,0.82033,5254.3,1559.094,2.494304
r00746,0.5,200,8,2,2,1,1024,0,0.1,1e-08,190.0,1800,1.17597,14303.3,1145.466,2.477101
r00747,1.0,1000,8,2,1,0,1024,0,0.1,1e-06,190.0,1755,1.42239,16285.1,1006.073,2.384533
r00748,1.0,200,4,1,2,1,1024,0,0.0,1e-08,180.0,1755,1.31823,9823.7,416.951,2.500985
r00749,0.5,200,16,1,1,0,1024,0,0.1,1e-08,190.0,1800,1.20191,23267.4,704.16,2.481906
r00750,1.0,1000,16,2,1,0,2048,1,0.1,1e-08,190.0,1755,1.6355,14582.6,4494.114,2.331797
r00751,1.0,1000,8,1,1,0,1024,0,0.1,1e-08,105.0,1410,1.14602,12482.0,656.305,2.45643
r00752,2.0,1000,8,4,1,0,2048,1,0.1,1e-08,100.0,1440,1.76522,7677.6,8535.966,2.358606
r00753,2.0,1000,16,1,1,0,2048,0,0.0,1e-08,190.0,1755,2.05412,18908.0,1733.027,2.317454
r00754,2.0,1000,4,1,2,1,1024,0,0.0,1e-06,95.0,1410,1.70703,7223.6,567.03,2.490005
r00755,2.0,1000,4,1,1,0,2048,1,0.1,1e-08,100.0,1440,1.67879,5745.7,1425.752,2.437218
r00756,1.0,1000,16,4,1,0,1024,1,0.1,1e-06,190.0,1755,1.54527,17747.1,3692.763,2.360834
r00757,2.0,1000,16,2,1,0,2048,0,0.0,1e-08,105.0,1410,1.77889,13700.1,4783.605,2.332151
r00758,1.0,1000,8,2,2,1,1024,0,0.0,1e-06,190.0,1800,1.46186,14247.0,1149.997,2.374302
r00759,2.0,1000,8,2,1,0,2048,1,0.0,1e-08,190.0,1800,2.06218,10301.0,3181.063,2.310663
r00760,2.0,1000,8,4,2,1,1024,0,0.0,1e-08,95.0,1410,1.67717,10450.9,3135.427,2.393355
r00761,1.0,1000,16,2,2,1,1024,1,0.1,1e-08,105.0,1410,1.26347,11668.3,2808.289,2.435277
r00762,0.5,1000,4,4,2,1,1024,0,0.0,1e-08,100.0,1440,0.86822,7322.2,2237.591,2.541178
r00763,1.0,200,4,4,2,1,2048,1,0.1,1e-08,95.0,1440,1.20761,4698.8,6973.706,2.499845
r00764,0.5,1000,4,4,2,1,2048,1,0.0,1e-08,180.0,1800,1.16479,6402.1,5118.344,2.456701
r00765,1.0,1000,16,2,2,1,1024,1,0.1,1e-06,105.0,1410,1.23008,11969.6,2737.611,2.424705
r00766,2.0,200,16,4,2,1,2048,1,0.0,1e-08,100.0,1440,1.83223,9593.0,13663.283,2.437526
r00767,1.0,1000,8,2,1,0,2048,1,0.0,1e-08,95.0,1410,1.20717,7856.7,4170.723,2.378672
r00768,1.0,200,4,4,2,1,2048,1,0.0,1e-08,105.0,1440,1.19755,4801.5,6824.501,2.484663
r00769,0.5,200,4,2,2,1,1024,0,0.0,1e-08,95.0,1410,0.95046,7235.6,1132.18,2.582963
r00770,0.5,200,16,1,1,0,2048,1,0.0,1e-08,190.0,1755,1.1414,14708.0,2227.896,2.418328
r00771,2.0,1000,8,2,2,1,2048,0,0.1,1e-08,180.0,1755,1.99012,11519.0,2844.688,2.335975
r00772,2.0,200,16,2,2,1,2048,1,0.0,1e-08,180.0,1755,2.15026,12528.6,5230.891,2.405393
r00773,1.0,1000,4,2,2,1,1024,0,0.1,1e-08,100.0,1410,1.20916,7449.8,1099.62,2.521133
r00774,2.0,1000,16,4,1,0,1024,1,0.1,1e-08,100.0,1410,1.88664,14074.8,4656.26,2.385917
r00775,1.0,200,16,2,1,0,2048,1,0.0,1e-08,180.0,1755,1.50209,14858.6,4410.636,2.345542
r00776,1.0,200,16,1,1,0,1024,0,0.0,1e-06,95.0,1440,1.3698,16561.1,989.305,2.452099
r00777,0.5,200,16,1,1,0,1024,1,0.0,1e-08,95.0,1410,0.95725,14369.4,1140.199,2.513051
r00778,0.5,200,4,1,2,1,1024,0,0.0,1e-06,100.0,1440,0.85569,7655.9,535.015,2.594963
r00779,1.0,200,8,1,2,1,1024,0,0.0,1e-08,180.0,1755,1.40329,14236.0,575.441,2.431065
r00780,2.0,200,8,1,2,1,1024,1,0.0,1e-08,100.0,1440,1.68577,8254.2,992.466,2.526418
r00781,0.5,1000,4,1,2,1,1024,0,0.0,1e-06,180.0,1755,1.20823,9359.9,437.611,2.53054
r00782,0.5,1000,16,1,1,0,2048,1,0.0,1e-08,190.0,1755,1.2401,14841.5,2207.865,2.390586
r00783,2.0,1000,8,2,2,1,2048,1,0.0,1e-08,190.0,1755,2.07408,9062.1,3615.923,2.321084
r00784,0.5,1000,8,1,2,1,1024,0,0.1,1e-08,100.0,1410,0.86291,10267.5,797.854,2.525776
r00785,2.0,200,16,1,2,1,2048,1,0.0,1e-08,180.0,1755,2.11282,12424.4,2637.393,2.42332
r00786,1.0,200,4,4,2,1,1024,0,0.0,1e-08,190.0,1800,1.40713,10376.6,1578.934,2.470158
r00787,0.5,1000,16,1,1,0,1024,1,0.1,1e-08,190.0,1800,1.33816,17911.3,914.731,2.445005
r00788,1.0,1000,16,1,2,1,1024,1,0.0,1e-08,190.0,1755,1.52807,16007.7,1023.51,2.382066
r00789,1.0,1000,4,2,1,0,1024,0,0.0,1e-06,105.0,1410,1.15022,8612.7,951.156,2.464754
r00790,2.0,200,4,4,2,1,1024,0,0.0,1e-08,95.0,1440,1.68096,7598.1,2156.338,2.5666
r00791,1.0,1000,8,4,2,1,1024,1,0.1,1e-08,100.0,1410,1.22651,8473.6,3867.054,2.436171
r00792,2.0,1000,8,1,2,1,2048,1,0.1,1e-08,180.0,1755,2.02218,9442.7,1735.106,2.355623
r00793,0.5,200,8,2,1,0,1024,0,0.0,1e-08,180.0,1800,1.26018,15398.3,1064.017,2.453664
r00794,2.0,1000,8,1,1,0,2048,1,0.1,1e-08,105.0,1440,1.73947,8106.4,2021.127,2.392744
r00795,1.0,200,8,2,1,0,1024,1,0.0,1e-08,105.0,1410,1.32456,9724.5,1684.811,2.447639
r00796,1.0,1000,4,2,1,0,2048,1,0.1,1e-08,95.0,1440,1.18026,5224.1,3136.239,2.440377
r00797,0.5,200,8,1,2,1,1024,0,0.0,1e-06,180.0,1800,1.1258,13270.9,617.293,2.480689
r00798,2.0,200,16,1,1,0,2048,1,0.1,1e-08,190.0,1755,2.12994,14660.2,2235.168,2.434187
r00799,0.5,200,16,2,2,1,2048,1,0.0,1e-08,180.0,1800,1.30961,13124.8,4993.303,2.417725
r00800,0.5,1000,4,1,2,1,1024,0,0.0,1e-08,100.0,1440,0.90708,7451.9,549.656,2.57141
r00801,1.0,200,4,1,2,1,2048,1,0.0,1e-08,105.0,1410,1.12978,4983.3,1643.904,2.50903
r00802,1.0,200,4,1,2,1,1024,0,0.0,1e-08,95.0,1440,1.12246,7421.5,551.912,2.553684
r00803,1.0,200,4,2,1,0,2048,1,0.1,1e-08,95.0,1410,1.17919,5566.1,2943.513,2.480732
r00804,1.0,1000,16,4,1,0,2048,1,0.1,1e-08,100.0,1440,1.31775,10934.5,11987.006,2.366977
r00805,2.0,200,4,2,2,1,1024,0,0.0,1e-08,95.0,1440,1.78247,7110.4,1152.119,2.578703
r00806,2.0,1000,4,1,2,1,2048,1,0.0,1e-08,100.0,1440,1.6791,5025.6,1630.048,2.457
r00807,1.0,1000,4,1,1,0,2048,0,0.0,1e-08,190.0,1755,1.45027,9378.6,873.482,2.406032
r00808,1.0,1000,8,4,1,0,1024,0,0.1,1e-08,105.0,1440,1.21575,11302.0,2899.299,2.425304
r00809,1.0,200,16,2,2,1,1024,1,0.0,1e-06,100.0,1410,1.2604,12102.7,2707.492,2.437942
r00810,2.0,1000,16,1,2,1,2048,1,0.0,1e-08,180.0,1800,2.09193,12550.9,2610.817,2.322148
r00811,2.0,200,8,2,2,1,2048,1,0.0,1e-08,180.0,1755,1.98021,9207.3,3558.93,2.424565
r00812,1.0,1000,4,2,2,1,1024,0,0.1,1e-06,105.0,1440,1.28223,7507.5,1091.173,2.509044
r00813,2.0,200,4,1,1,0,1024,1,0.0,1e-06,100.0,1410,1.70604,7033.6,582.349,2.561251
r00814,2.0,200,16,1,1,0,2048,1,0.1,1e-08,100.0,1440,1.81487,11208.9,2923.38,2.473919
r00815,1.0,200,16,2,2,1,2048,1,0.0,1e-08,95.0,1410,1.30736,9764.4,6711.725,2.404804
r00816,2.0,1000,4,2,1,0,1024,0,0.1,1e-08,100.0,1440,1.70742,8781.3,932.893,2.462724
r00817,1.0,1000,8,1,2,1,2048,1,0.0,1e-08,100.0,1410,1.21721,7057.7,2321.448,2.41386
r00818,0.5,200,4,1,1,0,1024,0,0.1,1e-06,100.0,1410,0.92787,8292.2,493.96,2.581623
r00819,0.5,200,16,4,2,1,1024,1,0.0,1e-08,190.0,1800,1.20159,15770.3,4155.663,2.437098
r00820,1.0,1000,16,4,2,1,2048,1,0.0,1e-08,190.0,1755,1.56039,12920.8,10144.247,2.320081
r00821,1.0,1000,8,1,1,0,2048,0,0.1,1e-08,95.0,1440,1.23297,9703.7,1688.425,2.416303
r00822,1.0,200,4,1,1,0,1024,1,0.0,1e-08,105.0,1410,1.11792,6728.2,608.784,2.516482
r00823,1.0,1000,8,1,1,0,1024,1,0.1,1e-08,180.0,1755,1.44352,12957.0,632.247,2.410027
r00824,2.0,1000,16,1,2,1,1024,1,0.0,1e-08,105.0,1440,1.89988,11566.2,1416.547,2.417426
r00825,2.0,1000,4,1,1,0,1024,0,0.0,1e-06,100.0,1410,1.7003,8360.7,489.913,2.46032
r00826,2.0,200,16,2,1,0,2048,1,0.0,1e-08,190.0,1755,2.05808,15337.4,4272.942,2.39431
r00827,0.5,1000,4,1,1,0,2048,1,0.1,1e-08,190.0,1755,1.08274,7256.1,1128.987,2.469905
r00828,2.0,1000,16,2,1,0,2048,1,0.0,1e-08,190.0,1755,2.07089,14744.5,4444.776,2.288796
r00829,0.5,200,16,2,1,0,2048,0,0.1,1e-08,95.0,1440,1.02925,13033.8,5028.17,2.468999
r00830,1.0,1000,16,1,2,1,2048,1,0.1,1e-08,100.0,1440,1.33298,9173.8,3571.894,2.410163
r00831,0.5,1000,4,2,1,0,2048,1,0.0,1e-08,100.0,1440,0.86147,5575.4,2938.627,2.48195
r00832,1.0,1000,4,4,2,1,1024,0,0.1,1e-08,105.0,1440,1.21641,7351.7,2228.604,2.505295
r00833,1.0,200,4,2,1,0,1024,0,0.0,1e-08,95.0,1410,1.11353,8645.3,947.562,2.496088
r00834,1.0,200,4,2,2,1,1024,0,0.0,1e-08,105.0,1440,1.22194,7900.4,1036.903,2.531461
r00835,1.0,200,8,1,1,0,1024,0,0.1,1e-08,100.0,1440,1.21918,12672.8,646.424,2.491441
r00836,0.5,1000,8,1,1,0,1024,0,0.0,1e-08,95.0,1440,0.985,11887.2,689.143,2.497018
r00837,1.0,1000,8,2,1,0,1024,0,0.0,1e-06,190.0,1755,1.51737,16700.4,981.056,2.368678
r00838,0.5,1000,16,1,2,1,1024,0,0.1,1e-06,180.0,1800,1.3057,19089.8,858.258,2.452062
r00839,1.0,1000,8,4,1,0,2048,1,0.0,1e-08,180.0,1800,1.49863,10683.7,6134.183,2.328463
r00840,2.0,1000,16,4,1,0,2048,0,0.1,1e-08,180.0,1755,2.01224,18185.3,7207.585,2.294505
r00841,1.0,200,8,4,2,1,1024,0,0.1,1e-08,100.0,1440,1.2578,10235.7,3201.345,2.468329
r00842,2.0,200,16,2,1,0,1024,1,0.1,1e-06,190.0,1755,2.10715,18895.1,1734.206,2.458845
r00843,1.0,200,4,1,1,0,2048,1,0.1,1e-08,180.0,1800,1.42045,7738.6,1058.591,2.443268
r00844,1.0,1000,8,1,1,0,1024,0,0.0,1e-06,190.0,1800,1.40597,16188.8,506.03,2.389173
r00845,2.0,1000,4,1,2,1,1024,1,0.1,1e-08,105.0,1440,1.75101,6141.2,666.969,2.510278
r00846,0.5,1000,16,2,2,1,2048,0,0.1,1e-08,180.0,1800,1.24747,15755.5,4159.572,2.39214
r00847,1.0,200,8,1,1,0,2048,1,0.0,1e-08,95.0,1410,1.1869,7823.6,2094.188,2.423151
r00848,1.0,200,8,1,2,1,1024,0,0.0,1e-08,105.0,1440,1.14885,10158.1,806.453,2.478082
r00849,0.5,1000,4,1,1,0,1024,0,0.0,1e-08,105.0,1410,0.97089,8617.4,475.319,2.544202
r00850,1.0,200,16,2,2,1,2048,1,0.1,1e-08,190.0,1800,1.53447,12861.3,5095.613,2.384611
r00851,1.0,1000,4,1,1,0,1024,1,0.0,1e-08,100.0,1410,1.17114,7040.8,581.751,2.490761
r00852,1.0,200,16,4,2,1,1024,1,0.0,1e-08,180.0,1800,1.52614,15661.2,4184.603,2.388427
r00853,2.0,1000,4,1,1,0,1024,1,0.0,1e-06,105.0,1440,1.72374,6631.9,617.618,2.457537
r00854,2.0,1000,4,2,1,0,1024,1,0.1,1e-06,95.0,1410,1.71684,6913.9,1184.866,2.459759
r00855,1.0,200,16,2,1,0,1024,0,0.1,1e-08,105.0,1440,1.25458,15931.2,2056.844,2.453334
r00856,2.0,1000,8,2,2,1,2048,1,0.1,1e-08,180.0,1755,1.97989,8685.8,3772.598,2.329917
r00857,2.0,1000,8,1,1,0,1024,0,0.0,1e-06,95.0,1440,1.75887,12034.9,680.686,2.410093
r00858,0.5,1000,8,1,1,0,2048,1,0.0,1e-08,95.0,1410,0.96139,7721.2,2121.959,2.454472
r00859,1.0,1000,16,1,1,0,1024,0,0.1,1e-06,190.0,1800,1.43729,22412.8,731.012,2.383648
r00860,1.0,1000,16,1,1,0,1024,1,0.0,1e-08,190.0,1755,1.50506,17806.1,920.135,2.374896
r00861,1.0,1000,16,2,1,0,2048,1,0.1,1e-08,180.0,1755,1.56113,14258.1,4596.4,2.34503
r00862,1.0,200,8,1,1,0,1024,0,0.1,1e-08,105.0,1440,1.14519,11873.7,689.926,2.483248
r00863,2.0,200,8,2,1,0,2048,1,0.1,1e-08,180.0,1755,2.05706,10261.4,3193.337,2.426854
r00864,0.5,200,4,4,1,0,1024,0,0.0,1e-08,95.0,1440,0.9324,8247.6,1986.528,2.542286
r00865,1.0,1000,16,4,2,1,2048,0,0.0,1e-08,180.0,1755,1.39581,16199.4,8091.143,2.317768
r00866,2.0,1000,4,1,1,0,1024,0,0.0,1e-08,95.0,1410,1.78875,8792.6,465.845,2.470285
r00867,2.0,200,16,1,2,1,1024,1,0.0,1e-08,105.0,1440,1.86258,11744.0,1395.1,2.513827
r00868,1.0,1000,16,1,1,0,1024,1,0.1,1e-08,190.0,1800,1.49234,18381.8,891.318,2.394907
r00869,2.0,200,4,1,1,0,1024,0,0.0,1e-08,100.0,1410,1.65573,8492.3,482.319,2.566026
r00870,1.0,1000,8,1,2,1,2048,1,0.0,1e-08,190.0,1800,1.50049,9183.3,1784.107,2.364551
r00871,0.5,1000,4,2,1,0,1024,0,0.1,1e-08,95.0,1410,0.96064,8082.0,1013.608,2.534192
r00872,0.5,200,16,1,2,1,1024,1,0.0,1e-08,100.0,1440,1.0129,11779.4,1390.905,2.522636
r00873,1.0,1000,8,4,1,0,1024,0,0.1,1e-08,105.0,1440,1.22377,12341.1,2655.196,2.431615
r00874,2.0,1000,16,1,1,0,2048,1,0.1,1e-08,190.0,1755,2.10441,14925.0,2195.514,2.336439
r00875,2.0,1000,4,1,1,0,1024,0,0.0,1e-06,105.0,1410,1.72133,8708.2,470.362,2.471747
r00876,1.0,1000,16,1,1,0,1024,1,0.1,1e-06,180.0,1800,1.49751,18049.7,907.716,2.382662
r00877,2.0,1000,4,2,2,1,2048,1,0.0,1e-08,180.0,1755,1.9421,6405.8,2557.668,2.384451
r00878,0.5,200,8,2,2,1,1024,0,0.1,1e-08,190.0,1755,1.29051,14646.2,1118.651,2.479896
r00879,1.0,1000,16,1,2,1,1024,1,0.1,1e-08,190.0,1800,1.5558,16464.5,995.11,2.403497
r00880,0.5,200,4,4,1,0,1024,1,0.1,1e-06,95.0,1410,0.80553,7048.5,2324.455,2.544867
r00881,2.0,200,16,1,2,1,1024,1,0.1,1e-06,95.0,1440,1.84674,11440.6,1432.092,2.523519
r00882,2.0,200,16,2,2,1,2048,0,0.0,1e-08,180.0,1755,2.04266,15849.7,4134.84,2.39984
r00883,2.0,200,8,2,1,0,1024,0,0.0,1e-08,190.0,1800,1.90941,16658.1,983.545,2.451876
r00884,1.0,1000,8,1,2,1,1024,0,0.0,1e-08,100.0,1410,1.12816,10216.7,801.827,2.451717
r00885,0.5,200,16,4,2,1,2048,1,0.0,1e-08,180.0,1800,1.29909,13143.7,9972.245,2.399005
r00886,1.0,1000,8,2,2,1,1024,0,0.0,1e-06,95.0,1440,1.20762,10371.9,1579.645,2.421669
r00887,2.0,1000,16,2,1,0,2048,0,0.0,1e-08,190.0,1800,2.08036,18504.4,3541.65,2.299306
r00888,2.0,1000,8,4,1,0,1024,1,0.0,1e-08,95.0,1440,1.78648,9705.5,3376.222,2.387544
r00889,2.0,200,16,1,1,0,2048,1,0.0,1e-08,190.0,1755,2.11888,15288.7,2143.281,2.418391
r00890,2.0,200,8,2,2,1,1024,0,0.1,1e-08,105.0,1410,1.77875,10537.4,1554.846,2.522075
r00891,0.5,1000,8,2,1,0,2048,1,0.0,1e-08,105.0,1440,1.05182,7373.1,4444.293,2.433869
r00892,1.0,1000,4,1,1,0,2048,1,0.1,1e-08,95.0,1440,1.10477,5445.9,1504.256,2.459773
r00893,0.5,1000,4,1,1,0,1024,0,0.1,1e-08,105.0,1440,0.84386,8630.0,474.624,2.554315
r00894,0.5,200,16,1,2,1,1024,1,0.0,1e-08,190.0,1755,1.24548,15933.3,1028.284,2.469758
r00895,1.0,200,4,1,1,0,1024,0,0.0,1e-08,100.0,1440,1.22598,8485.6,482.698,2.52749
r00896,2.0,200,4,2,1,0,1024,1,0.0,1e-08,105.0,1410,1.68473,7231.3,1132.853,2.537719
r00897,2.0,1000,4,2,1,0,1024,0,0.1,1e-06,95.0,1410,1.71361,8321.8,984.401,2.453207
r00898,1.0,1000,8,2,1,0,2048,1,0.1,1e-08,100.0,1410,1.12827,7933.6,4130.26,2.389846
r00899,1.0,200,8,2,2,1,2048,1,0.1,1e-08,190.0,1800,1.46515,9038.4,3625.425,2.380984
r00900,1.0,1000,8,4,1,0,1024,0,0.1,1e-08,180.0,1755,1.53727,16257.7,2015.534,2.382516
r00901,1.0,200,8,1,2,1,2048,0,0.0,1e-08,190.0,1755,1.40316,11401.8,1436.971,2.390065
r00902,0.5,1000,8,1,1,0,2048,1,0.1,1e-08,180.0,1800,1.0939,10738.4,1525.743,2.416013
r00903,1.0,1000,16,4,1,0,2048,1,0.1,1e-08,190.0,1755,1.52172,14715.4,8907.114,2.314496
r00904,1.0,1000,16,2,1,0,2048,1,0.1,1e-08,190.0,1755,1.48924,14890.3,4401.245,2.336025
r00905,1.0,200,16,2,2,1,2048,1,0.1,1e-08,180.0,1800,1.47616,12936.0,5066.163,2.377229
r00906,2.0,1000,16,1,2,1,1024,1,0.1,1e-08,190.0,1800,2.06724,15088.2,1085.884,2.383053
r00907,1.0,1000,4,4,1,0,1024,0,0.1,1e-06,95.0,1410,1.09196,8373.1,1956.752,2.469886
r00908,0.5,1000,16,2,1,0,1024,1,0.0,1e-08,105.0,1440,0.97737,13298.7,2463.998,2.455618
r00909,1.0,1000,4,1,2,1,2048,1,0.1,1e-08,100.0,1440,1.23886,4792.0,1709.51,2.495265
r00910,0.5,1000,16,2,1,0,1024,1,0.1,1e-06,105.0,1410,1.1252,13294.1,2464.856,2.469301
r00911,1.0,1000,4,1,1,0,1024,0,0.1,1e-08,95.0,1440,1.18986,8506.8,481.494,2.508022
r00912,1.0,200,16,2,2,1,2048,0,0.0,1e-08,180.0,1800,1.52002,16508.0,3969.962,2.357424
r00913,1.0,200,8,1,1,0,2048,1,0.0,1e-08,190.0,1755,1.45873,11422.6,1434.35,2.383995
r00914,2.0,1000,8,4,2,1,1024,0,0.0,1e-08,100.0,1410,1.77576,10681.6,3067.709,2.392658
r00915,2.0,200,8,1,1,0,2048,1,0.1,1e-08,190.0,1800,2.13304,10994.2,1490.24,2.446242
r00916,1.0,1000,16,4,2,1,1024,1,0.0,1e-06,105.0,1410,1.24098,11781.3,5562.737,2.403955
r00917,2.0,1000,16,1,2,1,2048,1,0.0,1e-08,190.0,1800,2.08722,13394.3,2446.416,2.328462
r00918,1.0,1000,8,1,1,0,1024,0,0.0,1e-06,180.0,1755,1.39855,16853.9,486.061,2.393149
r00919,0.5,1000,8,2,2,1,1024,1,0.1,1e-08,180.0,1800,1.13661,11909.7,1375.686,2.446045
r00920,1.0,200,16,2,2,1,2048,1,0.0,1e-08,180.0,1800,1.49132,12921.6,5071.827,2.355985
r00921,0.5,1000,4,1,1,0,1024,0,0.1,1e-08,100.0,1440,0.89717,8674.4,472.192,2.556644
r00922,2.0,1000,8,2,1,0,2048,0,0.1,1e-08,190.0,1800,2.03724,12826.4,2554.734,2.320346
r00923,1.0,200,16,1,2,1,2048,1,0.1,1e-08,180.0,1755,1.56859,12710.2,2578.092,2.398652
r00924,0.5,1000,4,2,1,0,1024,0,0.1,1e-08,105.0,1410,0.80472,8325.0,984.025,2.534898
r00925,1.0,1000,8,1,1,0,1024,0,0.1,1e-08,100.0,1440,1.1794,11875.1,689.848,2.451826
r00926,1.0,1000,8,4,2,1,1024,0,0.0,1e-06,100.0,1440,1.24255,9960.9,3289.655,2.419539
r00927,1.0,1000,8,1,1,0,1024,0,0.0,1e-08,190.0,1800,1.41146,15936.6,514.037,2.391226
r00928,2.0,1000,16,1,1,0,2048,1,0.1,1e-08,190.0,1755,2.08854,14596.1,2244.986,2.330093
r00929,2.0,1000,8,4,2,1,2048,1,0.1,1e-08,180.0,1755,1.89264,9231.4,7099.247,2.319563
r00930,2.0,1000,8,2,1,0,2048,1,0.1,1e-08,190.0,1800,1.93131,10125.2,3236.284,2.323024
r00931,1.0,1000,8,2,2,1,1024,0,0.1,1e-08,100.0,1440,1.11926,10822.4,1513.899,2.44061
r00932,1.0,1000,4,2,2,1,2048,1,0.0,1e-08,105.0,1440,1.0769,4913.9,3334.202,2.456438
r00933,1.0,200,4,1,2,1,1024,0,0.0,1e-08,190.0,1800,1.31831,9636.9,425.033,2.507903
r00934,0.5,200,16,1,2,1,2048,1,0.0,1e-08,180.0,1800,1.34449,12946.0,2531.137,2.431016
r00935,0.5,1000,4,4,1,0,1024,0,0.0,1e-06,105.0,1440,0.83299,8283.1,1977.994,2.506693
r00936,0.5,1000,4,2,2,1,2048,1,0.1,1e-08,100.0,1440,0.82891,4876.1,3360.045,2.519248
r00937,0.5,200,4,4,1,0,2048,0,0.0,1e-08,95.0,1410,0.91114,6922.3,4733.688,2.499457
r00938,1.0,1000,4,1,2,1,2048,1,0.1,1e-08,95.0,1410,1.18107,4832.9,1695.059,2.4941
r00939,0.5,1000,8,1,2,1,1024,0,0.0,1e-08,95.0,1440,0.86663,10249.2,799.282,2.50341
r00940,2.0,200,8,2,1,0,1024,0,0.1,1e-06,180.0,1755,2.06839,15617.2,1049.102,2.458446
r00941,1.0,1000,8,2,1,0,1024,0,0.0,1e-06,105.0,1410,1.13269,12101.9,1353.842,2.410202
r00942,2.0,1000,8,2,1,0,1024,0,0.0,1e-08,95.0,1410,1.8464,12016.3,1363.482,2.399
r00943,0.5,1000,4,2,1,0,1024,0,0.1,1e-08,100.0,1410,0.86553,8901.3,920.32,2.535018
r00944,2.0,200,16,2,2,1,2048,1,0.1,1e-08,190.0,1800,2.06916,12773.3,5130.71,2.419096
r00945,1.0,1000,4,1,1,0,1024,0,0.1,1e-06,180.0,1800,1.38896,11621.9,352.437,2.454247
r00946,1.0,1000,8,1,1,0,1024,0,0.0,1e-08,190.0,1800,1.47627,16913.7,484.341,2.393297
r00947,1.0,200,16,2,2,1,1024,1,0.1,1e-08,180.0,1800,1.42739,16234.3,2018.439,2.411076
r00948,2.0,1000,8,2,2,1,1024,0,0.0,1e-08,95.0,1440,1.71485,10225.2,1602.318,2.399488
r00949,0.5,1000,4,2,1,0,1024,0,0.1,1e-08,105.0,1440,0.82193,8724.4,938.979,2.53066
r00950,2.0,200,8,1,1,0,1024,0,0.0,1e-06,100.0,1440,1.71467,12451.7,657.902,2.511661
r00951,1.0,1000,4,1,2,1,1024,0,0.0,1e-08,105.0,1440,1.17363,7353.8,556.991,2.514695
r00952,2.0,200,8,1,2,1,1024,0,0.0,1e-08,190.0,1800,2.00265,13856.0,591.226,2.476255
r00953,1.0,1000,16,1,1,0,2048,1,0.1,1e-08,190.0,1755,1.58845,15476.8,2117.236,2.355062
r00954,1.0,200,16,2,1,0,2048,1,0.0,1e-08,190.0,1755,1.45198,15962.3,4105.687,2.338694
r00955,0.5,1000,16,2,2,1,2048,1,0.0,1e-08,190.0,1755,1.22771,13049.0,5022.315,2.374655
r00956,1.0,1000,16,4,1,0,2048,1,0.0,1e-08,180.0,1800,1.53839,14617.6,8966.703,2.302074
r00957,0.5,1000,8,2,2,1,1024,0,0.0,1e-08,95.0,1410,0.96512,10857.8,1508.963,2.487976
r00958,2.0,1000,4,2,1,0,2048,0,0.0,1e-08,180.0,1800,1.8815,9496.5,1725.265,2.351171
r00959,2.0,1000,16,1,1,0,1024,1,0.1,1e-08,180.0,1800,2.07131,18795.9,871.68,2.360368
r00960,2.0,200,16,2,1,0,1024,1,0.1,1e-08,180.0,1755,2.15324,18506.6,1770.615,2.452166
r00961,2.0,1000,8,4,2,1,2048,0,0.0,1e-08,190.0,1800,1.95753,11246.3,5827.329,2.301523
r00962,1.0,200,8,1,1,0,1024,0,0.0,1e-06,100.0,1410,1.25623,12091.5,677.5,2.472195
r00963,1.0,1000,8,2,2,1,2048,1,0.1,1e-08,190.0,1755,1.38456,8979.3,3649.27,2.360834
r00964,0.5,1000,4,2,1,0,1024,0,0.0,1e-06,100.0,1440,0.81842,8086.8,1013.006,2.51458
r00965,1.0,1000,8,2,1,0,2048,1,0.1,1e-08,180.0,1755,1.4172,10127.7,3235.486,2.353977
r00966,1.0,200,16,2,2,1,2048,1,0.0,1e-08,180.0,1755,1.51753,13526.7,4844.938,2.358019
r00967,0.5,1000,8,4,1,0,1024,1,0.0,1e-06,190.0,1800,1.12486,12049.5,2719.451,2.407135
r00968,1.0,200,8,2,1,0,1024,0,0.1,1e-06,100.0,1410,1.22728,12175.7,1345.63,2.460764
r00969,2.0,1000,4,1,2,1,1024,0,0.0,1e-06,100.0,1410,1.74115,7603.5,538.699,2.497043
r00970,2.0,1000,16,1,2,1,2048,1,0.0,1e-08,190.0,1755,2.07651,13066.2,2507.838,2.322412
r00971,1.0,1000,8,1,1,0,2048,1,0.1,1e-08,95.0,1440,1.27007,7918.8,2068.998,2.42462
r00972,2.0,1000,4,4,1,0,2048,1,0.0,1e-08,105.0,1410,1.68221,5489.1,5969.651,2.387082
r00973,2.0,1000,8,2,1,0,2048,1,0.0,1e-08,95.0,1440,1.74045,7703.4,4253.702,2.364553
r00974,2.0,1000,8,2,1,0,1024,0,0.0,1e-08,95.0,1440,1.76031,11983.2,1367.251,2.390942
r00975,1.0,1000,8,2,2,1,1024,1,0.0,1e-08,100.0,1410,1.12498,8361.6,1959.439,2.427163
r00976,1.0,1000,4,1,2,1,2048,1,0.0,1e-08,190.0,1755,1.38583,6556.9,1249.374,2.430364
r00977,2.0,200,16,4,2,1,2048,1,0.0,1e-08,105.0,1440,1.87962,9862.0,13290.621,2.442813
r00978,2.0,1000,4,4,1,0,1024,1,0.0,1e-06,95.0,1410,1.71326,6705.5,2443.356,2.432044
r00979,1.0,200,16,1,1,0,2048,1,0.1,1e-08,180.0,1800,1.56294,15112.6,2168.256,2.381922
r00980,2.0,1000,8,2,2,1,2048,1,0.0,1e-08,100.0,1410,1.73864,6607.6,4959.11,2.364003
r00981,2.0,200,8,1,2,1,2048,1,0.1,1e-08,95.0,1440,1.79396,6181.8,2650.352,2.502907
r00982,1.0,1000,8,1,2,1,1024,1,0.0,1e-08,100.0,1410,1.17498,7949.5,1030.506,2.448174
r00983,0.5,200,4,1,2,1,1024,0,0.0,1e-08,95.0,1440,0.90319,7213.3,567.84,2.604667
r00984,2.0,1000,4,1,2,1,1024,0,0.0,1e-08,105.0,1440,1.71069,7218.0,567.467,2.488801
r00985,0.5,200,16,1,1,0,2048,1,0.1,1e-08,190.0,1755,1.28639,14638.1,2238.54,2.441405
r00986,0.5,1000,8,2,1,0,1024,0,0.1,1e-08,105.0,1410,0.83157,11850.6,1382.543,2.477349
r00987,2.0,1000,4,4,2,1,1024,0,0.0,1e-08,95.0,1410,1.68334,7191.3,2278.314,2.465873
r00988,2.0,1000,16,2,2,1,1024,1,0.0,1e-08,180.0,1755,2.11244,15952.8,2054.062,2.345716
r00989,1.0,200,4,1,1,0,2048,1,0.0,1e-08,105.0,1440,1.20025,5769.3,1419.934,2.481725
r00990,2.0,1000,16,4,1,0,1024,1,0.1,1e-08,190.0,1755,2.04353,17979.0,3645.135,2.33991
r00991,2.0,200,4,4,2,1,1024,0,0.1,1e-08,100.0,1410,1.74901,7417.3,2208.879,2.584684
r00992,0.5,1000,8,1,2,1,2048,1,0.1,1e-08,180.0,1755,1.27557,8731.1,1876.514,2.438717
r00993,2.0,1000,16,1,1,0,2048,1,0.0,1e-08,190.0,1800,2.11353,15245.6,2149.342,2.314053
r00994,1.0,1000,4,1,1,0,1024,0,0.0,1e-08,95.0,1440,1.12767,8948.3,457.74,2.494484
r00995,2.0,1000,16,2,2,1,2048,1,0.1,1e-08,180.0,1755,2.11855,13108.5,4999.495,2.320414
r00996,1.0,200,16,1,2,1,1024,0,0.0,1e-06,105.0,1440,1.29742,15622.6,1048.737,2.466804
r00997,1.0,200,8,2,1,0,2048,1,0.0,1e-08,190.0,1755,1.48416,10514.2,3116.553,2.361271
r00998,0.5,1000,8,2,1,0,1024,0,0.1,1e-08,180.0,1800,1.13382,15643.6,1047.332,2.436391
r00999,1.0,200,16,1,1,0,1024,1,0.1,1e-08,180.0,1800,1.46493,17869.1,916.892,2.41818
r01000,1.0,200,16,1,1,0,2048,1,0.0,1e-08,180.0,1800,1.59957,14656.0,2235.809,2.371604
r01001,2.0,200,16,4,1,0,2048,1,0.0,1e-08,190.0,1755,2.11742,15292.9,8570.792,2.382949
r01002,2.0,200,16,4,1,0,2048,0,0.0,1e-08,180.0,1800,2.08459,19050.4,6880.269,2.385588
r01003,2.0,200,4,2,2,1,1024,0,0.0,1e-08,100.0,1440,1.77215,7445.6,1100.248,2.574161
r01004,0.5,200,8,2,1,0,1024,1,0.1,1e-06,100.0,1440,0.98819,9730.6,1683.765,2.518731
r01005,1.0,1000,16,1,2,1,1024,1,0.0,1e-08,95.0,1410,1.17901,11922.0,1374.261,2.43416
r01006,1.0,200,4,2,1,0,1024,0,0.1,1e-08,105.0,1410,1.17799,8538.2,959.448,2.509465
r01007,2.0,200,4,1,2,1,1024,0,0.1,1e-08,95.0,1440,1.68716,7290.2,561.853,2.607526
r01008,2.0,1000,16,4,2,1,2048,1,0.0,1e-08,105.0,1440,1.93251,9700.9,13511.374,2.347526
r01009,1.0,1000,8,2,1,0,1024,0,0.1,1e-08,95.0,1440,1.21248,11926.3,1373.766,2.428153
r01010,1.0,1000,16,4,1,0,2048,1,0.1,1e-08,180.0,1800,1.54339,14765.6,8876.826,2.329545
r01011,0.5,1000,8,2,2,1,1024,0,0.0,1e-08,190.0,1800,1.24948,13970.2,1172.781,2.432539
r01012,1.0,1000,8,4,2,1,1024,0,0.0,1e-08,95.0,1440,1.16973,10727.4,3054.62,2.427039
r01013,2.0,200,16,1,2,1,2048,1,0.1,1e-08,180.0,1755,2.10738,12928.9,2534.474,2.439791
r01014,1.0,200,16,4,1,0,1024,1,0.0,1e-08,180.0,1755,1.55112,17867.2,3667.955,2.377521
r01015,2.0,200,4,1,1,0,1024,1,0.1,1e-08,100.0,1410,1.7549,7001.9,584.987,2.581901
r01016,0.5,1000,8,2,1,0,1024,1,0.0,1e-08,190.0,1800,1.20544,11999.4,1365.406,2.433157
r01017,0.5,1000,16,1,2,1,1024,1,0.0,1e-08,100.0,1410,1.03309,11751.9,1394.158,2.482109
r01018,0.5,1000,4,4,2,1,1024,0,0.0,1e-08,100.0,1440,0.87271,7048.1,2324.582,2.539283
r01019,1.0,1000,16,1,1,0,1024,1,0.0,1e-06,190.0,1800,1.53616,18402.6,890.307,2.378926
r01020,1.0,200,8,1,1,0,2048,1,0.0,1e-08,190.0,1755,1.5136,10036.4,1632.457,2.391443
r01021,1.0,200,8,2,1,0,1024,0,0.0,1e-08,105.0,1410,1.22151,11157.4,1468.441,2.450107
r01022,2.0,200,16,2,1,0,1024,1,0.0,1e-08,190.0,1755,2.04198,18507.3,1770.548,2.435643
r01023,2.0,1000,8,2,1,0,2048,0,0.0,1e-08,190.0,1800,1.977,13668.0,2397.433,2.307865
r01024,1.0,200,4,4,1,0,2048,1,0.1,1e-08,105.0,1440,1.16137,5439.7,6023.875,2.468094
r01025,1.0,1000,4,1,1,0,1024,0,0.0,1e-06,100.0,1410,1.10944,8190.0,500.124,2.476782
r01026,0.5,1000,16,4,1,0,1024,1,0.0,1e-06,190.0,1800,1.30685,19056.0,3439.134,2.395213
r01027,1.0,200,4,4,1,0,1024,0,0.1,1e-08,105.0,1410,1.20562,8308.5,1971.954,2.516878
r01028,0.5,1000,16,1,2,1,2048,1,0.0,1e-08,190.0,1755,1.2456,12798.3,2560.349,2.40004
r01029,1.0,1000,16,2,1,0,2048,1,0.1,1e-08,100.0,1440,1.3142,10847.6,6041.527,2.377543
r01030,1.0,200,16,1,2,1,1024,1,0.1,1e-08,180.0,1800,1.54063,15276.0,1072.531,2.435456
r01031,1.0,1000,8,4,1,0,1024,1,0.0,1e-08,105.0,1440,1.20175,9600.6,3413.11,2.412265
r01032,1.0,1000,4,1,1,0,2048,1,0.1,1e-08,95.0,1410,1.16813,5546.6,1476.936,2.472224
r01033,0.5,200,8,2,1,0,1024,0,0.0,1e-08,190.0,1800,1.20232,15513.8,1056.089,2.455315
r01034,0.5,200,8,1,2,1,2048,1,0.0,1e-08,95.0,1410,0.91566,6921.3,2367.185,2.495124
r01035,2.0,200,8,1,1,0,1024,0,0.0,1e-08,190.0,1800,1.9835,16450.5,497.978,2.463862
r01036,0.5,1000,8,2,1,0,2048,1,0.1,1e-08,180.0,1800,1.23138,10419.6,3144.833,2.401693
r01037,0.5,200,8,4,2,1,1024,0,0.0,1e-06,190.0,1800,1.19271,13382.8,2448.514,2.44845
r01038,1.0,1000,16,1,2,1,2048,1,0.1,1e-08,100.0,1410,1.28623,9926.2,3301.179,2.408793
r01039,1.0,1000,4,1,1,0,1024,0,0.0,1e-06,105.0,1440,1.17355,8575.8,477.623,2.483983
r01040,0.5,1000,4,2,2,1,2048,1,0.0,1e-08,190.0,1755,1.09202,6420.4,2551.847,2.455171
r01041,0.5,1000,16,1,1,0,2048,1,0.1,1e-08,190.0,1800,1.22081,14736.8,2223.55,2.404914
r01042,0.5,1000,8,1,1,0,2048,1,0.1,1e-08,190.0,1800,1.17246,10594.4,1546.472,2.419706
r01043,1.0,1000,16,2,1,0,2048,1,0.0,1e-08,190.0,1755,1.55527,14657.1,4471.267,2.324842
r01044,2.0,1000,8,2,2,1,2048,0,0.0,1e-08,105.0,1440,1.73751,8903.5,3680.346,2.367139
r01045,2.0,200,4,1,2,1,2048,1,0.0,1e-08,180.0,1800,1.90953,6577.3,1245.499,2.505083
r01046,2.0,1000,8,2,2,1,2048,1,0.1,1e-08,180.0,1755,2.04824,8924.7,3671.613,2.329523
r01047,1.0,1000,8,2,1,0,1024,0,0.0,1e-08,95.0,1410,1.22097,12146.9,1348.824,2.417775
r01048,1.0,1000,4,2,2,1,1024,0,0.1,1e-08,105.0,1440,1.13352,7384.1,1109.406,2.515963
r01049,0.5,1000,16,2,1,0,2048,1,0.0,1e-08,190.0,1800,1.30276,15137.9,4329.277,2.366457
r01050,0.5,1000,4,4,1,0,1024,0,0.0,1e-06,190.0,1755,1.17315,11209.8,1461.573,2.463704
r01051,2.0,200,16,4,1,0,1024,0,0.1,1e-08,105.0,1410,1.85595,16507.9,3969.975,2.487259
r01052,1.0,1000,16,1,2,1,1024,1,0.1,1e-08,180.0,1800,1.57494,15812.7,1036.132,2.405241
r01053,2.0,1000,16,1,2,1,1024,1,0.0,1e-06,180.0,1755,2.01955,15974.6,1025.629,2.357398
r01054,1.0,200,8,2,2,1,1024,0,0.1,1e-06,190.0,1755,1.40241,14324.6,1143.765,2.416409
r01055,1.0,1000,8,1,2,1,1024,1,0.1,1e-08,100.0,1410,1.16977,8246.8,993.359,2.463621
r01056,1.0,1000,16,2,2,1,2048,1,0.0,1e-08,180.0,1755,1.55933,12338.0,5311.725,2.320246
r01057,1.0,200,8,4,1,0,2048,1,0.0,1e-08,105.0,1440,1.23079,7406.8,8848.076,2.399453
r01058,1.0,1000,4,1,2,1,1024,0,0.1,1e-08,100.0,1440,1.07409,7555.2,542.142,2.530958
r01059,1.0,1000,8,1,2,1,2048,1,0.1,1e-08,180.0,1755,1.53501,9038.8,1812.633,2.372514
r01060,2.0,1000,16,4,1,0,2048,1,0.1,1e-08,190.0,1755,1.99716,14981.8,8748.769,2.299007
r01061,1.0,1000,4,1,2,1,1024,0,0.0,1e-06,105.0,1410,1.17267,7332.7,558.591,2.522521
r01062,0.5,1000,4,1,2,1,2048,1,0.1,1e-08,100.0,1410,0.90575,4621.3,1772.68,2.547362
r01063,0.5,1000,4,4,2,1,1024,0,0.1,1e-08,95.0,1410,0.89864,7425.6,2206.42,2.554992
r01064,1.0,1000,16,1,2,1,1024,1,0.0,1e-08,95.0,1410,1.29043,11934.3,1372.853,2.436811
r01065,1.0,200,8,2,1,0,1024,0,0.0,1e-08,100.0,1440,1.32179,12365.5,1324.977,2.456149
r01066,2.0,1000,8,1,2,1,2048,1,0.0,1e-08,190.0,1755,1.96275,9267.2,1767.954,2.329285
r01067,2.0,1000,8,1,2,1,1024,0,0.1,1e-06,190.0,1755,2.03482,13415.7,610.63,2.389478
r01068,2.0,200,16,4,2,1,2048,0,0.1,1e-08,180.0,1755,2.04085,15513.2,8449.036,2.404077
r01069,1.0,200,16,1,1,0,2048,1,0.0,1e-08,180.0,1800,1.57056,15144.1,2163.752,2.367973
r01070,0.5,1000,8,1,1,0,1024,0,0.0,1e-08,95.0,1410,0.9196,11734.1,698.135,2.492885
r01071,1.0,200,16,2,1,0,2048,1,0.0,1e-08,190.0,1755,1.57468,14618.7,4483.025,2.349763
r01072,0.5,200,16,4,1,0,1024,0,0.0,1e-08,105.0,1440,1.06117,15898.4,4122.179,2.479743
r01073,2.0,1000,16,2,2,1,1024,1,0.0,1e-06,190.0,1800,2.02937,15809.0,2072.739,2.336904
r01074,2.0,1000,16,2,1,0,2048,1,0.1,1e-08,180.0,1755,2.08004,15386.1,4259.442,2.302765
r01075,2.0,1000,16,1,2,1,2048,1,0.0,1e-08,190.0,1755,2.13442,12600.2,2600.595,2.330896
r01076,0.5,1000,16,4,2,1,1024,1,0.1,1e-08,190.0,1755,1.21816,16276.8,4026.344,2.423629
r01077,1.0,1000,16,4,2,1,2048,1,0.0,1e-08,190.0,1800,1.5232,12686.9,10331.295,2.31323
r01078,2.0,200,16,2,2,1,1024,1,0.0,1e-08,105.0,1440,1.86349,11575.7,2830.766,2.488978
r01079,2.0,200,4,4,1,0,1024,0,0.1,1e-08,100.0,1410,1.68202,8407.5,1948.73,2.546952
r01080,1.0,200,4,2,1,0,1024,0,0.0,1e-06,105.0,1410,1.10127,8386.0,976.865,2.4997
r01081,0.5,1000,16,4,2,1,2048,0,0.0,1e-08,180.0,1800,1.2064,17044.6,7689.923,2.371388
r01082,1.0,200,16,2,2,1,2048,1,0.0,1e-08,180.0,1800,1.54941,12875.8,5089.84,2.359471
r01083,0.5,1000,16,1,1,0,2048,0,0.0,1e-08,95.0,1410,1.03984,13364.7,2451.825,2.439195
r01084,1.0,200,4,4,1,0,1024,0,0.1,1e-08,95.0,1410,1.15282,8418.5,1946.193,2.498285
r01085,0.5,200,8,1,2,1,2048,1,0.1,1e-08,180.0,1755,1.06578,8836.8,1854.055,2.455995
r01086,2.0,1000,16,2,1,0,2048,1,0.1,1e-08,190.0,1755,2.05748,14452.9,4534.464,2.303538
r01087,2.0,200,16,1,1,0,1024,1,0.1,1e-06,100.0,1410,1.83454,13473.3,1216.039,2.513174
r01088,1.0,1000,8,2,2,1,2048,1,0.0,1e-08,180.0,1755,1.4757,9546.5,3432.48,2.344327
r01089,1.0,1000,4,2,1,0,1024,0,0.0,1e-06,95.0,1440,1.13698,8307.7,986.069,2.457262
r01090,1.0,200,4,4,1,0,1024,0,0.1,1e-06,180.0,1755,1.44301,11110.1,1474.695,2.457356
r01091,2.0,1000,16,2,2,1,2048,1,0.0,1e-08,190.0,1800,1.98539,13794.2,4750.997,2.305336
r01092,2.0,1000,8,2,1,0,1024,1,0.0,1e-08,95.0,1410,1.78103,9648.8,1698.037,2.39823
r01093,2.0,200,8,4,2,1,2048,1,0.1,1e-08,100.0,1440,1.8222,6514.7,10059.644,2.470161
r01094,2.0,1000,16,1,1,0,1024,0,0.0,1e-08,180.0,1755,2.09936,22617.4,724.397,2.352186
r01095,0.5,1000,4,2,1,0,1024,0,0.0,1e-06,95.0,1440,0.9438,8119.6,1008.922,2.517984
r01096,0.5,1000,4,4,2,1,2048,1,0.1,1e-08,95.0,1440,0.81998,4927.8,6649.681,2.517142
r01097,2.0,1000,16,1,1,0,1024,1,0.0,1e-08,100.0,1440,1.86028,13506.1,1213.078,2.402085
r01098,0.5,1000,4,2,1,0,1024,0,0.1,1e-08,190.0,1755,1.15496,11505.6,712.002,2.488462
r01099,0.5,1000,8,2,2,1,1024,0,0.0,1e-06,95.0,1410,0.86335,9964.0,1644.316,2.467291
r01100,1.0,1000,4,1,2,1,1024,0,0.0,1e-08,105.0,1410,1.16049,7531.1,543.881,2.523611
r01101,2.0,1000,4,1,1,0,1024,0,0.1,1e-06,95.0,1410,1.72832,8775.7,466.745,2.476729
r01102,2.0,1000,16,2,2,1,1024,1,0.1,1e-06,180.0,1755,2.10366,15270.4,2145.857,2.358348
r01103,0.5,1000,8,2,1,0,2048,1,0.0,1e-08,190.0,1800,1.18851,10318.8,3175.578,2.387443
r01104,1.0,1000,16,1,1,0,2048,1,0.1,1e-08,105.0,1410,1.32207,11192.3,2927.735,2.403423
r01105,0.5,200,16,2,2,1,2048,1,0.0,1e-08,190.0,1755,1.27097,13514.1,4849.437,2.409418
r01106,1.0,1000,8,2,1,0,2048,1,0.1,1e-08,95.0,1440,1.11471,7537.9,4347.127,2.392056
r01107,0.5,200,8,4,1,0,1024,1,0.0,1e-08,100.0,1410,0.83623,9328.5,3512.689,2.488385
r01108,2.0,1000,8,1,2,1,1024,1,0.0,1e-08,100.0,1440,1.75871,8020.9,1021.327,2.428094
r01109,1.0,1000,4,2,2,1,2048,1,0.0,1e-08,105.0,1410,1.24819,4713.0,3476.367,2.45949
r01110,2.0,1000,8,1,2,1,1024,0,0.0,1e-08,180.0,1755,2.06276,14378.6,569.734,2.392735
r01111,0.5,200,16,2,2,1,2048,1,0.0,1e-08,105.0,1410,0.97796,9309.9,7039.409,2.456299
r01112,1.0,200,4,2,2,1,1024,1,0.1,1e-06,100.0,1410,1.24661,5679.7,1442.338,2.544946
r01113,2.0,1000,16,1,2,1,1024,1,0.0,1e-06,100.0,1440,1.8769,11801.6,1388.286,2.413925
r01114,1.0,200,8,2,1,0,2048,1,0.0,1e-08,190.0,1755,1.42788,9997.6,3277.582,2.366849
r01115,0.5,1000,8,4,1,0,1024,0,0.0,1e-06,105.0,1440,0.86104,12162.2,2694.258,2.459207
r01116,2.0,1000,16,2,1,0,2048,1,0.0,1e-08,180.0,1755,2.12853,13983.6,4686.64,2.293285
r01117,1.0,1000,16,4,2,1,2048,1,0.0,1e-08,180.0,1755,1.59852,13142.6,9973.065,2.323574
r01118,1.0,200,16,1,1,0,2048,0,0.1,1e-08,180.0,1800,1.51461,18975.0,1726.901,2.381552
r01119,1.0,200,16,2,2,1,2048,1,0.0,1e-08,190.0,1800,1.621,12637.8,5185.729,2.358829
r01120,0.5,200,8,4,2,1,2048,1,0.0,1e-08,190.0,1800,1.1411,9179.0,7139.769,2.415427
r01121,2.0,1000,4,1,2,1,1024,0,0.0,1e-08,95.0,1440,1.75142,7004.4,584.775,2.50017
r01122,2.0,1000,4,2,2,1,1024,0,0.1,1e-06,95.0,1410,1.73994,7119.3,1150.681,2.490767
r01123,1.0,200,8,2,2,1,1024,0,0.0,1e-06,105.0,1410,1.2557,10409.5,1573.947,2.455097
r01124,1.0,1000,16,1,1,0,2048,1,0.1,1e-08,190.0,1755,1.54533,15040.8,2178.601,2.362297
r01125,2.0,1000,16,2,2,1,2048,1,0.0,1e-08,180.0,1800,2.03625,13465.6,4866.912,2.305823
r01126,1.0,200,16,2,1,0,1024,1,0.1,1e-08,95.0,1410,1.35871,12554.0,2610.163,2.449963
r01127,1.0,1000,16,4,1,0,2048,1,0.1,1e-08,190.0,1800,1.55492,14616.6,8967.36,2.328331
r01128,1.0,200,16,1,1,0,2048,1,0.0,1e-08,190.0,1755,1.57923,14809.6,2212.616,2.370872
r01129,0.5,1000,8,1,2,1,2048,0,0.1,1e-08,190.0,1755,1.22395,11748.3,1394.584,2.434049
r01130,1.0,200,8,2,2,1,1024,0,0.0,1e-06,105.0,1440,1.20441,10483.9,1562.782,2.457727
r01131,1.0,200,16,1,2,1,2048,1,0.0,1e-08,180.0,1755,1.4357,13381.4,2448.773,2.379688
r01132,0.5,1000,8,1,1,0,1024,1,0.1,1e-08,190.0,1755,1.09399,12687.2,645.69,2.457329
r01133,0.5,1000,8,1,2,1,2048,1,0.0,1e-08,180.0,1800,1.19249,9087.0,1803.011,2.41841
r01134,2.0,200,16,4,1,0,2048,0,0.1,1e-08,180.0,1800,2.10744,17253.7,7596.736,2.39594
r01135,1.0,1000,16,2,2,1,1024,1,0.0,1e-06,180.0,1755,1.50726,15766.2,2078.367,2.366932
r01136,1.0,1000,8,1,1,0,1024,0,0.0,1e-06,180.0,1800,1.51744,15455.8,530.027,2.397576
r01137,2.0,1000,16,2,2,1,2048,1,0.0,1e-08,190.0,1800,2.0279,12760.7,5135.75,2.296944
r01138,0.5,1000,8,4,2,1,2048,1,0.0,1e-08,190.0,1755,1.23968,9413.7,6961.743,2.384989
r01139,1.0,200,4,1,1,0,1024,0,0.0,1e-08,100.0,1440,1.23235,8332.5,491.571,2.523667
r01140,0.5,200,4,4,1,0,2048,1,0.0,1e-08,95.0,1440,0.86055,5544.7,5909.797,2.500496
r01141,0.5,200,8,1,1,0,1024,1,0.0,1e-08,95.0,1440,0.92699,9206.4,889.815,2.52511
r01142,1.0,200,8,4,1,0,2048,0,0.1,1e-08,180.0,1755,1.4597,12083.7,5423.52,2.374732
r01143,1.0,200,4,2,1,0,1024,0,0.0,1e-08,105.0,1440,1.12962,8995.0,910.731,2.502803
r01144,2.0,200,16,2,1,0,2048,1,0.0,1e-08,190.0,1755,2.04882,14759.2,4440.344,2.381176
r01145,1.0,1000,8,4,2,1,1024,0,0.0,1e-08,105.0,1410,1.1716,10487.8,3124.387,2.42039
r01146,0.5,1000,8,1,2,1,1024,0,0.0,1e-06,190.0,1800,1.19824,14113.8,580.425,2.458119
r01147,0.5,200,4,2,1,0,1024,0,0.0,1e-06,95.0,1440,0.93707,8808.7,929.991,2.541722
r01148,1.0,200,16,4,2,1,1024,1,0.0,1e-08,100.0,1440,1.23409,12002.3,5460.299,2.430009
r01149,1.0,200,4,1,1,0,1024,0,0.0,1e-06,105.0,1410,1.13191,8207.4,499.061,2.519168
r01150,1.0,1000,16,2,1,0,2048,1,0.0,1e-08,95.0,1410,1.37182,11320.4,5789.19,2.371637
r01151,2.0,1000,8,1,1,0,1024,0,0.1,1e-08,100.0,1410,1.69821,12117.6,676.044,2.425462
r01152,0.5,200,8,4,1,0,2048,1,0.0,1e-08,95.0,1410,0.89597,8151.4,8039.819,2.454591
r01153,0.5,1000,4,4,2,1,1024,0,0.1,1e-08,100.0,1410,0.85218,7661.6,2138.463,2.557383
r01154,0.5,1000,4,1,2,1,2048,0,0.0,1e-08,100.0,1440,0.86571,6014.9,1361.96,2.531348
r01155,2.0,1000,16,2,1,0,1024,1,0.1,1e-06,105.0,1440,1.7412,13209.5,2480.636,2.387087
r01156,2.0,200,8,2,2,1,1024,1,0.1,1e-08,190.0,1800,1.94805,11429.2,1433.52,2.47167
r01157,1.0,1000,16,4,2,1,2048,1,0.1,1e-08,95.0,1410,1.32667,9656.6,13573.27,2.381018
r01158,2.0,1000,16,1,2,1,2048,0,0.0,1e-08,190.0,1800,2.02206,16166.7,2026.883,2.320966
r01159,0.5,1000,4,1,2,1,1024,0,0.1,1e-06,105.0,1440,0.89773,7196.5,569.162,2.585616
r01160,1.0,1000,16,1,2,1,1024,1,0.0,1e-06,180.0,1755,1.55775,16028.0,1022.211,2.389085
r01161,0.5,1000,4,2,2,1,1024,0,0.1,1e-08,100.0,1440,0.97304,7196.8,1138.278,2.562118
r01162,1.0,200,16,2,2,1,2048,0,0.1,1e-08,180.0,1800,1.50847,16472.8,3978.441,2.378075
r01163,2.0,1000,16,4,1,0,2048,0,0.1,1e-08,190.0,1755,2.06332,18660.8,7023.921,2.295139
r01164,2.0,1000,4,4,2,1,1024,0,0.0,1e-08,105.0,1410,1.67661,7181.8,2281.333,2.464783
r01165,1.0,1000,8,4,2,1,1024,1,0.0,1e-08,100.0,1440,1.16452,8585.6,3816.631,2.421618
r01166,1.0,200,16,1,2,1,2048,1,0.0,1e-08,180.0,1800,1.6248,13113.6,2498.782,2.383721
r01167,0.5,200,16,2,1,0,2048,1,0.0,1e-08,190.0,1755,1.2327,14901.4,4397.981,2.400819
r01168,2.0,1000,4,2,2,1,1024,1,0.0,1e-08,100.0,1440,1.71868,5874.7,1394.457,2.475919
r01169,2.0,1000,4,1,1,0,1024,0,0.1,1e-08,100.0,1440,1.67414,8634.1,474.398,2.484382
r01170,1.0,1000,8,4,2,1,2048,1,0.1,1e-08,190.0,1800,1.37729,9612.1,6818.053,2.353425
r01171,0.5,200,4,2,2,1,1024,0,0.0,1e-08,105.0,1410,0.85446,7215.6,1135.311,2.573784
r01172,0.5,200,8,4,2,1,1024,0,0.1,1e-06,95.0,1410,0.86029,10054.5,3259.051,2.518133
r01173,1.0,1000,16,1,2,1,1024,0,0.0,1e-08,190.0,1800,1.44586,19586.2,836.509,2.389076
r01174,2.0,200,8,4,2,1,1024,0,0.1,1e-08,190.0,1800,2.01573,13566.6,2415.349,2.466132
r01175,1.0,1000,16,1,1,0,2048,0,0.0,1e-08,100.0,1410,1.25342,13380.1,2449.018,2.387277
r01176,0.5,1000,4,2,1,0,1024,0,0.1,1e-08,100.0,1410,0.87144,8623.7,949.941,2.525373
r01177,1.0,200,4,2,1,0,1024,0,0.1,1e-06,100.0,1440,1.14381,8659.6,946.006,2.510476
r01178,1.0,1000,8,4,2,1,1024,0,0.0,1e-06,105.0,1440,1.24944,10349.5,3166.145,2.421277
r01179,1.0,200,16,1,2,1,2048,1,0.0,1e-08,190.0,1755,1.54336,12859.7,2548.119,2.378104
r01180,2.0,1000,4,2,2,1,2048,1,0.0,1e-08,180.0,1800,2.02032,6398.3,2560.674,2.393186
r01181,0.5,200,8,4,1,0,2048,1,0.1,1e-08,180.0,1800,1.21681,10293.4,6366.787,2.429842
r01182,1.0,1000,4,4,1,0,2048,1,0.1,1e-08,105.0,1440,1.14356,5201.3,6299.961,2.434093
r01183,0.5,200,4,1,1,0,2048,1,0.0,1e-08,105.0,1440,0.74221,5437.0,1506.714,2.526571
r01184,2.0,1000,16,2,2,1,2048,1,0.0,1e-08,180.0,1800,2.09634,13052.0,5021.137,2.296961
r01185,0.5,1000,8,4,1,0,1024,0,0.0,1e-06,95.0,1440,0.95527,11999.5,2730.781,2.460128
r01186,1.0,1000,4,4,2,1,1024,0,0.1,1e-06,190.0,1800,1.41303,10786.1,1518.997,2.454975
r01187,2.0,1000,16,2,2,1,2048,1,0.0,1e-08,105.0,1410,1.79979,9552.4,6860.674,2.343735
r01188,2.0,1000,16,1,2,1,1024,1,0.0,1e-08,100.0,1410,1.78394,11307.8,1448.917,2.41454
r01189,0.5,1000,16,2,1,0,2048,0,0.0,1e-08,190.0,1800,1.25703,17783.9,3685.131,2.367828
r01190,2.0,1000,8,2,2,1,2048,1,0.0,1e-08,190.0,1800,1.97526,9638.3,3399.753,2.321121
r01191,0.5,200,4,1,2,1,1024,0,0.1,1e-06,95.0,1410,0.88308,7505.8,545.713,2.601708
r01192,1.0,1000,16,1,1,0,2048,1,0.0,1e-08,180.0,1800,1.51616,15371.9,2131.683,2.337382
r01193,1.0,200,4,2,2,1,1024,0,0.1,1e-08,100.0,1410,1.11587,7224.4,1133.935,2.54603
r01194,1.0,1000,16,2,2,1,2048,1,0.0,1e-08,95.0,1440,1.33088,9491.7,6904.588,2.368956
r01195,2.0,200,4,2,2,1,1024,0,0.1,1e-08,95.0,1440,1.7431,7300.5,1122.113,2.586369
r01196,1.0,1000,16,1,1,0,2048,1,0.1,1e-08,190.0,1800,1.55857,15086.7,2171.986,2.355604
r01197,1.0,1000,4,1,1,0,1024,1,0.0,1e-08,105.0,1410,1.09056,6711.6,610.286,2.484868
r01198,0.5,1000,4,4,2,1,2048,1,0.0,1e-08,180.0,1755,1.08678,6298.1,5202.806,2.454378
r01199,1.0,200,4,4,2,1,2048,1,0.0,1e-08,95.0,1440,1.11752,4602.2,7120.143,2.473951
r01200,0.5,200,16,1,2,1,2048,1,0.0,1e-08,180.0,1755,1.27337,13507.9,2425.838,2.432704
r01201,2.0,1000,8,2,1,0,2048,1,0.0,1e-08,100.0,1410,1.70729,7787.1,4207.992,2.350561
r01202,2.0,1000,4,2,1,0,1024,0,0.1,1e-08,95.0,1410,1.74624,8157.6,1004.215,2.463371
r01203,2.0,1000,16,4,2,1,2048,0,0.0,1e-08,190.0,1755,2.08399,16041.3,8170.905,2.294594
r01204,1.0,1000,4,1,1,0,2048,1,0.0,1e-08,95.0,1410,1.1746,5500.7,1489.278,2.453975
r01205,2.0,200,16,1,2,1,2048,1,0.1,1e-08,190.0,1755,2.08752,13452.4,2435.854,2.442201
r01206,0.5,1000,16,4,1,0,1024,1,0.0,1e-08,190.0,1800,1.24848,18692.8,3505.94,2.401417
r01207,1.0,1000,16,4,2,1,1024,0,0.0,1e-08,180.0,1800,1.49564,20811.6,3149.006,2.353413
r01208,2.0,200,4,2,2,1,2048,1,0.1,1e-08,105.0,1410,1.59025,4847.9,3379.581,2.536295
r01209,2.0,200,16,1,1,0,1024,0,0.1,1e-08,100.0,1410,1.84994,17798.8,920.513,2.517518
r01210,2.0,1000,8,2,1,0,2048,1,0.0,1e-08,190.0,1755,1.94513,10683.6,3067.14,2.307879
r01211,1.0,1000,16,2,1,0,1024,1,0.1,1e-06,95.0,1440,1.35175,13319.1,2460.218,2.421919
r01212,1.0,1000,8,2,2,1,2048,1,0.0,1e-08,190.0,1755,1.43613,9129.2,3589.348,2.341919
r01213,0.5,200,8,2,1,0,1024,1,0.1,1e-06,100.0,1440,0.81435,9287.5,1764.097,2.506233
r01214,1.0,1000,16,4,1,0,2048,1,0.0,1e-08,180.0,1755,1.47758,14598.2,8978.613,2.308342
r01215,1.0,200,16,4,2,1,2048,1,0.1,1e-08,180.0,1755,1.52531,12562.6,10433.491,2.369837
r01216,0.5,1000,8,1,2,1,2048,1,0.1,1e-08,190.0,1755,1.10506,9751.6,1680.141,2.423239
r01217,2.0,200,16,4,2,1,1024,0,0.1,1e-06,180.0,1800,2.01994,20148.9,3252.578,2.434567
r01218,1.0,1000,8,1,2,1,2048,1,0.1,1e-08,180.0,1755,1.49789,8940.2,1832.614,2.384219
r01219,0.5,1000,16,1,2,1,1024,1,0.0,1e-06,190.0,1755,1.27839,17162.4,954.648,2.436873
r01220,2.0,200,8,2,2,1,1024,0,0.0,1e-06,95.0,1410,1.72126,11052.2,1482.419,2.499831
r01221,0.5,1000,8,4,1,0,1024,0,0.0,1e-08,105.0,1440,0.95765,11793.0,2778.6,2.465885
r01222,1.0,1000,16,1,2,1,2048,1,0.1,1e-08,180.0,1755,1.57318,13141.6,2493.464,2.372127
r01223,1.0,200,16,1,2,1,1024,1,0.1,1e-06,180.0,1800,1.56253,14875.5,1101.405,2.423694
r01224,2.0,1000,4,1,2,1,1024,0,0.1,1e-06,180.0,1755,1.89712,9879.2,414.609,2.451082
r01225,1.0,200,8,4,1,0,1024,0,0.0,1e-08,105.0,1410,1.23722,12535.9,2613.935,2.442738
r01226,1.0,200,8,2,1,0,2048,1,0.0,1e-08,95.0,1440,1.25466,7790.6,4206.108,2.416996
r01227,2.0,200,4,2,2,1,1024,0,0.0,1e-08,100.0,1440,1.66269,7304.3,1121.53,2.576469
r01228,2.0,200,16,4,2,1,2048,1,0.0,1e-08,190.0,1755,2.06351,13560.5,9665.747,2.388969
r01229,1.0,1000,16,1,2,1,1024,1,0.0,1e-06,190.0,1755,1.53778,16457.7,995.52,2.387528
r01230,2.0,1000,4,2,2,1,2048,0,0.0,1e-08,95.0,1440,1.77656,6037.0,2713.919,2.435377
r01231,2.0,200,16,2,2,1,1024,1,0.0,1e-06,190.0,1800,2.09957,15702.3,2086.832,2.434841
r01232,2.0,1000,4,1,2,1,2048,1,0.1,1e-08,180.0,1755,1.96902,6099.3,1343.113,2.421517
r01233,2.0,200,8,2,2,1,1024,0,0.0,1e-06,105.0,1440,1.74059,10386.3,1577.467,2.494915
r01234,1.0,200,4,2,1,0,2048,1,0.0,1e-08,105.0,1410,1.13888,5288.1,3098.25,2.454837
r01235,0.5,1000,4,2,1,0,1024,0,0.0,1e-08,100.0,1410,0.95383,8753.1,935.895,2.522532
r01236,2.0,1000,16,4,1,0,2048,1,0.0,1e-08,190.0,1800,2.18469,14562.1,9000.898,2.288992
r01237,1.0,1000,4,2,2,1,1024,0,0.0,1e-06,100.0,1440,1.13238,7362.6,1112.647,2.493335
r01238,1.0,200,4,1,2,1,1024,0,0.0,1e-06,95.0,1410,1.16141,7241.9,565.601,2.542173
r01239,2.0,1000,8,1,2,1,2048,0,0.1,1e-08,190.0,1800,1.97002,11779.2,1390.928,2.352801
r01240,0.5,200,4,2,1,0,1024,0,0.0,1e-06,105.0,1410,0.8454,8701.5,941.448,2.542994
r01241,0.5,200,4,2,1,0,1024,0,0.0,1e-08,100.0,1440,1.0114,8928.8,917.479,2.555401
r01242,0.5,200,16,1,1,0,1024,1,0.1,1e-06,105.0,1440,0.98684,13717.4,1194.395,2.51869
r01243,1.0,200,8,2,2,1,1024,0,0.1,1e-08,100.0,1440,1.21679,10202.9,1605.813,2.470055
r01244,1.0,1000,4,2,2,1,1024,0,0.1,1e-06,100.0,1440,1.17683,7791.2,1051.439,2.51503
r01245,0.5,1000,16,4,2,1,2048,1,0.0,1e-08,105.0,1440,1.02223,9272.4,14135.733,2.419198
r01246,2.0,200,16,4,2,1,1024,1,0.1,1e-08,190.0,1800,2.11234,16382.9,4000.264,2.450798
r01247,1.0,1000,8,2,1,0,1024,0,0.0,1e-08,105.0,1410,1.17593,12524.5,1308.153,2.416373
r01248,2.0,200,4,4,1,0,1024,0,0.1,1e-08,100.0,1410,1.63164,8836.5,1854.117,2.548534
r01249,2.0,1000,16,4,2,1,2048,1,0.1,1e-08,190.0,1800,2.10355,13382.8,9794.066,2.307142
r01250,1.0,200,16,4,2,1,2048,1,0.0,1e-08,180.0,1755,1.4805,13654.6,9599.108,2.355785
r01251,1.0,1000,8,1,1,0,1024,0,0.0,1e-06,100.0,1410,1.16111,12538.6,653.34,2.431926
r01252,2.0,1000,8,4,1,0,1024,0,0.1,1e-08,105.0,1410,1.80582,12428.9,2636.433,2.405037
r01253,1.0,1000,16,1,1,0,1024,1,0.0,1e-08,180.0,1800,1.5361,17431.3,939.919,2.384713
r01254,2.0,200,4,1,2,1,2048,1,0.0,1e-08,95.0,1440,1.72925,4716.1,1737.012,2.555161
r01255,2.0,1000,4,1,1,0,1024,0,0.1,1e-06,105.0,1440,1.72444,8379.8,488.795,2.480029
r01256,1.0,200,4,4,1,0,1024,0,0.0,1e-08,95.0,1440,1.07494,8290.7,1976.186,2.486932
r01257,1.0,1000,4,2,2,1,2048,1,0.1,1e-08,95.0,1410,1.20615,4682.2,3499.23,2.478782
r01258,1.0,1000,16,1,1,0,2048,0,0.1,1e-08,190.0,1800,1.4668,18555.0,1765.99,2.352207
r01259,2.0,1000,8,4,1,0,2048,1,0.1,1e-08,180.0,1800,2.00053,10738.4,6102.947,2.320805
r01260,1.0,1000,16,1,1,0,2048,1,0.1,1e-08,190.0,1800,1.48598,14814.9,2211.823,2.35037
r01261,1.0,200,16,4,2,1,2048,1,0.0,1e-08,190.0,1755,1.50221,12927.0,10139.397,2.343456
r01262,1.0,1000,8,2,2,1,1024,1,0.0,1e-08,105.0,1440,1.20323,8765.2,1869.207,2.424309
r01263,0.5,1000,16,4,1,0,1024,1,0.1,1e-06,190.0,1755,1.27879,17663.6,3710.222,2.407264
r01264,1.0,1000,4,2,1,0,1024,0,0.0,1e-08,95.0,1410,1.11863,8180.0,1001.463,2.464961
r01265,1.0,200,8,4,2,1,1024,0,0.1,1e-06,95.0,1410,1.1603,10809.9,3031.282,2.461343
r01266,1.0,200,16,2,1,0,2048,1,0.0,1e-08,180.0,1755,1.49331,14460.5,4532.071,2.349638
r01267,0.5,1000,16,1,1,0,2048,1,0.1,1e-08,180.0,1755,1.25255,14977.6,2187.8,2.406789
r01268,1.0,200,8,1,1,0,2048,0,0.0,1e-08,180.0,1800,1.48758,13020.3,1258.341,2.380062
r01269,1.0,200,8,4,1,0,1024,0,0.1,1e-06,100.0,1410,1.21107,11980.4,2735.125,2.452138
r01270,0.5,1000,4,1,2,1,2048,1,0.0,1e-08,105.0,1440,0.93938,4881.2,1678.29,2.534191
r01271,1.0,1000,16,2,1,0,2048,1,0.0,1e-08,190.0,1800,1.51439,14490.1,4522.817,2.321805
r01272,1.0,1000,4,4,1,0,1024,0,0.0,1e-06,95.0,1440,1.14194,8845.7,1852.201,2.454545
r01273,0.5,200,16,2,2,1,1024,1,0.0,1e-06,95.0,1410,0.95284,12346.9,2653.938,2.485767
r01274,1.0,1000,8,1,2,1,1024,1,0.0,1e-08,95.0,1410,1.17437,8290.0,988.174,2.450604
r01275,1.0,1000,16,4,1,0,2048,0,0.0,1e-08,180.0,1800,1.48078,18861.8,6949.088,2.305881
r01276,1.0,200,16,1,1,0,2048,1,0.0,1e-08,180.0,1755,1.48344,14550.9,2251.95,2.378282
r01277,1.0,200,8,2,1,0,1024,0,0.1,1e-06,190.0,1800,1.42689,15929.2,1028.553,2.415125
r01278,1.0,200,8,1,1,0,2048,0,0.0,1e-08,180.0,1800,1.41051,12927.5,1267.379,2.391842
r01279,1.0,1000,16,2,1,0,2048,1,0.1,1e-08,180.0,1755,1.47759,14895.5,4399.72,2.335803
r01280,1.0,1000,4,2,1,0,2048,1,0.0,1e-08,105.0,1410,1.16811,5435.7,3014.137,2.433363
r01281,2.0,1000,4,4,1,0,1024,0,0.1,1e-08,95.0,1440,1.73966,8870.9,1846.94,2.447969
r01282,1.0,1000,16,1,2,1,1024,1,0.0,1e-08,100.0,1410,1.37363,11349.2,1443.624,2.435565
r01283,1.0,200,16,4,2,1,2048,1,0.1,1e-08,100.0,1410,1.33051,9545.4,13731.471,2.418409
r01284,1.0,200,4,2,2,1,1024,0,0.1,1e-08,100.0,1410,1.08024,7201.7,1137.507,2.539203
r01285,0.5,200,16,1,1,0,1024,1,0.1,1e-08,180.0,1755,1.13376,18225.9,898.942,2.475445
r01286,1.0,1000,8,1,1,0,1024,0,0.1,1e-06,105.0,1440,1.2245,11367.1,720.676,2.453117
r01287,1.0,1000,4,4,2,1,1024,0,0.0,1e-08,100.0,1440,1.11372,7498.0,2185.114,2.493552
r01288,2.0,200,16,2,1,0,2048,1,0.0,1e-08,180.0,1800,2.09644,15127.9,4332.142,2.392922
r01289,2.0,200,16,4,1,0,2048,0,0.0,1e-08,180.0,1800,2.01586,19049.0,6880.771,2.379804
r01290,0.5,200,8,1,1,0,2048,1,0.0,1e-08,100.0,1440,0.98421,7100.7,2307.363,2.486383
r01291,2.0,200,8,1,2,1,1024,0,0.1,1e-08,95.0,1410,1.73869,10873.4,753.397,2.54227
r01292,2.0,200,8,4,2,1,2048,0,0.1,1e-08,180.0,1755,2.0716,11160.9,5871.922,2.427925
r01293,0.5,200,4,2,2,1,2048,1,0.0,1e-08,105.0,1410,0.88848,4626.9,3541.061,2.537257
r01294,2.0,1000,16,2,2,1,2048,1,0.0,1e-08,100.0,1410,1.85181,9702.7,6754.435,2.346881
r01295,2.0,200,16,4,1,0,1024,1,0.1,1e-08,180.0,1800,2.09782,18933.6,3461.366,2.4385
r01296,0.5,1000,16,1,1,0,2048,1,0.0,1e-08,190.0,1755,1.21262,15417.9,2125.323,2.400505
r01297,1.0,1000,16,1,1,0,2048,1,0.1,1e-08,180.0,1755,1.54793,15133.8,2165.224,2.359818
r01298,1.0,1000,8,2,1,0,1024,1,0.0,1e-06,105.0,1440,1.20368,9883.9,1657.648,2.417745
r01299,1.0,1000,4,2,1,0,2048,1,0.0,1e-08,100.0,1410,1.12974,5562.3,2945.554,2.428193
r01300,1.0,200,8,1,1,0,1024,1,0.0,1e-08,95.0,1440,1.21544,9869.6,830.024,2.478026
r01301,0.5,1000,8,1,1,0,1024,0,0.1,1e-06,100.0,1410,0.93802,12455.9,657.678,2.502458
r01302,2.0,200,16,2,1,0,1024,1,0.0,1e-06,180.0,1800,2.0911,18923.8,1731.581,2.42299
r01303,1.0,1000,4,2,2,1,1024,0,0.1,1e-08,100.0,1440,1.13057,7443.6,1100.55,2.515887
r01304,0.5,1000,8,2,2,1,1024,0,0.0,1e-08,100.0,1410,0.89814,10156.9,1613.086,2.475077
r01305,1.0,1000,8,1,2,1,2048,1,0.1,1e-08,190.0,1755,1.44667,9241.0,1772.963,2.390989
r01306,1.0,1000,4,1,1,0,2048,1,0.1,1e-08,95.0,1440,1.17008,5435.5,1507.124,2.468815
r01307,0.5,1000,8,1,2,1,1024,0,0.0,1e-08,190.0,1755,1.08627,13551.8,604.497,2.452318
r01308,1.0,200,8,4,2,1,1024,0,0.0,1e-06,105.0,1410,1.22115,9749.9,3360.861,2.453401
r01309,1.0,1000,16,2,1,0,1024,1,0.0,1e-06,180.0,1755,1.53344,18174.9,1802.928,2.361682
r01310,1.0,200,4,1,1,0,2048,1,0.0,1e-08,100.0,1440,1.15426,5550.0,1476.036,2.481136
r01311,0.5,1000,8,1,1,0,2048,1,0.0,1e-08,100.0,1410,0.94183,7827.2,2093.209,2.45137
r01312,2.0,200,16,2,2,1,2048,1,0.0,1e-08,180.0,1755,2.1092,12265.3,5343.207,2.399889
r01313,0.5,1000,8,1,2,1,2048,1,0.0,1e-08,100.0,1410,0.89423,6979.7,2347.378,2.463507
r01314,2.0,200,4,2,2,1,1024,0,0.1,1e-06,100.0,1440,1.77847,7689.2,1065.397,2.580396
r01315,0.5,200,16,4,2,1,1024,1,0.1,1e-08,190.0,1800,1.25035,15981.8,4100.653,2.458252
r01316,2.0,1000,4,1,2,1,1024,0,0.1,1e-06,100.0,1440,1.69709,7333.8,558.51,2.501556
r01317,2.0,1000,16,1,2,1,2048,1,0.1,1e-08,190.0,1755,2.10826,12831.4,2553.74,2.336051
r01318,1.0,1000,4,1,2,1,1024,0,0.0,1e-06,105.0,1410,1.19984,7393.5,554.001,2.517626
r01319,1.0,1000,4,1,2,1,1024,0,0.0,1e-06,95.0,1410,1.2587,7418.7,552.118,2.522263
r01320,1.0,200,4,1,1,0,2048,1,0.0,1e-08,180.0,1800,1.41763,7655.8,1070.034,2.441996
r01321,1.0,1000,16,4,2,1,1024,1,0.1,1e-06,100.0,1410,1.20155,11948.7,5484.798,2.412915
r01322,0.5,1000,8,2,2,1,2048,1,0.1,1e-08,190.0,1755,1.2093,9539.4,3435.017,2.414164
r01323,1.0,200,4,2,2,1,1024,0,0.0,1e-08,105.0,1440,1.08415,7250.6,1129.833,2.525585
r01324,1.0,1000,16,4,2,1,2048,1,0.0,1e-08,180.0,1755,1.50541,12568.2,10428.863,2.319619
r01325,2.0,200,4,4,2,1,1024,0,0.1,1e-08,100.0,1410,1.7825,7378.4,2220.545,2.584211
r01326,1.0,1000,8,1,1,0,2048,0,0.1,1e-08,180.0,1755,1.36603,12859.2,1274.112,2.368926
r01327,2.0,200,16,1,2,1,1024,1,0.1,1e-08,180.0,1800,2.13554,15895.7,1030.72,2.481002
r01328,2.0,1000,4,2,1,0,2048,0,0.1,1e-08,100.0,1410,1.74123,6894.7,2376.32,2.409499
r01329,1.0,200,8,1,2,1,1024,0,0.0,1e-08,180.0,1800,1.46663,14109.5,580.601,2.432933
r01330,1.0,1000,4,2,2,1,1024,0,0.1,1e-08,95.0,1410,1.15453,7822.3,1047.267,2.513882
r01331,2.0,200,4,2,1,0,1024,0,0.0,1e-08,95.0,1440,1.76104,8264.5,991.226,2.543378
r01332,2.0,200,8,2,2,1,1024,1,0.0,1e-08,95.0,1410,1.79948,8097.6,2023.304,2.508369
r01333,1.0,1000,16,4,2,1,1024,1,0.0,1e-08,180.0,1755,1.51344,15420.6,4249.891,2.358088
r01334,2.0,1000,4,1,1,0,2048,1,0.1,1e-08,105.0,1440,1.72988,5433.8,1507.595,2.438929
r01335,1.0,1000,4,4,2,1,1024,0,0.0,1e-08,95.0,1440,1.17277,7508.1,2182.183,2.499666
r01336,0.5,1000,8,4,2,1,2048,1,0.1,1e-08,180.0,1800,1.13932,9440.8,6941.779,2.395155
r01337,1.0,1000,8,1,2,1,1024,0,0.1,1e-06,105.0,1410,1.25527,10889.9,752.256,2.458543
r01338,0.5,1000,8,1,2,1,1024,0,0.1,1e-08,190.0,1800,1.18671,14008.3,584.798,2.475304
r01339,2.0,1000,16,4,1,0,2048,1,0.1,1e-08,180.0,1755,2.01726,15086.7,8687.913,2.29491
r01340,1.0,1000,16,2,1,0,1024,1,0.1,1e-08,105.0,1440,1.28056,13125.3,2496.557,2.416529
r01341,1.0,1000,4,1,2,1,1024,0,0.1,1e-08,95.0,1440,1.10855,7445.1,550.16,2.534249
r01342,1.0,1000,8,4,1,0,2048,0,0.0,1e-08,95.0,1440,1.14295,9843.1,6658.083,2.375133
r01343,2.0,1000,8,1,2,1,1024,0,0.0,1e-08,95.0,1440,1.74229,10550.2,776.475,2.421898
r01344,2.0,1000,16,4,1,0,1024,1,0.1,1e-08,190.0,1800,2.09337,18759.0,3493.58,2.341004
r01345,1.0,200,8,4,1,0,1024,0,0.1,1e-06,100.0,1410,1.16559,11618.3,2820.382,2.455817
r01346,1.0,200,4,4,2,1,2048,0,0.1,1e-08,105.0,1410,1.25424,5819.9,5630.34,2.502437
r01347,1.0,1000,8,4,1,0,1024,0,0.1,1e-08,95.0,1440,1.25678,12486.3,2624.315,2.423824
r01348,1.0,1000,16,2,1,0,1024,1,0.0,1e-08,105.0,1440,1.25011,14307.1,2290.334,2.401175
r01349,1.0,1000,16,4,1,0,2048,0,0.1,1e-08,180.0,1800,1.48514,18567.3,7059.31,2.321646
r01350,0.5,200,16,1,2,1,2048,1,0.1,1e-08,180.0,1800,1.21579,12859.6,2548.132,2.444562
r01351,1.0,1000,16,2,1,0,2048,1,0.0,1e-08,180.0,1755,1.4988,14688.7,4461.668,2.317377
r01352,0.5,1000,8,2,1,0,1024,0,0.0,1e-08,95.0,1440,0.92652,11783.4,1390.428,2.473136
r01353,0.5,1000,8,2,1,0,2048,1,0.0,1e-08,180.0,1800,1.18141,11143.8,2940.46,2.385619
r01354,0.5,1000,8,4,1,0,1024,0,0.0,1e-08,95.0,1410,0.88396,11978.0,2735.679,2.465274
r01355,2.0,200,16,2,2,1,2048,0,0.0,1e-08,190.0,1800,2.05829,16466.1,3980.058,2.401887
r01356,1.0,1000,16,4,2,1,2048,1,0.0,1e-08,180.0,1755,1.51001,12658.1,10354.779,2.319945
r01357,0.5,1000,4,4,2,1,2048,1,0.1,1e-08,105.0,1410,0.91439,5025.5,6520.301,2.515479
r01358,2.0,200,16,1,2,1,1024,0,0.0,1e-08,100.0,1440,1.87435,14767.0,1109.499,2.516273
r01359,0.5,1000,4,2,2,1,2048,0,0.0,1e-08,100.0,1440,0.83468,6216.5,2635.554,2.516031
r01360,2.0,1000,8,1,1,0,1024,0,0.1,1e-06,105.0,1410,1.71876,12020.1,681.524,2.43075
r01361,1.0,200,8,4,1,0,2048,1,0.0,1e-08,190.0,1755,1.50459,9949.7,6586.741,2.356384
r01362,2.0,1000,4,2,1,0,2048,1,0.0,1e-08,180.0,1800,1.91751,6961.1,2353.641,2.359151
r01363,2.0,1000,16,2,2,1,1024,1,0.1,1e-08,95.0,1440,1.84961,11831.9,2769.468,2.409739
r01364,2.0,1000,16,1,1,0,2048,1,0.0,1e-08,190.0,1800,2.03175,15455.2,2120.186,2.318143
r01365,0.5,1000,16,1,1,0,1024,1,0.1,1e-06,180.0,1800,1.30807,17656.4,927.934,2.445981
r01366,2.0,200,4,2,1,0,2048,1,0.0,1e-08,100.0,1440,1.72842,5843.5,2803.805,2.497432
r01367,0.5,200,8,1,2,1,2048,1,0.0,1e-08,180.0,1800,1.12224,9299.0,1761.915,2.447934
r01368,1.0,1000,4,2,1,0,2048,1,0.0,1e-08,180.0,1755,1.48511,7507.2,2182.437,2.380955
r01369,1.0,200,4,4,2,1,1024,0,0.0,1e-06,105.0,1440,1.11285,7422.3,2207.413,2.521534
r01370,0.5,200,16,2,2,1,1024,1,0.0,1e-06,190.0,1755,1.23954,16571.0,1977.432,2.449062
r01371,1.0,1000,4,4,2,1,1024,0,0.1,1e-08,95.0,1410,1.12282,7588.8,2158.966,2.505244
r01372,2.0,200,4,2,2,1,2048,1,0.0,1e-08,100.0,1440,1.74265,5159.1,3175.742,2.532983
r01373,1.0,200,8,4,2,1,1024,0,0.1,1e-06,180.0,1755,1.40973,14230.6,2302.644,2.413512
r01374,0.5,200,16,4,2,1,2048,1,0.1,1e-08,100.0,1410,0.96422,9718.2,13487.27,2.459017
r01375,1.0,200,4,4,2,1,1024,1,0.0,1e-06,95.0,1410,1.10751,6124.6,2675.125,2.513488
r01376,0.5,200,8,2,2,1,1024,0,0.1,1e-06,100.0,1440,0.96541,9596.2,1707.343,2.51803
r01377,0.5,1000,8,2,2,1,1024,0,0.1,1e-08,100.0,1440,0.88909,10504.2,1559.754,2.485229
r01378,0.5,1000,8,1,2,1,1024,0,0.0,1e-08,105.0,1410,0.90049,9961.3,822.387,2.503941
r01379,2.0,200,16,1,1,0,1024,1,0.1,1e-08,190.0,1800,2.07843,17808.3,920.019,2.467395
r01380,1.0,200,4,2,1,0,1024,0,0.1,1e-08,95.0,1410,1.13605,8274.0,990.095,2.512245
r01381,2.0,200,4,2,1,0,1024,0,0.1,1e-08,95.0,1410,1.65241,8461.6,968.133,2.559721
r01382,2.0,1000,8,4,1,0,1024,0,0.1,1e-08,95.0,1410,1.8718,12210.6,2683.563,2.408891
r01383,0.5,200,4,1,2,1,1024,0,0.0,1e-08,105.0,1440,0.88679,7369.4,555.81,2.600126
r01384,2.0,1000,8,2,1,0,2048,1,0.1,1e-08,100.0,1440,1.74342,8136.7,4027.192,2.372511
r01385,2.0,200,16,4,2,1,1024,1,0.1,1e-08,190.0,1755,2.14108,15192.9,4313.588,2.448576
r01386,2.0,200,4,1,2,1,1024,0,0.1,1e-08,100.0,1410,1.7479,7083.4,578.253,2.611569
r01387,1.0,1000,4,2,2,1,1024,1,0.0,1e-08,100.0,1440,1.2022,5732.0,1429.171,2.489374
r01388,1.0,200,8,1,2,1,1024,1,0.0,1e-06,95.0,1410,1.21172,8474.3,966.686,2.47264
r01389,1.0,1000,4,1,1,0,1024,0,0.0,1e-08,95.0,1410,1.12154,8137.0,503.38,2.492616
r01390,1.0,1000,16,1,1,0,2048,1,0.1,1e-08,100.0,1440,1.22773,11234.9,2916.632,2.397141
r01391,2.0,1000,16,2,1,0,1024,1,0.0,1e-08,180.0,1755,2.03186,17716.7,1849.553,2.331021
r01392,2.0,200,8,2,2,1,1024,0,0.0,1e-06,180.0,1755,2.054,14269.6,1148.176,2.450985
r01393,0.5,200,8,4,1,0,2048,1,0.0,1e-08,190.0,1755,1.11676,9986.3,6562.617,2.406463
r01394,1.0,1000,8,1,1,0,2048,0,0.1,1e-08,180.0,1755,1.48213,13163.1,1244.693,2.368801
r01395,0.5,1000,8,1,2,1,2048,0,0.0,1e-08,190.0,1755,1.23047,11266.3,1454.25,2.421267
r01396,1.0,1000,4,2,1,0,1024,0,0.0,1e-08,105.0,1440,1.15425,8875.5,922.985,2.467171
r01397,1.0,1000,8,4,1,0,2048,1,0.0,1e-08,180.0,1755,1.49801,10272.3,6379.884,2.322121
r01398,1.0,200,16,1,1,0,1024,0,0.0,1e-08,95.0,1410,1.25464,17937.5,913.394,2.456946
r01399,1.0,200,8,4,1,0,1024,0,0.1,1e-08,190.0,1800,1.46393,16384.1,1999.994,2.408362
r01400,2.0,200,4,4,2,1,1024,0,0.1,1e-08,105.0,1440,1.6382,7611.4,2152.557,2.575603
r01401,1.0,200,4,1,1,0,1024,0,0.0,1e-06,100.0,1440,1.14178,8093.2,506.103,2.518675
r01402,1.0,1000,16,2,1,0,1024,1,0.1,1e-06,180.0,1755,1.56231,17949.6,1825.559,2.373932
r01403,0.5,1000,4,1,1,0,1024,0,0.1,1e-08,100.0,1410,0.83857,8340.3,491.11,2.555276
r01404,2.0,1000,8,1,1,0,1024,0,0.0,1e-08,100.0,1440,1.7206,11508.9,711.8,2.418431
r01405,1.0,1000,16,2,1,0,2048,1,0.1,1e-08,95.0,1440,1.25869,10899.6,6012.718,2.383365
r01406,1.0,200,8,1,1,0,2048,0,0.0,1e-08,100.0,1410,1.17377,10013.5,1636.199,2.428673
r01407,0.5,1000,4,2,2,1,1024,1,0.0,1e-06,190.0,1755,1.13449,7502.2,1091.942,2.493615
r01408,1.0,1000,4,2,1,0,1024,0,0.0,1e-08,190.0,1800,1.33505,11547.6,709.409,2.416528
r01409,2.0,1000,16,2,1,0,1024,1,0.0,1e-08,105.0,1440,1.8299,13857.7,2364.606,2.383406
r01410,2.0,1000,4,4,1,0,2048,0,0.1,1e-08,95.0,1440,1.80682,7180.3,4563.603,2.415156
r01411,1.0,1000,16,2,2,1,2048,1,0.1,1e-08,105.0,1440,1.31118,9678.5,6771.266,2.390582
r01412,1.0,200,16,4,1,0,2048,1,0.0,1e-08,95.0,1410,1.28588,11018.7,11895.405,2.384991
r01413,2.0,1000,16,4,2,1,2048,1,0.0,1e-08,95.0,1410,1.79938,9949.0,13174.401,2.339147
r01414,0.5,1000,16,1,1,0,2048,1,0.1,1e-08,190.0,1755,1.26524,13905.3,2356.506,2.41493
r01415,2.0,200,16,1,2,1,2048,1,0.0,1e-08,190.0,1800,2.14615,13024.9,2515.789,2.429782
r01416,1.0,1000,4,1,2,1,2048,1,0.0,1e-08,100.0,1410,1.24771,4930.2,1661.607,2.478002
r01417,0.5,200,4,2,2,1,2048,1,0.0,1e-08,180.0,1755,1.06569,6244.8,2623.606,2.483707
r01418,2.0,1000,4,1,1,0,1024,1,0.0,1e-08,100.0,1440,1.71394,6680.2,613.159,2.469089
r01419,0.5,200,8,1,2,1,2048,1,0.0,1e-08,190.0,1800,1.25175,8941.5,1832.347,2.449008
r01420,1.0,200,8,4,2,1,1024,0,0.1,1e-08,105.0,1410,1.1747,10269.3,3190.866,2.468794
r01421,2.0,1000,4,2,1,0,2048,1,0.1,1e-08,105.0,1440,1.69081,5731.7,2858.484,2.419034
r01422,0.5,200,16,1,1,0,2048,0,0.1,1e-08,180.0,1800,1.23367,18627.4,1759.128,2.434033
r01423,0.5,1000,16,1,2,1,2048,1,0.1,1e-08,180.0,1800,1.28466,12791.4,2561.729,2.418698
r01424,1.0,1000,16,2,2,1,1024,1,0.1,1e-08,105.0,1410,1.28134,11504.1,2848.382,2.419892
r01425,1.0,1000,16,4,1,0,2048,1,0.1,1e-08,95.0,1440,1.21212,11346.6,11551.642,2.370011
r01426,2.0,200,16,1,2,1,2048,0,0.0,1e-08,190.0,1800,2.04948,15617.9,2098.101,2.42674
r01427,2.0,1000,8,1,1,0,2048,1,0.0,1e-08,100.0,1410,1.71011,7889.4,2076.718,2.374043
r01428,1.0,200,4,1,2,1,1024,0,0.1,1e-08,105.0,1440,1.11454,7551.6,542.401,2.560169
r01429,2.0,1000,16,1,1,0,1024,1,0.0,1e-08,180.0,1755,2.07655,17756.4,922.708,2.355179
r01430,1.0,1000,16,2,2,1,2048,1,0.0,1e-08,190.0,1800,1.55047,12898.5,5080.897,2.329167
r01431,1.0,1000,4,4,2,1,1024,0,0.0,1e-06,100.0,1440,1.14001,7718.8,2122.618,2.485672
r01432,1.0,200,16,2,2,1,1024,1,0.0,1e-06,95.0,1410,1.28197,11486.9,2852.641,2.44312
r01433,2.0,200,4,2,1,0,1024,0,0.1,1e-06,105.0,1410,1.71012,8582.1,954.55,2.549356
r01434,2.0,200,4,1,1,0,2048,0,0.1,1e-08,100.0,1410,1.71437,7054.5,1161.237,2.536651
r01435,2.0,1000,4,4,2,1,1024,0,0.1,1e-08,105.0,1440,1.6978,7318.9,2238.6,2.479983
r01436,1.0,1000,8,4,2,1,1024,1,0.1,1e-08,95.0,1440,1.23393,8079.0,4055.957,2.432698
r01437,1.0,1000,16,1,1,0,2048,1,0.0,1e-08,180.0,1800,1.59428,15432.7,2123.281,2.341967
r01438,0.5,200,4,1,2,1,2048,1,0.0,1e-08,105.0,1440,0.92102,4569.6,1792.704,2.559284
r01439,1.0,200,8,1,1,0,2048,1,0.1,1e-08,105.0,1440,1.16209,7884.7,2077.945,2.453186
r01440,1.0,1000,16,1,1,0,2048,1,0.1,1e-08,190.0,1755,1.56251,15287.1,2143.505,2.354518
r01441,1.0,1000,8,1,2,1,1024,0,0.1,1e-06,95.0,1440,1.23444,10530.8,777.906,2.459412
r01442,1.0,1000,8,4,2,1,1024,0,0.0,1e-08,105.0,1410,1.15778,10157.8,3225.909,2.419068
r01443,1.0,1000,8,2,2,1,1024,1,0.1,1e-06,95.0,1410,1.1863,8549.6,1916.351,2.437233
r01444,1.0,1000,8,2,1,0,2048,1,0.1,1e-08,190.0,1800,1.4173,10827.4,3026.394,2.352715
r01445,2.0,200,16,1,2,1,1024,1,0.1,1e-08,105.0,1410,1.82481,11769.9,1392.031,2.52137
r01446,0.5,1000,8,1,1,0,2048,1,0.1,1e-08,190.0,1800,1.1924,10426.4,1571.397,2.420779
r01447,2.0,1000,8,4,2,1,1024,0,0.1,1e-06,95.0,1440,1.78796,10855.9,3018.451,2.41078
r01448,1.0,1000,8,2,2,1,2048,0,0.0,1e-08,180.0,1800,1.41996,11183.7,2929.978,2.341434
r01449,2.0,1000,4,1,1,0,1024,0,0.0,1e-08,100.0,1440,1.72346,8636.3,474.278,2.469971
r01450,0.5,200,4,2,2,1,1024,0,0.1,1e-08,95.0,1410,0.86592,7786.8,1052.037,2.59957
r01451,1.0,200,4,2,1,0,1024,0,0.0,1e-08,95.0,1440,1.15625,8891.3,921.349,2.495526
r01452,1.0,1000,16,1,1,0,2048,1,0.0,1e-08,190.0,1800,1.56257,14422.0,2272.086,2.345897
r01453,0.5,1000,8,2,2,1,2048,1,0.0,1e-08,95.0,1440,0.92418,6823.6,4802.175,2.445627
r01454,2.0,1000,4,2,1,0,1024,0,0.0,1e-06,95.0,1440,1.69377,8794.3,931.508,2.442132
r01455,0.5,1000,8,2,2,1,2048,1,0.0,1e-08,190.0,1800,1.18623,9425.4,3476.559,2.397107
r01456,1.0,200,16,2,1,0,2048,1,0.1,1e-08,190.0,1755,1.52181,14428.1,4542.242,2.361163
r01457,2.0,200,8,1,1,0,1024,1,0.0,1e-08,105.0,1410,1.83785,9700.4,844.501,2.527482
r01458,1.0,1000,16,4,1,0,2048,1,0.1,1e-08,190.0,1755,1.52835,14733.5,8896.187,2.323864
r01459,1.0,200,16,2,1,0,1024,1,0.0,1e-06,100.0,1440,1.23467,14027.5,2335.978,2.4325
r01460,1.0,200,8,2,1,0,1024,1,0.0,1e-08,100.0,1410,1.23201,9454.1,1733.008,2.453324
r01461,1.0,200,4,4,2,1,1024,0,0.1,1e-08,105.0,1410,1.1562,7469.9,2193.332,2.539501
r01462,2.0,200,16,4,1,0,2048,1,0.1,1e-08,190.0,1800,2.10807,15170.5,8639.945,2.403356
r01463,1.0,1000,16,2,1,0,2048,0,0.0,1e-08,180.0,1800,1.5988,18171.5,3606.527,2.320317
r01464,2.0,1000,16,2,2,1,2048,1,0.1,1e-08,180.0,1755,2.06916,13232.7,4952.567,2.322903
r01465,1.0,1000,8,2,1,0,1024,0,0.0,1e-08,95.0,1410,1.22934,11717.9,1398.205,2.425922
r01466,1.0,1000,8,1,2,1,1024,1,0.0,1e-06,105.0,1440,1.18835,8481.7,965.848,2.452628
r01467,1.0,200,8,2,2,1,2048,1,0.0,1e-08,190.0,1800,1.52119,9282.7,3529.993,2.38018
r01468,1.0,200,16,2,2,1,2048,0,0.0,1e-08,190.0,1755,1.56522,16410.1,3993.639,2.366105
r01469,2.0,1000,4,1,2,1,1024,0,0.0,1e-06,105.0,1410,1.66678,7486.6,547.114,2.490278
r01470,2.0,200,4,1,2,1,2048,0,0.0,1e-08,190.0,1755,2.00886,8420.4,972.879,2.508035
r01471,1.0,1000,4,1,2,1,2048,1,0.0,1e-08,190.0,1800,1.41509,6345.6,1290.98,2.437899
r01472,0.5,1000,8,1,2,1,1024,0,0.1,1e-06,95.0,1440,0.92448,10981.8,745.962,2.508582
r01473,1.0,1000,4,4,2,1,1024,0,0.1,1e-08,180.0,1755,1.41036,9638.1,1699.913,2.463978
r01474,1.0,1000,16,2,2,1,1024,0,0.0,1e-06,180.0,1755,1.57415,19620.6,1670.078,2.367592
r01475,0.5,1000,8,1,2,1,2048,1,0.1,1e-08,100.0,1410,1.00791,6592.2,2485.361,2.481435
r01476,0.5,1000,4,1,1,0,2048,1,0.0,1e-08,105.0,1410,0.85908,5882.1,1392.709,2.496315
r01477,1.0,200,8,2,1,0,1024,0,0.0,1e-08,180.0,1755,1.43621,15748.2,1040.376,2.403885
r01478,2.0,1000,16,1,2,1,2048,1,0.0,1e-08,190.0,1755,2.03875,13023.9,2515.998,2.331663
r01479,1.0,1000,16,1,1,0,2048,1,0.0,1e-08,190.0,1755,1.58295,15766.5,2078.329,2.337725
r01480,1.0,1000,4,1,2,1,1024,0,0.1,1e-06,95.0,1440,1.16187,7459.8,549.079,2.533059
r01481,1.0,1000,8,1,2,1,2048,1,0.0,1e-08,180.0,1755,1.41134,9499.8,1724.675,2.362922
r01482,0.5,1000,8,2,2,1,1024,0,0.0,1e-06,100.0,1440,0.90964,10564.5,1550.856,2.470263
r01483,1.0,1000,16,2,1,0,2048,0,0.1,1e-08,180.0,1755,1.5612,17521.7,3740.28,2.333205
r01484,2.0,200,8,4,1,0,2048,1,0.1,1e-08,180.0,1755,2.00041,10241.1,6399.286,2.420668
r01485,1.0,1000,4,2,2,1,1024,1,0.0,1e-06,180.0,1800,1.32492,8341.2,982.116,2.444381
r01486,1.0,1000,4,4,1,0,2048,1,0.1,1e-08,95.0,1440,1.11846,5530.3,5925.157,2.431972
r01487,2.0,200,4,1,2,1,1024,0,0.1,1e-06,95.0,1410,1.75447,7706.1,531.528,2.611109
r01488,0.5,1000,16,4,2,1,2048,1,0.0,1e-08,105.0,1410,0.94828,9768.0,13418.512,2.415818
r01489,0.5,1000,16,1,2,1,2048,1,0.1,1e-08,180.0,1755,1.35765,12755.1,2569.021,2.417816
r01490,2.0,1000,8,4,1,0,1024,0,0.0,1e-06,180.0,1755,1.95636,16228.0,2019.224,2.328355
r01491,1.0,1000,8,4,2,1,1024,0,0.1,1e-08,190.0,1755,1.50946,13670.5,2396.992,2.385137
r01492,2.0,1000,16,1,2,1,1024,1,0.0,1e-06,95.0,1440,1.82366,11674.5,1403.4,2.410836
r01493,0.5,200,16,2,2,1,2048,1,0.1,1e-08,180.0,1800,1.3604,13079.2,5010.718,2.429294
r01494,0.5,1000,16,1,2,1,1024,1,0.1,1e-06,105.0,1410,0.98723,11514.9,1422.849,2.501221
r01495,2.0,200,4,1,2,1,1024,0,0.0,1e-08,95.0,1440,1.78418,7239.1,565.818,2.600153
r01496,1.0,200,4,4,2,1,2048,1,0.0,1e-08,100.0,1410,1.23762,4775.6,6861.587,2.481899
r01497,1.0,200,4,1,1,0,1024,1,0.0,1e-08,95.0,1440,1.18343,6692.1,612.061,2.521801
r01498,2.0,1000,4,4,2,1,1024,0,0.0,1e-08,100.0,1410,1.75299,7482.7,2189.571,2.462485
r01499,1.0,200,4,2,1,0,1024,0,0.0,1e-08,105.0,1440,1.19358,8442.7,970.304,2.494789
r01500,2.0,1000,8,4,2,1,2048,1,0.0,1e-08,190.0,1755,1.93692,8674.3,7555.215,2.307334
r01501,1.0,1000,16,1,2,1,1024,1,0.0,1e-08,180.0,1800,1.51582,16223.1,1009.919,2.384322
r01502,0.5,200,16,1,2,1,2048,0,0.0,1e-08,190.0,1800,1.25179,16312.0,2008.829,2.434171
r01503,0.5,1000,16,4,2,1,1024,1,0.1,1e-08,180.0,1755,1.24324,16795.5,3902.009,2.421129
r01504,2.0,1000,16,1,2,1,2048,1,0.0,1e-08,190.0,1800,2.05545,12682.1,2583.805,2.324202
r01505,1.0,1000,8,4,1,0,1024,0,0.0,1e-06,105.0,1440,1.14651,11588.5,2827.637,2.400922
r01506,1.0,1000,16,2,2,1,2048,1,0.0,1e-08,180.0,1800,1.58286,12894.3,5082.555,2.325424
r01507,2.0,200,4,4,1,0,2048,1,0.0,1e-08,180.0,1800,2.01129,7690.6,4260.786,2.449713
r01508,1.0,1000,16,4,2,1,2048,1,0.1,1e-08,180.0,1755,1.54343,12924.5,10141.347,2.339176
r01509,2.0,1000,4,1,2,1,2048,1,0.0,1e-08,95.0,1440,1.68304,4933.9,1660.335,2.45803
r01510,2.0,1000,16,4,2,1,2048,0,0.0,1e-08,180.0,1755,2.09224,15415.5,8502.602,2.290767
r01511,2.0,200,4,1,1,0,2048,1,0.0,1e-08,105.0,1410,1.66645,5715.5,1433.296,2.517627
r01512,2.0,1000,4,4,1,0,2048,1,0.0,1e-08,95.0,1410,1.68118,5227.7,6268.121,2.394606
r01513,2.0,1000,4,1,1,0,2048,0,0.0,1e-08,190.0,1755,2.0057,8888.6,921.632,2.374118
r01514,2.0,1000,4,2,2,1,2048,1,0.0,1e-08,95.0,1440,1.68754,4645.6,3526.799,2.429579
r01515,1.0,1000,16,2,1,0,1024,0,0.1,1e-08,95.0,1410,1.26622,17798.3,1841.073,2.422103
r01516,2.0,1000,4,1,1,0,1024,0,0.1,1e-06,100.0,1410,1.74431,7816.2,524.039,2.470413
r01517,2.0,200,4,4,1,0,2048,0,0.0,1e-08,190.0,1800,1.96727,9346.1,3506.077,2.451276
r01518,2.0,1000,16,2,2,1,2048,1,0.0,1e-08,180.0,1800,2.13784,13478.5,4862.266,2.307108
r01519,1.0,1000,16,2,1,0,1024,1,0.0,1e-08,95.0,1440,1.22244,13859.2,2364.352,2.406345
r01520,1.0,200,4,2,2,1,1024,0,0.0,1e-08,95.0,1410,1.19224,7301.8,1121.909,2.531562
r01521,1.0,1000,8,1,2,1,2048,1,0.0,1e-08,180.0,1755,1.45477,9010.9,1818.25,2.36268
r01522,0.5,200,4,1,1,0,1024,0,0.1,1e-08,105.0,1410,0.84294,8754.6,467.87,2.586838
r01523,1.0,1000,8,1,1,0,1024,1,0.1,1e-06,95.0,1410,1.23388,9380.4,873.314,2.457006
r01524,1.0,1000,4,1,2,1,1024,1,0.1,1e-06,95.0,1440,1.22138,5837.3,701.696,2.532326
r01525,0.5,1000,16,2,2,1,2048,1,0.1,1e-08,190.0,1800,1.29799,12915.9,5074.04,2.395118
r01526,1.0,1000,8,2,1,0,2048,1,0.0,1e-08,100.0,1410,1.22627,7889.7,4153.283,2.379298
r01527,1.0,200,4,1,2,1,1024,0,0.0,1e-06,105.0,1440,1.1963,7735.4,529.516,2.548891
r01528,1.0,1000,16,4,1,0,1024,0,0.1,1e-08,95.0,1410,1.23978,16686.2,3927.55,2.40929
r01529,1.0,1000,8,2,1,0,1024,0,0.0,1e-06,100.0,1440,1.24409,11929.3,1373.424,2.418425
r01530,1.0,200,8,1,1,0,2048,1,0.1,1e-08,100.0,1440,1.28003,7895.4,2075.145,2.445569
r01531,1.0,1000,4,2,2,1,1024,0,0.0,1e-08,95.0,1410,1.08954,7314.1,1120.033,2.495364
r01532,1.0,200,16,2,1,0,1024,1,0.1,1e-06,190.0,1800,1.57968,19353.4,1693.14,2.39812
r01533,1.0,1000,8,1,1,0,2048,1,0.0,1e-08,180.0,1755,1.47077,10281.1,1593.608,2.357118
r01534,0.5,200,4,4,1,0,2048,0,0.0,1e-08,95.0,1440,0.99885,7248.5,4520.666,2.511773
r01535,2.0,200,16,4,2,1,1024,1,0.1,1e-08,190.0,1800,2.09275,15679.3,4179.792,2.452383
r01536,1.0,200,4,2,1,0,1024,0,0.0,1e-06,95.0,1410,1.20247,8252.5,992.672,2.494406
r01537,2.0,1000,16,4,2,1,1024,1,0.1,1e-06,190.0,1755,2.02576,15816.3,4143.575,2.346667
r01538,1.0,1000,16,1,2,1,1024,1,0.0,1e-06,190.0,1800,1.5281,16575.4,988.455,2.384549
r01539,1.0,1000,4,1,2,1,1024,0,0.1,1e-08,100.0,1410,1.14611,7183.6,570.191,2.54401
r01540,1.0,200,4,2,2,1,1024,0,0.1,1e-06,190.0,1800,1.32877,9894.3,827.954,2.490076
r01541,2.0,1000,4,1,1,0,1024,0,0.1,1e-08,95.0,1410,1.67364,8315.1,492.595,2.476604
r01542,1.0,200,8,1,2,1,1024,0,0.0,1e-06,180.0,1755,1.36268,14225.2,575.88,2.427641
r01543,2.0,200,8,4,2,1,1024,0,0.1,1e-06,95.0,1410,1.74854,10360.1,3162.903,2.503876
r01544,2.0,200,8,1,2,1,2048,1,0.1,1e-08,95.0,1410,1.88032,6596.5,2483.756,2.50676
r01545,1.0,1000,8,2,1,0,2048,1,0.0,1e-08,190.0,1800,1.43283,10180.8,3218.61,2.335175
r01546,2.0,200,8,4,2,1,2048,1,0.0,1e-08,180.0,1800,1.97953,9222.0,7106.484,2.406916
r01547,2.0,1000,16,2,2,1,1024,0,0.0,1e-08,100.0,1440,1.86146,14394.2,2276.466,2.384779
r01548,1.0,200,8,2,1,0,2048,1,0.0,1e-08,180.0,1800,1.47515,10850.4,3019.967,2.359792
r01549,2.0,200,4,2,1,0,1024,0,0.1,1e-06,95.0,1440,1.75225,8096.9,1011.742,2.565487
r01550,1.0,200,8,1,2,1,2048,0,0.1,1e-08,190.0,1800,1.45101,11249.2,1456.461,2.404726
r01551,2.0,1000,8,1,2,1,2048,1,0.1,1e-08,190.0,1800,2.00364,9651.8,1697.505,2.36428
r01552,2.0,200,8,1,2,1,2048,1,0.0,1e-08,190.0,1800,1.96531,8775.1,1867.094,2.437963
r01553,1.0,200,4,1,2,1,2048,1,0.0,1e-08,100.0,1440,1.22536,4710.6,1739.045,2.51224
r01554,1.0,1000,16,2,1,0,2048,1,0.1,1e-08,105.0,1410,1.28164,11065.5,5922.526,2.384263
r01555,2.0,200,8,1,1,0,1024,0,0.0,1e-08,105.0,1440,1.79339,12498.9,655.418,2.514728
r01556,2.0,200,8,1,1,0,2048,1,0.0,1e-08,100.0,1410,1.73266,7710.2,2124.964,2.47952
r01557,1.0,1000,4,4,2,1,1024,0,0.0,1e-08,95.0,1440,1.22733,7586.4,2159.654,2.496188
r01558,0.5,1000,4,4,1,0,1024,0,0.1,1e-08,105.0,1410,0.85192,8756.4,1871.082,2.533421
r01559,0.5,1000,4,1,2,1,1024,0,0.0,1e-08,95.0,1410,0.91098,7661.2,534.644,2.572511
r01560,0.5,1000,4,4,2,1,1024,0,0.0,1e-06,180.0,1800,1.0579,9889.7,1656.667,2.48734
r01561,1.0,1000,16,2,2,1,2048,1,0.1,1e-08,100.0,1440,1.27466,9613.2,6817.319,2.390729
r01562,1.0,1000,4,2,1,0,1024,0,0.1,1e-08,95.0,1440,1.15741,8407.9,974.322,2.483417
r01563,1.0,1000,4,2,1,0,2048,1,0.0,1e-08,100.0,1410,1.25459,5595.7,2927.971,2.432369
r01564,2.0,200,16,1,1,0,1024,0,0.1,1e-08,190.0,1755,2.10974,23118.1,708.71,2.469716
r01565,0.5,1000,4,1,1,0,2048,0,0.1,1e-08,180.0,1800,1.19445,8873.7,923.178,2.477247
r01566,1.0,1000,8,4,1,0,1024,0,0.1,1e-08,105.0,1410,1.15468,12508.8,2619.604,2.424751
r01567,2.0,200,4,2,1,0,1024,0,0.0,1e-08,100.0,1410,1.66415,8412.9,973.745,2.541738
r01568,1.0,1000,16,2,1,0,2048,1,0.1,1e-08,190.0,1800,1.58205,14555.8,4502.394,2.333573
r01569,2.0,200,4,2,1,0,2048,1,0.0,1e-08,190.0,1755,1.94638,7521.4,2178.304,2.457004
r01570,2.0,200,4,4,2,1,1024,0,0.0,1e-06,105.0,1410,1.77754,6902.8,2373.542,2.564382
r01571,1.0,1000,8,4,2,1,2048,0,0.1,1e-08,190.0,1755,1.40291,11639.5,5630.503,2.352556
r01572,1.0,1000,16,2,2,1,1024,1,0.0,1e-06,180.0,1755,1.52059,15964.5,2052.554,2.359153
r01573,2.0,200,16,1,2,1,2048,0,0.1,1e-08,190.0,1800,1.9957,17371.0,1886.366,2.433866
r01574,1.0,1000,4,1,2,1,2048,1,0.0,1e-08,105.0,1440,1.13397,4693.0,1745.563,2.478022
r01575,1.0,200,8,4,1,0,1024,0,0.1,1e-08,105.0,1440,1.24683,12155.1,2695.823,2.454872
r01576,1.0,1000,8,1,2,1,1024,0,0.1,1e-06,180.0,1800,1.46589,14245.0,575.077,2.415179
r01577,1.0,1000,4,2,1,0,1024,1,0.0,1e-06,95.0,1410,1.19318,6780.6,1208.159,2.464215
r01578,1.0,200,4,1,1,0,2048,1,0.0,1e-08,95.0,1440,1.23486,5575.0,1469.424,2.492324
r01579,2.0,200,8,1,1,0,2048,0,0.0,1e-08,180.0,1755,2.01724,13112.4,1249.509,2.43083
r01580,0.5,1000,16,1,1,0,2048,1,0.0,1e-08,180.0,1800,1.26103,14635.8,2238.889,2.395296
r01581,1.0,1000,16,2,1,0,2048,1,0.0,1e-08,180.0,1800,1.52967,14646.6,4474.475,2.315928
r01582,2.0,200,4,2,2,1,1024,1,0.0,1e-06,105.0,1440,1.75282,6008.2,1363.463,2.570398
r01583,2.0,200,16,4,1,0,2048,0,0.1,1e-08,190.0,1755,1.93713,19137.2,6849.053,2.393974
r01584,1.0,1000,8,2,1,0,1024,0,0.0,1e-06,190.0,1800,1.48619,15820.8,1035.597,2.370841
r01585,2.0,1000,16,2,1,0,2048,1,0.0,1e-08,190.0,1800,2.1148,14601.9,4488.171,2.291494
r01586,2.0,200,4,1,2,1,1024,0,0.1,1e-08,95.0,1440,1.67768,7043.1,581.559,2.613319
r01587,2.0,1000,16,4,2,1,2048,0,0.1,1e-08,105.0,1440,1.83593,11832.0,11077.735,2.360163
r01588,1.0,200,16,2,2,1,2048,1,0.0,1e-08,180.0,1755,1.41496,13153.2,4982.519,2.347724
r01589,0.5,200,16,4,1,0,2048,1,0.1,1e-08,180.0,1755,1.19644,15483.4,8465.334,2.406564
r01590,2.0,1000,4,1,1,0,2048,0,0.0,1e-08,100.0,1440,1.79543,7368.6,1111.737,2.429709
r01591,2.0,200,8,1,1,0,2048,1,0.0,1e-08,105.0,1410,1.66503,7784.4,2104.729,2.47522
r01592,2.0,1000,16,2,1,0,2048,1,0.1,1e-08,190.0,1800,2.00939,14369.5,4560.758,2.302592
r01593,1.0,1000,16,1,1,0,2048,1,0.0,1e-08,180.0,1800,1.58435,14608.7,2243.044,2.344399
r01594,1.0,1000,4,1,2,1,2048,0,0.1,1e-08,95.0,1440,1.14931,5793.5,1413.994,2.500701
r01595,1.0,200,4,1,2,1,1024,0,0.1,1e-08,100.0,1440,1.04484,7695.8,532.235,2.564562
r01596,2.0,200,16,2,1,0,2048,0,0.1,1e-08,180.0,1755,2.03108,17995.6,3641.782,2.411152
r01597,0.5,1000,16,1,2,1,2048,1,0.0,1e-08,180.0,1755,1.23775,12608.0,2598.985,2.400753
r01598,1.0,1000,16,2,1,0,2048,1,0.0,1e-08,180.0,1755,1.57958,15158.1,4323.506,2.325166
r01599,0.5,1000,4,2,2,1,1024,0,0.1,1e-08,105.0,1410,0.8954,7560.8,1083.486,2.568901
r01600,0.5,1000,16,2,1,0,1024,1,0.1,1e-08,105.0,1440,0.9105,13744.4,2384.096,2.459749
r01601,2.0,1000,4,2,2,1,2048,1,0.0,1e-08,190.0,1800,1.89516,6730.3,2434.349,2.385025
r01602,1.0,1000,8,2,1,0,1024,0,0.1,1e-08,105.0,1440,1.31148,11369.1,1441.101,2.441053
r01603,0.5,1000,16,1,1,0,2048,0,0.1,1e-08,180.0,1755,1.24533,18252.0,1795.309,2.407284
r01604,1.0,200,16,4,2,1,2048,1,0.0,1e-08,180.0,1800,1.55584,13046.2,10046.769,2.351011
r01605,0.5,200,16,1,2,1,1024,1,0.0,1e-08,190.0,1800,1.12308,16106.2,1017.248,2.465906
r01606,1.0,1000,16,2,2,1,1024,0,0.1,1e-08,190.0,1755,1.55894,21070.6,1555.154,2.382973
r01607,0.5,1000,8,1,2,1,1024,0,0.1,1e-06,180.0,1755,1.19206,14579.0,561.904,2.471238
r01608,1.0,200,8,1,1,0,2048,1,0.0,1e-08,180.0,1755,1.38129,10477.6,1563.711,2.380656
r01609,2.0,1000,8,2,2,1,1024,0,0.0,1e-08,105.0,1410,1.78871,10676.2,1534.633,2.404242
r01610,1.0,1000,8,1,1,0,1024,0,0.1,1e-08,180.0,1755,1.46509,15557.0,526.58,2.41054
r01611,0.5,200,8,2,2,1,2048,1,0.1,1e-08,180.0,1755,1.27828,9785.3,3348.703,2.436074
r01612,0.5,1000,8,1,1,0,2048,1,0.0,1e-08,180.0,1800,1.17584,10340.8,1584.403,2.409424
r01613,1.0,1000,16,1,2,1,2048,1,0.0,1e-08,190.0,1800,1.51841,12833.7,2553.269,2.352348
r01614,0.5,1000,4,2,1,0,1024,0,0.0,1e-08,95.0,1410,0.80187,8789.6,932.009,2.520013
r01615,1.0,1000,16,1,1,0,2048,1,0.0,1e-08,180.0,1800,1.52509,15242.8,2149.733,2.339176
r01616,1.0,1000,16,1,2,1,1024,1,0.1,1e-08,180.0,1755,1.54314,16304.8,1004.86,2.411383
r01617,0.5,200,16,2,2,1,1024,1,0.0,1e-08,100.0,1410,0.97979,11745.5,2789.844,2.491326
r01618,2.0,200,16,1,1,0,2048,1,0.1,1e-08,180.0,1800,2.12465,13967.5,2346.026,2.42313
r01619,2.0,1000,16,1,2,1,2048,0,0.0,1e-08,180.0,1755,2.05963,16209.5,2021.532,2.329744
r01620,1.0,1000,8,4,2,1,2048,0,0.0,1e-08,180.0,1755,1.4839,11668.7,5616.389,2.334089
r01621,2.0,1000,4,1,2,1,1024,0,0.0,1e-08,105.0,1410,1.72434,7441.0,550.462,2.495731
r01622,1.0,200,16,1,1,0,2048,0,0.0,1e-08,190.0,1800,1.54571,19377.7,1691.013,2.370583
r01623,1.0,1000,4,4,2,1,2048,1,0.0,1e-08,180.0,1755,1.4883,6484.3,5053.472,2.409556
r01624,1.0,1000,16,1,2,1,2048,0,0.0,1e-08,180.0,1800,1.61742,16423.4,1995.197,2.35345
r01625,0.5,200,4,4,1,0,1024,1,0.1,1e-08,100.0,1410,0.77468,6544.8,2503.373,2.547466
r01626,2.0,1000,16,2,1,0,2048,0,0.0,1e-08,180.0,1755,1.97188,18529.5,3536.845,2.285226
r01627,2.0,200,16,2,2,1,1024,1,0.0,1e-06,100.0,1440,1.82819,11904.3,2752.608,2.483908
r01628,2.0,1000,16,1,2,1,2048,1,0.0,1e-08,190.0,1800,2.00418,12370.1,2648.962,2.323999
r01629,1.0,1000,16,2,1,0,2048,1,0.1,1e-08,190.0,1800,1.48744,15402.1,4254.991,2.337604
r01630,1.0,200,8,1,2,1,1024,0,0.0,1e-06,100.0,1440,1.26073,10032.4,816.554,2.471273
r01631,2.0,1000,16,1,2,1,1024,1,0.0,1e-08,105.0,1440,1.83734,11944.4,1371.691,2.404728
r01632,0.5,200,4,4,2,1,1024,0,0.1,1e-08,95.0,1440,0.89166,7507.5,2182.337,2.591517
r01633,1.0,1000,4,4,1,0,1024,0,0.1,1e-06,100.0,1440,1.10253,8288.8,1976.65,2.473122
r01634,1.0,200,16,4,1,0,1024,1,0.0,1e-06,180.0,1800,1.47981,17963.7,3648.248,2.376119
r01635,2.0,1000,16,2,2,1,2048,1,0.1,1e-08,190.0,1800,2.02418,12846.7,5101.404,2.31723
r01636,1.0,200,16,4,1,0,1024,0,0.0,1e-06,105.0,1440,1.28708,16852.1,3888.902,2.428571
r01637,1.0,200,16,1,2,1,1024,1,0.1,1e-08,180.0,1755,1.50507,15596.8,1050.471,2.438478
r01638,1.0,1000,8,4,2,1,2048,1,0.0,1e-08,180.0,1800,1.37338,9507.7,6892.937,2.336222
r01639,1.0,200,16,2,2,1,1024,0,0.0,1e-08,190.0,1755,1.50249,20773.3,1577.408,2.402826
r01640,2.0,1000,8,1,2,1,1024,1,0.0,1e-06,100.0,1410,1.83336,8094.8,1012.005,2.421557
r01641,1.0,1000,8,1,2,1,1024,0,0.1,1e-06,105.0,1410,1.16558,10567.0,775.241,2.463244
r01642,2.0,200,8,1,1,0,1024,0,0.1,1e-08,190.0,1800,2.09543,16238.0,504.496,2.486292
r01643,2.0,1000,8,1,1,0,1024,0,0.0,1e-08,100.0,1440,1.77661,12547.1,652.899,2.419696
r01644,1.0,200,4,1,2,1,1024,0,0.1,1e-06,100.0,1440,1.1438,7237.6,565.934,2.563475
r01645,0.5,200,8,4,2,1,1024,0,0.1,1e-08,105.0,1440,0.99003,10277.9,3188.207,2.5194
r01646,1.0,1000,8,4,1,0,1024,0,0.1,1e-08,190.0,1800,1.36721,16138.4,2030.442,2.370277
r01647,0.5,1000,4,1,2,1,1024,0,0.1,1e-06,95.0,1440,0.93208,7754.2,528.228,2.582355
r01648,1.0,1000,8,2,2,1,1024,0,0.0,1e-08,95.0,1440,1.17814,10669.9,1535.53,2.429769
r01649,1.0,200,4,2,2,1,1024,0,0.0,1e-08,95.0,1410,1.16957,7390.4,1108.459,2.529364
r01650,1.0,1000,4,1,1,0,1024,0,0.0,1e-08,105.0,1410,1.11415,8576.8,477.566,2.488433
r01651,1.0,1000,8,2,1,0,2048,1,0.0,1e-08,105.0,1440,1.19975,7620.3,4300.075,2.378095
r01652,2.0,200,4,2,1,0,1024,0,0.0,1e-08,95.0,1440,1.6911,8604.8,952.023,2.541753
r01653,1.0,200,4,2,1,0,1024,1,0.0,1e-08,100.0,1410,1.11542,6789.1,1206.643,2.498873
r01654,1.0,1000,16,1,2,1,2048,1,0.1,1e-08,190.0,1800,1.49963,12892.4,2541.65,2.359738
r01655,1.0,1000,8,1,2,1,2048,1,0.1,1e-08,100.0,1440,1.26696,6693.1,2447.886,2.432867
r01656,2.0,1000,16,1,2,1,2048,1,0.1,1e-08,95.0,1440,1.72988,9738.1,3364.936,2.383543
r01657,1.0,1000,4,1,2,1,1024,0,0.0,1e-08,105.0,1440,1.07503,7392.3,554.091,2.517927
r01658,1.0,1000,4,1,2,1,2048,1,0.0,1e-08,100.0,1440,1.23292,4999.0,1638.73,2.479583
r01659,0.5,200,8,4,2,1,2048,1,0.0,1e-08,105.0,1440,0.90677,6838.2,9583.838,2.462647
r01660,1.0,1000,8,4,2,1,2048,1,0.0,1e-08,190.0,1800,1.48815,9568.6,6849.073,2.33747
r01661,1.0,1000,4,2,1,0,1024,0,0.1,1e-08,100.0,1440,1.0866,8561.6,956.829,2.488897
r01662,0.5,1000,8,1,2,1,2048,1,0.1,1e-08,180.0,1755,1.16583,8789.6,1864.02,2.437868
r01663,0.5,1000,16,1,2,1,2048,0,0.1,1e-08,180.0,1800,1.31378,16219.4,2020.294,2.414414
r01664,1.0,200,16,1,1,0,2048,0,0.0,1e-08,100.0,1440,1.26644,14049.4,2332.34,2.414481
r01665,0.5,200,16,4,2,1,2048,1,0.1,1e-08,190.0,1755,1.25866,12564.8,10431.711,2.412466
r01666,1.0,1000,4,2,1,0,2048,1,0.0,1e-08,100.0,1410,1.12515,5439.8,3011.895,2.429187
r01667,2.0,200,8,1,1,0,2048,1,0.0,1e-08,100.0,1440,1.75234,7829.2,2092.666,2.474472
r01668,0.5,1000,8,4,1,0,2048,0,0.1,1e-08,190.0,1800,1.17906,13286.5,4932.522,2.394259
r01669,0.5,1000,16,2,2,1,1024,0,0.1,1e-08,100.0,1410,1.00627,14668.4,2233.921,2.479878
r01670,1.0,1000,16,2,2,1,2048,1,0.0,1e-08,190.0,1755,1.61244,12957.1,5057.937,2.333688
r01671,2.0,1000,8,2,1,0,2048,1,0.1,1e-08,190.0,1800,2.00872,10868.9,3014.837,2.316817
r01672,0.5,1000,16,1,1,0,1024,1,0.0,1e-06,95.0,1410,0.97939,13773.7,1189.515,2.478347
r01673,2.0,200,16,4,2,1,2048,0,0.1,1e-08,180.0,1800,2.03278,16832.8,7786.685,2.410137
r01674,2.0,1000,8,1,1,0,1024,0,0.1,1e-08,100.0,1440,1.67897,11676.6,701.576,2.435659
r01675,1.0,200,8,2,2,1,1024,0,0.0,1e-08,95.0,1410,1.27082,10698.9,1531.377,2.456733
r01676,1.0,200,16,1,1,0,2048,1,0.0,1e-08,180.0,1800,1.52303,15775.4,2077.16,2.372872
r01677,1.0,1000,4,1,1,0,1024,0,0.1,1e-06,100.0,1440,1.17546,8165.0,501.652,2.509623
r01678,2.0,1000,16,4,1,0,2048,1,0.0,1e-08,105.0,1410,1.74221,10619.3,12342.828,2.327624
r01679,1.0,200,8,4,2,1,1024,0,0.1,1e-08,105.0,1410,1.22998,10126.1,3235.987,2.47279
r01680,0.5,1000,16,1,2,1,2048,1,0.0,1e-08,190.0,1800,1.28398,13301.4,2463.493,2.400913
r01681,1.0,1000,4,1,2,1,1024,0,0.1,1e-06,100.0,1440,1.21745,7012.6,584.092,2.537225
r01682,0.5,1000,4,1,2,1,1024,0,0.0,1e-06,100.0,1440,0.91991,7602.7,538.754,2.56337
r01683,1.0,1000,16,4,1,0,2048,1,0.0,1e-08,190.0,1755,1.48644,14754.5,8883.503,2.29898
r01684,2.0,1000,16,4,1,0,2048,1,0.0,1e-08,190.0,1755,1.9769,14890.2,8802.594,2.28376
r01685,2.0,1000,8,2,2,1,2048,1,0.0,1e-08,180.0,1755,1.96532,9500.5,3449.077,2.315978
r01686,2.0,1000,8,4,2,1,2048,1,0.1,1e-08,190.0,1800,2.00739,8994.1,7286.528,2.32132
r01687,2.0,200,4,2,2,1,1024,0,0.0,1e-06,100.0,1440,1.66266,7535.4,1087.142,2.562724
r01688,2.0,1000,4,2,1,0,1024,0,0.1,1e-08,180.0,1755,1.96135,10893.5,752.009,2.412923
r01689,0.5,200,16,1,1,0,2048,1,0.1,1e-08,190.0,1755,1.18458,14884.9,2201.424,2.435419
r01690,2.0,200,16,4,2,1,2048,1,0.0,1e-08,190.0,1800,2.04618,13370.7,9802.944,2.385821
r01691,2.0,1000,8,2,1,0,2048,1,0.0,1e-08,180.0,1755,2.00835,10252.2,3196.195,2.302735
r01692,2.0,1000,8,1,1,0,1024,1,0.1,1e-08,95.0,1410,1.76946,9631.2,850.567,2.435255
r01693,1.0,1000,4,1,2,1,1024,0,0.0,1e-08,100.0,1440,1.23118,7153.9,572.559,2.519675
r01694,0.5,200,16,2,1,0,2048,1,0.0,1e-08,190.0,1755,1.22643,15419.3,4250.269,2.38981
r01695,2.0,1000,16,1,1,0,2048,1,0.0,1e-08,180.0,1800,2.05143,14917.8,2196.564,2.316
r01696,1.0,200,8,1,1,0,1024,0,0.0,1e-06,180.0,1800,1.45201,16689.3,490.854,2.421626
r01697,1.0,200,16,1,1,0,1024,1,0.0,1e-06,100.0,1440,1.41514,13647.3,1200.533,2.457163
r01698,2.0,1000,8,4,1,0,2048,0,0.0,1e-08,190.0,1755,1.96693,13392.8,4893.373,2.306587
r01699,2.0,200,16,4,2,1,1024,1,0.0,1e-08,180.0,1755,2.13363,16213.4,4042.095,2.438841
r01700,1.0,200,4,4,1,0,1024,0,0.1,1e-06,105.0,1440,1.19991,8752.8,1871.851,2.505399
r01701,0.5,1000,8,2,2,1,2048,1,0.0,1e-08,190.0,1755,1.1546,9616.5,3407.473,2.387011
r01702,1.0,1000,4,1,2,1,1024,0,0.1,1e-06,95.0,1440,1.12178,7535.9,543.533,2.528419
r01703,1.0,200,8,2,1,0,2048,1,0.0,1e-08,190.0,1755,1.45596,10619.2,3085.739,2.362651
r01704,2.0,200,8,1,2,1,2048,1,0.1,1e-08,190.0,1800,2.01642,9189.3,1782.938,2.454809
r01705,0.5,1000,4,2,1,0,2048,1,0.0,1e-08,95.0,1410,0.88232,5300.3,3091.158,2.47869
r01706,2.0,1000,8,2,1,0,2048,0,0.1,1e-08,180.0,1800,2.01366,12790.0,2561.998,2.324193
r01707,2.0,1000,4,4,1,0,2048,1,0.0,1e-08,100.0,1410,1.70701,5479.0,5980.653,2.390576
r01708,2.0,1000,8,4,1,0,1024,0,0.0,1e-08,105.0,1410,1.71009,12122.1,2703.156,2.381368
r01709,1.0,1000,4,1,1,0,1024,0,0.0,1e-08,95.0,1410,1.21541,8800.0,465.452,2.496185
r01710,1.0,1000,4,1,2,1,1024,1,0.1,1e-08,95.0,1410,1.12286,5973.0,685.75,2.539086
r01711,0.5,200,4,2,1,0,1024,0,0.0,1e-08,180.0,1755,1.09801,11798.7,694.315,2.502065
r01712,0.5,1000,8,1,2,1,1024,0,0.1,1e-08,105.0,1440,0.87869,10107.8,810.464,2.504794
r01713,2.0,200,16,1,1,0,1024,1,0.0,1e-06,100.0,1410,1.90937,13980.7,1171.903,2.498069
r01714,1.0,1000,4,2,2,1,1024,0,0.0,1e-08,105.0,1440,1.16219,7558.8,1083.775,2.493169
r01715,1.0,200,4,2,1,0,2048,0,0.1,1e-08,95.0,1410,1.07777,7097.5,2308.403,2.475807
r01716,2.0,1000,16,2,1,0,1024,1,0.0,1e-08,95.0,1410,1.81148,13504.0,2426.532,2.377923
r01717,1.0,1000,16,2,1,0,2048,1,0.0,1e-08,190.0,1755,1.50738,15017.0,4364.109,2.319965
r01718,1.0,200,4,4,2,1,1024,0,0.0,1e-06,105.0,1440,1.16577,7023.4,2332.764,2.514624
r01719,0.5,1000,4,1,1,0,1024,0,0.1,1e-08,100.0,1410,0.9055,8289.1,494.143,2.560631
r01720,0.5,200,4,1,1,0,1024,0,0.1,1e-06,105.0,1440,1.03141,8638.5,474.158,2.587773
r01721,2.0,1000,16,1,2,1,1024,0,0.0,1e-06,95.0,1440,1.78424,14255.2,1149.339,2.401699
r01722,0.5,1000,8,1,2,1,1024,1,0.1,1e-08,95.0,1440,0.89723,8273.9,990.107,2.509414
r01723,2.0,1000,4,2,1,0,2048,1,0.0,1e-08,105.0,1440,1.75139,5734.4,2857.146,2.397669
r01724,2.0,1000,8,2,1,0,2048,1,0.1,1e-08,190.0,1800,1.92255,10273.6,3189.549,2.319961
r01725,2.0,1000,16,4,2,1,2048,1,0.0,1e-08,190.0,1755,2.11792,12900.7,10160.095,2.294345
r01726,1.0,1000,8,2,1,0,1024,0,0.0,1e-06,100.0,1440,1.11628,12183.9,1344.73,2.421405
r01727,2.0,1000,16,1,1,0,1024,0,0.0,1e-08,180.0,1800,2.1704,22107.3,741.114,2.357942
r01728,2.0,200,8,2,1,0,2048,1,0.0,1e-08,180.0,1800,1.97343,10232.9,3202.228,2.406273
r01729,2.0,1000,4,1,2,1,1024,0,0.1,1e-08,105.0,1410,1.7298,7322.3,559.385,2.502786
r01730,0.5,200,4,2,2,1,1024,0,0.1,1e-08,100.0,1410,0.91094,7100.7,1153.692,2.594672
r01731,0.5,1000,16,4,2,1,1024,1,0.1,1e-06,95.0,1440,1.01138,12016.4,5453.881,2.47061
r01732,2.0,200,4,4,2,1,2048,1,0.1,1e-08,190.0,1800,2.00782,6394.4,5124.505,2.495342
r01733,1.0,200,4,4,2,1,1024,0,0.0,1e-06,95.0,1440,1.11629,7235.0,2264.559,2.51618
r01734,1.0,200,8,1,2,1,2048,1,0.0,1e-08,180.0,1800,1.43003,8859.3,1849.35,2.395684
r01735,0.5,1000,16,2,1,0,1024,0,0.0,1e-08,180.0,1755,1.27908,22410.6,1462.165,2.405364
r01736,1.0,200,4,2,1,0,1024,0,0.0,1e-06,100.0,1410,1.22668,7899.8,1036.994,2.502453
r01737,1.0,1000,8,4,1,0,1024,0,0.0,1e-06,105.0,1410,1.17997,11245.1,2913.968,2.408634
r01738,1.0,1000,8,1,1,0,2048,0,0.0,1e-08,95.0,1440,1.22348,10209.7,1604.754,2.400669
r01739,1.0,200,8,1,1,0,1024,0,0.0,1e-08,190.0,1800,1.43858,15789.2,518.835,2.420738
r01740,2.0,200,4,1,2,1,2048,0,0.0,1e-08,105.0,1410,1.65444,5818.3,1407.978,2.550981
r01741,0.5,200,8,1,2,1,1024,0,0.1,1e-08,100.0,1440,0.88216,10204.4,802.794,2.548737
r01742,1.0,1000,8,1,2,1,2048,0,0.1,1e-08,180.0,1755,1.49687,11565.9,1416.58,2.382109
r01743,2.0,1000,16,4,2,1,1024,1,0.1,1e-08,190.0,1800,2.1478,15472.2,4235.714,2.357421
r01744,2.0,200,16,2,2,1,1024,1,0.0,1e-08,180.0,1755,2.0849,15902.7,2060.526,2.443809
r01745,0.5,1000,8,4,1,0,2048,1,0.0,1e-08,100.0,1410,0.95861,7233.2,9060.459,2.421669
r01746,0.5,1000,16,2,2,1,2048,1,0.0,1e-08,180.0,1800,1.30539,12958.8,5057.259,2.37548
r01747,0.5,200,4,1,2,1,1024,1,0.0,1e-06,105.0,1410,0.87281,6003.8,682.237,2.599477
r01748,1.0,1000,16,2,2,1,2048,1,0.0,1e-08,180.0,1800,1.52521,13132.7,4990.309,2.331686
r01749,2.0,200,4,4,1,0,2048,1,0.1,1e-08,190.0,1755,1.95763,7773.6,4215.319,2.465964
r01750,2.0,1000,8,1,2,1,2048,1,0.0,1e-08,180.0,1800,2.03066,9262.7,1768.817,2.339029
r01751,2.0,200,16,2,2,1,2048,1,0.1,1e-08,190.0,1800,2.11781,13023.9,5031.991,2.423326
r01752,2.0,1000,8,1,2,1,2048,0,0.1,1e-08,180.0,1800,2.05652,11396.1,1437.689,2.357623
r01753,0.5,200,16,1,2,1,2048,1,0.0,1e-08,180.0,1800,1.2366,12350.9,2653.079,2.430054
r01754,2.0,1000,4,4,2,1,1024,0,0.0,1e-06,105.0,1440,1.68986,7373.0,2222.175,2.462481
r01755,1.0,200,8,4,1,0,2048,1,0.0,1e-08,100.0,1410,1.13425,7763.5,8441.559,2.396529
r01756,1.0,1000,8,1,1,0,2048,1,0.0,1e-08,190.0,1800,1.54262,10521.3,1557.226,2.359273
r01757,2.0,1000,16,2,2,1,1024,1,0.0,1e-08,95.0,1440,1.85024,11610.3,2822.331,2.390082
r01758,1.0,200,4,4,2,1,2048,1,0.1,1e-08,95.0,1440,1.08711,4666.8,7021.542,2.493437
r01759,1.0,1000,16,2,1,0,1024,1,0.1,1e-08,100.0,1410,1.30198,14452.2,2267.344,2.420296
r01760,0.5,1000,4,4,2,1,1024,0,0.0,1e-06,105.0,1410,0.84708,7216.2,2270.457,2.540255
r01761,0.5,200,8,1,2,1,2048,1,0.1,1e-08,190.0,1755,1.13501,8971.2,1826.286,2.456571
r01762,2.0,1000,16,2,1,0,1024,1,0.1,1e-08,105.0,1440,1.79666,13749.9,2383.153,2.39288
r01763,0.5,1000,16,2,1,0,1024,1,0.0,1e-06,180.0,1755,1.252,18117.4,1808.647,2.40358
r01764,1.0,1000,16,2,2,1,1024,1,0.1,1e-08,190.0,1800,1.49409,16658.8,1967.011,2.388472
r01765,0.5,1000,4,4,2,1,2048,1,0.0,1e-08,190.0,1800,1.14413,6418.5,5105.272,2.455329
r01766,2.0,200,8,1,2,1,2048,1,0.0,1e-08,105.0,1440,1.75211,6739.6,2431.005,2.479659
r01767,2.0,1000,4,2,2,1,1024,0,0.1,1e-08,100.0,1440,1.71407,7328.9,1117.768,2.489869
r01768,2.0,1000,16,2,2,1,2048,1,0.1,1e-08,180.0,1755,2.00169,12996.3,5042.672,2.311104
r01769,1.0,200,8,4,1,0,2048,1,0.1,1e-08,180.0,1800,1.46734,10774.2,6082.662,2.366482
r01770,1.0,1000,4,4,2,1,1024,0,0.1,1e-08,95.0,1440,1.09286,7659.8,2138.965,2.499764
r01771,2.0,1000,16,1,2,1,2048,1,0.1,1e-08,105.0,1410,1.88535,10024.4,3268.838,2.383072
r01772,0.5,1000,16,4,1,0,1024,1,0.1,1e-06,180.0,1755,1.18026,19016.3,3446.313,2.409074
r01773,1.0,1000,16,4,2,1,2048,1,0.0,1e-08,190.0,1800,1.6038,13374.4,9800.205,2.320298
r01774,1.0,1000,16,1,1,0,2048,1,0.0,1e-08,190.0,1800,1.644,14603.7,2243.822,2.346932
r01775,2.0,200,8,4,2,1,1024,0,0.0,1e-08,190.0,1755,2.09435,13959.2,2347.409,2.448839
r01776,0.5,1000,8,1,1,0,2048,1,0.0,1e-08,180.0,1755,1.17179,10829.8,1512.87,2.404231
r01777,2.0,1000,4,2,1,0,1024,0,0.0,1e-08,100.0,1410,1.7017,8632.3,948.998,2.433523
r01778,2.0,200,8,1,2,1,1024,0,0.0,1e-08,105.0,1410,1.70056,9921.5,825.677,2.527462
r01779,1.0,1000,4,4,1,0,1024,0,0.0,1e-08,105.0,1440,1.15143,8489.1,1930.004,2.465027
r01780,0.5,1000,8,1,1,0,1024,1,0.0,1e-08,95.0,1410,0.97164,9239.7,886.607,2.498757
r01781,0.5,1000,4,2,2,1,1024,0,0.1,1e-08,100.0,1410,0.80067,7236.5,1132.042,2.558798
r01782,1.0,1000,4,2,1,0,2048,0,0.1,1e-08,100.0,1440,1.20862,6885.4,2379.526,2.441153
r01783,0.5,200,8,1,1,0,1024,0,0.0,1e-08,180.0,1800,1.14677,16124.9,508.034,2.479782
r01784,2.0,200,8,2,2,1,1024,0,0.0,1e-08,100.0,1440,1.80161,10053.9,1629.621,2.508761
r01785,1.0,200,8,4,2,1,2048,1,0.0,1e-08,100.0,1440,1.19407,6722.7,9748.451,2.413088
r01786,0.5,1000,16,2,2,1,2048,1,0.1,1e-08,180.0,1800,1.30458,11908.4,5503.331,2.397951
r01787,0.5,1000,4,2,1,0,1024,1,0.1,1e-06,100.0,1440,0.88592,6536.0,1253.367,2.535039
r01788,2.0,200,4,1,1,0,2048,0,0.0,1e-08,100.0,1440,1.82158,6737.1,1215.962,2.533361
r01789,1.0,200,16,1,2,1,2048,1,0.0,1e-08,190.0,1755,1.53667,12694.1,2581.348,2.38244
r01790,2.0,1000,4,4,2,1,2048,1,0.0,1e-08,105.0,1440,1.75551,4678.6,7003.784,2.425086
r01791,1.0,200,8,1,1,0,2048,1,0.0,1e-08,180.0,1755,1.44179,10614.0,1543.627,2.38421
r01792,2.0,200,4,2,2,1,1024,0,0.0,1e-08,95.0,1440,1.63166,7628.3,1073.895,2.572555
r01793,1.0,1000,4,1,1,0,1024,0,0.1,1e-08,95.0,1440,1.27191,8170.6,501.307,2.506798
r01794,0.5,1000,16,1,1,0,2048,1,0.1,1e-08,105.0,1410,0.94379,11097.1,2952.843,2.442368
r01795,2.0,1000,8,1,2,1,2048,1,0.0,1e-08,180.0,1800,2.04197,9210.2,1778.904,2.331136
r01796,1.0,1000,4,1,2,1,1024,0,0.0,1e-08,95.0,1440,1.10012,7821.5,523.686,2.520569
r01797,2.0,1000,4,4,2,1,2048,1,0.1,1e-08,190.0,1755,1.94528,6704.8,4887.236,2.39197
r01798,2.0,200,16,1,2,1,1024,1,0.1,1e-06,180.0,1800,2.02546,15650.6,1046.861,2.47207
r01799,2.0,200,4,2,2,1,1024,0,0.1,1e-08,100.0,1440,1.80163,7401.4,1106.813,2.595505
r01800,1.0,200,8,2,2,1,2048,1,0.0,1e-08,180.0,1800,1.34127,9075.4,3610.623,2.372619
r01801,0.5,200,4,1,1,0,2048,1,0.0,1e-08,95.0,1440,0.83452,5509.7,1486.819,2.52798
r01802,0.5,200,4,4,1,0,2048,1,0.1,1e-08,95.0,1440,0.84994,5540.8,5913.921,2.517626
r01803,2.0,1000,16,2,1,0,2048,1,0.0,1e-08,180.0,1800,2.03822,15153.4,4324.825,2.295626
r01804,2.0,1000,16,1,2,1,2048,0,0.0,1e-08,180.0,1800,2.05583,16851.1,1944.567,2.327179
r01805,2.0,200,16,1,2,1,2048,1,0.1,1e-08,180.0,1800,2.07716,12830.5,2553.911,2.443979
r01806,1.0,1000,16,1,1,0,1024,1,0.0,1e-08,105.0,1440,1.27476,13046.0,1255.868,2.43307
r01807,1.0,200,16,4,1,0,2048,0,0.0,1e-08,190.0,1800,1.48344,18183.5,7208.308,2.342648
r01808,0.5,200,4,1,1,0,2048,1,0.0,1e-08,105.0,1440,0.89229,5294.5,1547.27,2.533724
r01809,2.0,200,16,1,1,0,2048,0,0.1,1e-08,180.0,1755,2.11893,18178.6,1802.559,2.4344
r01810,2.0,1000,16,1,2,1,2048,1,0.1,1e-08,180.0,1800,2.02259,12583.4,2604.068,2.345972
r01811,1.0,1000,16,4,1,0,1024,1,0.0,1e-08,180.0,1755,1.49453,18368.8,3567.787,2.350508
r01812,1.0,1000,4,1,1,0,1024,0,0.0,1e-08,105.0,1440,1.12362,8553.0,478.895,2.485871
r01813,0.5,1000,16,1,1,0,2048,1,0.0,1e-08,180.0,1800,1.2885,14911.7,2197.474,2.395198
r01814,1.0,200,8,1,2,1,1024,0,0.0,1e-06,105.0,1440,1.21422,10608.1,772.243,2.47857
r01815,1.0,200,16,4,2,1,1024,1,0.0,1e-08,95.0,1440,1.2768,11941.4,5488.122,2.436599
r01816,1.0,1000,8,1,1,0,1024,0,0.1,1e-08,105.0,1440,1.21217,12062.8,679.114,2.461085
r01817,1.0,1000,4,2,1,0,2048,1,0.1,1e-08,190.0,1755,1.50283,7316.0,2239.468,2.405488
r01818,1.0,1000,8,1,1,0,2048,1,0.0,1e-08,105.0,1440,1.20452,8092.1,2024.702,2.401493
r01819,2.0,200,16,1,2,1,1024,1,0.1,1e-08,105.0,1440,1.80276,12522.5,1308.366,2.518803
r01820,1.0,200,4,2,1,0,1024,1,0.0,1e-08,100.0,1410,1.10991,6249.9,1310.736,2.494932
r01821,1.0,200,8,4,2,1,1024,0,0.0,1e-08,105.0,1410,1.16852,11036.3,2969.112,2.454938
r01822,1.0,1000,16,1,1,0,2048,1,0.1,1e-08,190.0,1755,1.40967,14204.8,2306.834,2.352308
r01823,2.0,200,16,4,1,0,1024,1,0.0,1e-08,180.0,1800,2.11297,18282.4,3584.646,2.431531
r01824,0.5,1000,16,2,1,0,1024,1,0.1,1e-06,180.0,1755,1.23326,17256.2,1898.912,2.42128
r01825,1.0,1000,8,4,2,1,2048,1,0.0,1e-08,180.0,1800,1.49726,9235.8,7095.889,2.337433
r01826,2.0,1000,16,2,1,0,2048,1,0.0,1e-08,190.0,1800,2.06589,15024.8,4361.857,2.292496
r01827,2.0,200,4,1,2,1,1024,1,0.0,1e-06,105.0,1440,1.74398,5771.7,709.672,2.591588
r01828,1.0,1000,8,1,1,0,1024,0,0.0,1e-08,105.0,1440,1.21746,11942.0,685.979,2.442406
r01829,1.0,200,16,4,1,0,2048,1,0.1,1e-08,180.0,1755,1.6637,14639.7,8953.171,2.362441
r01830,1.0,1000,16,2,1,0,1024,1,0.0,1e-06,100.0,1440,1.35925,12817.5,2556.497,2.396211
r01831,1.0,1000,16,1,1,0,1024,1,0.1,1e-08,105.0,1440,1.28688,13203.4,1240.895,2.440839
r01832,2.0,200,16,2,2,1,1024,0,0.0,1e-08,190.0,1800,2.10792,21689.0,1510.814,2.449086
r01833,1.0,200,8,1,1,0,2048,1,0.1,1e-08,105.0,1410,1.16308,7927.4,2066.747,2.438446
r01834,0.5,1000,16,2,2,1,2048,1,0.1,1e-08,190.0,1800,1.22546,13136.3,4988.918,2.402244
r01835,0.5,1000,8,2,1,0,2048,0,0.0,1e-08,95.0,1440,0.96995,9872.1,3319.251,2.438059
r01836,1.0,1000,16,4,2,1,2048,1,0.0,1e-08,180.0,1755,1.51929,12681.0,10336.1,2.317154
r01837,1.0,1000,16,1,1,0,2048,1,0.0,1e-08,190.0,1755,1.518,14890.2,2200.638,2.340831
r01838,1.0,200,8,4,1,0,2048,1,0.1,1e-08,190.0,1800,1.52722,10535.3,6220.631,2.376047
r01839,0.5,200,16,4,2,1,2048,1,0.1,1e-08,180.0,1800,1.32897,13114.2,9994.669,2.415223
r01840,0.5,200,4,1,2,1,1024,0,0.1,1e-08,100.0,1440,0.86197,7839.5,522.479,2.61417
r01841,1.0,200,8,2,2,1,2048,0,0.0,1e-08,100.0,1440,1.19914,7786.7,4208.195,2.420238
r01842,0.5,1000,8,1,2,1,2048,1,0.1,1e-08,190.0,1755,1.2282,9447.4,1734.237,2.431738
r01843,0.5,200,16,4,2,1,2048,0,0.1,1e-08,105.0,1440,1.04973,11208.0,11694.513,2.45856
r01844,1.0,200,8,1,1,0,2048,1,0.0,1e-08,180.0,1800,1.45415,10410.1,1573.856,2.3862
r01845,0.5,1000,4,4,1,0,1024,0,0.0,1e-06,105.0,1410,0.89515,8414.7,1947.06,2.505143
r01846,0.5,200,4,4,1,0,1024,0,0.0,1e-08,100.0,1410,0.86418,8821.4,1857.297,2.547704
r01847,1.0,200,8,2,1,0,2048,0,0.1,1e-08,100.0,1410,1.18918,9793.6,3345.859,2.42525
r01848,1.0,200,16,2,1,0,2048,1,0.0,1e-08,190.0,1800,1.6194,15446.8,4242.691,2.353353
r01849,0.5,1000,16,2,1,0,1024,1,0.0,1e-08,100.0,1410,1.01666,13250.4,2472.982,2.462265
r01850,2.0,200,16,2,2,1,2048,1,0.0,1e-08,190.0,1755,2.04867,13293.5,4929.912,2.399714
r01851,1.0,1000,16,4,2,1,1024,0,0.0,1e-08,100.0,1410,1.31181,14523.9,4512.283,2.408773
r01852,1.0,200,4,2,1,0,1024,0,0.1,1e-06,105.0,1410,1.24854,8354.0,980.605,2.516027
r01853,1.0,200,4,2,1,0,1024,0,0.0,1e-08,105.0,1440,1.13398,8472.7,966.869,2.498724
r01854,0.5,200,8,1,1,0,1024,0,0.0,1e-08,100.0,1410,0.99562,12329.7,664.413,2.523922
r01855,1.0,200,4,4,1,0,1024,0,0.1,1e-08,95.0,1410,1.22026,8521.0,1922.783,2.504292
r01856,1.0,200,16,2,2,1,2048,1,0.0,1e-08,180.0,1800,1.49521,13191.9,4967.911,2.356638
r01857,1.0,200,8,2,1,0,2048,1,0.0,1e-08,180.0,1800,1.44406,10555.5,3104.359,2.370272
r01858,0.5,200,16,2,1,0,2048,1,0.0,1e-08,190.0,1800,1.21015,15172.5,4319.384,2.397345
r01859,0.5,200,8,1,2,1,2048,1,0.1,1e-08,95.0,1440,0.93832,6495.2,2522.462,2.505033
r01860,1.0,1000,16,2,1,0,2048,0,0.0,1e-08,190.0,1755,1.50161,18912.8,3465.168,2.326311
r01861,2.0,200,4,1,1,0,1024,0,0.1,1e-08,100.0,1440,1.66577,8281.7,494.587,2.580962
r01862,0.5,1000,16,4,2,1,1024,1,0.0,1e-08,95.0,1410,1.0732,11541.9,5678.072,2.466111
r01863,1.0,200,4,1,1,0,1024,0,0.0,1e-08,100.0,1410,1.15754,8387.8,488.33,2.517337
r01864,1.0,1000,16,1,2,1,1024,0,0.0,1e-08,190.0,1800,1.43953,19951.1,821.209,2.391327
r01865,1.0,200,16,2,1,0,2048,1,0.1,1e-08,190.0,1800,1.59862,15891.8,4123.891,2.360413
r01866,2.0,1000,8,2,1,0,1024,0,0.0,1e-08,95.0,1410,1.76604,12267.5,1335.556,2.391201
r01867,2.0,1000,16,4,2,1,1024,0,0.1,1e-06,180.0,1755,2.0124,20189.8,3246.0,2.347488
r01868,1.0,200,8,4,2,1,1024,0,0.0,1e-06,190.0,1800,1.4733,13628.3,2404.404,2.401023
r01869,2.0,200,16,2,2,1,2048,1,0.0,1e-08,190.0,1755,2.10616,12719.1,5152.555,2.406332
r01870,2.0,1000,16,2,2,1,2048,0,0.1,1e-08,180.0,1755,2.11947,16084.5,4074.492,2.320118
r01871,1.0,200,8,4,2,1,1024,0,0.1,1e-08,100.0,1410,1.2916,10230.1,3203.088,2.469155
r01872,1.0,200,4,4,2,1,1024,0,0.0,1e-08,95.0,1440,1.2538,7211.5,2271.941,2.519125
r01873,2.0,200,16,1,1,0,2048,1,0.0,1e-08,95.0,1440,1.77884,11191.7,2927.873,2.464742
r01874,0.5,1000,8,2,1,0,2048,0,0.1,1e-08,190.0,1755,1.20906,12995.4,2521.503,2.399148
r01875,2.0,1000,16,2,1,0,1024,1,0.0,1e-08,190.0,1755,2.11921,18120.6,1808.325,2.33006
r01876,2.0,200,16,4,1,0,1024,1,0.1,1e-06,105.0,1410,1.77325,13182.0,4971.619,2.478969
r01877,2.0,1000,16,1,2,1,1024,0,0.1,1e-08,180.0,1800,2.04926,19358.8,846.332,2.379282
r01878,0.5,1000,4,4,2,1,1024,1,0.1,1e-08,100.0,1410,0.92413,5841.3,2804.834,2.554457
r01879,0.5,1000,8,1,2,1,2048,1,0.1,1e-08,190.0,1800,1.20673,9004.7,1819.485,2.437375
r01880,0.5,1000,8,2,2,1,2048,1,0.1,1e-08,190.0,1800,1.18286,9403.5,3484.646,2.406882
r01881,1.0,1000,8,2,1,0,1024,0,0.0,1e-08,95.0,1410,1.25168,12211.5,1341.686,2.417842
r01882,1.0,1000,8,1,1,0,2048,0,0.1,1e-08,190.0,1800,1.46027,12957.4,1264.454,2.381989
r01883,2.0,200,4,4,1,0,1024,0,0.1,1e-06,95.0,1410,1.68898,8282.2,1978.214,2.538763
r01884,1.0,1000,16,2,1,0,1024,0,0.0,1e-06,190.0,1755,1.51891,23604.9,1388.186,2.357821
r01885,1.0,200,16,2,2,1,2048,1,0.1,1e-08,180.0,1755,1.61002,12759.1,5136.422,2.378988
r01886,1.0,1000,16,1,2,1,2048,0,0.0,1e-08,95.0,1410,1.30679,11784.5,2780.605,2.395064
r01887,2.0,200,16,4,2,1,1024,1,0.0,1e-06,190.0,1755,2.1272,15470.7,4236.139,2.426777
r01888,1.0,200,8,2,1,0,1024,0,0.1,1e-06,190.0,1800,1.47264,15685.2,1044.55,2.418189
r01889,1.0,200,4,2,1,0,2048,1,0.0,1e-08,105.0,1410,1.22623,5496.6,2980.773,2.461694
r01890,2.0,200,16,4,1,0,2048,1,0.0,1e-08,180.0,1800,2.12618,15348.3,8539.822,2.382262
r01891,0.5,200,4,1,1,0,1024,0,0.1,1e-08,95.0,1410,0.87656,8770.4,467.023,2.589366
r01892,2.0,1000,8,4,1,0,1024,0,0.0,1e-06,105.0,1440,1.72847,11628.1,2818.01,2.384183
r01893,1.0,200,4,1,2,1,2048,1,0.1,1e-08,95.0,1410,1.13122,4570.6,1792.336,2.522487
r01894,2.0,1000,4,2,2,1,2048,1,0.0,1e-08,100.0,1410,1.75178,4853.4,3375.78,2.430799
r01895,2.0,200,16,2,1,0,2048,1,0.1,1e-08,180.0,1800,2.20598,15024.2,4362.033,2.416909
r01896,2.0,1000,8,4,1,0,1024,0,0.0,1e-08,95.0,1440,1.72577,11698.4,2801.072,2.388095
r01897,0.5,200,16,4,1,0,2048,1,0.1,1e-08,190.0,1755,1.22449,14870.7,8814.102,2.403983
r01898,1.0,200,16,1,1,0,1024,1,0.1,1e-08,100.0,1440,1.25993,13118.2,1248.949,2.473902
r01899,1.0,1000,4,2,1,0,2048,1,0.0,1e-08,100.0,1440,1.22067,5203.4,3148.695,2.429727
r01900,1.0,200,8,2,1,0,2048,1,0.0,1e-08,190.0,1800,1.51321,10335.7,3170.383,2.3712
r01901,0.5,1000,4,1,2,1,1024,0,0.0,1e-06,100.0,1410,0.81301,7262.5,563.996,2.56942
r01902,1.0,1000,4,2,2,1,1024,0,0.0,1e-08,100.0,1410,1.14905,7622.3,1074.746,2.501427
r01903,2.0,200,16,4,2,1,2048,1,0.0,1e-08,105.0,1410,1.85573,9285.5,14115.747,2.438972
r01904,1.0,1000,16,2,2,1,2048,1,0.0,1e-08,180.0,1755,1.58276,13342.6,4911.781,2.329582
r01905,0.5,1000,16,1,2,1,1024,1,0.0,1e-08,180.0,1800,1.24445,15587.9,1051.07,2.447698
r01906,2.0,200,16,2,2,1,1024,1,0.1,1e-08,95.0,1440,1.7814,11787.3,2779.94,2.498088
r01907,1.0,1000,16,2,2,1,2048,1,0.1,1e-08,190.0,1755,1.41453,12435.0,5270.269,2.339652
r01908,2.0,200,16,1,2,1,2048,0,0.1,1e-08,190.0,1800,2.02873,16765.8,1954.459,2.443165
r01909,2.0,200,4,2,1,0,2048,1,0.1,1e-08,105.0,1410,1.81015,5651.8,2898.912,2.525994
r01910,1.0,1000,4,2,2,1,1024,0,0.1,1e-08,105.0,1410,1.19821,7456.8,1098.595,2.515431
r01911,1.0,200,16,2,2,1,2048,1,0.1,1e-08,190.0,1755,1.47179,13265.2,4940.448,2.366172
r01912,1.0,200,8,1,2,1,2048,1,0.0,1e-08,100.0,1410,1.16827,6891.6,2377.388,2.438804
r01913,1.0,200,4,2,1,0,1024,1,0.0,1e-08,100.0,1410,1.17272,6630.3,1235.535,2.503252
r01914,1.0,200,4,2,1,0,2048,1,0.0,1e-08,190.0,1755,1.46994,7401.0,2213.745,2.411642
r01915,2.0,1000,8,2,2,1,2048,1,0.1,1e-08,105.0,1410,1.85606,7053.9,4645.381,2.383121
r01916,2.0,200,8,2,1,0,1024,0,0.0,1e-06,100.0,1410,1.76271,11609.8,1411.224,2.491535
r01917,2.0,1000,16,1,2,1,2048,1,0.0,1e-08,180.0,1755,1.98902,13522.0,2423.316,2.327057
r01918,2.0,1000,4,4,1,0,1024,0,0.1,1e-08,95.0,1440,1.67773,8699.5,1883.322,2.45178
r01919,0.5,200,16,1,2,1,1024,1,0.1,1e-06,95.0,1440,1.04048,12086.8,1355.53,2.525739
r01920,0.5,200,4,4,1,0,1024,0,0.0,1e-08,100.0,1410,0.87626,8213.5,1994.773,2.54372
r01921,1.0,1000,8,1,2,1,1024,0,0.1,1e-06,105.0,1440,1.15039,10566.1,775.31,2.465168
r01922,0.5,200,16,2,2,1,1024,1,0.0,1e-08,190.0,1800,1.25399,15737.3,2082.192,2.454971
r01923,0.5,200,4,1,2,1,1024,0,0.0,1e-06,95.0,1440,0.85155,7453.5,549.539,2.595088
r01924,2.0,200,4,1,1,0,1024,1,0.0,1e-06,100.0,1440,1.73503,6780.4,604.096,2.561784
r01925,0.5,1000,4,2,2,1,2048,1,0.0,1e-08,180.0,1755,1.1664,6335.0,2586.268,2.468423
r01926,0.5,200,16,4,2,1,1024,0,0.0,1e-08,95.0,1410,1.01094,14832.0,4418.565,2.480462
r01927,2.0,1000,8,4,2,1,2048,1,0.1,1e-08,105.0,1440,1.66721,6850.8,9566.185,2.37184
r01928,1.0,1000,4,4,2,1,2048,1,0.0,1e-08,95.0,1410,1.17684,4707.5,6960.753,2.44754
r01929,0.5,1000,16,2,2,1,1024,1,0.0,1e-08,105.0,1410,1.01019,11966.1,2738.394,2.458947
r01930,2.0,1000,8,4,2,1,1024,0,0.0,1e-08,95.0,1410,1.74218,10680.3,3068.068,2.3981
r01931,0.5,1000,16,2,2,1,1024,1,0.1,1e-06,100.0,1440,0.98586,11328.1,2892.623,2.477265
r01932,1.0,200,8,2,2,1,2048,1,0.0,1e-08,180.0,1755,1.43123,9252.2,3541.663,2.375635
r01933,1.0,1000,8,2,2,1,1024,0,0.1,1e-08,95.0,1440,1.23025,10553.4,1552.483,2.449791
r01934,0.5,1000,8,2,2,1,1024,0,0.1,1e-06,95.0,1440,0.90669,10290.2,1592.189,2.49191
r01935,0.5,1000,16,2,2,1,1024,1,0.1,1e-08,95.0,1440,0.96806,11774.7,2782.918,2.482172
r01936,0.5,1000,4,4,2,1,2048,1,0.0,1e-08,105.0,1440,0.90812,5070.9,6461.949,2.496953
r01937,1.0,1000,16,2,2,1,2048,1,0.0,1e-08,190.0,1755,1.52568,13591.6,4821.819,2.327991
r01938,2.0,200,4,1,2,1,1024,1,0.1,1e-06,100.0,1440,1.73198,5841.5,701.188,2.602894
r01939,2.0,1000,4,1,1,0,1024,0,0.0,1e-08,100.0,1440,1.68073,8713.0,470.1,2.46523
r01940,2.0,200,4,2,1,0,1024,0,0.1,1e-08,105.0,1410,1.80433,8215.8,997.105,2.561939
r01941,1.0,1000,4,1,1,0,1024,0,0.1,1e-06,100.0,1410,1.20436,8866.4,461.971,2.507663
r01942,0.5,1000,16,4,1,0,2048,1,0.1,1e-08,190.0,1800,1.23719,15423.0,8498.5,2.37136
r01943,2.0,1000,4,4,1,0,1024,0,0.1,1e-06,95.0,1410,1.64108,8242.5,1987.748,2.437795
r01944,2.0,1000,4,2,2,1,1024,1,0.0,1e-08,100.0,1440,1.6798,5934.4,1380.416,2.473459
r01945,1.0,200,16,4,1,0,1024,0,0.0,1e-08,180.0,1800,1.45428,23099.3,2837.143,2.37238
r01946,0.5,1000,4,4,2,1,1024,1,0.1,1e-08,105.0,1410,0.89976,5892.5,2780.468,2.553175
r01947,2.0,200,16,1,2,1,2048,1,0.0,1e-08,190.0,1755,2.05388,12642.8,2591.825,2.421293
r01948,1.0,1000,8,2,1,0,1024,0,0.0,1e-06,105.0,1410,1.33273,11813.7,1386.86,2.42471
r01949,1.0,1000,16,1,1,0,2048,0,0.0,1e-08,180.0,1755,1.50418,19692.1,1664.017,2.336531
r01950,2.0,1000,16,4,1,0,2048,1,0.1,1e-08,190.0,1755,2.03724,15045.2,8711.881,2.296111
r01951,0.5,200,16,1,2,1,2048,1,0.1,1e-08,190.0,1755,1.1713,12626.7,2595.127,2.442863
r01952,2.0,1000,16,2,2,1,2048,1,0.0,1e-08,180.0,1755,2.07669,12893.9,5082.716,2.304104
r01953,2.0,200,8,1,2,1,1024,0,0.0,1e-08,95.0,1440,1.78159,10447.4,784.115,2.530191
r01954,0.5,200,16,1,1,0,1024,1,0.1,1e-08,180.0,1755,1.23466,19474.3,841.315,2.469406
r01955,0.5,200,4,1,1,0,2048,1,0.0,1e-08,105.0,1440,0.87842,5387.3,1520.611,2.528308
r01956,1.0,200,8,1,1,0,2048,0,0.0,1e-08,180.0,1755,1.36538,12336.8,1328.059,2.381467
r01957,2.0,1000,16,1,2,1,1024,1,0.1,1e-06,95.0,1410,1.80073,11806.2,1387.742,2.424482
r01958,1.0,1000,8,1,1,0,2048,1,0.0,1e-08,190.0,1800,1.42317,9915.7,1652.323,2.355647
r01959,0.5,1000,16,4,2,1,1024,1,0.1,1e-08,95.0,1410,0.9956,12012.9,5455.491,2.470082
r01960,2.0,200,8,2,2,1,1024,0,0.0,1e-06,100.0,1440,1.67343,10576.9,1549.029,2.498703
r01961,1.0,1000,16,4,1,0,2048,1,0.0,1e-08,180.0,1800,1.48524,14479.9,9052.007,2.301929
r01962,0.5,200,8,4,2,1,2048,1,0.0,1e-08,190.0,1800,1.18073,9021.0,7264.854,2.416256
r01963,0.5,200,16,2,1,0,2048,1,0.1,1e-08,180.0,1800,1.1491,15365.4,4265.18,2.406499
r01964,0.5,1000,4,2,1,0,2048,1,0.0,1e-08,95.0,1410,0.88488,5352.5,3061.016,2.476846
r01965,1.0,200,8,2,2,1,1024,0,0.1,1e-08,100.0,1410,1.21014,10790.2,1518.416,2.475855
r01966,2.0,200,4,2,2,1,2048,1,0.0,1e-08,190.0,1800,1.96172,6541.4,2504.656,2.488207
r01967,1.0,200,16,1,1,0,2048,1,0.0,1e-08,180.0,1755,1.54905,14229.9,2302.755,2.373885
r01968,2.0,200,4,1,1,0,1024,0,0.1,1e-08,180.0,1800,1.93699,11651.7,351.537,2.534483
r01969,2.0,200,16,1,2,1,2048,1,0.0,1e-08,180.0,1800,2.07379,12067.4,2715.411,2.419598
r01970,0.5,200,16,2,2,1,1024,1,0.1,1e-08,190.0,1755,1.25868,16263.0,2014.874,2.459678
r01971,1.0,1000,16,1,1,0,2048,1,0.1,1e-08,190.0,1755,1.53599,14858.8,2205.286,2.364542
r01972,1.0,200,8,1,2,1,1024,0,0.0,1e-06,105.0,1410,1.07514,9925.4,825.359,2.482642
r01973,1.0,200,8,4,1,0,1024,0,0.0,1e-08,100.0,1410,1.22749,11840.7,2767.411,2.439545
r01974,0.5,1000,16,2,1,0,2048,1,0.1,1e-08,180.0,1800,1.21579,15132.2,4330.908,2.384038
r01975,1.0,1000,8,4,2,1,2048,1,0.1,1e-08,105.0,1440,1.27345,6875.2,9532.163,2.400399
r01976,1.0,1000,16,1,1,0,2048,1,0.0,1e-08,180.0,1800,1.4621,15049.7,2177.325,2.34094
r01977,0.5,1000,16,2,2,1,2048,0,0.1,1e-08,180.0,1800,1.19666,16137.9,4060.997,2.386889
r01978,0.5,1000,8,4,2,1,2048,1,0.0,1e-08,180.0,1800,1.18752,9177.4,7141.01,2.388416
r01979,1.0,200,8,4,2,1,2048,1,0.1,1e-08,180.0,1755,1.45686,9453.8,6932.275,2.37665
r01980,2.0,200,16,2,1,0,1024,1,0.1,1e-06,105.0,1440,1.762,12956.7,2529.042,2.492995
r01981,0.5,200,16,2,2,1,1024,1,0.1,1e-08,190.0,1800,1.24843,15276.3,2145.019,2.460738
r01982,0.5,200,8,2,2,1,1024,1,0.0,1e-08,105.0,1440,0.90461,8582.2,1909.065,2.509669
r01983,2.0,200,16,2,2,1,1024,1,0.0,1e-06,190.0,1800,2.0584,16433.5,1993.973,2.431746
r01984,1.0,1000,16,2,2,1,2048,1,0.0,1e-08,180.0,1755,1.47022,13210.8,4960.79,2.331559
r01985,1.0,1000,8,2,1,0,1024,0,0.1,1e-08,100.0,1440,1.23609,12706.5,1289.415,2.438628
r01986,1.0,1000,4,2,2,1,1024,0,0.0,1e-06,95.0,1410,1.12039,7529.1,1088.049,2.496708
r01987,1.0,1000,8,2,2,1,1024,0,0.1,1e-08,100.0,1440,1.26364,10786.1,1518.988,2.443917
r01988,1.0,200,8,4,1,0,1024,1,0.0,1e-06,190.0,1755,1.39669,12839.1,2552.21,2.389638
r01989,1.0,1000,16,2,2,1,2048,1,0.0,1e-08,180.0,1800,1.56438,12870.9,5091.805,2.327661
r01990,2.0,1000,4,4,1,0,1024,0,0.0,1e-06,105.0,1410,1.67713,8322.9,1968.54,2.432604
r01991,0.5,1000,4,4,2,1,1024,0,0.0,1e-08,100.0,1410,0.87685,7492.9,2186.592,2.54418
r01992,2.0,1000,4,1,1,0,1024,0,0.0,1e-06,105.0,1410,1.66596,8659.9,472.985,2.466385
r01993,1.0,1000,8,1,2,1,1024,0,0.0,1e-08,100.0,1440,1.21857,10621.8,771.244,2.449786
r01994,2.0,1000,4,2,2,1,1024,0,0.0,1e-08,95.0,1440,1.72266,7015.4,1167.723,2.469846
r01995,1.0,1000,8,1,2,1,1024,0,0.1,1e-08,105.0,1410,1.25134,10357.5,790.923,2.469933
r01996,2.0,200,4,4,2,1,2048,1,0.1,1e-08,190.0,1755,2.01047,6231.6,5258.345,2.496351
r01997,1.0,1000,4,1,1,0,1024,0,0.0,1e-08,95.0,1440,1.17894,8347.9,490.663,2.496801
r01998,0.5,200,16,2,2,1,2048,1,0.0,1e-08,180.0,1755,1.27953,12823.6,5110.583,2.408109
r01999,2.0,1000,8,1,2,1,2048,1,0.0,1e-08,190.0,1755,2.00398,8965.1,1827.528,2.340125
r02000,2.0,1000,4,2,2,1,1024,0,0.1,1e-06,100.0,1440,1.62439,7293.6,1123.17,2.482159
r02001,2.0,1000,16,2,1,0,2048,1,0.0,1e-08,180.0,1755,2.11295,14381.5,4556.965,2.292958
r02002,2.0,200,16,4,2,1,1024,1,0.0,1e-06,100.0,1440,1.79412,11873.1,5519.693,2.480321
r02003,0.5,1000,16,2,1,0,2048,1,0.0,1e-08,180.0,1755,1.26371,14716.5,4453.223,2.365021
r02004,1.0,1000,8,4,2,1,1024,0,0.1,1e-06,180.0,1800,1.52421,13574.5,2413.932,2.388114
r02005,1.0,1000,8,2,1,0,2048,0,0.0,1e-08,180.0,1755,1.47265,13229.3,2476.929,2.341358
r02006,2.0,200,4,4,1,0,2048,1,0.1,1e-08,190.0,1755,1.95259,7451.3,4397.595,2.464409
r02007,1.0,200,16,1,2,1,2048,1,0.0,1e-08,105.0,1440,1.19416,9181.2,3569.037,2.423816
r02008,2.0,1000,16,2,2,1,2048,1,0.1,1e-08,105.0,1410,1.79151,9543.7,6866.943,2.368042
r02009,1.0,200,8,2,2,1,2048,1,0.1,1e-08,105.0,1440,1.10346,7114.4,4605.883,2.435413
r02010,0.5,1000,16,2,1,0,2048,1,0.0,1e-08,180.0,1755,1.23877,14923.1,4391.576,2.366589
r02011,2.0,200,4,2,1,0,2048,0,0.1,1e-08,100.0,1410,1.73471,6911.4,2370.584,2.520973
r02012,0.5,1000,16,1,1,0,1024,1,0.1,1e-08,190.0,1800,1.18552,19689.4,832.123,2.442045
r02013,0.5,200,4,2,2,1,1024,0,0.0,1e-06,180.0,1755,1.20072,9822.2,834.031,2.532749
r02014,1.0,200,8,4,2,1,1024,0,0.1,1e-08,105.0,1440,1.30763,10958.3,2990.242,2.463707
r02015,1.0,1000,16,2,1,0,2048,1,0.1,1e-08,180.0,1755,1.60623,15441.1,4244.264,2.337017
r02016,1.0,1000,4,4,2,1,1024,0,0.0,1e-08,105.0,1410,1.13889,7272.0,2253.03,2.489049
r02017,2.0,200,8,2,2,1,1024,0,0.0,1e-08,100.0,1440,1.83362,10081.1,1625.212,2.504578
r02018,0.5,1000,8,2,2,1,1024,0,0.1,1e-06,105.0,1440,0.93495,10381.6,1578.183,2.487336
r02019,1.0,1000,4,2,2,1,1024,0,0.1,1e-08,105.0,1440,1.18636,7605.3,1077.141,2.518511
r02020,2.0,200,4,1,1,0,1024,0,0.0,1e-08,100.0,1440,1.73573,8470.2,483.577,2.568622
r02021,2.0,1000,16,1,2,1,1024,0,0.1,1e-08,190.0,1755,2.03757,20279.6,807.906,2.379395
r02022,1.0,1000,8,4,1,0,2048,1,0.1,1e-08,180.0,1755,1.46732,10474.3,6256.827,2.341764
r02023,1.0,1000,8,1,2,1,2048,1,0.0,1e-08,95.0,1440,1.13579,6570.0,2493.768,2.407046
r02024,0.5,1000,16,2,2,1,2048,1,0.1,1e-08,180.0,1800,1.27863,13507.0,4851.988,2.390638
r02025,1.0,200,4,1,2,1,1024,0,0.1,1e-08,95.0,1440,1.1859,7289.9,561.875,2.565687
r02026,2.0,200,4,4,2,1,1024,0,0.0,1e-08,95.0,1440,1.78999,7650.5,2141.573,2.566629
r02027,2.0,200,16,1,2,1,2048,1,0.1,1e-08,190.0,1800,2.07095,13020.9,2516.563,2.441366
r02028,2.0,200,16,4,2,1,2048,0,0.1,1e-08,180.0,1755,2.12851,15790.0,8300.958,2.401533
r02029,0.5,1000,16,1,1,0,2048,1,0.1,1e-08,190.0,1800,1.21973,14752.3,2221.212,2.407
r02030,0.5,1000,16,4,2,1,1024,1,0.0,1e-06,190.0,1800,1.27857,15784.7,4151.858,2.403981
r02031,1.0,1000,4,1,1,0,1024,0,0.0,1e-08,100.0,1440,1.21217,8540.4,479.604,2.490769
r02032,0.5,1000,4,1,1,0,2048,0,0.1,1e-08,190.0,1800,1.0565,9385.6,872.828,2.471609
r02033,0.5,1000,4,4,2,1,1024,0,0.1,1e-08,105.0,1440,0.91567,7497.1,2185.38,2.559191
r02034,1.0,1000,8,4,1,0,1024,1,0.1,1e-08,105.0,1440,1.24938,9543.6,3433.505,2.430868
r02035,0.5,200,16,1,2,1,1024,0,0.1,1e-08,180.0,1755,1.19603,20116.4,814.458,2.488204
r02036,1.0,1000,16,2,2,1,2048,1,0.0,1e-08,190.0,1800,1.56293,12954.1,5059.099,2.323898
r02037,1.0,1000,8,2,2,1,2048,0,0.0,1e-08,180.0,1800,1.46368,11482.7,2853.693,2.34382
r02038,0.5,1000,4,1,1,0,1024,0,0.1,1e-08,105.0,1440,0.9006,8469.1,483.643,2.558273
r02039,2.0,1000,8,4,1,0,1024,0,0.0,1e-08,100.0,1410,1.73692,11900.4,2753.526,2.388303
r02040,0.5,200,16,4,1,0,1024,1,0.0,1e-08,180.0,1755,1.21898,17952.2,3650.586,2.429842
r02041,0.5,1000,16,2,1,0,2048,1,0.0,1e-08,190.0,1755,1.25792,15148.6,4326.217,2.36264
r02042,1.0,200,8,4,1,0,2048,1,0.0,1e-08,105.0,1410,1.27691,7531.1,8702.097,2.405513
r02043,0.5,1000,8,1,2,1,1024,0,0.1,1e-06,95.0,1440,1.02295,10463.8,782.89,2.5157
r02044,1.0,200,4,2,2,1,1024,0,0.1,1e-08,105.0,1440,1.21505,7079.5,1157.15,2.543131
r02045,1.0,200,4,2,1,0,1024,0,0.0,1e-06,95.0,1410,1.09364,8600.3,952.52,2.498886
r02046,1.0,200,8,1,2,1,2048,1,0.1,1e-08,180.0,1800,1.44911,9318.4,1758.245,2.415952
r02047,1.0,1000,8,4,2,1,1024,1,0.0,1e-06,95.0,1410,1.15933,8593.5,3813.102,2.419769
r02048,1.0,200,4,1,2,1,1024,0,0.1,1e-08,95.0,1440,1.2081,7383.9,554.723,2.567475
r02049,2.0,1000,16,1,2,1,1024,1,0.0,1e-06,105.0,1440,1.87829,12084.8,1355.757,2.406558
r02050,1.0,1000,8,1,2,1,2048,1,0.0,1e-08,180.0,1755,1.40535,8933.0,1834.105,2.365767
r02051,1.0,1000,8,1,1,0,1024,0,0.0,1e-08,180.0,1755,1.51944,16500.5,496.47,2.395172
r02052,1.0,200,4,4,1,0,2048,1,0.0,1e-08,100.0,1440,1.18773,5503.8,5953.719,2.455773
r02053,2.0,1000,16,4,2,1,2048,1,0.0,1e-08,105.0,1440,1.78723,9305.5,14085.433,2.339456
r02054,1.0,1000,8,1,1,0,2048,1,0.1,1e-08,105.0,1440,1.16899,7507.3,2182.408,2.416959
r02055,0.5,200,8,2,2,1,1024,0,0.1,1e-08,95.0,1410,0.89424,10528.6,1556.142,2.525578
r02056,0.5,200,4,4,1,0,1024,0,0.1,1e-08,105.0,1410,0.87878,8350.0,1962.149,2.560155
r02057,1.0,200,4,4,1,0,1024,0,0.0,1e-06,95.0,1440,1.20578,8628.6,1898.807,2.489958
r02058,0.5,1000,16,1,1,0,2048,1,0.0,1e-08,190.0,1800,1.26297,14529.7,2255.237,2.396937
r02059,1.0,1000,4,4,1,0,2048,0,0.0,1e-08,100.0,1440,1.12572,6824.9,4801.237,2.415985
r02060,1.0,1000,16,4,2,1,2048,1,0.1,1e-08,180.0,1800,1.45142,12981.7,10096.702,2.335249
r02061,2.0,200,16,2,2,1,1024,1,0.1,1e-08,190.0,1800,2.03258,14742.8,2222.648,2.461572
r02062,0.5,1000,4,1,1,0,1024,0,0.0,1e-08,180.0,1755,1.09521,11685.6,350.515,2.490432
r02063,1.0,1000,4,2,1,0,2048,1,0.0,1e-08,105.0,1410,1.13949,5296.3,3093.483,2.428207
r02064,2.0,200,4,1,1,0,2048,1,0.0,1e-08,100.0,1440,1.78712,5486.5,1493.13,2.528971
r02065,1.0,1000,16,2,2,1,2048,1,0.0,1e-08,180.0,1755,1.54084,12948.2,5061.396,2.3361
r02066,1.0,200,4,2,1,0,1024,0,0.0,1e-08,95.0,1440,1.18014,7592.3,1078.985,2.501981
r02067,2.0,1000,16,2,1,0,2048,1,0.1,1e-08,180.0,1800,2.09868,14979.8,4374.958,2.311832
r02068,2.0,200,16,1,2,1,2048,1,0.0,1e-08,190.0,1800,2.02666,12641.9,2592.007,2.426053
r02069,1.0,1000,8,1,1,0,1024,0,0.0,1e-08,105.0,1440,1.2266,11829.4,692.513,2.446378
r02070,0.5,1000,4,4,1,0,2048,1,0.0,1e-08,190.0,1800,1.15316,7155.4,4579.456,2.426744
r02071,2.0,1000,8,4,1,0,1024,0,0.0,1e-06,180.0,1800,1.97649,16190.9,2023.854,2.330585
r02072,1.0,1000,8,1,2,1,2048,1,0.1,1e-08,180.0,1800,1.44966,9126.0,1795.312,2.381703
r02073,2.0,200,4,1,1,0,2048,1,0.1,1e-08,190.0,1755,1.94591,7355.5,1113.717,2.489235
r02074,0.5,1000,4,2,1,0,1024,0,0.0,1e-06,95.0,1440,0.8288,8588.6,953.823,2.519273
r02075,0.5,1000,16,1,2,1,1024,0,0.0,1e-08,105.0,1410,0.96627,16453.6,995.768,2.486203
r02076,1.0,1000,4,1,1,0,1024,0,0.1,1e-06,105.0,1440,1.19351,8465.3,483.86,2.511045
r02077,1.0,1000,16,1,2,1,2048,1,0.0,1e-08,95.0,1410,1.36932,9443.4,3469.94,2.395061
r02078,1.0,200,8,4,1,0,1024,1,0.1,1e-08,105.0,1440,1.20403,9889.1,3313.537,2.456521
r02079,0.5,1000,16,1,2,1,2048,1,0.0,1e-08,180.0,1755,1.34091,12279.2,2668.577,2.397518
r02080,1.0,200,4,4,1,0,2048,1,0.0,1e-08,95.0,1410,1.08727,5794.6,5654.92,2.460357
r02081,1.0,1000,16,2,1,0,2048,1,0.0,1e-08,180.0,1800,1.50831,15305.1,4281.961,2.324839
r02082,0.5,1000,8,1,2,1,1024,0,0.0,1e-06,95.0,1440,0.94109,10057.6,814.508,2.50179
r02083,0.5,1000,16,4,2,1,2048,1,0.0,1e-08,190.0,1800,1.23182,12347.0,10615.687,2.373691
r02084,0.5,1000,8,4,2,1,2048,1,0.0,1e-08,180.0,1800,1.14544,9510.9,6890.615,2.393993
r02085,0.5,1000,8,2,1,0,2048,1,0.0,1e-08,190.0,1755,1.23083,10805.0,3032.661,2.384395
r02086,2.0,1000,16,2,2,1,1024,1,0.0,1e-08,95.0,1410,1.84849,11914.1,2750.347,2.387182
r02087,1.0,200,4,1,2,1,2048,1,0.0,1e-08,95.0,1410,1.1611,5016.2,1633.096,2.519092
r02088,1.0,200,8,2,2,1,2048,1,0.0,1e-08,180.0,1800,1.40323,9110.5,3596.711,2.377954
r02089,1.0,200,8,2,2,1,2048,1,0.0,1e-08,180.0,1800,1.47454,9300.3,3523.322,2.374804
r02090,1.0,1000,16,4,1,0,2048,0,0.0,1e-08,190.0,1755,1.50874,18842.3,6956.26,2.305998
r02091,1.0,1000,4,2,1,0,1024,0,0.0,1e-06,95.0,1410,1.14314,8128.9,1007.761,2.466982
r02092,1.0,200,4,1,1,0,1024,0,0.1,1e-08,95.0,1440,1.15616,8472.0,483.475,2.533898
r02093,0.5,200,8,1,1,0,1024,0,0.1,1e-06,190.0,1800,1.16559,16506.8,496.279,2.489655
r02094,0.5,1000,8,2,1,0,1024,0,0.0,1e-08,100.0,1440,0.95284,11886.7,1378.348,2.466428
r02095,2.0,200,8,4,1,0,2048,1,0.1,1e-08,95.0,1410,1.74829,7783.4,8420.022,2.466227
r02096,1.0,200,4,1,1,0,2048,0,0.0,1e-08,95.0,1410,1.19958,6554.8,1249.763,2.480758
r02097,1.0,1000,16,1,1,0,2048,1,0.0,1e-08,190.0,1755,1.553,15503.9,2113.529,2.35246
r02098,1.0,1000,16,4,1,0,2048,1,0.1,1e-08,190.0,1755,1.51272,15129.5,8663.324,2.313638
r02099,0.5,1000,4,1,1,0,1024,0,0.1,1e-08,95.0,1410,0.92112,8489.9,482.456,2.556882
r02100,0.5,1000,8,2,2,1,1024,0,0.1,1e-08,105.0,1440,0.96912,9815.9,1669.13,2.501195
r02101,1.0,1000,16,4,1,0,2048,0,0.1,1e-08,180.0,1800,1.54139,19407.5,6753.683,2.321323
r02102,2.0,1000,8,2,2,1,2048,1,0.0,1e-08,95.0,1410,1.76518,6805.4,4815.025,2.362469
r02103,0.5,1000,4,2,2,1,1024,0,0.0,1e-08,105.0,1440,0.93551,7511.9,1090.54,2.556472
r02104,0.5,200,8,4,1,0,1024,0,0.0,1e-06,180.0,1755,1.14749,16086.3,2037.013,2.440626
r02105,1.0,200,8,2,1,0,1024,0,0.0,1e-08,190.0,1800,1.49806,16258.1,1007.743,2.403541
r02106,2.0,1000,8,1,2,1,1024,0,0.0,1e-08,100.0,1410,1.76598,10541.8,777.094,2.427399
r02107,1.0,200,16,1,2,1,1024,1,0.0,1e-06,180.0,1800,1.51285,16348.8,1002.156,2.407564
r02108,1.0,200,4,4,1,0,2048,0,0.0,1e-08,105.0,1440,1.1118,6693.7,4895.323,2.445037
r02109,2.0,1000,16,4,2,1,1024,1,0.1,1e-06,180.0,1800,2.00101,15681.8,4179.114,2.340515
r02110,0.5,1000,16,2,1,0,1024,1,0.0,1e-08,190.0,1800,1.34189,18634.0,1758.506,2.412205
r02111,2.0,1000,8,2,1,0,1024,0,0.0,1e-08,105.0,1440,1.77406,11846.0,1383.079,2.394763
r02112,2.0,1000,4,4,2,1,2048,1,0.1,1e-08,180.0,1800,1.92285,6724.9,4872.654,2.394255
r02113,0.5,200,4,2,1,0,1024,0,0.0,1e-08,95.0,1410,0.91817,8511.0,962.524,2.549981
r02114,1.0,200,16,1,2,1,1024,0,0.0,1e-06,105.0,1410,1.21449,15194.8,1078.267,2.453801
r02115,1.0,200,8,4,1,0,2048,1,0.0,1e-08,105.0,1410,1.25544,7828.3,8371.659,2.403813
r02116,1.0,1000,16,1,1,0,2048,1,0.1,1e-08,180.0,1800,1.4395,15168.3,2160.29,2.356578
r02117,2.0,1000,4,1,1,0,1024,1,0.1,1e-08,95.0,1440,1.7834,6780.7,604.07,2.480778
r02118,2.0,200,16,1,1,0,1024,0,0.0,1e-08,190.0,1755,2.00186,23185.9,706.635,2.449948
r02119,2.0,1000,4,4,1,0,1024,0,0.1,1e-08,95.0,1440,1.72342,8355.0,1960.984,2.452912
r02120,2.0,1000,16,4,2,1,2048,1,0.1,1e-08,190.0,1800,2.08047,13309.8,9847.803,2.309009
r02121,1.0,1000,4,4,2,1,1024,0,0.1,1e-08,100.0,1440,1.13195,7520.7,2178.526,2.506893
r02122,0.5,1000,8,2,1,0,2048,0,0.0,1e-08,180.0,1755,1.17885,13309.8,2461.942,2.388766
r02123,2.0,1000,16,4,2,1,2048,1,0.0,1e-08,190.0,1800,2.03451,12961.6,10112.304,2.297292
r02124,1.0,1000,4,2,1,0,1024,0,0.0,1e-06,95.0,1410,1.21211,8351.6,980.889,2.470768
r02125,1.0,1000,4,1,1,0,1024,0,0.0,1e-08,95.0,1410,1.06989,8397.4,487.768,2.488233
r02126,1.0,1000,8,2,1,0,2048,0,0.1,1e-08,105.0,1410,1.18245,9926.4,3301.103,2.398733
r02127,0.5,1000,8,1,1,0,2048,1,0.1,1e-08,180.0,1755,1.17224,10560.2,1551.479,2.424958
r02128,1.0,1000,16,1,1,0,2048,1,0.0,1e-08,180.0,1755,1.53381,15020.9,2181.488,2.335686
r02129,0.5,1000,16,4,1,0,2048,1,0.1,1e-08,190.0,1800,1.24543,14531.4,9019.931,2.380076
r02130,0.5,200,16,2,2,1,1024,1,0.1,1e-08,95.0,1440,1.00951,11292.8,2901.675,2.505307
r02131,1.0,1000,16,1,1,0,1024,1,0.0,1e-08,105.0,1440,1.32905,13850.4,1182.928,2.426938
r02132,2.0,1000,8,1,2,1,2048,0,0.0,1e-08,190.0,1755,2.06376,11515.1,1422.821,2.344597
r02133,1.0,1000,16,1,2,1,2048,1,0.1,1e-08,180.0,1800,1.53381,13523.8,2422.981,2.368608
r02134,2.0,200,4,4,1,0,2048,0,0.1,1e-08,95.0,1440,1.71097,7139.4,4589.714,2.514121
r02135,2.0,200,4,1,2,1,1024,0,0.0,1e-08,180.0,1800,1.93263,9978.0,410.502,2.546012
r02136,2.0,1000,16,2,1,0,1024,1,0.0,1e-08,100.0,1440,1.75993,13546.7,2418.883,2.376328
r02137,1.0,1000,16,4,1,0,1024,1,0.1,1e-08,180.0,1755,1.58317,19746.4,3318.879,2.368481
r02138,1.0,200,16,1,1,0,2048,1,0.0,1e-08,190.0,1755,1.56131,15375.9,2131.128,2.370642
r02139,2.0,200,8,2,2,1,1024,0,0.0,1e-08,95.0,1440,1.7107,10073.9,1626.373,2.50186
r02140,1.0,1000,4,4,1,0,2048,1,0.0,1e-08,180.0,1755,1.47743,7425.8,4412.705,2.379506
r02141,1.0,1000,8,2,1,0,1024,1,0.0,1e-06,105.0,1440,1.09437,8951.1,1830.389,2.411229
r02142,1.0,200,16,1,1,0,1024,1,0.1,1e-08,180.0,1800,1.54943,18796.9,871.633,2.430929
r02143,2.0,1000,4,1,2,1,2048,0,0.0,1e-08,105.0,1440,1.76821,6039.8,1356.33,2.44657
r02144,1.0,1000,8,4,1,0,2048,1,0.1,1e-08,100.0,1440,1.17506,7767.5,8437.174,2.375546
r02145,0.5,1000,16,1,1,0,2048,1,0.0,1e-08,95.0,1440,0.99625,10996.6,2979.838,2.438455
r02146,1.0,200,4,1,2,1,1024,0,0.1,1e-08,105.0,1410,1.19841,7311.6,560.205,2.558607
r02147,1.0,1000,8,4,2,1,1024,0,0.0,1e-08,105.0,1410,1.29982,11143.7,2940.485,2.425564
r02148,1.0,200,4,1,1,0,1024,1,0.1,1e-08,105.0,1440,1.17748,6801.9,602.183,2.531344
r02149,0.5,1000,16,1,1,0,2048,1,0.1,1e-08,180.0,1800,1.28144,15036.3,2179.264,2.403555
r02150,1.0,1000,16,1,2,1,1024,1,0.1,1e-08,180.0,1755,1.46589,15603.5,1050.021,2.402028
r02151,2.0,1000,8,1,2,1,2048,1,0.1,1e-08,190.0,1755,1.95652,9212.0,1778.541,2.355176
r02152,1.0,200,8,1,1,0,1024,1,0.0,1e-06,100.0,1440,1.24478,9714.7,843.262,2.46579
r02153,1.0,200,8,4,2,1,1024,0,0.1,1e-06,105.0,1410,1.19593,11067.7,2960.692,2.466568
r02154,0.5,200,4,4,1,0,1024,1,0.0,1e-06,100.0,1440,0.88702,6662.0,2459.305,2.54245
r02155,1.0,1000,4,4,1,0,1024,0,0.0,1e-08,105.0,1410,1.18321,8703.8,1882.407,2.451174
r02156,0.5,1000,8,1,2,1,2048,1,0.1,1e-08,95.0,1440,0.97284,6780.4,2416.372,2.477911
r02157,0.5,1000,16,4,2,1,2048,1,0.0,1e-08,190.0,1755,1.28304,13171.9,9950.911,2.377452
r02158,2.0,1000,4,1,2,1,1024,1,0.0,1e-08,95.0,1440,1.70413,5727.8,715.108,2.496533
r02159,1.0,1000,4,2,2,1,2048,0,0.1,1e-08,95.0,1410,1.14668,5722.5,2863.091,2.476759
r02160,2.0,1000,16,2,1,0,2048,1,0.0,1e-08,180.0,1800,2.08305,14815.9,4423.364,2.287403
r02161,0.5,1000,4,1,1,0,2048,1,0.0,1e-08,100.0,1410,0.83085,5880.0,1393.204,2.498927
r02162,1.0,1000,16,2,2,1,2048,1,0.0,1e-08,180.0,1800,1.50984,12869.3,5092.417,2.325202
r02163,1.0,1000,16,4,2,1,2048,1,0.0,1e-08,180.0,1800,1.56984,12873.2,10181.794,2.321531
r02164,2.0,200,8,4,2,1,1024,1,0.1,1e-08,95.0,1440,1.7007,8520.5,3845.787,2.510058
r02165,0.5,1000,4,1,2,1,1024,0,0.0,1e-06,100.0,1440,0.88866,7358.0,556.671,2.569914
r02166,0.5,1000,16,4,2,1,2048,1,0.0,1e-08,180.0,1800,1.22531,13774.7,9515.391,2.372377
r02167,1.0,200,16,1,1,0,2048,1,0.1,1e-08,180.0,1755,1.57654,14772.3,2218.21,2.387868
r02168,0.5,200,8,1,2,1,2048,0,0.1,1e-08,190.0,1755,1.1919,11258.0,1455.315,2.465014
r02169,0.5,200,16,1,2,1,2048,1,0.0,1e-08,190.0,1800,1.2822,12414.9,2639.413,2.427901
r02170,0.5,200,8,2,1,0,1024,0,0.0,1e-06,105.0,1410,1.00483,11853.6,1382.192,2.494845
r02171,1.0,200,8,2,2,1,2048,1,0.1,1e-08,180.0,1800,1.41638,9772.2,3353.17,2.390679
r02172,0.5,200,4,2,1,0,1024,0,0.0,1e-08,105.0,1410,0.93904,8616.9,950.693,2.553084
r02173,2.0,200,4,2,2,1,1024,0,0.1,1e-06,95.0,1440,1.72493,7076.3,1157.664,2.588701
r02174,0.5,1000,8,2,1,0,1024,0,0.1,1e-08,180.0,1800,1.14674,15935.2,1028.163,2.43742
r02175,2.0,200,4,1,2,1,1024,0,0.1,1e-08,100.0,1440,1.77661,6967.5,587.871,2.611543
r02176,2.0,200,8,4,1,0,2048,0,0.0,1e-08,100.0,1410,1.76975,9662.2,6782.736,2.449093
r02177,0.5,1000,16,1,2,1,1024,1,0.0,1e-06,190.0,1800,1.24756,16424.6,997.527,2.43025
r02178,2.0,200,4,1,2,1,1024,0,0.1,1e-08,100.0,1440,1.72616,7087.4,577.929,2.615282
r02179,0.5,200,8,1,2,1,2048,0,0.0,1e-08,95.0,1440,0.99716,8554.8,1915.186,2.497439
r02180,1.0,1000,16,2,1,0,1024,1,0.0,1e-06,180.0,1800,1.49156,17037.3,1923.309,2.35056
r02181,2.0,200,16,2,1,0,2048,1,0.1,1e-08,190.0,1800,2.10096,14530.4,4510.269,2.412656
r02182,1.0,1000,16,2,1,0,2048,1,0.0,1e-08,180.0,1755,1.56731,14796.8,4429.061,2.327242
r02183,0.5,200,4,2,1,0,2048,1,0.0,1e-08,100.0,1440,0.86673,5540.4,2957.189,2.515913
r02184,1.0,200,4,1,2,1,2048,1,0.0,1e-08,180.0,1800,1.40009,6666.4,1228.843,2.468509
r02185,0.5,200,8,2,1,0,1024,0,0.0,1e-06,100.0,1440,0.9295,12058.3,1358.733,2.495193
r02186,2.0,1000,4,2,2,1,2048,0,0.0,1e-08,100.0,1410,1.74739,6032.0,2716.175,2.428192
r02187,1.0,1000,16,2,2,1,2048,1,0.0,1e-08,180.0,1755,1.48702,13243.1,4948.686,2.325681
r02188,0.5,1000,4,2,1,0,1024,0,0.0,1e-08,100.0,1440,0.89411,8490.9,964.796,2.522778
r02189,2.0,1000,16,1,1,0,2048,1,0.0,1e-08,190.0,1755,2.13947,15068.4,2174.621,2.318253
r02190,0.5,1000,16,1,2,1,2048,1,0.1,1e-08,105.0,1410,0.943,9840.5,3329.918,2.453984
r02191,1.0,200,16,1,2,1,2048,0,0.1,1e-08,95.0,1410,1.28378,12138.2,2699.567,2.44027
r02192,1.0,1000,16,2,2,1,2048,0,0.0,1e-08,190.0,1755,1.55778,15291.1,4285.884,2.327387
r02193,2.0,1000,16,1,2,1,2048,0,0.0,1e-08,180.0,1755,2.13183,17066.8,1919.987,2.32545
r02194,1.0,200,16,2,1,0,1024,1,0.1,1e-06,95.0,1440,1.35181,14208.6,2306.211,2.448289
r02195,1.0,1000,4,2,2,1,2048,1,0.0,1e-08,95.0,1410,1.12662,4816.1,3401.908,2.44686
r02196,1.0,1000,16,2,1,0,2048,1,0.1,1e-08,100.0,1440,1.26924,11656.5,5622.294,2.379163
r02197,2.0,1000,4,4,2,1,1024,0,0.0,1e-06,95.0,1440,1.72686,7257.3,2257.602,2.461807
r02198,0.5,1000,4,2,2,1,1024,0,0.1,1e-08,190.0,1755,1.11865,9929.9,824.986,2.518006
r02199,2.0,1000,4,4,2,1,1024,0,0.0,1e-08,100.0,1410,1.74598,7380.4,2219.924,2.464691
r02200,0.5,1000,8,2,2,1,2048,1,0.1,1e-08,95.0,1440,0.93479,6811.2,4810.875,2.459326
r02201,0.5,200,8,4,1,0,2048,1,0.1,1e-08,190.0,1800,1.26604,10355.7,6328.473,2.422017
r02202,1.0,1000,4,4,1,0,1024,0,0.1,1e-08,105.0,1410,1.05891,8622.3,1900.18,2.466333
r02203,1.0,200,8,4,1,0,1024,0,0.1,1e-06,105.0,1440,1.11158,11708.7,2798.602,2.444002
r02204,1.0,1000,4,2,2,1,1024,0,0.1,1e-08,95.0,1410,1.17427,7994.4,1024.723,2.511308
r02205,1.0,1000,16,1,2,1,1024,1,0.0,1e-06,180.0,1755,1.47609,16301.7,1005.051,2.384533
r02206,0.5,1000,8,1,2,1,2048,1,0.0,1e-08,95.0,1410,1.01273,6970.5,2350.469,2.464469
r02207,2.0,1000,4,4,1,0,1024,0,0.0,1e-06,105.0,1410,1.75797,8218.9,1993.462,2.432635
r02208,1.0,1000,16,4,2,1,2048,1,0.0,1e-08,190.0,1755,1.53048,12747.0,10282.596,2.321559
r02209,1.0,1000,8,4,1,0,1024,1,0.0,1e-08,95.0,1440,1.1162,9721.7,3370.589,2.411507
r02210,1.0,1000,4,1,1,0,1024,0,0.1,1e-08,95.0,1410,1.13563,8305.4,493.175,2.505517
r02211,1.0,1000,16,1,1,0,2048,1,0.1,1e-08,180.0,1755,1.52506,15039.6,2178.786,2.349275
r02212,2.0,200,8,1,2,1,1024,1,0.1,1e-08,180.0,1755,1.92784,11285.8,725.867,2.495723
r02213,1.0,200,4,1,2,1,1024,0,0.0,1e-08,100.0,1410,1.11824,7270.8,563.348,2.54396
r02214,2.0,1000,8,1,2,1,1024,0,0.0,1e-08,95.0,1440,1.81692,10403.3,787.443,2.4314
r02215,0.5,200,16,2,1,0,1024,0,0.0,1e-06,105.0,1440,0.95106,17823.7,1838.453,2.483835
r02216,0.5,200,16,4,1,0,1024,1,0.1,1e-08,180.0,1800,1.21022,18790.5,3487.727,2.436711
r02217,1.0,1000,16,4,1,0,2048,1,0.0,1e-08,180.0,1755,1.5381,15443.8,8487.04,2.309724
r02218,1.0,200,16,4,1,0,2048,1,0.0,1e-08,190.0,1800,1.6829,15369.5,8528.058,2.343206
r02219,1.0,1000,16,1,1,0,2048,1,0.0,1e-08,100.0,1410,1.2813,11268.1,2908.021,2.385005
r02220,2.0,200,16,4,1,0,1024,1,0.0,1e-06,180.0,1755,2.12793,18677.3,3508.861,2.427119
r02221,2.0,1000,16,1,2,1,1024,1,0.1,1e-08,180.0,1800,2.07364,15631.7,1048.129,2.376536
r02222,1.0,200,16,1,2,1,2048,1,0.1,1e-08,180.0,1755,1.55233,12678.5,2584.525,2.394361
r02223,0.5,1000,16,1,1,0,2048,1,0.1,1e-08,180.0,1800,1.30059,14750.0,2221.556,2.404123
r02224,0.5,200,16,2,1,0,1024,1,0.0,1e-06,105.0,1410,1.01125,13657.6,2399.255,2.482541
r02225,2.0,1000,16,2,2,1,1024,0,0.1,1e-06,190.0,1755,1.98719,19760.4,1658.269,2.34977
r02226,2.0,1000,4,2,2,1,1024,0,0.0,1e-06,95.0,1410,1.77835,7584.4,1080.107,2.4664
r02227,1.0,1000,16,4,2,1,2048,1,0.1,1e-08,190.0,1755,1.64136,12448.2,10529.413,2.334504
r02228,0.5,200,4,2,1,0,1024,0,0.0,1e-08,105.0,1440,0.86465,8641.9,947.943,2.545374
r02229,2.0,1000,4,1,1,0,2048,1,0.0,1e-08,180.0,1755,1.96967,7638.7,1072.435,2.382222
r02230,1.0,200,16,1,2,1,2048,1,0.0,1e-08,180.0,1755,1.53888,12565.4,2607.799,2.380068
r02231,1.0,200,16,4,2,1,1024,0,0.1,1e-08,190.0,1755,1.51129,20079.7,3263.789,2.404894
r02232,2.0,1000,8,4,1,0,1024,0,0.0,1e-08,100.0,1440,1.74063,12022.4,2725.576,2.382089
r02233,1.0,200,16,2,1,0,2048,1,0.1,1e-08,180.0,1800,1.56111,14591.0,4491.521,2.359829
r02234,1.0,1000,4,4,2,1,2048,1,0.0,1e-08,95.0,1410,1.04693,4817.3,6802.138,2.451943
r02235,1.0,1000,4,1,1,0,1024,0,0.0,1e-08,100.0,1440,1.10722,9003.7,454.922,2.493853
r02236,2.0,1000,8,2,2,1,1024,0,0.0,1e-08,180.0,1800,1.98557,14780.1,1108.517,2.361467
r02237,0.5,1000,8,1,2,1,1024,1,0.1,1e-06,95.0,1440,0.86445,8765.8,934.538,2.512648
r02238,0.5,1000,4,4,1,0,2048,0,0.0,1e-08,100.0,1410,0.87757,6910.6,4741.683,2.464691
r02239,1.0,200,4,4,2,1,2048,1,0.0,1e-08,100.0,1440,1.15336,4697.4,6975.748,2.483229
r02240,2.0,1000,4,2,2,1,1024,0,0.1,1e-06,105.0,1410,1.81607,7338.0,1116.375,2.483878
r02241,2.0,1000,16,2,1,0,2048,1,0.1,1e-08,190.0,1755,2.03262,14548.4,4504.694,2.304157
r02242,1.0,1000,8,2,1,0,2048,0,0.1,1e-08,190.0,1800,1.43853,12967.7,2526.886,2.346934
r02243,2.0,1000,8,2,2,1,1024,0,0.0,1e-08,105.0,1410,1.69387,10364.1,1580.843,2.403495
r02244,0.5,1000,8,1,2,1,2048,1,0.1,1e-08,190.0,1800,1.14896,9598.9,1706.871,2.436453
r02245,2.0,200,4,4,1,0,1024,0,0.1,1e-08,100.0,1410,1.71516,8633.6,1897.705,2.559467
r02246,1.0,1000,16,2,1,0,2048,1,0.1,1e-08,180.0,1800,1.51847,15906.2,4120.159,2.333267
r02247,1.0,1000,16,1,1,0,2048,1,0.0,1e-08,190.0,1755,1.63637,14632.4,2239.42,2.350207
r02248,2.0,200,4,4,1,0,1024,0,0.0,1e-06,100.0,1410,1.70551,8532.9,1920.106,2.528203
r02249,1.0,200,8,2,1,0,2048,0,0.0,1e-08,95.0,1410,1.21606,9718.1,3371.837,2.411437
r02250,2.0,200,8,1,2,1,1024,1,0.1,1e-08,190.0,1800,1.92566,11455.5,715.118,2.493041
r02251,2.0,1000,4,4,1,0,2048,0,0.1,1e-08,95.0,1440,1.70089,6912.2,4740.631,2.411417
r02252,2.0,200,16,2,2,1,1024,1,0.1,1e-08,95.0,1410,1.79048,11874.1,2759.614,2.510149
r02253,2.0,200,16,1,1,0,1024,1,0.1,1e-08,190.0,1800,2.02455,17853.2,917.709,2.464767
r02254,2.0,1000,8,2,2,1,1024,0,0.1,1e-08,95.0,1440,1.72328,10012.7,1636.328,2.415051
r02255,1.0,1000,8,1,1,0,1024,0,0.0,1e-08,105.0,1410,1.22174,12348.8,663.385,2.446013
r02256,1.0,1000,8,2,1,0,2048,1,0.1,1e-08,180.0,1800,1.46917,10490.7,3123.53,2.347304
r02257,1.0,200,16,1,1,0,2048,1,0.0,1e-08,190.0,1755,1.51326,15279.8,2144.535,2.372727
r02258,1.0,200,4,2,2,1,2048,1,0.1,1e-08,190.0,1800,1.4633,6462.4,2535.297,2.455225
r02259,1.0,1000,16,1,2,1,1024,1,0.0,1e-08,180.0,1755,1.57919,16888.0,970.156,2.392602
r02260,2.0,1000,4,4,1,0,1024,0,0.0,1e-06,105.0,1410,1.78981,8661.3,1891.639,2.43026
r02261,1.0,1000,16,4,2,1,1024,1,0.0,1e-08,95.0,1410,1.19926,12498.5,5243.528,2.403211
r02262,0.5,1000,16,4,2,1,2048,1,0.1,1e-08,190.0,1800,1.24399,12843.8,10205.087,2.390063
r02263,1.0,1000,16,2,1,0,2048,1,0.1,1e-08,180.0,1800,1.45276,14724.8,4450.732,2.335975
r02264,2.0,200,8,1,2,1,1024,0,0.1,1e-08,105.0,1410,1.68981,10348.8,791.593,2.531068
r02265,0.5,1000,4,4,1,0,1024,0,0.1,1e-08,100.0,1440,0.79417,8445.4,1939.99,2.525135
r02266,1.0,1000,8,1,2,1,1024,0,0.0,1e-06,95.0,1410,1.24667,10076.4,812.992,2.452099
r02267,1.0,1000,16,2,1,0,2048,1,0.0,1e-08,180.0,1755,1.45102,15980.1,4101.094,2.311674
r02268,0.5,200,4,2,1,0,1024,0,0.0,1e-08,105.0,1440,0.85767,8284.0,988.898,2.542717
r02269,0.5,200,8,4,2,1,2048,1,0.1,1e-08,190.0,1755,1.23548,9148.3,7163.734,2.431908
r02270,2.0,200,8,2,2,1,1024,0,0.1,1e-08,180.0,1800,2.01138,13762.9,1190.443,2.470468
r02271,1.0,1000,4,4,1,0,1024,0,0.0,1e-06,105.0,1440,1.1811,8199.2,1998.251,2.463029
r02272,2.0,1000,4,1,1,0,1024,0,0.1,1e-06,105.0,1440,1.75963,8350.2,490.525,2.472443
r02273,1.0,1000,8,1,1,0,2048,1,0.0,1e-08,180.0,1755,1.41667,11171.0,1466.649,2.354362
r02274,1.0,200,8,1,2,1,2048,1,0.0,1e-08,190.0,1755,1.52412,9442.4,1735.148,2.402839
r02275,1.0,1000,4,1,2,1,2048,0,0.1,1e-08,95.0,1440,1.12302,5986.8,1368.333,2.486454
r02276,0.5,1000,8,2,2,1,2048,1,0.1,1e-08,190.0,1800,1.23135,8608.8,3806.342,2.414066
r02277,2.0,200,16,2,1,0,2048,1,0.0,1e-08,190.0,1755,2.11828,14779.5,4434.261,2.393726
r02278,2.0,200,4,4,1,0,2048,1,0.0,1e-08,105.0,1410,1.73331,5822.8,5627.529,2.503001
r02279,1.0,200,4,1,1,0,1024,0,0.0,1e-08,105.0,1410,1.07505,8259.6,495.911,2.527919
r02280,1.0,200,16,2,2,1,1024,1,0.0,1e-06,180.0,1800,1.64063,15602.8,2100.134,2.399094
r02281,2.0,200,16,1,1,0,2048,1,0.0,1e-08,190.0,1755,2.11019,15239.6,2150.186,2.419325
r02282,0.5,1000,16,2,2,1,1024,0,0.0,1e-06,190.0,1800,1.28288,21031.5,1558.041,2.420184
r02283,0.5,200,16,4,2,1,2048,1,0.0,1e-08,190.0,1755,1.2849,12646.3,10364.467,2.399406
r02284,1.0,1000,4,4,2,1,2048,1,0.0,1e-08,180.0,1800,1.41502,6602.1,4963.261,2.407048
r02285,2.0,1000,4,1,2,1,1024,0,0.1,1e-08,100.0,1410,1.72809,7525.5,544.285,2.517019
r02286,1.0,200,16,2,2,1,2048,1,0.0,1e-08,190.0,1800,1.51061,13103.0,5001.619,2.358858
r02287,0.5,200,16,4,1,0,2048,1,0.0,1e-08,180.0,1755,1.26284,14632.4,8957.625,2.393045
r02288,2.0,1000,8,1,2,1,1024,0,0.1,1e-08,100.0,1410,1.79148,11052.4,741.197,2.442745
r02289,1.0,1000,16,4,2,1,2048,0,0.1,1e-08,190.0,1755,1.57947,15701.3,8347.847,2.335242
r02290,1.0,1000,4,1,2,1,1024,0,0.1,1e-08,105.0,1440,1.15717,7393.9,553.967,2.539516
r02291,0.5,200,4,2,2,1,1024,0,0.0,1e-08,100.0,1440,0.9027,7577.0,1081.169,2.573884
r02292,1.0,200,4,1,1,0,1024,0,0.0,1e-08,100.0,1410,1.12816,8223.0,498.115,2.52302
r02293,1.0,1000,16,4,1,0,2048,0,0.1,1e-08,190.0,1800,1.5029,19252.7,6807.977,2.317752
r02294,2.0,200,4,1,1,0,2048,1,0.1,1e-08,100.0,1410,1.72379,5581.8,1467.616,2.541194
r02295,1.0,1000,16,1,1,0,1024,1,0.0,1e-08,95.0,1410,1.33333,13152.1,1245.736,2.425164
r02296,0.5,1000,8,2,2,1,1024,0,0.1,1e-08,105.0,1410,0.98748,10918.7,1500.54,2.4917
r02297,2.0,1000,4,4,1,0,2048,0,0.1,1e-08,190.0,1755,2.02381,9219.9,3554.05,2.369584
r02298,1.0,1000,8,4,2,1,1024,0,0.0,1e-06,190.0,1800,1.49499,14642.0,2237.946,2.381033
r02299,2.0,200,8,1,1,0,2048,0,0.0,1e-08,190.0,1755,2.00496,12444.2,1316.599,2.426565
r02300,0.5,1000,16,2,1,0,2048,1,0.0,1e-08,190.0,1800,1.31713,14314.9,4578.161,2.36793
r02301,1.0,1000,16,4,2,1,2048,1,0.0,1e-08,180.0,1800,1.48473,13183.1,9942.436,2.311439
r02302,0.5,1000,8,1,1,0,1024,0,0.0,1e-08,180.0,1800,1.15154,16305.1,502.42,2.444184
r02303,1.0,1000,8,2,1,0,1024,0,0.0,1e-06,100.0,1440,1.28381,12219.2,1340.843,2.421921
r02304,0.5,200,16,2,1,0,1024,1,0.0,1e-08,100.0,1410,0.94636,14249.0,2299.672,2.482719
r02305,2.0,200,8,2,2,1,1024,0,0.0,1e-06,100.0,1440,1.61468,10160.7,1612.483,2.49543
r02306,1.0,1000,16,2,2,1,1024,1,0.0,1e-08,180.0,1755,1.47695,15540.0,2108.625,2.363192
r02307,0.5,200,4,4,1,0,2048,1,0.1,1e-08,180.0,1755,1.19412,7626.2,4296.794,2.468179
r02308,0.5,200,16,1,2,1,1024,0,0.0,1e-08,190.0,1800,1.19219,18932.1,865.408,2.473971
r02309,0.5,200,16,2,2,1,1024,1,0.0,1e-06,190.0,1800,1.21276,16332.9,2006.263,2.438251
r02310,1.0,200,8,4,2,1,2048,1,0.1,1e-08,95.0,1440,1.18673,6709.2,9768.059,2.425218
r02311,1.0,200,8,2,1,0,2048,0,0.0,1e-08,190.0,1800,1.49052,13181.4,2485.921,2.365119
r02312,0.5,1000,4,4,2,1,1024,1,0.1,1e-08,105.0,1440,0.82322,5879.9,2786.434,2.550623
r02313,0.5,200,16,1,1,0,1024,1,0.1,1e-08,190.0,1800,1.20952,18292.8,895.655,2.467832
r02314,0.5,1000,8,2,2,1,1024,1,0.0,1e-06,105.0,1440,0.99524,8436.2,1942.1,2.486259
r02315,0.5,200,16,1,1,0,2048,1,0.0,1e-08,180.0,1800,1.25399,14515.9,2257.385,2.416451
r02316,1.0,1000,8,1,2,1,2048,0,0.0,1e-08,190.0,1800,1.52217,11743.8,1395.121,2.37141
r02317,0.5,1000,4,1,1,0,1024,0,0.1,1e-06,100.0,1410,0.81276,8725.3,469.442,2.550779
r02318,1.0,200,8,2,1,0,2048,1,0.0,1e-08,190.0,1755,1.44896,10467.4,3130.469,2.366512
r02319,0.5,200,8,2,2,1,2048,1,0.1,1e-08,190.0,1755,1.22494,9425.4,3476.573,2.44004
r02320,2.0,200,8,2,2,1,2048,1,0.1,1e-08,105.0,1440,1.73416,6732.3,4867.268,2.475368
r02321,1.0,200,4,4,1,0,2048,1,0.0,1e-08,95.0,1410,1.22843,5358.3,6115.324,2.460747
r02322,2.0,1000,8,4,2,1,1024,1,0.1,1e-08,100.0,1440,1.78739,8312.5,3942.028,2.411678
r02323,1.0,200,4,1,1,0,1024,1,0.1,1e-06,100.0,1410,1.10453,6983.1,586.56,2.530273
r02324,1.0,1000,4,1,2,1,2048,1,0.1,1e-08,180.0,1755,1.40787,6323.2,1295.541,2.445374
r02325,0.5,1000,16,1,1,0,2048,1,0.0,1e-08,95.0,1440,1.07311,11238.8,2915.619,2.445089
r02326,0.5,200,4,1,1,0,1024,0,0.0,1e-08,95.0,1440,0.82945,8252.0,496.362,2.569493
r02327,0.5,1000,4,1,2,1,2048,1,0.0,1e-08,95.0,1410,0.91693,4866.9,1683.202,2.542001
r02328,2.0,200,8,1,2,1,1024,0,0.0,1e-08,100.0,1440,1.86253,10335.4,792.614,2.532976
r02329,2.0,1000,16,2,1,0,2048,1,0.0,1e-08,180.0,1800,2.03456,15230.0,4303.1,2.288106
r02330,2.0,200,16,2,2,1,2048,1,0.1,1e-08,190.0,1755,2.12284,13209.8,4961.151,2.412558
r02331,2.0,200,8,4,1,0,1024,0,0.1,1e-08,105.0,1410,1.68097,12439.5,2634.181,2.499944
r02332,1.0,1000,8,2,2,1,1024,0,0.0,1e-08,190.0,1800,1.50057,14526.8,1127.849,2.391074
r02333,1.0,1000,16,1,2,1,2048,1,0.0,1e-08,180.0,1800,1.61604,12049.8,2719.381,2.348484
r02334,2.0,200,4,4,1,0,1024,0,0.0,1e-06,95.0,1440,1.71542,8687.0,1886.03,2.531935
r02335,1.0,1000,16,1,1,0,2048,1,0.1,1e-08,180.0,1800,1.46068,14407.6,2274.357,2.35581
r02336,0.5,200,16,4,1,0,2048,1,0.0,1e-08,190.0,1755,1.20928,14655.3,8943.643,2.384677
r02337,2.0,200,16,2,2,1,2048,1,0.1,1e-08,180.0,1800,2.08808,12777.2,5129.118,2.417584
r02338,1.0,1000,4,2,2,1,1024,0,0.0,1e-08,105.0,1440,1.19041,7358.9,1113.212,2.504728
r02339,0.5,200,16,2,2,1,1024,0,0.1,1e-08,190.0,1755,1.26567,20586.5,1591.721,2.466516
r02340,1.0,1000,16,4,1,0,2048,1,0.1,1e-08,180.0,1755,1.49247,14813.7,8848.023,2.328885
r02341,1.0,1000,4,1,1,0,2048,0,0.1,1e-08,105.0,1410,1.19069,6948.3,1178.988,2.462055
r02342,1.0,200,16,4,2,1,1024,1,0.1,1e-08,95.0,1440,1.36663,12056.0,5435.955,2.455215
r02343,2.0,1000,4,1,1,0,1024,0,0.0,1e-08,105.0,1410,1.70529,8266.4,495.499,2.460844
r02344,2.0,200,8,1,2,1,2048,0,0.0,1e-08,180.0,1800,1.94136,11594.0,1413.15,2.43382
r02345,2.0,200,4,4,2,1,2048,1,0.1,1e-08,105.0,1440,1.65928,4758.3,6886.454,2.535586
r02346,1.0,1000,4,2,2,1,2048,0,0.1,1e-08,180.0,1755,1.42418,7965.4,2056.904,2.436559
r02347,2.0,1000,8,2,1,0,1024,1,0.1,1e-08,100.0,1410,1.68893,9767.0,1677.493,2.41101
r02348,1.0,1000,16,2,2,1,2048,1,0.1,1e-08,190.0,1755,1.53572,12538.8,5226.66,2.342961
r02349,0.5,1000,4,2,2,1,2048,0,0.0,1e-08,105.0,1410,0.9045,6003.5,2729.072,2.508334
r02350,1.0,1000,4,2,1,0,1024,0,0.0,1e-08,95.0,1410,1.14559,8210.9,997.703,2.466992
r02351,1.0,1000,8,1,2,1,1024,0,0.1,1e-08,100.0,1440,1.09047,10350.0,791.496,2.469228
r02352,2.0,1000,8,4,1,0,1024,0,0.1,1e-08,190.0,1755,2.02614,15971.4,2051.665,2.355868
r02353,0.5,1000,4,4,1,0,1024,0,0.0,1e-06,95.0,1410,0.9201,8506.0,1926.171,2.503153
r02354,0.5,1000,16,2,2,1,2048,1,0.0,1e-08,180.0,1755,1.25633,13011.8,5036.654,2.380535
r02355,1.0,200,4,4,2,1,1024,0,0.0,1e-08,95.0,1440,1.09566,7051.8,2323.386,2.519153
r02356,0.5,200,4,1,1,0,1024,0,0.0,1e-08,105.0,1410,0.93293,8524.4,480.503,2.581443
r02357,1.0,200,8,2,1,0,2048,1,0.0,1e-08,180.0,1800,1.37286,10564.2,3101.811,2.366451
r02358,2.0,1000,8,1,1,0,2048,0,0.1,1e-08,190.0,1800,1.96019,13612.4,1203.608,2.34166
r02359,1.0,1000,16,1,1,0,2048,0,0.0,1e-08,180.0,1800,1.52419,18099.5,1810.44,2.334888
r02360,1.0,200,8,1,2,1,2048,1,0.1,1e-08,190.0,1800,1.3761,9546.1,1716.295,2.412286
r02361,0.5,200,4,1,2,1,1024,0,0.1,1e-08,180.0,1755,1.16349,9755.6,419.862,2.571742
r02362,1.0,200,8,2,2,1,1024,0,0.0,1e-08,100.0,1410,1.18572,10232.8,1601.126,2.463132
r02363,0.5,1000,16,2,1,0,1024,1,0.0,1e-08,190.0,1755,1.27654,18528.1,1768.552,2.40881
r02364,2.0,1000,16,4,2,1,1024,1,0.1,1e-08,105.0,1410,1.79942,11962.3,5478.559,2.391218
r02365,2.0,1000,8,1,1,0,1024,0,0.0,1e-08,190.0,1800,1.97107,15952.0,513.542,2.36534
r02366,0.5,1000,8,4,2,1,2048,1,0.0,1e-08,190.0,1755,1.17476,9228.9,7101.188,2.388737
r02367,2.0,1000,8,1,2,1,2048,1,0.0,1e-08,105.0,1410,1.7295,6840.4,2395.195,2.385439
r02368,1.0,1000,8,1,1,0,1024,0,0.1,1e-08,95.0,1410,1.1887,12901.1,634.986,2.450075
r02369,0.5,1000,4,2,2,1,2048,1,0.1,1e-08,100.0,1410,0.89176,4683.8,3498.005,2.528747
r02370,1.0,200,16,2,2,1,2048,0,0.1,1e-08,180.0,1755,1.58124,15952.2,4108.284,2.369104
r02371,1.0,1000,16,1,2,1,1024,0,0.0,1e-08,190.0,1755,1.50548,19839.0,825.849,2.390963
r02372,1.0,1000,16,1,1,0,2048,1,0.0,1e-08,190.0,1755,1.50703,13336.7,2456.973,2.33076
r02373,0.5,200,8,1,1,0,2048,1,0.0,1e-08,95.0,1440,0.90395,8596.0,1906.001,2.472722
r02374,1.0,1000,8,2,1,0,2048,0,0.1,1e-08,190.0,1800,1.46072,13317.3,2460.565,2.349699
r02375,1.0,1000,4,2,2,1,2048,1,0.0,1e-08,95.0,1410,1.11537,4600.5,3561.316,2.446499
r02376,2.0,200,4,4,2,1,2048,1,0.0,1e-08,190.0,1800,2.02112,6467.7,5066.419,2.485146
r02377,2.0,200,8,2,1,0,1024,0,0.0,1e-06,180.0,1800,2.07177,16986.5,964.533,2.446776
r02378,2.0,200,8,4,2,1,1024,1,0.0,1e-08,105.0,1440,1.76606,8190.8,4000.585,2.496962
r02379,1.0,1000,8,4,1,0,1024,0,0.0,1e-08,95.0,1440,1.19568,12399.6,2642.659,2.405539
r02380,1.0,200,8,2,2,1,1024,0,0.1,1e-06,95.0,1410,1.18111,10843.3,1510.986,2.467601
r02381,1.0,1000,16,2,2,1,2048,1,0.0,1e-08,190.0,1800,1.43981,12807.3,5117.067,2.330628
r02382,2.0,1000,4,4,1,0,1024,1,0.1,1e-08,100.0,1410,1.69979,6732.5,2433.572,2.44842
r02383,1.0,200,16,1,1,0,2048,1,0.1,1e-08,190.0,1755,1.64076,14548.5,2252.321,2.385493
r02384,1.0,1000,16,2,2,1,1024,1,0.0,1e-08,190.0,1800,1.54821,16798.3,1950.678,2.365589
r02385,0.5,200,4,1,1,0,1024,0,0.0,1e-08,105.0,1410,0.90827,8493.0,482.281,2.575302
r02386,2.0,1000,4,1,2,1,1024,0,0.1,1e-08,105.0,1440,1.71778,7404.6,553.17,2.514322
r02387,1.0,1000,8,2,2,1,1024,0,0.1,1e-06,95.0,1410,1.19348,10396.1,1575.98,2.446636
r02388,2.0,200,8,1,1,0,1024,0,0.1,1e-08,190.0,1755,1.95814,16155.6,507.068,2.483447
r02389,1.0,1000,16,2,1,0,2048,1,0.0,1e-08,180.0,1755,1.48876,14637.6,4477.242,2.312616
r02390,1.0,200,4,2,2,1,1024,0,0.0,1e-08,100.0,1410,1.06713,7397.5,1107.399,2.523051
r02391,2.0,200,16,1,1,0,1024,1,0.0,1e-06,190.0,1800,2.10542,18810.8,870.99,2.456566
r02392,1.0,1000,8,1,2,1,1024,0,0.0,1e-08,180.0,1755,1.50614,14688.9,557.702,2.408361
r02393,1.0,200,8,2,2,1,1024,0,0.1,1e-08,180.0,1755,1.45467,13710.2,1195.02,2.432323
r02394,0.5,1000,8,1,1,0,2048,1,0.0,1e-08,190.0,1755,1.10231,10178.7,1609.638,2.408489
r02395,2.0,1000,16,2,1,0,2048,1,0.0,1e-08,180.0,1755,1.98903,14524.9,4511.984,2.295839
r02396,1.0,200,8,4,1,0,1024,0,0.0,1e-08,95.0,1440,1.2356,11946.9,2742.808,2.430858
r02397,1.0,1000,4,2,1,0,1024,0,0.0,1e-08,105.0,1410,1.15965,8236.2,994.629,2.469431
r02398,2.0,1000,8,2,1,0,1024,0,0.0,1e-08,105.0,1410,1.71335,11707.8,1399.414,2.395776
r02399,0.5,200,16,2,2,1,1024,1,0.0,1e-06,190.0,1755,1.28102,16207.8,2021.744,2.447238
r02400,1.0,200,16,1,2,1,1024,0,0.0,1e-08,100.0,1440,1.32237,14843.5,1103.786,2.474992
r02401,1.0,200,8,2,1,0,2048,1,0.1,1e-08,100.0,1410,1.21721,7636.4,4291.013,2.423303
r02402,1.0,1000,4,2,1,0,2048,1,0.0,1e-08,105.0,1440,1.11564,5402.2,3032.812,2.421798
r02403,0.5,1000,4,1,1,0,2048,1,0.1,1e-08,105.0,1410,0.92138,5573.1,1469.927,2.523151
r02404,2.0,200,4,1,1,0,1024,0,0.1,1e-08,105.0,1440,1.71268,8538.2,479.724,2.580956
r02405,0.5,1000,16,2,2,1,1024,0,0.1,1e-08,100.0,1410,1.13346,13950.9,2348.803,2.488127
r02406,0.5,1000,16,4,1,0,2048,1,0.1,1e-08,190.0,1755,1.21484,14940.6,8772.869,2.372017
r02407,1.0,200,8,4,1,0,1024,0,0.0,1e-06,100.0,1410,1.21001,12505.2,2620.354,2.437765
r02408,1.0,1000,16,1,2,1,2048,1,0.1,1e-08,95.0,1410,1.23977,9785.9,3348.478,2.409645
r02409,1.0,1000,8,1,1,0,1024,0,0.1,1e-08,100.0,1410,1.15376,12025.5,681.218,2.455661
r02410,1.0,1000,4,4,2,1,2048,1,0.0,1e-08,180.0,1800,1.39973,6501.8,5039.812,2.404351
r02411,0.5,1000,4,2,1,0,1024,0,0.1,1e-06,95.0,1410,0.96107,8440.9,970.512,2.534669
r02412,2.0,200,16,4,2,1,2048,1,0.1,1e-08,180.0,1800,2.06695,13198.7,9930.682,2.411967
r02413,1.0,1000,8,1,1,0,2048,0,0.1,1e-08,180.0,1755,1.39006,12912.5,1268.853,2.365777
r02414,2.0,200,16,1,2,1,1024,1,0.0,1e-06,100.0,1440,1.88036,11872.4,1380.01,2.513998
r02415,2.0,1000,8,1,2,1,1024,0,0.0,1e-08,95.0,1440,1.80272,10102.6,810.881,2.425116
r02416,1.0,200,16,1,2,1,1024,1,0.0,1e-06,180.0,1800,1.49657,15611.4,1049.487,2.413428
r02417,1.0,1000,16,2,1,0,2048,0,0.0,1e-08,190.0,1755,1.59552,18588.8,3525.573,2.310508
r02418,0.5,200,4,2,1,0,1024,0,0.1,1e-08,100.0,1440,0.86256,8297.6,987.271,2.564603
r02419,0.5,1000,4,4,1,0,2048,0,0.0,1e-08,100.0,1410,0.91954,6597.4,4966.826,2.471979
r02420,0.5,200,4,1,2,1,1024,0,0.1,1e-06,100.0,1440,0.89727,7168.2,571.41,2.613596
r02421,1.0,1000,4,4,1,0,1024,0,0.1,1e-08,105.0,1410,1.19277,8667.5,1890.288,2.469668
r02422,1.0,200,4,2,1,0,1024,0,0.0,1e-06,105.0,1410,1.2225,8561.1,956.887,2.495291
r02423,2.0,200,4,2,1,0,1024,0,0.0,1e-08,95.0,1440,1.71525,8304.4,986.463,2.538859
r02424,0.5,1000,4,1,1,0,1024,0,0.0,1e-06,95.0,1440,0.88138,8928.8,458.739,2.54311
r02425,0.5,200,8,4,2,1,1024,0,0.0,1e-06,190.0,1800,1.14606,13939.4,2350.742,2.453234
r02426,0.5,1000,8,4,2,1,1024,0,0.0,1e-06,100.0,1410,0.8583,10401.3,3150.389,2.468304
r02427,0.5,200,8,2,1,0,2048,1,0.0,1e-08,180.0,1800,1.20297,10433.2,3140.751,2.412604
r02428,0.5,1000,16,2,1,0,2048,1,0.1,1e-08,180.0,1800,1.26019,14160.8,4627.99,2.390499
r02429,1.0,1000,16,4,1,0,2048,1,0.1,1e-08,180.0,1755,1.60329,14561.6,9001.18,2.325592
r02430,2.0,1000,8,2,1,0,1024,0,0.0,1e-08,180.0,1755,1.99064,15760.4,1039.569,2.34672
r02431,1.0,200,16,2,1,0,1024,1,0.1,1e-08,95.0,1410,1.28423,12524.7,2616.265,2.450532
r02432,2.0,1000,8,2,1,0,2048,1,0.1,1e-08,190.0,1755,1.94861,10816.8,3029.367,2.322588
r02433,0.5,200,4,1,2,1,2048,0,0.0,1e-08,100.0,1410,0.93893,5923.9,1382.874,2.559041
r02434,2.0,1000,8,4,1,0,2048,1,0.0,1e-08,95.0,1440,1.71361,7962.0,8231.073,2.345554
r02435,2.0,200,4,2,1,0,1024,0,0.0,1e-08,100.0,1440,1.68686,8303.1,986.624,2.546175
r02436,0.5,200,4,2,1,0,1024,0,0.0,1e-08,95.0,1440,0.87847,8726.5,938.754,2.550792
r02437,1.0,200,4,2,1,0,2048,1,0.1,1e-08,95.0,1440,1.21832,5232.9,3130.949,2.472322
r02438,1.0,1000,8,4,1,0,2048,1,0.0,1e-08,190.0,1800,1.50903,10191.5,6430.448,2.333795
r02439,1.0,200,4,2,2,1,1024,0,0.1,1e-06,105.0,1410,1.15502,6954.5,1177.942,2.534877
r02440,1.0,200,16,1,2,1,2048,1,0.1,1e-08,180.0,1755,1.55733,13129.9,2495.677,2.3977
r02441,1.0,200,4,1,1,0,2048,0,0.1,1e-08,95.0,1440,1.05795,6975.9,1174.337,2.493122
r02442,0.5,1000,4,4,2,1,2048,1,0.0,1e-08,95.0,1410,0.86559,4784.8,6848.34,2.50473
r02443,1.0,1000,4,2,2,1,1024,0,0.0,1e-06,105.0,1410,1.17393,7773.1,1053.891,2.487168
r02444,0.5,200,4,1,1,0,1024,0,0.1,1e-08,95.0,1410,0.86187,8549.1,479.114,2.57907
r02445,1.0,200,16,4,1,0,2048,1,0.0,1e-08,190.0,1800,1.49738,14988.6,8744.759,2.335185
r02446,2.0,200,16,1,2,1,2048,1,0.1,1e-08,190.0,1755,2.13401,13404.9,2444.477,2.45305
r02447,1.0,1000,4,1,1,0,1024,0,0.1,1e-06,95.0,1440,1.08343,8768.9,467.108,2.506453
r02448,0.5,1000,4,1,2,1,2048,1,0.0,1e-08,105.0,1440,0.8232,4917.5,1665.903,2.534546
r02449,0.5,200,8,4,2,1,1024,0,0.0,1e-08,95.0,1440,0.94425,10295.1,3182.882,2.502433
r02450,0.5,1000,16,2,2,1,2048,1,0.0,1e-08,190.0,1755,1.24594,12757.3,5137.123,2.380574
r02451,0.5,200,4,1,1,0,1024,0,0.0,1e-06,100.0,1440,0.86289,8769.4,467.081,2.565667
r02452,1.0,1000,8,2,1,0,1024,1,0.1,1e-06,95.0,1410,1.16646,9698.1,1689.41,2.432327
r02453,1.0,1000,16,2,1,0,1024,1,0.1,1e-08,190.0,1755,1.61337,18601.3,1761.599,2.377634
r02454,1.0,200,16,2,1,0,2048,1,0.0,1e-08,180.0,1800,1.61895,14395.2,4552.615,2.354041
r02455,1.0,1000,16,2,1,0,2048,1,0.1,1e-08,190.0,1755,1.52131,15423.7,4249.044,2.33328
r02456,2.0,1000,16,2,1,0,2048,1,0.0,1e-08,95.0,1440,1.79055,10971.5,5973.319,2.340278
r02457,2.0,1000,16,2,2,1,2048,1,0.0,1e-08,190.0,1755,2.09206,13121.0,4994.759,2.300949
r02458,1.0,200,16,1,2,1,1024,1,0.1,1e-06,190.0,1755,1.51461,16324.7,1003.632,2.426498
r02459,2.0,1000,16,4,2,1,2048,0,0.0,1e-08,190.0,1800,2.08214,16383.7,8000.164,2.29084
r02460,2.0,200,4,2,1,0,1024,0,0.1,1e-06,105.0,1410,1.66615,8392.2,976.148,2.555819
r02461,1.0,1000,16,1,1,0,2048,0,0.0,1e-08,190.0,1800,1.49928,19072.9,1718.041,2.334662
r02462,0.5,1000,4,4,1,0,1024,0,0.1,1e-08,95.0,1410,0.91199,7854.1,2086.048,2.525877
r02463,1.0,1000,16,4,2,1,2048,1,0.0,1e-08,100.0,1440,1.28026,9360.7,14002.414,2.366352
r02464,1.0,1000,16,1,2,1,1024,1,0.0,1e-08,100.0,1410,1.36975,11870.0,1380.287,2.44619
r02465,0.5,1000,8,2,1,0,2048,0,0.1,1e-08,100.0,1440,0.8469,9528.7,3438.874,2.431986
r02466,2.0,1000,8,1,2,1,2048,1,0.0,1e-08,180.0,1755,2.06059,9067.2,1806.961,2.342363
r02467,1.0,200,8,1,2,1,1024,0,0.0,1e-06,100.0,1440,1.15474,10327.3,793.236,2.474773
r02468,0.5,200,16,2,1,0,1024,1,0.1,1e-08,190.0,1800,1.25321,17523.4,1869.96,2.450334
r02469,2.0,1000,16,1,1,0,2048,1,0.0,1e-08,190.0,1800,2.06738,15127.8,2166.085,2.317355
r02470,0.5,200,4,2,1,0,1024,0,0.0,1e-08,105.0,1440,0.83544,7953.7,1029.965,2.54965
r02471,0.5,200,8,4,2,1,1024,0,0.0,1e-06,105.0,1410,0.92805,10628.9,3082.902,2.497171
r02472,0.5,1000,4,2,2,1,1024,0,0.0,1e-08,95.0,1440,0.9563,7248.3,1130.201,2.550831
r02473,1.0,1000,4,4,2,1,1024,0,0.1,1e-06,180.0,1755,1.49343,9930.2,1649.923,2.459042
r02474,1.0,1000,16,4,1,0,1024,0,0.0,1e-06,190.0,1800,1.56527,23503.6,2788.336,2.352467
r02475,1.0,1000,8,1,2,1,2048,1,0.0,1e-08,105.0,1440,1.24541,6667.3,2457.356,2.414028
r02476,0.5,1000,8,2,2,1,2048,0,0.1,1e-08,180.0,1800,1.19329,11336.9,2890.393,2.415022
r02477,1.0,1000,4,1,2,1,2048,1,0.1,1e-08,105.0,1440,1.07542,4933.5,1660.49,2.490878
r02478,1.0,1000,8,1,2,1,1024,0,0.1,1e-08,95.0,1410,1.21056,10035.3,816.319,2.463321
r02479,2.0,200,4,2,1,0,1024,0,0.1,1e-08,95.0,1410,1.75616,8713.7,940.128,2.560224
r02480,1.0,1000,16,1,2,1,2048,1,0.1,1e-08,190.0,1755,1.60455,13459.2,2434.624,2.371012
r02481,0.5,1000,16,1,1,0,2048,1,0.0,1e-08,100.0,1440,1.00553,11459.2,2859.545,2.438289
r02482,0.5,200,4,2,1,0,2048,1,0.0,1e-08,105.0,1440,0.9414,5633.6,2908.28,2.51604
r02483,2.0,1000,8,1,1,0,2048,1,0.0,1e-08,190.0,1755,1.96375,10306.4,1589.693,2.337405
r02484,1.0,1000,4,2,1,0,1024,0,0.0,1e-08,100.0,1440,1.10375,8469.1,967.278,2.464135
r02485,2.0,1000,16,2,1,0,2048,0,0.0,1e-08,180.0,1800,2.07466,19001.7,3448.957,2.297294
r02486,1.0,200,8,2,1,0,1024,0,0.1,1e-06,95.0,1410,1.17231,12387.6,1322.612,2.458519
r02487,2.0,1000,16,1,1,0,1024,0,0.0,1e-08,95.0,1410,1.83198,16910.6,968.861,2.403342
r02488,2.0,200,16,1,1,0,2048,1,0.0,1e-08,180.0,1800,2.01104,14797.9,2214.37,2.413769
r02489,1.0,1000,8,4,2,1,1024,1,0.1,1e-08,180.0,1755,1.42878,11503.0,2848.647,2.396161
r02490,2.0,1000,16,1,2,1,1024,1,0.1,1e-06,100.0,1410,1.81057,11793.2,1389.276,2.429311
r02491,0.5,1000,4,1,1,0,1024,1,0.0,1e-06,95.0,1440,0.87513,7352.9,557.058,2.540392
r02492,2.0,1000,8,4,1,0,1024,1,0.1,1e-08,100.0,1410,1.76287,9640.2,3399.096,2.399259
r02493,0.5,1000,16,1,2,1,1024,1,0.0,1e-08,95.0,1440,1.0128,11922.1,1374.255,2.486424
r02494,1.0,1000,16,2,2,1,2048,0,0.0,1e-08,190.0,1800,1.52299,16132.6,4062.327,2.333216
r02495,0.5,1000,16,1,1,0,2048,1,0.0,1e-08,180.0,1755,1.27686,14903.8,2198.638,2.396784
r02496,1.0,1000,8,2,2,1,2048,1,0.0,1e-08,95.0,1410,1.225,6967.2,4703.17,2.386395
r02497,0.5,1000,4,4,2,1,1024,1,0.0,1e-08,105.0,1410,0.86862,6089.3,2690.615,2.535924
r02498,0.5,1000,16,1,2,1,2048,0,0.1,1e-08,190.0,1800,1.23087,15502.4,2113.733,2.414772
r02499,1.0,1000,4,2,1,0,2048,1,0.0,1e-08,95.0,1410,1.20257,5376.0,3047.603,2.425696
r02500,1.0,1000,8,4,2,1,2048,1,0.0,1e-08,95.0,1440,1.21987,6961.4,9414.144,2.382327
r02501,1.0,1000,4,2,2,1,2048,1,0.0,1e-08,100.0,1440,1.22497,4701.8,3484.622,2.460478
r02502,1.0,200,8,2,1,0,2048,1,0.1,1e-08,105.0,1410,1.17218,7905.8,4144.78,2.41817
r02503,2.0,200,8,4,1,0,2048,0,0.0,1e-08,190.0,1755,1.90035,13506.0,4852.346,2.403262
r02504,0.5,1000,4,2,1,0,1024,0,0.0,1e-08,95.0,1440,0.87184,8455.3,968.863,2.510236
r02505,1.0,1000,8,2,2,1,1024,0,0.1,1e-08,105.0,1440,1.11733,10176.2,1610.038,2.444616
r02506,0.5,200,8,1,2,1,1024,0,0.0,1e-06,105.0,1410,0.85622,10067.7,813.693,2.516405
r02507,1.0,200,4,2,2,1,2048,1,0.0,1e-08,105.0,1410,1.16543,4892.8,3348.606,2.49185
r02508,1.0,1000,8,1,1,0,2048,1,0.0,1e-08,105.0,1410,1.21864,7688.2,2131.069,2.404536
r02509,1.0,200,16,1,1,0,1024,1,0.0,1e-08,95.0,1440,1.32744,13026.8,1257.719,2.45248
r02510,0.5,1000,16,1,1,0,2048,1,0.1,1e-08,95.0,1410,1.00575,10991.4,2981.25,2.444958
r02511,1.0,1000,4,1,2,1,1024,0,0.1,1e-08,95.0,1440,1.08894,7631.7,536.709,2.531143
r02512,2.0,1000,4,2,2,1,2048,1,0.1,1e-08,180.0,1755,1.96569,6447.1,2541.295,2.405052
r02513,2.0,200,8,1,1,0,2048,1,0.1,1e-08,180.0,1800,2.02225,10732.5,1526.574,2.449468
r02514,0.5,1000,4,2,2,1,1024,0,0.0,1e-06,100.0,1410,0.81552,7406.9,1105.997,2.544774
r02515,1.0,200,16,2,1,0,1024,1,0.0,1e-06,180.0,1755,1.57682,18800.3,1742.948,2.381582
r02516,2.0,200,16,1,2,1,1024,1,0.0,1e-08,100.0,1440,1.81325,11665.6,1404.474,2.502948
r02517,1.0,1000,16,2,2,1,1024,1,0.0,1e-08,190.0,1800,1.52451,16241.1,2017.601,2.372853
r02518,2.0,200,16,1,2,1,1024,1,0.1,1e-08,180.0,1755,2.07692,16336.4,1002.915,2.482531
r02519,1.0,1000,16,1,2,1,2048,1,0.0,1e-08,180.0,1755,1.52622,12900.8,2540.0,2.352216
r02520,2.0,200,8,2,1,0,1024,0,0.0,1e-08,95.0,1410,1.69452,12232.0,1339.437,2.489966
r02521,0.5,1000,16,4,2,1,2048,1,0.1,1e-08,180.0,1755,1.18551,13024.1,10063.784,2.382496
r02522,2.0,1000,16,1,2,1,2048,0,0.0,1e-08,105.0,1410,1.75691,12255.7,2673.703,2.368524
r02523,1.0,1000,4,1,1,0,2048,1,0.1,1e-08,95.0,1440,1.28706,5335.9,1535.256,2.470687
r02524,1.0,200,4,4,2,1,2048,1,0.1,1e-08,180.0,1755,1.37416,6414.7,5108.294,2.460676
r02525,1.0,1000,4,4,2,1,2048,1,0.1,1e-08,95.0,1440,1.19155,4994.0,6561.421,2.4649
r02526,1.0,1000,4,2,2,1,1024,0,0.1,1e-06,100.0,1410,1.19838,7428.3,1102.809,2.509588
r02527,1.0,1000,16,2,1,0,1024,1,0.1,1e-08,190.0,1755,1.59784,17984.9,1821.973,2.382414
r02528,1.0,200,8,4,2,1,2048,1,0.1,1e-08,180.0,1755,1.37261,9410.9,6963.874,2.376982
r02529,2.0,1000,4,1,1,0,1024,0,0.0,1e-08,95.0,1440,1.7638,8757.4,467.716,2.462148
r02530,0.5,200,4,1,2,1,2048,1,0.0,1e-08,100.0,1410,0.83985,4779.6,1713.964,2.566126
r02531,1.0,200,4,2,2,1,1024,0,0.0,1e-06,100.0,1410,1.17927,7468.6,1096.855,2.522089
r02532,2.0,1000,8,1,1,0,1024,0,0.1,1e-08,190.0,1755,1.93786,15278.2,536.19,2.376783
r02533,0.5,1000,16,4,2,1,1024,1,0.1,1e-08,180.0,1755,1.3449,15488.5,4231.272,2.431228
r02534,2.0,200,16,1,1,0,1024,1,0.1,1e-08,180.0,1755,2.13007,18328.3,893.919,2.478241
r02535,0.5,1000,16,4,2,1,2048,1,0.1,1e-08,190.0,1800,1.20819,12152.9,10785.202,2.382077
r02536,2.0,1000,4,1,1,0,1024,0,0.1,1e-08,100.0,1410,1.75158,8533.2,480.008,2.482824
r02537,2.0,1000,8,4,2,1,1024,0,0.0,1e-08,180.0,1800,2.01773,14105.1,2323.124,2.345592
r02538,1.0,1000,16,1,2,1,1024,1,0.0,1e-06,105.0,1440,1.31272,12405.1,1320.745,2.439592
r02539,1.0,200,4,1,1,0,1024,0,0.0,1e-08,105.0,1410,1.10376,8277.9,494.814,2.523465
r02540,0.5,200,4,1,2,1,1024,0,0.0,1e-08,95.0,1440,0.95486,7237.4,565.946,2.604045
r02541,2.0,1000,8,1,1,0,1024,0,0.0,1e-08,180.0,1800,2.02156,16169.2,506.643,2.370354
r02542,0.5,1000,8,1,1,0,1024,0,0.0,1e-08,100.0,1410,0.88845,11839.5,691.923,2.499976
r02543,2.0,200,16,2,1,0,2048,1,0.0,1e-08,190.0,1755,2.06159,14789.3,4431.313,2.391467
r02544,1.0,1000,8,2,2,1,2048,0,0.0,1e-08,180.0,1800,1.41933,11110.9,2949.175,2.334367
r02545,0.5,200,4,4,1,0,1024,0,0.1,1e-08,105.0,1440,0.75702,8149.0,2010.557,2.556435
r02546,0.5,1000,16,4,1,0,2048,1,0.1,1e-08,190.0,1755,1.33462,14615.6,8967.927,2.379572
r02547,1.0,1000,16,4,2,1,2048,1,0.1,1e-08,180.0,1755,1.50186,13421.4,9765.915,2.331369
r02548,2.0,1000,4,4,1,0,1024,1,0.1,1e-06,105.0,1440,1.75341,6396.2,2561.529,2.446462
r02549,1.0,1000,4,2,2,1,1024,0,0.0,1e-08,105.0,1440,1.24255,7443.2,1100.608,2.49944
r02550,1.0,1000,8,2,1,0,2048,0,0.0,1e-08,190.0,1800,1.409,12258.0,2673.184,2.332055
r02551,2.0,200,8,1,2,1,1024,1,0.0,1e-06,100.0,1440,1.71906,7907.0,1036.039,2.518305
r02552,1.0,1000,4,1,2,1,1024,0,0.0,1e-08,105.0,1440,1.14447,7504.5,545.802,2.518534
r02553,1.0,200,8,4,1,0,2048,1,0.1,1e-08,190.0,1755,1.41486,10430.7,6283.015,2.367609
r02554,1.0,200,8,1,1,0,1024,0,0.0,1e-08,100.0,1410,1.15797,11788.9,694.89,2.47277
r02555,1.0,200,4,1,2,1,1024,0,0.0,1e-08,100.0,1410,1.14951,7431.3,551.181,2.54828
r02556,2.0,1000,4,1,2,1,1024,0,0.0,1e-06,100.0,1410,1.68893,7526.2,544.235,2.486653
r02557,0.5,200,16,1,1,0,1024,1,0.1,1e-08,100.0,1440,0.91844,13770.8,1189.767,2.513052
r02558,1.0,1000,4,1,2,1,2048,1,0.1,1e-08,95.0,1410,1.12536,4609.0,1777.408,2.502301
r02559,1.0,1000,16,1,2,1,2048,0,0.0,1e-08,190.0,1800,1.54603,15821.3,2071.127,2.355811
r02560,0.5,1000,16,2,2,1,2048,1,0.0,1e-08,180.0,1800,1.2487,12417.4,5277.765,2.37746
r02561,1.0,200,4,2,1,0,1024,0,0.0,1e-06,95.0,1440,1.11881,8096.7,1011.766,2.491048
r02562,1.0,1000,4,4,2,1,2048,1,0.0,1e-08,105.0,1440,1.15772,4907.9,6676.549,2.453481
r02563,1.0,200,16,4,1,0,2048,1,0.0,1e-08,190.0,1800,1.46716,15012.4,8730.929,2.336122
r02564,1.0,1000,8,2,1,0,2048,1,0.0,1e-08,180.0,1800,1.40367,10825.2,3027.011,2.332879
r02565,2.0,1000,8,2,2,1,2048,0,0.0,1e-08,180.0,1800,1.95951,10996.8,2979.77,2.328289
r02566,0.5,1000,8,2,1,0,2048,1,0.0,1e-08,180.0,1755,1.24077,11167.7,2934.186,2.3801
r02567,2.0,200,4,2,2,1,1024,0,0.1,1e-08,180.0,1755,1.91646,10057.5,814.513,2.532726
r02568,2.0,1000,16,1,2,1,1024,0,0.0,1e-06,100.0,1410,1.89512,14866.9,1102.047,2.41012
r02569,2.0,1000,16,1,1,0,1024,1,0.0,1e-08,190.0,1800,2.05137,18634.0,879.252,2.348302
r02570,1.0,1000,8,2,1,0,1024,0,0.1,1e-08,95.0,1440,1.21021,11802.7,1388.153,2.433311
r02571,1.0,200,4,2,2,1,1024,0,0.0,1e-08,95.0,1410,0.99073,7043.7,1163.028,2.516231
r02572,0.5,1000,8,4,2,1,2048,0,0.0,1e-08,180.0,1800,1.15433,11008.7,5953.128,2.387339
r02573,0.5,1000,16,1,2,1,1024,1,0.0,1e-06,180.0,1755,1.29063,15980.2,1025.266,2.438806
r02574,1.0,1000,16,1,1,0,2048,1,0.1,1e-08,180.0,1755,1.46664,15505.0,2113.377,2.352857
r02575,1.0,1000,16,2,2,1,2048,1,0.1,1e-08,190.0,1800,1.47954,12760.2,5135.965,2.344177
r02576,1.0,1000,4,2,2,1,2048,1,0.0,1e-08,105.0,1440,1.18183,4817.1,3401.226,2.455388
r02577,0.5,1000,8,1,1,0,2048,0,0.1,1e-08,95.0,1410,0.92542,9302.6,1761.233,2.469884
r02578,0.5,1000,16,2,1,0,2048,1,0.0,1e-08,180.0,1755,1.22362,15065.4,4350.095,2.368681
r02579,1.0,1000,4,4,2,1,1024,0,0.0,1e-06,95.0,1440,1.12651,7192.8,2277.837,2.482798
r02580,2.0,1000,8,4,2,1,1024,0,0.0,1e-08,95.0,1440,1.70207,10734.1,3052.709,2.400261
r02581,1.0,200,4,1,1,0,1024,0,0.0,1e-08,100.0,1440,1.27982,8144.1,502.943,2.52854
r02582,1.0,1000,4,2,2,1,1024,0,0.1,1e-06,95.0,1440,1.09734,7646.1,1071.4,2.513541
r02583,2.0,1000,4,1,1,0,1024,1,0.1,1e-06,95.0,1410,1.75737,6605.1,620.13,2.474911
r02584,2.0,200,4,2,1,0,1024,0,0.1,1e-06,100.0,1440,1.65546,8369.6,978.776,2.55173
r02585,2.0,1000,16,2,2,1,2048,1,0.0,1e-08,190.0,1755,2.03821,13089.2,5006.88,2.305597
r02586,0.5,1000,16,1,2,1,1024,1,0.0,1e-08,100.0,1410,0.98957,12164.7,1346.853,2.482823
r02587,0.5,1000,8,1,1,0,2048,1,0.1,1e-08,180.0,1755,1.1584,10154.0,1613.547,2.417647
r02588,1.0,1000,4,4,1,0,1024,1,0.0,1e-08,95.0,1410,1.19543,6686.0,2450.489,2.46441
r02589,1.0,1000,16,2,2,1,1024,1,0.0,1e-08,190.0,1755,1.54426,15883.5,2063.018,2.368404
r02590,2.0,1000,8,1,2,1,2048,1,0.0,1e-08,190.0,1800,1.98525,8875.8,1845.911,2.335899
r02591,2.0,1000,16,1,2,1,2048,1,0.1,1e-08,180.0,1755,2.05615,13066.7,2507.742,2.341097
r02592,1.0,1000,8,4,1,0,2048,1,0.1,1e-08,180.0,1755,1.42408,10628.9,6165.807,2.33828
r02593,1.0,1000,4,4,1,0,2048,1,0.0,1e-08,95.0,1440,1.1567,5616.9,5833.785,2.423741
r02594,2.0,200,8,1,1,0,1024,1,0.0,1e-08,95.0,1410,1.75451,10083.1,812.448,2.507487
r02595,2.0,1000,4,1,1,0,1024,0,0.0,1e-08,100.0,1440,1.75614,8935.2,458.412,2.46585
r02596,0.5,1000,16,1,1,0,1024,1,0.1,1e-06,180.0,1800,1.24099,18669.0,877.604,2.440994
r02597,1.0,1000,8,1,1,0,1024,0,0.0,1e-06,105.0,1440,1.13819,12257.9,668.301,2.437881
r02598,1.0,200,4,1,1,0,2048,1,0.1,1e-08,190.0,1800,1.32294,7270.0,1126.818,2.442715
r02599,2.0,200,16,1,2,1,2048,1,0.0,1e-08,180.0,1755,2.01368,13032.9,2514.254,2.428106
r02600,2.0,1000,16,4,1,0,2048,1,0.0,1e-08,190.0,1755,2.06054,15351.2,8538.202,2.277944
r02601,2.0,200,4,1,1,0,1024,0,0.1,1e-06,95.0,1440,1.72497,8594.7,476.573,2.578189
r02602,1.0,1000,4,4,2,1,1024,0,0.1,1e-08,100.0,1440,1.23811,7403.8,2212.918,2.503027
r02603,0.5,1000,16,1,1,0,2048,1,0.0,1e-08,190.0,1755,1.23425,14653.5,2236.185,2.388074
r02604,1.0,1000,16,1,2,1,1024,0,0.0,1e-08,95.0,1410,1.24356,14291.8,1146.39,2.431542
r02605,0.5,1000,16,4,1,0,2048,1,0.1,1e-08,190.0,1800,1.23289,14274.1,9182.484,2.375108
r02606,1.0,200,4,2,1,0,1024,1,0.1,1e-06,105.0,1440,1.22202,6914.4,1184.774,2.52215
r02607,0.5,1000,8,1,2,1,1024,0,0.1,1e-08,105.0,1410,0.88227,10717.8,764.334,2.517401
r02608,1.0,200,16,1,1,0,2048,1,0.1,1e-08,190.0,1755,1.48192,15377.8,2130.869,2.387503
r02609,0.5,1000,8,4,1,0,2048,1,0.0,1e-08,95.0,1410,0.92932,7839.6,8359.558,2.422364
r02610,0.5,1000,4,1,1,0,2048,1,0.0,1e-08,105.0,1440,0.90294,5622.9,1456.888,2.503829
r02611,2.0,1000,8,1,2,1,2048,1,0.1,1e-08,180.0,1755,1.94207,9001.8,1820.077,2.350507
r02612,2.0,1000,8,2,2,1,2048,1,0.1,1e-08,100.0,1440,1.70669,6901.2,4748.176,2.390227
r02613,2.0,1000,16,2,2,1,1024,1,0.0,1e-08,190.0,1755,2.14679,15918.7,2058.466,2.349014
r02614,0.5,1000,8,1,1,0,1024,0,0.0,1e-06,100.0,1440,0.84865,12157.5,673.822,2.483454
r02615,2.0,200,8,1,1,0,1024,0,0.0,1e-08,180.0,1755,1.98056,16455.6,497.824,2.467579
r02616,0.5,200,16,2,1,0,1024,1,0.1,1e-08,105.0,1440,0.97039,13532.9,2421.359,2.502721
r02617,1.0,200,8,4,2,1,2048,1,0.0,1e-08,180.0,1800,1.41846,8864.2,7393.325,2.362216
r02618,1.0,200,16,1,2,1,2048,1,0.1,1e-08,105.0,1410,1.23744,9591.0,3416.521,2.440074
r02619,2.0,1000,8,1,1,0,1024,0,0.0,1e-06,100.0,1410,1.73754,12052.1,679.715,2.408502
r02620,2.0,200,16,2,2,1,2048,1,0.1,1e-08,105.0,1410,1.813,9582.6,6839.078,2.470831
r02621,2.0,1000,16,4,1,0,1024,1,0.0,1e-08,180.0,1755,2.00571,18139.3,3612.919,2.317475
r02622,2.0,1000,4,4,1,0,1024,0,0.0,1e-08,105.0,1410,1.70547,8858.2,1849.585,2.432384
r02623,0.5,1000,16,1,1,0,1024,1,0.0,1e-08,180.0,1755,1.18401,17380.6,942.66,2.420686
r02624,2.0,1000,8,1,2,1,1024,0,0.1,1e-06,180.0,1755,1.93588,14439.8,567.322,2.392531
r02625,1.0,200,4,2,2,1,2048,1,0.0,1e-08,180.0,1755,1.45875,6475.7,2530.077,2.444357
r02626,1.0,200,4,1,1,0,2048,1,0.0,1e-08,100.0,1410,1.197,5218.3,1569.852,2.482392
r02627,1.0,1000,8,4,1,0,2048,0,0.1,1e-08,105.0,1440,1.19387,10473.4,6257.367,2.398787
r02628,1.0,200,8,1,2,1,1024,1,0.0,1e-06,95.0,1440,1.21299,8240.6,994.107,2.47916
r02629,2.0,1000,8,1,1,0,1024,0,0.0,1e-08,105.0,1410,1.81093,11562.8,708.482,2.420704
r02630,0.5,1000,4,1,2,1,1024,1,0.0,1e-06,105.0,1440,0.90756,5690.1,719.852,2.567999
r02631,0.5,1000,4,1,1,0,1024,0,0.0,1e-06,180.0,1755,1.09969,11422.8,358.58,2.489555
r02632,1.0,1000,8,2,1,0,1024,0,0.0,1e-06,190.0,1800,1.50595,15877.4,1031.91,2.375603
r02633,0.5,1000,4,4,2,1,1024,0,0.1,1e-08,95.0,1440,0.87358,6988.0,2344.584,2.545907
r02634,2.0,1000,8,4,1,0,1024,0,0.0,1e-08,95.0,1440,1.72305,12144.2,2698.234,2.381534
r02635,1.0,1000,4,2,1,0,1024,0,0.0,1e-08,100.0,1440,1.13182,8745.3,936.727,2.472219
r02636,1.0,1000,4,4,1,0,2048,0,0.0,1e-08,190.0,1755,1.43001,9534.7,3436.709,2.373854
r02637,0.5,1000,16,2,2,1,1024,1,0.1,1e-08,105.0,1410,1.02691,11818.6,2772.573,2.482795
r02638,1.0,1000,16,2,1,0,2048,1,0.1,1e-08,190.0,1800,1.48781,14955.7,4381.995,2.327405
r02639,0.5,200,4,2,1,0,2048,1,0.0,1e-08,95.0,1410,0.87322,5707.3,2870.71,2.50943
r02640,2.0,1000,8,1,2,1,2048,0,0.0,1e-08,180.0,1800,2.00895,11850.0,1382.616,2.343699
r02641,2.0,1000,16,1,2,1,1024,1,0.0,1e-08,105.0,1410,1.73147,11127.9,1472.339,2.405136
r02642,1.0,1000,8,1,2,1,1024,0,0.1,1e-08,105.0,1410,1.24503,10459.5,783.212,2.466275
r02643,0.5,1000,16,2,2,1,1024,1,0.0,1e-08,95.0,1410,1.03385,12213.0,2683.037,2.470632
r02644,2.0,1000,16,4,1,0,1024,1,0.0,1e-06,190.0,1800,1.91076,17723.9,3697.607,2.314058
r02645,1.0,1000,8,2,1,0,1024,0,0.1,1e-06,105.0,1440,1.17823,11891.6,1377.784,2.431281
r02646,0.5,1000,16,4,1,0,2048,0,0.1,1e-08,105.0,1440,0.98896,13861.1,9456.109,2.421466
r02647,0.5,1000,4,2,1,0,1024,0,0.1,1e-08,105.0,1410,0.92149,8427.5,972.051,2.532029
r02648,1.0,200,8,2,1,0,1024,0,0.0,1e-08,100.0,1410,1.24045,12166.4,1346.655,2.456756
r02649,2.0,1000,16,2,1,0,2048,1,0.0,1e-08,190.0,1800,2.04178,15061.0,4351.366,2.285457
r02650,2.0,200,8,1,1,0,2048,1,0.0,1e-08,100.0,1410,1.77212,7908.2,2071.781,2.480393
r02651,1.0,200,16,4,1,0,2048,1,0.0,1e-08,105.0,1410,1.25953,11322.2,11576.567,2.386922
r02652,1.0,1000,8,4,2,1,1024,0,0.0,1e-08,95.0,1410,1.16594,10237.5,3200.784,2.416692
r02653,1.0,1000,4,1,1,0,1024,0,0.0,1e-08,100.0,1410,1.06457,8652.5,473.39,2.487505
r02654,0.5,1000,4,1,2,1,2048,1,0.1,1e-08,100.0,1440,0.85516,4791.2,1709.797,2.544884
r02655,1.0,200,16,1,2,1,1024,1,0.1,1e-08,100.0,1410,1.26047,11506.7,1423.862,2.474905
r02656,0.5,1000,8,4,1,0,1024,0,0.0,1e-08,190.0,1800,1.21567,16619.8,1971.63,2.420215
r02657,1.0,1000,16,2,2,1,2048,1,0.0,1e-08,95.0,1410,1.18569,9599.4,6827.117,2.376104
r02658,1.0,1000,4,1,2,1,1024,0,0.0,1e-08,180.0,1755,1.40458,10065.2,406.946,2.473399
r02659,2.0,200,4,2,1,0,1024,0,0.1,1e-06,95.0,1410,1.72362,8665.8,945.321,2.550606
r02660,0.5,200,4,4,1,0,1024,1,0.0,1e-08,100.0,1410,0.95943,6919.8,2367.691,2.54298
r02661,2.0,1000,16,4,1,0,2048,1,0.0,1e-08,180.0,1755,1.97961,14628.4,8960.095,2.284767
r02662,1.0,200,8,4,1,0,1024,1,0.0,1e-06,100.0,1440,1.27681,9308.9,3520.056,2.443245
r02663,1.0,1000,16,1,1,0,2048,1,0.1,1e-08,190.0,1755,1.47039,14453.1,2267.193,2.350242
r02664,0.5,1000,16,1,1,0,1024,1,0.1,1e-06,190.0,1800,1.22721,18049.8,907.713,2.441046
r02665,1.0,1000,16,2,1,0,2048,1,0.0,1e-08,190.0,1800,1.5568,15295.6,4284.641,2.322233
r02666,0.5,200,4,1,1,0,1024,0,0.1,1e-08,95.0,1410,0.76018,8910.3,459.693,2.574875
r02667,1.0,200,16,2,2,1,1024,0,0.0,1e-08,190.0,1755,1.56381,19094.9,1716.056,2.395124
r02668,2.0,1000,8,1,1,0,2048,1,0.0,1e-08,105.0,1410,1.78991,7612.9,2152.14,2.375749
r02669,2.0,200,16,4,1,0,1024,1,0.1,1e-08,190.0,1800,2.0887,18533.2,3536.149,2.441219
r02670,0.5,1000,16,1,1,0,2048,1,0.0,1e-08,180.0,1800,1.27202,14532.5,2254.815,2.393731
r02671,0.5,1000,4,2,1,0,2048,1,0.0,1e-08,100.0,1410,0.90151,5421.8,3021.881,2.481317
r02672,2.0,1000,4,1,2,1,1024,0,0.0,1e-06,105.0,1440,1.72025,7467.2,548.534,2.483917
r02673,2.0,200,8,1,1,0,2048,1,0.0,1e-08,180.0,1755,2.00199,10966.5,1494.006,2.426986
r02674,2.0,1000,8,1,2,1,1024,1,0.0,1e-06,105.0,1440,1.76975,8096.7,1011.769,2.428943
r02675,1.0,1000,16,2,1,0,2048,1,0.1,1e-08,190.0,1800,1.44137,15313.6,4279.609,2.335982
r02676,1.0,1000,4,2,2,1,1024,1,0.0,1e-08,100.0,1440,1.08268,6141.9,1333.799,2.492656
r02677,1.0,200,16,1,2,1,1024,0,0.0,1e-08,190.0,1755,1.59586,20533.2,797.925,2.42139
r02678,1.0,200,16,4,2,1,1024,1,0.1,1e-08,180.0,1755,1.58872,16401.7,3995.675,2.411653
r02679,1.0,200,4,2,1,0,1024,0,0.0,1e-06,105.0,1440,1.195,8697.5,941.877,2.497379
r02680,1.0,200,16,2,1,0,2048,1,0.0,1e-08,180.0,1800,1.53519,14642.0,4475.904,2.350868
r02681,0.5,1000,8,2,1,0,2048,0,0.1,1e-08,105.0,1440,0.94688,9766.1,3355.288,2.44848
r02682,2.0,200,8,1,2,1,2048,1,0.0,1e-08,100.0,1410,1.70163,7165.0,2286.678,2.488171
r02683,1.0,200,4,4,2,1,1024,0,0.1,1e-06,95.0,1410,1.15654,7531.3,2175.447,2.535757
r02684,1.0,200,16,2,2,1,1024,1,0.0,1e-08,95.0,1440,1.2301,11488.9,2852.142,2.443977
r02685,1.0,200,8,2,2,1,1024,0,0.0,1e-08,180.0,1800,1.48688,13911.9,1177.694,2.414169
r02686,2.0,1000,4,2,2,1,2048,1,0.1,1e-08,105.0,1440,1.65066,5122.8,3198.26,2.447281
r02687,0.5,1000,8,2,1,0,1024,0,0.0,1e-08,105.0,1440,0.94807,12415.8,1319.613,2.4669
r02688,2.0,200,4,1,1,0,1024,1,0.1,1e-08,100.0,1440,1.6859,6922.0,591.737,2.578202
r02689,1.0,1000,4,1,2,1,1024,0,0.0,1e-06,105.0,1440,1.21568,7097.6,577.096,2.51522
r02690,1.0,1000,16,4,2,1,1024,1,0.0,1e-08,190.0,1755,1.55419,15137.2,4329.461,2.360514
r02691,1.0,1000,8,2,2,1,1024,0,0.1,1e-06,105.0,1410,1.20315,10409.0,1574.021,2.439584
r02692,0.5,1000,16,2,1,0,2048,1,0.1,1e-08,180.0,1755,1.21739,14801.6,4427.626,2.382156
r02693,0.5,200,4,2,1,0,1024,0,0.0,1e-06,105.0,1440,0.86075,8136.9,1006.774,2.533666
r02694,1.0,200,8,1,1,0,2048,1,0.1,1e-08,180.0,1800,1.48672,10270.6,1595.228,2.398334
r02695,2.0,200,16,1,1,0,2048,1,0.0,1e-08,180.0,1800,2.1298,14496.5,2260.412,2.410644
r02696,1.0,200,16,2,2,1,2048,1,0.0,1e-08,180.0,1755,1.51456,13200.3,4964.73,2.355289
r02697,0.5,1000,8,1,1,0,2048,1,0.1,1e-08,100.0,1440,0.90047,7999.8,2048.064,2.466738
r02698,1.0,1000,8,4,1,0,1024,0,0.1,1e-08,100.0,1410,1.23177,11570.9,2831.942,2.432001
r02699,1.0,200,8,4,2,1,1024,0,0.0,1e-08,105.0,1410,1.20965,10241.2,3199.636,2.445872
r02700,1.0,1000,4,4,1,0,1024,0,0.0,1e-08,105.0,1440,1.17752,8232.7,1990.121,2.462289
r02701,2.0,1000,4,4,1,0,2048,1,0.1,1e-08,190.0,1755,1.9623,7568.5,4329.536,2.362886
r02702,0.5,200,4,4,1,0,1024,0,0.0,1e-08,100.0,1410,0.88456,8681.3,1887.273,2.540422
r02703,1.0,200,16,2,2,1,1024,1,0.1,1e-08,190.0,1800,1.58301,15085.6,2172.142,2.419013
r02704,1.0,1000,8,1,1,0,1024,0,0.0,1e-06,190.0,1800,1.43812,15692.4,522.036,2.390422
r02705,1.0,1000,4,1,2,1,1024,0,0.0,1e-06,105.0,1410,1.16836,7169.8,571.288,2.514427
r02706,2.0,1000,16,4,1,0,2048,1,0.0,1e-08,180.0,1755,2.10765,15681.9,8358.189,2.28444
r02707,0.5,1000,8,4,2,1,1024,0,0.0,1e-08,180.0,1800,1.2075,13996.0,2341.238,2.428498
r02708,2.0,1000,16,2,2,1,2048,1,0.0,1e-08,95.0,1410,1.84056,9792.8,6692.24,2.346953
r02709,0.5,1000,8,2,1,0,2048,0,0.1,1e-08,180.0,1800,1.18983,13643.2,2401.784,2.398081
r02710,0.5,200,8,4,2,1,2048,1,0.1,1e-08,190.0,1800,1.17091,8945.4,7326.228,2.430423
r02711,0.5,200,16,1,1,0,1024,0,0.0,1e-08,190.0,1755,1.26487,22928.8,714.559,2.462064
r02712,2.0,1000,16,2,2,1,1024,0,0.1,1e-08,180.0,1755,2.13922,19808.9,1654.204,2.364308
r02713,0.5,200,16,1,1,0,2048,0,0.0,1e-08,105.0,1410,1.01501,14121.9,2320.371,2.465812
r02714,1.0,200,4,2,2,1,2048,1,0.1,1e-08,190.0,1800,1.479,6491.9,2523.765,2.461839
r02715,0.5,1000,4,1,2,1,2048,1,0.0,1e-08,100.0,1410,0.83639,4824.1,1698.124,2.531623
r02716,0.5,1000,16,2,2,1,2048,1,0.0,1e-08,180.0,1755,1.28334,13085.1,5008.436,2.385956
r02717,0.5,200,8,4,2,1,2048,0,0.0,1e-08,190.0,1800,1.1178,11616.0,5641.861,2.406572
r02718,1.0,200,16,2,2,1,1024,1,0.0,1e-06,180.0,1800,1.47152,14957.4,2190.757,2.393223
r02719,1.0,1000,16,1,1,0,1024,0,0.0,1e-08,105.0,1410,1.22768,16734.9,979.03,2.422516
r02720,1.0,1000,8,4,1,0,1024,0,0.1,1e-08,105.0,1410,1.17323,12190.4,2688.011,2.431617
r02721,0.5,1000,8,4,1,0,1024,0,0.0,1e-08,105.0,1410,0.91682,11729.1,2793.735,2.465896
r02722,0.5,200,8,1,1,0,1024,0,0.0,1e-06,100.0,1410,0.94817,11670.2,701.962,2.514457
r02723,1.0,1000,4,4,2,1,2048,1,0.0,1e-08,95.0,1440,1.18908,4865.5,6734.758,2.450371
r02724,2.0,200,16,2,2,1,2048,0,0.1,1e-08,180.0,1755,2.1102,16767.5,3908.504,2.422726
r02725,1.0,200,16,1,2,1,2048,0,0.0,1e-08,180.0,1800,1.56375,16519.3,1983.617,2.376852
r02726,2.0,200,16,1,1,0,1024,0,0.0,1e-08,100.0,1410,1.78384,17971.2,911.682,2.503226
r02727,0.5,200,8,4,1,0,2048,0,0.0,1e-08,180.0,1755,1.16234,13286.9,4932.386,2.401637
r02728,1.0,1000,4,4,2,1,2048,1,0.0,1e-08,190.0,1800,1.43504,6665.8,4915.865,2.40948
r02729,0.5,1000,8,1,2,1,2048,0,0.0,1e-08,100.0,1410,0.81787,8689.1,1885.574,2.455133
r02730,1.0,200,4,1,1,0,1024,0,0.0,1e-08,95.0,1440,1.2001,8721.2,469.66,2.523066
r02731,2.0,200,16,4,2,1,1024,1,0.0,1e-06,190.0,1755,2.11141,16121.2,4065.211,2.428959
r02732,1.0,200,4,1,2,1,1024,0,0.0,1e-08,100.0,1410,1.10324,7300.0,561.093,2.550222
r02733,2.0,1000,8,1,1,0,1024,0,0.0,1e-08,100.0,1410,1.68688,11140.7,735.321,2.415285
r02734,1.0,200,4,2,2,1,1024,0,0.0,1e-08,95.0,1410,1.19647,7371.3,1111.34,2.531691
r02735,0.5,1000,4,2,1,0,2048,0,0.0,1e-08,105.0,1440,0.90352,6597.8,2483.254,2.48597
r02736,2.0,200,16,1,2,1,1024,0,0.0,1e-08,180.0,1755,2.12623,19763.2,829.015,2.468563
r02737,1.0,1000,4,4,2,1,1024,1,0.0,1e-06,180.0,1755,1.40533,7778.1,2106.424,2.441924
r02738,1.0,1000,16,4,2,1,2048,1,0.1,1e-08,180.0,1755,1.54119,13505.3,9705.244,2.336317
r02739,0.5,200,8,2,2,1,2048,0,0.0,1e-08,190.0,1755,1.15323,11789.0,2779.538,2.420116
r02740,0.5,200,16,1,1,0,2048,1,0.1,1e-08,190.0,1755,1.33132,15268.3,2146.142,2.437711
r02741,0.5,1000,8,1,2,1,1024,0,0.1,1e-06,105.0,1440,0.91455,10167.2,805.729,2.510277
r02742,2.0,1000,16,2,2,1,2048,1,0.0,1e-08,190.0,1800,2.05458,12502.5,5241.818,2.305427
r02743,1.0,1000,16,2,2,1,2048,1,0.0,1e-08,190.0,1800,1.58291,12858.3,5096.797,2.331161
r02744,1.0,1000,16,2,2,1,1024,1,0.0,1e-06,105.0,1410,1.30958,11900.7,2753.459,2.409616
r02745,2.0,1000,8,4,2,1,1024,0,0.0,1e-08,105.0,1440,1.8104,10242.7,3199.168,2.403584
r02746,2.0,200,8,4,1,0,2048,1,0.0,1e-08,190.0,1755,1.99439,10208.8,6419.555,2.397583
r02747,2.0,1000,16,2,2,1,1024,1,0.0,1e-06,180.0,1755,2.12641,15891.3,2062.015,2.345097
r02748,2.0,200,16,1,2,1,2048,1,0.1,1e-08,190.0,1755,2.06588,13013.6,2517.977,2.436135
r02749,0.5,200,8,2,2,1,2048,1,0.1,1e-08,105.0,1410,0.8702,6627.5,4944.219,2.488313
r02750,1.0,1000,16,1,1,0,2048,1,0.1,1e-08,190.0,1800,1.55515,13887.2,2359.583,2.36046
r02751,0.5,1000,8,1,2,1,2048,1,0.0,1e-08,190.0,1755,1.21263,9240.2,1773.116,2.417647
r02752,2.0,200,4,1,2,1,1024,0,0.0,1e-08,100.0,1440,1.66894,7010.5,584.266,2.595772
r02753,0.5,1000,16,4,2,1,2048,1,0.0,1e-08,180.0,1800,1.24023,12654.2,10357.979,2.380012
r02754,0.5,200,8,1,1,0,1024,1,0.1,1e-08,95.0,1410,0.90505,9511.6,861.26,2.535513
r02755,0.5,200,4,4,2,1,1024,0,0.0,1e-08,95.0,1410,0.84256,7529.0,2176.118,2.573522
r02756,0.5,1000,4,4,1,0,1024,0,0.0,1e-06,100.0,1440,0.77644,8171.7,2004.962,2.498661
r02757,0.5,1000,4,1,2,1,1024,0,0.1,1e-08,95.0,1440,0.86777,7562.5,541.62,2.579839
r02758,1.0,1000,8,1,2,1,2048,1,0.0,1e-08,180.0,1755,1.50265,9416.5,1739.921,2.369116
r02759,1.0,1000,16,4,1,0,2048,1,0.0,1e-08,190.0,1800,1.57216,14339.5,9140.614,2.309833
r02760,0.5,200,4,2,1,0,1024,1,0.0,1e-06,105.0,1410,0.89904,6863.1,1193.626,2.543673
r02761,0.5,1000,16,1,2,1,1024,0,0.1,1e-08,100.0,1410,0.90748,14418.1,1136.351,2.497128
r02762,0.5,1000,8,2,1,0,1024,0,0.0,1e-08,105.0,1440,1.01002,11294.8,1450.574,2.477648
r02763,2.0,200,4,1,1,0,2048,1,0.0,1e-08,105.0,1440,1.71103,5590.3,1465.4,2.525477
r02764,2.0,1000,16,2,1,0,2048,1,0.1,1e-08,190.0,1800,2.08555,15566.8,4209.994,2.300679
r02765,0.5,200,4,4,2,1,2048,1,0.0,1e-08,105.0,1440,0.90077,4679.9,7001.886,2.530515
r02766,1.0,200,8,2,1,0,1024,0,0.1,1e-08,105.0,1440,1.18739,12080.4,1356.251,2.460598
r02767,2.0,200,8,1,1,0,2048,1,0.0,1e-08,180.0,1755,2.01727,9984.1,1641.008,2.429784
r02768,0.5,200,16,2,1,0,1024,1,0.0,1e-06,105.0,1410,1.00981,13023.5,2516.067,2.476088
r02769,0.5,200,8,4,1,0,1024,0,0.0,1e-08,180.0,1800,1.21015,16499.7,1985.98,2.446354
r02770,0.5,1000,4,2,1,0,1024,0,0.1,1e-06,100.0,1410,0.90822,8368.8,978.871,2.533641
r02771,0.5,1000,4,4,2,1,1024,0,0.0,1e-06,95.0,1410,0.9518,7739.3,2116.994,2.534234
r02772,2.0,200,8,2,2,1,1024,0,0.0,1e-06,95.0,1410,1.70878,10165.2,1611.774,2.498935
r02773,1.0,200,4,1,2,1,2048,1,0.0,1e-08,190.0,1800,1.41001,5909.2,1386.32,2.463311
r02774,1.0,200,8,1,1,0,2048,1,0.1,1e-08,180.0,1800,1.66327,10435.6,1570.015,2.40457
r02775,0.5,1000,8,1,2,1,1024,0,0.0,1e-08,100.0,1440,0.83997,10654.9,768.849,2.499035
r02776,1.0,200,16,4,2,1,1024,1,0.1,1e-08,190.0,1755,1.59471,15591.7,4203.265,2.402015
r02777,2.0,200,16,4,1,0,2048,1,0.1,1e-08,180.0,1755,2.06971,14855.7,8822.993,2.399213
r02778,0.5,1000,8,4,2,1,2048,1,0.0,1e-08,180.0,1755,1.131,8566.6,7650.199,2.392194
r02779,0.5,1000,4,2,2,1,1024,1,0.1,1e-08,100.0,1440,0.8492,5868.7,1395.885,2.56144
r02780,0.5,200,4,1,2,1,2048,1,0.1,1e-08,190.0,1755,1.21589,6712.6,1220.394,2.533915
r02781,1.0,1000,16,2,2,1,1024,1,0.1,1e-08,180.0,1800,1.532,15545.8,2107.839,2.387508
r02782,2.0,1000,4,1,2,1,2048,1,0.1,1e-08,190.0,1755,1.96964,6436.2,1272.794,2.426927
r02783,0.5,1000,4,4,2,1,2048,0,0.0,1e-08,105.0,1440,0.92341,5953.6,5503.868,2.503759
r02784,1.0,1000,4,4,1,0,2048,0,0.0,1e-08,95.0,1410,1.04808,6755.4,4850.673,2.413624
r02785,1.0,1000,8,2,2,1,2048,1,0.0,1e-08,180.0,1755,1.41595,9392.7,3488.671,2.343186
r02786,0.5,1000,16,1,1,0,1024,1,0.0,1e-08,95.0,1440,0.98748,13866.4,1181.561,2.477073
r02787,0.5,1000,16,1,2,1,2048,1,0.0,1e-08,180.0,1800,1.2812,13351.5,2454.256,2.401971
r02788,2.0,1000,4,2,2,1,1024,0,0.0,1e-08,100.0,1440,1.75157,7304.5,1121.504,2.465708
r02789,1.0,1000,4,1,1,0,1024,1,0.0,1e-08,100.0,1440,1.14036,7088.7,577.821,2.484723
r02790,1.0,1000,4,2,1,0,1024,0,0.0,1e-08,95.0,1410,1.1757,8570.7,955.812,2.468525
r02791,2.0,1000,8,2,2,1,2048,1,0.1,1e-08,190.0,1800,1.91719,9261.9,3537.953,2.333155
r02792,1.0,1000,16,1,1,0,2048,1,0.1,1e-08,180.0,1755,1.54295,15424.9,2124.362,2.352947
r02793,1.0,200,16,2,1,0,2048,0,0.0,1e-08,180.0,1800,1.4848,19065.7,3437.373,2.347674
r02794,1.0,1000,8,1,2,1,1024,1,0.1,1e-08,95.0,1440,1.1644,8806.2,930.257,2.465619
r02795,1.0,200,4,2,1,0,2048,1,0.1,1e-08,105.0,1440,1.12056,5267.0,3110.69,2.478456
r02796,2.0,1000,16,4,1,0,2048,1,0.0,1e-08,190.0,1755,2.03865,14488.5,9046.648,2.281209
r02797,1.0,200,4,2,2,1,1024,0,0.1,1e-06,105.0,1410,1.26412,7436.3,1101.62,2.542486
r02798,2.0,1000,8,2,1,0,1024,0,0.0,1e-08,100.0,1440,1.70521,11898.5,1376.98,2.408912
r02799,2.0,1000,16,1,1,0,2048,1,0.1,1e-08,105.0,1410,1.82722,10601.9,3090.762,2.3749
r02800,2.0,1000,4,2,1,0,2048,1,0.0,1e-08,100.0,1440,1.75721,5748.1,2850.338,2.399934
r02801,2.0,1000,4,2,2,1,1024,0,0.0,1e-08,95.0,1410,1.67384,7238.7,1131.701,2.472827
r02802,0.5,1000,4,4,2,1,2048,1,0.0,1e-08,105.0,1410,0.84793,4746.7,6903.341,2.501023
r02803,1.0,200,8,2,1,0,1024,0,0.1,1e-08,180.0,1800,1.36715,17072.0,959.702,2.421326
r02804,1.0,1000,4,2,2,1,1024,0,0.0,1e-06,105.0,1410,1.09591,8037.6,1019.21,2.492482
r02805,1.0,200,8,2,1,0,1024,1,0.0,1e-06,95.0,1440,1.20971,9684.0,1691.868,2.446906
r02806,2.0,1000,8,1,2,1,1024,0,0.1,1e-08,100.0,1410,1.77587,10382.9,788.989,2.443827
r02807,2.0,200,4,1,1,0,1024,0,0.0,1e-06,95.0,1440,1.71482,8860.2,462.291,2.563615
r02808,1.0,200,8,1,2,1,2048,0,0.0,1e-08,190.0,1800,1.47267,11743.6,1395.146,2.391187
r02809,0.5,1000,16,1,2,1,1024,0,0.0,1e-08,100.0,1440,1.0291,14713.4,1113.539,2.487873
r02810,2.0,200,16,4,1,0,2048,1,0.0,1e-08,95.0,1410,1.90909,11131.0,11775.394,2.437504
r02811,0.5,1000,4,2,2,1,2048,1,0.0,1e-08,95.0,1440,0.89959,4730.9,3463.221,2.510375
r02812,1.0,1000,4,4,2,1,2048,1,0.0,1e-08,105.0,1440,1.2249,4709.4,6957.966,2.447968
r02813,0.5,1000,16,4,1,0,2048,1,0.0,1e-08,180.0,1755,1.22231,14189.3,9237.385,2.359492
r02814,1.0,200,4,2,1,0,1024,0,0.0,1e-08,95.0,1410,1.20437,8579.5,954.833,2.497551
r02815,1.0,1000,16,1,2,1,2048,1,0.0,1e-08,180.0,1800,1.44124,12176.1,2691.178,2.345887
r02816,1.0,1000,16,4,1,0,1024,1,0.0,1e-06,105.0,1410,1.32976,13075.3,5012.213,2.389399
r02817,1.0,1000,8,1,2,1,1024,0,0.0,1e-08,180.0,1800,1.43361,13541.3,604.962,2.403541
r02818,1.0,1000,8,2,1,0,2048,1,0.0,1e-08,190.0,1800,1.44349,10255.6,3195.119,2.340839
r02819,1.0,1000,8,2,1,0,1024,0,0.1,1e-08,100.0,1410,1.14091,11377.7,1440.015,2.430793
r02820,1.0,1000,8,1,2,1,2048,1,0.1,1e-08,180.0,1800,1.36577,8978.4,1824.831,2.377944
r02821,1.0,1000,16,4,2,1,2048,1,0.0,1e-08,180.0,1755,1.44052,12994.2,10086.931,2.324162
r02822,0.5,200,8,4,2,1,2048,1,0.0,1e-08,105.0,1410,0.87666,6640.5,9869.139,2.463341
r02823,2.0,1000,4,4,1,0,2048,0,0.1,1e-08,180.0,1800,1.81108,9339.7,3508.457,2.357204
r02824,0.5,1000,8,2,1,0,1024,0,0.0,1e-06,100.0,1440,1.01428,12401.1,1321.176,2.471575
r02825,1.0,1000,16,1,2,1,2048,1,0.0,1e-08,190.0,1755,1.5569,12277.8,2668.879,2.346332
r02826,2.0,1000,8,4,1,0,1024,0,0.0,1e-06,190.0,1800,1.99578,15938.3,2055.924,2.333672
r02827,2.0,200,8,1,1,0,1024,0,0.0,1e-06,100.0,1410,1.82269,12016.0,681.756,2.509612
r02828,2.0,1000,8,1,2,1,2048,1,0.1,1e-08,180.0,1755,2.02753,8454.8,1937.834,2.354799
r02829,2.0,1000,16,2,1,0,1024,1,0.1,1e-08,190.0,1755,2.06749,18681.7,1754.02,2.34612
r02830,0.5,1000,8,4,1,0,1024,0,0.0,1e-08,100.0,1410,0.99651,12522.2,2616.793,2.466115
r02831,1.0,200,16,1,2,1,1024,1,0.0,1e-08,190.0,1755,1.54158,16504.4,992.703,2.427772
r02832,2.0,1000,4,4,1,0,1024,1,0.0,1e-08,100.0,1410,1.7476,6981.7,2346.708,2.438944
r02833,2.0,200,16,4,2,1,2048,1,0.1,1e-08,180.0,1800,2.16778,12435.3,10540.326,2.414126
r02834,2.0,1000,8,2,1,0,1024,0,0.0,1e-08,180.0,1800,1.96727,16637.0,984.792,2.35402
r02835,2.0,1000,4,4,2,1,1024,1,0.0,1e-06,95.0,1440,1.74931,5873.0,2789.704,2.457806
r02836,1.0,200,4,1,2,1,1024,0,0.0,1e-08,95.0,1410,1.2112,7265.7,563.742,2.554852
r02837,2.0,1000,4,2,1,0,2048,1,0.0,1e-08,95.0,1440,1.71403,5569.5,2941.729,2.399056
r02838,0.5,200,4,4,2,1,1024,0,0.1,1e-08,100.0,1410,0.85337,7473.0,2192.412,2.587444
r02839,2.0,200,8,1,1,0,2048,1,0.0,1e-08,95.0,1440,1.75043,8134.0,2014.259,2.481478
r02840,0.5,1000,16,2,1,0,2048,0,0.1,1e-08,180.0,1755,1.28285,17434.7,3758.931,2.376718
r02841,1.0,1000,16,1,1,0,2048,1,0.0,1e-08,190.0,1755,1.48308,15098.3,2170.306,2.344769
r02842,0.5,1000,16,4,1,0,1024,1,0.0,1e-08,180.0,1755,1.21855,18709.0,3502.906,2.40679
r02843,0.5,1000,4,2,1,0,1024,1,0.0,1e-08,190.0,1755,1.12207,9308.7,880.037,2.477617
r02844,1.0,200,8,1,1,0,2048,1,0.1,1e-08,105.0,1410,1.17112,7866.5,2082.765,2.44267
r02845,0.5,200,16,1,1,0,1024,0,0.0,1e-08,190.0,1755,1.27482,22665.8,722.852,2.461262
r02846,1.0,1000,8,1,1,0,1024,0,0.1,1e-08,95.0,1410,1.16852,11799.5,694.268,2.45549
r02847,2.0,1000,4,4,2,1,2048,1,0.1,1e-08,95.0,1440,1.79179,4629.9,7077.45,2.44333
r02848,2.0,200,8,1,2,1,1024,0,0.1,1e-08,105.0,1410,1.88166,10084.4,812.34,2.546377
r02849,1.0,200,16,4,2,1,2048,1,0.1,1e-08,180.0,1755,1.50823,12451.4,10526.696,2.364215
r02850,0.5,1000,16,1,1,0,1024,1,0.0,1e-08,180.0,1755,1.26311,18037.8,908.315,2.426815
r02851,0.5,200,16,2,1,0,1024,1,0.1,1e-06,190.0,1755,1.22099,18774.0,1745.392,2.453267
r02852,1.0,1000,4,1,1,0,1024,0,0.0,1e-08,95.0,1440,1.19124,8814.8,464.673,2.493826
r02853,2.0,200,8,1,2,1,2048,1,0.0,1e-08,190.0,1755,1.98681,9040.7,1812.252,2.435061
r02854,2.0,1000,4,1,1,0,1024,0,0.1,1e-08,105.0,1440,1.65819,8294.7,493.811,2.477628
r02855,2.0,1000,16,4,2,1,1024,1,0.0,1e-08,105.0,1440,1.86999,11476.5,5710.446,2.384545
r02856,2.0,1000,16,1,1,0,2048,1,0.1,1e-08,180.0,1800,1.96756,14423.2,2271.897,2.320445
r02857,2.0,200,8,2,2,1,1024,0,0.0,1e-06,190.0,1755,2.0301,13522.9,1211.574,2.459339
r02858,1.0,1000,8,2,2,1,2048,1,0.0,1e-08,190.0,1800,1.5261,9494.6,3451.231,2.352272
r02859,0.5,1000,16,2,2,1,1024,1,0.1,1e-06,105.0,1440,0.95733,11695.4,2801.777,2.47346
r02860,2.0,1000,4,1,2,1,1024,0,0.0,1e-08,100.0,1410,1.7113,7613.0,538.024,2.4925
r02861,1.0,1000,4,4,1,0,1024,0,0.1,1e-08,95.0,1440,1.07642,8537.2,1919.119,2.473884
r02862,1.0,1000,8,2,1,0,2048,1,0.1,1e-08,190.0,1755,1.4962,9839.4,3330.278,2.344801
r02863,2.0,1000,16,4,1,0,2048,1,0.0,1e-08,190.0,1800,2.03934,14281.4,9177.798,2.290243
r02864,2.0,200,4,1,1,0,1024,1,0.1,1e-08,100.0,1410,1.75434,6821.4,600.46,2.583074
r02865,0.5,200,8,2,2,1,1024,0,0.0,1e-08,100.0,1410,0.97533,10647.7,1538.733,2.503742
r02866,2.0,200,4,1,2,1,1024,0,0.0,1e-08,95.0,1410,1.70595,8001.6,511.897,2.592695
r02867,1.0,1000,16,2,2,1,2048,1,0.0,1e-08,180.0,1755,1.45898,12657.2,5177.761,2.333062
r02868,1.0,200,4,1,2,1,2048,1,0.0,1e-08,95.0,1440,1.13181,4836.2,1693.882,2.507277
r02869,0.5,200,8,2,1,0,1024,0,0.1,1e-08,105.0,1410,0.84207,11820.3,1386.092,2.51026
r02870,2.0,1000,4,4,1,0,1024,0,0.1,1e-08,100.0,1410,1.68383,8372.7,1956.828,2.450414
r02871,1.0,1000,8,2,2,1,1024,0,0.0,1e-06,100.0,1410,1.21818,10081.9,1625.084,2.43015
r02872,2.0,200,8,4,1,0,1024,0,0.1,1e-08,100.0,1440,1.76055,12088.3,2710.712,2.506852
r02873,1.0,200,4,1,1,0,1024,0,0.1,1e-06,95.0,1410,1.15404,8731.4,469.109,2.532528
r02874,1.0,200,4,4,1,0,1024,0,0.0,1e-08,100.0,1440,1.07259,8250.3,1985.87,2.488158
r02875,2.0,200,8,1,2,1,1024,0,0.0,1e-08,190.0,1800,1.9425,14012.4,584.624,2.480545
r02876,2.0,200,4,1,1,0,2048,1,0.0,1e-08,105.0,1410,1.77898,5326.1,1538.073,2.527485
r02877,2.0,200,4,1,2,1,1024,0,0.0,1e-08,95.0,1440,1.61232,7582.8,540.167,2.59179
r02878,1.0,1000,16,4,1,0,2048,1,0.1,1e-08,180.0,1800,1.52717,14919.7,8785.183,2.33167
r02879,0.5,1000,8,1,1,0,1024,0,0.0,1e-08,95.0,1440,0.97789,11963.8,684.735,2.496368
r02880,2.0,200,8,2,1,0,1024,0,0.1,1e-08,180.0,1755,2.03716,16533.4,990.965,2.45911
r02881,0.5,200,16,1,1,0,2048,1,0.1,1e-08,190.0,1755,1.25884,15030.2,2180.14,2.429152
r02882,1.0,1000,16,2,2,1,2048,1,0.0,1e-08,190.0,1800,1.54363,13825.3,4740.3,2.324411
r02883,2.0,1000,4,2,1,0,1024,0,0.0,1e-08,105.0,1410,1.63126,8447.5,969.752,2.441977
r02884,1.0,200,16,2,2,1,1024,0,0.0,1e-08,95.0,1440,1.22192,14535.5,2254.336,2.444805
r02885,0.5,1000,16,2,2,1,2048,1,0.0,1e-08,190.0,1800,1.26604,12680.0,5168.458,2.383437
r02886,1.0,200,4,2,2,1,2048,1,0.0,1e-08,100.0,1440,1.21858,4534.1,3613.54,2.491353
r02887,1.0,200,4,1,1,0,1024,0,0.1,1e-08,105.0,1440,1.1421,8231.6,497.592,2.539353
r02888,1.0,200,8,4,2,1,2048,1,0.0,1e-08,105.0,1440,1.2069,7131.8,9189.202,2.417096
r02889,1.0,200,4,1,2,1,2048,1,0.0,1e-08,100.0,1410,1.18012,4820.3,1699.491,2.508965
r02890,2.0,1000,4,4,1,0,1024,0,0.0,1e-08,105.0,1440,1.71145,8872.9,1846.525,2.43297
r02891,2.0,200,4,2,2,1,2048,1,0.0,1e-08,95.0,1410,1.73745,4973.5,3294.249,2.535185
r02892,1.0,200,4,1,1,0,2048,0,0.0,1e-08,95.0,1440,1.21461,6666.2,1228.879,2.485813
r02893,1.0,200,4,2,2,1,1024,0,0.1,1e-08,100.0,1410,1.13534,7314.6,1119.948,2.540422
r02894,1.0,1000,4,1,1,0,2048,1,0.0,1e-08,180.0,1755,1.40244,7027.2,1165.758,2.399301
r02895,1.0,1000,16,1,2,1,2048,1,0.1,1e-08,190.0,1755,1.49399,12942.1,2531.895,2.36419
r02896,1.0,200,16,2,2,1,1024,1,0.0,1e-06,180.0,1755,1.54724,16045.6,2042.18,2.395379
r02897,2.0,200,16,4,1,0,2048,1,0.1,1e-08,180.0,1800,2.07689,15846.3,8271.454,2.402083
r02898,0.5,1000,16,1,2,1,1024,1,0.0,1e-08,190.0,1800,1.2555,15941.0,1027.793,2.441917
r02899,1.0,200,4,2,1,0,2048,1,0.1,1e-08,100.0,1410,1.20763,5437.6,3013.085,2.474071
r02900,1.0,1000,4,2,1,0,1024,1,0.0,1e-06,95.0,1410,1.13508,6833.4,1198.809,2.465887
r02901,1.0,1000,8,1,1,0,2048,0,0.1,1e-08,190.0,1755,1.45463,13277.9,1233.929,2.377228
r02902,0.5,200,16,2,2,1,2048,1,0.0,1e-08,180.0,1755,1.3047,13451.5,4872.03,2.401878
r02903,1.0,200,8,2,1,0,2048,1,0.1,1e-08,180.0,1800,1.43603,10675.7,3069.413,2.372572
r02904,0.5,1000,16,4,2,1,1024,1,0.1,1e-08,190.0,1755,1.30033,16019.0,4091.131,2.424455
r02905,2.0,1000,8,4,1,0,2048,1,0.0,1e-08,100.0,1440,1.84442,7670.8,8543.606,2.350865
r02906,2.0,1000,8,1,2,1,2048,1,0.1,1e-08,180.0,1755,2.03512,8929.4,1834.843,2.359474
r02907,0.5,1000,8,1,2,1,1024,0,0.0,1e-06,95.0,1410,0.9504,10599.5,772.864,2.493697
r02908,1.0,200,16,4,2,1,2048,1,0.0,1e-08,190.0,1755,1.52037,12726.4,10299.227,2.347413
r02909,1.0,1000,4,1,2,1,1024,0,0.0,1e-08,95.0,1440,1.19041,7416.5,552.279,2.526335
r02910,1.0,1000,16,2,2,1,2048,0,0.0,1e-08,190.0,1800,1.59055,15416.9,4250.927,2.331148
r02911,2.0,1000,4,1,1,0,1024,0,0.0,1e-08,105.0,1440,1.66424,8506.0,481.54,2.464239
r02912,1.0,200,8,2,1,0,1024,1,0.1,1e-08,100.0,1410,1.13466,9657.6,1696.496,2.465876
r02913,0.5,1000,16,1,1,0,2048,1,0.1,1e-08,190.0,1800,1.23459,14634.4,2239.102,2.408361
r02914,2.0,1000,16,4,2,1,2048,1,0.0,1e-08,180.0,1800,2.01118,13701.8,9566.057,2.289616
r02915,2.0,1000,8,2,1,0,1024,1,0.0,1e-08,190.0,1755,2.01622,12848.7,1275.153,2.345879
r02916,1.0,200,4,1,2,1,1024,0,0.0,1e-08,100.0,1440,1.22379,7346.9,557.514,2.552324
r02917,0.5,200,16,2,2,1,1024,1,0.0,1e-08,180.0,1800,1.35785,16962.7,1931.766,2.450013
r02918,0.5,1000,4,2,1,0,1024,0,0.0,1e-08,105.0,1410,0.98123,8494.1,964.432,2.520755
r02919,0.5,200,8,2,1,0,1024,1,0.1,1e-06,100.0,1440,0.90106,9748.3,1680.699,2.502326
r02920,1.0,1000,16,4,1,0,1024,1,0.1,1e-06,180.0,1755,1.55234,18294.1,3582.357,2.370257
r02921,0.5,200,16,1,1,0,2048,1,0.1,1e-08,180.0,1755,1.19727,15335.0,2136.811,2.436413
r02922,1.0,1000,4,1,2,1,1024,0,0.0,1e-08,95.0,1440,1.17667,7526.4,544.22,2.517227
r02923,2.0,200,4,1,1,0,1024,0,0.0,1e-08,105.0,1440,1.75531,8054.7,508.522,2.562058
r02924,2.0,200,4,1,1,0,1024,0,0.0,1e-08,100.0,1440,1.70512,8846.4,463.013,2.566692
r02925,2.0,200,16,4,2,1,2048,1,0.1,1e-08,180.0,1800,1.99908,12549.4,10444.449,2.411886
r02926,1.0,1000,16,2,2,1,2048,0,0.0,1e-08,180.0,1755,1.53249,16565.0,3956.286,2.329531
r02927,1.0,200,4,1,2,1,1024,0,0.0,1e-08,95.0,1440,1.16479,7437.9,550.691,2.547278
r02928,2.0,1000,8,1,1,0,2048,0,0.0,1e-08,190.0,1755,2.03923,13042.7,1256.179,2.337218
r02929,1.0,1000,8,4,1,0,1024,0,0.1,1e-06,105.0,1440,1.16612,12172.0,2692.082,2.429029
r02930,1.0,1000,16,1,2,1,2048,1,0.1,1e-08,180.0,1800,1.48549,12996.7,2521.253,2.363085
r02931,1.0,200,8,2,2,1,2048,1,0.1,1e-08,180.0,1800,1.49573,9531.9,3437.734,2.395535
r02932,2.0,200,16,1,1,0,1024,1,0.1,1e-08,180.0,1800,2.10353,18274.5,896.549,2.468387
r02933,1.0,200,16,2,1,0,2048,0,0.1,1e-08,190.0,1800,1.52853,18096.5,3621.479,2.366095
r02934,1.0,200,8,2,2,1,2048,1,0.0,1e-08,190.0,1800,1.49915,9230.7,3549.88,2.373437
r02935,2.0,1000,8,2,1,0,1024,0,0.1,1e-08,100.0,1410,1.65916,11760.4,1393.145,2.4089
r02936,1.0,1000,16,2,2,1,2048,0,0.1,1e-08,190.0,1755,1.48788,15532.4,4219.321,2.339904
r02937,0.5,1000,8,1,1,0,1024,0,0.0,1e-08,105.0,1410,0.88784,11506.3,711.957,2.494668
r02938,1.0,200,16,4,1,0,2048,1,0.1,1e-08,190.0,1755,1.48732,14874.9,8811.633,2.351633
r02939,1.0,200,8,2,2,1,2048,1,0.0,1e-08,100.0,1410,1.06915,6835.7,4793.636,2.414091
r02940,1.0,200,8,2,1,0,1024,1,0.1,1e-06,180.0,1800,1.48263,12366.0,1324.925,2.414939
r02941,2.0,1000,4,4,2,1,1024,1,0.1,1e-08,95.0,1410,1.70378,5640.9,2904.485,2.486366
r02942,1.0,1000,8,1,1,0,1024,0,0.0,1e-08,105.0,1410,1.26464,11409.3,718.008,2.448394
r02943,0.5,200,8,1,2,1,2048,1,0.1,1e-08,190.0,1755,1.17152,8901.3,1840.63,2.460513
r02944,1.0,200,4,1,2,1,1024,0,0.0,1e-08,190.0,1800,1.48625,10316.4,397.037,2.508151
r02945,0.5,1000,16,2,2,1,2048,1,0.0,1e-08,95.0,1410,1.01301,9388.2,6980.654,2.417302
r02946,2.0,200,4,2,1,0,1024,0,0.0,1e-08,95.0,1410,1.72249,8742.6,937.018,2.539946
r02947,2.0,1000,8,1,2,1,1024,0,0.1,1e-08,95.0,1440,1.63095,10412.9,786.714,2.440415
r02948,1.0,200,16,1,2,1,2048,1,0.1,1e-08,180.0,1755,1.45683,13162.9,2489.428,2.385644
r02949,2.0,1000,16,2,1,0,2048,1,0.1,1e-08,180.0,1800,2.07815,15669.7,4182.34,2.305184
r02950,2.0,1000,4,4,1,0,1024,0,0.1,1e-08,105.0,1410,1.689,8445.5,1939.97,2.452822
r02951,0.5,200,16,1,1,0,2048,1,0.0,1e-08,190.0,1800,1.27827,15094.3,2170.883,2.42411
r02952,0.5,1000,16,2,1,0,1024,1,0.0,1e-06,180.0,1800,1.26206,18921.9,1731.752,2.404042
r02953,0.5,1000,8,2,2,1,2048,1,0.0,1e-08,190.0,1800,1.16989,9237.6,3547.225,2.397219
r02954,1.0,200,16,4,1,0,1024,0,0.0,1e-06,105.0,1410,1.35066,16418.7,3991.553,2.421782
r02955,1.0,200,8,2,2,1,1024,0,0.1,1e-06,100.0,1440,1.17171,10317.9,1587.915,2.469737
r02956,1.0,1000,4,4,1,0,1024,0,0.1,1e-08,105.0,1410,1.15402,8552.9,1915.613,2.473704
r02957,0.5,1000,4,2,2,1,1024,0,0.0,1e-06,105.0,1440,0.8608,7180.5,1140.865,2.536671
r02958,0.5,1000,16,2,2,1,2048,1,0.0,1e-08,180.0,1800,1.30621,12986.6,5046.437,2.3742
r02959,2.0,1000,8,2,1,0,2048,1,0.1,1e-08,180.0,1800,2.07415,10337.6,3169.79,2.328709
r02960,2.0,1000,16,2,2,1,2048,0,0.0,1e-08,180.0,1800,2.0334,16049.3,4083.411,2.301179
r02961,0.5,1000,8,2,2,1,1024,0,0.0,1e-08,100.0,1440,0.91788,10060.7,1628.517,2.482539
r02962,1.0,1000,4,1,1,0,2048,0,0.1,1e-08,95.0,1410,1.14464,6706.3,1221.545,2.462029
r02963,1.0,200,4,1,2,1,2048,1,0.0,1e-08,190.0,1755,1.41834,6575.3,1245.877,2.460662
r02964,0.5,1000,8,2,1,0,1024,0,0.0,1e-06,95.0,1440,0.93387,11880.1,1379.113,2.464732
r02965,1.0,1000,8,4,2,1,1024,0,0.0,1e-08,100.0,1410,1.17974,10198.2,3213.125,2.426645
r02966,0.5,200,8,1,1,0,2048,0,0.0,1e-08,190.0,1800,1.15813,13451.4,1218.012,2.442417
r02967,0.5,1000,16,4,1,0,2048,1,0.0,1e-08,180.0,1800,1.2767,15200.6,8622.836,2.364485
r02968,1.0,1000,16,1,1,0,1024,1,0.0,1e-08,190.0,1800,1.53769,18327.0,893.983,2.389703
r02969,0.5,1000,4,4,2,1,1024,0,0.1,1e-08,105.0,1410,0.97654,7243.5,2261.893,2.553925
r02970,2.0,200,8,4,1,0,1024,0,0.0,1e-08,105.0,1440,1.73487,12047.2,2719.959,2.492087
r02971,1.0,1000,8,1,2,1,2048,0,0.0,1e-08,95.0,1440,1.1948,8281.2,1978.448,2.411399
r02972,2.0,200,4,4,1,0,2048,1,0.1,1e-08,180.0,1800,1.97203,7145.7,4585.698,2.454325
r02973,1.0,200,4,1,1,0,1024,0,0.0,1e-08,100.0,1440,1.11479,8429.9,485.891,2.518004
r02974,1.0,200,16,1,2,1,2048,1,0.1,1e-08,190.0,1800,1.40189,12616.7,2597.194,2.387029
r02975,1.0,1000,16,1,2,1,1024,1,0.0,1e-06,180.0,1800,1.55126,15522.5,1055.497,2.385303
r02976,0.5,1000,8,2,2,1,2048,1,0.0,1e-08,100.0,1410,0.99168,6427.1,5098.404,2.442872
r02977,1.0,200,8,1,2,1,2048,1,0.1,1e-08,180.0,1800,1.44206,9130.0,1794.52,2.409875
r02978,2.0,200,4,2,1,0,1024,0,0.0,1e-08,105.0,1440,1.7943,8444.8,970.062,2.549282
r02979,0.5,1000,8,1,1,0,1024,0,0.0,1e-06,105.0,1410,0.9912,11565.3,708.327,2.494447
r02980,1.0,1000,8,1,2,1,1024,1,0.0,1e-08,95.0,1410,1.15043,8420.2,972.897,2.447922
r02981,1.0,1000,16,1,1,0,2048,1,0.1,1e-08,190.0,1800,1.50053,14227.2,2303.191,2.354139
r02982,2.0,1000,16,1,2,1,1024,1,0.0,1e-06,190.0,1755,2.00681,15241.4,1074.969,2.359164
r02983,2.0,1000,8,2,1,0,1024,1,0.0,1e-08,105.0,1410,1.77941,9483.7,1727.59,2.394719
r02984,1.0,1000,16,4,1,0,1024,1,0.0,1e-08,180.0,1800,1.6274,17633.0,3716.667,2.359512
r02985,1.0,1000,4,4,1,0,2048,1,0.1,1e-08,105.0,1410,1.12077,5566.1,5887.088,2.430607
r02986,1.0,1000,16,2,2,1,2048,1,0.0,1e-08,190.0,1755,1.58542,12614.5,5195.307,2.33525
r02987,2.0,200,16,2,1,0,2048,1,0.1,1e-08,190.0,1800,1.98088,15154.6,4324.482,2.403442
r02988,2.0,1000,4,1,2,1,2048,0,0.1,1e-08,105.0,1410,1.73019,6083.1,1346.677,2.461518
r02989,2.0,1000,16,1,2,1,1024,1,0.0,1e-06,190.0,1800,2.05883,16645.5,984.292,2.35681
r02990,1.0,200,16,1,1,0,2048,1,0.1,1e-08,190.0,1755,1.50188,14216.2,2304.97,2.385667
r02991,2.0,200,16,1,1,0,1024,0,0.0,1e-08,100.0,1440,1.8532,17539.5,934.121,2.506757
r02992,2.0,1000,4,1,1,0,1024,1,0.1,1e-08,95.0,1440,1.72537,6711.7,610.28,2.487813
r02993,2.0,1000,16,2,1,0,2048,1,0.0,1e-08,180.0,1755,2.06512,14435.5,4539.922,2.291336
r02994,2.0,1000,8,1,1,0,2048,0,0.1,1e-08,190.0,1800,2.14573,12921.5,1267.966,2.353813
r02995,2.0,200,16,1,1,0,1024,1,0.0,1e-08,95.0,1440,1.95483,13149.9,1245.942,2.508807
r02996,1.0,200,4,1,2,1,2048,1,0.1,1e-08,190.0,1800,1.30837,6227.2,1315.529,2.475798
r02997,1.0,200,4,1,2,1,1024,1,0.0,1e-06,180.0,1755,1.44786,8059.1,508.243,2.500569
r02998,0.5,200,16,2,2,1,2048,0,0.0,1e-08,95.0,1410,0.94837,12041.8,5442.359,2.457253
r02999,0.5,200,16,2,1,0,2048,1,0.1,1e-08,190.0,1755,1.26283,15511.2,4225.078,2.416427
r03000,1.0,1000,16,4,1,0,1024,0,0.1,1e-06,100.0,1440,1.19733,17037.5,3846.577,2.407934
r03001,0.5,1000,16,1,1,0,1024,1,0.1,1e-08,190.0,1755,1.27928,18926.9,865.648,2.450461
r03002,2.0,1000,4,4,1,0,1024,1,0.0,1e-08,95.0,1410,1.79184,6521.5,2512.31,2.436424
r03003,1.0,1000,8,4,2,1,1024,0,0.1,1e-06,95.0,1410,1.35473,10168.1,3222.624,2.435279
r03004,1.0,200,8,4,2,1,1024,0,0.0,1e-06,105.0,1410,1.1394,10207.3,3210.26,2.440801
r03005,0.5,1000,4,2,1,0,2048,0,0.0,1e-08,190.0,1800,1.14658,9243.2,1772.54,2.428817
r03006,0.5,200,16,1,1,0,1024,0,0.0,1e-08,190.0,1800,1.36846,24515.7,668.306,2.471402
r03007,0.5,200,16,1,1,0,1024,1,0.0,1e-08,105.0,1440,1.00538,14027.2,1168.02,2.505301
r03008,1.0,1000,16,4,1,0,2048,1,0.1,1e-08,180.0,1800,1.59271,15872.8,8257.664,2.333423
r03009,1.0,1000,4,1,2,1,1024,0,0.1,1e-08,95.0,1410,1.15842,7359.6,556.554,2.535849
r03010,1.0,1000,8,2,2,1,2048,1,0.0,1e-08,190.0,1800,1.43364,9236.6,3547.624,2.349417
r03011,1.0,1000,4,1,1,0,1024,0,0.1,1e-06,100.0,1410,1.11145,9033.1,453.443,2.494091
r03012,0.5,200,4,1,2,1,2048,1,0.1,1e-08,180.0,1755,1.15218,6573.0,1246.316,2.535013
r03013,1.0,1000,16,2,1,0,2048,0,0.0,1e-08,190.0,1755,1.53177,18362.9,3568.939,2.324005
r03014,2.0,200,4,2,1,0,2048,1,0.0,1e-08,100.0,1440,1.71395,5410.2,3028.33,2.502732
r03015,2.0,200,16,2,1,0,2048,1,0.1,1e-08,95.0,1440,1.83137,11011.7,5951.494,2.456179
r03016,2.0,1000,16,1,1,0,2048,1,0.0,1e-08,190.0,1800,2.14071,15146.4,2163.415,2.319726
r03017,2.0,200,8,4,2,1,1024,0,0.0,1e-08,95.0,1440,1.67907,10248.4,3197.382,2.487092
r03018,1.0,1000,8,1,1,0,2048,1,0.0,1e-08,95.0,1440,1.18978,7818.9,2095.433,2.406123
r03019,1.0,200,8,4,2,1,2048,0,0.1,1e-08,180.0,1755,1.43343,11384.0,5756.874,2.381875
r03020,1.0,1000,16,1,2,1,2048,0,0.0,1e-08,190.0,1800,1.47138,16782.7,1952.492,2.345366
r03021,2.0,200,4,2,1,0,2048,0,0.0,1e-08,190.0,1755,1.97376,9313.9,1759.096,2.450225
r03022,1.0,200,8,2,1,0,1024,1,0.1,1e-08,95.0,1440,1.18608,9711.0,1687.152,2.467386
r03023,1.0,1000,8,1,2,1,1024,1,0.1,1e-08,95.0,1410,1.15526,8780.6,932.961,2.463477
r03024,1.0,1000,16,1,1,0,2048,1,0.0,1e-08,95.0,1440,1.25366,11067.6,2960.724,2.390059
r03025,1.0,1000,8,1,2,1,1024,0,0.1,1e-08,95.0,1410,1.18682,10959.2,747.501,2.466941
r03026,1.0,200,16,1,2,1,1024,1,0.0,1e-06,180.0,1755,1.55448,16639.4,984.648,2.410794
r03027,2.0,1000,8,4,1,0,1024,0,0.0,1e-08,180.0,1755,1.95226,16962.1,1931.839,2.336122
r03028,2.0,1000,8,2,2,1,1024,0,0.0,1e-08,95.0,1440,1.8387,10423.7,1571.809,2.417414
r03029,2.0,200,16,1,1,0,1024,1,0.0,1e-08,190.0,1755,2.07477,18343.0,893.203,2.461916
r03030,2.0,200,16,1,1,0,1024,0,0.0,1e-08,190.0,1755,2.08133,23702.5,691.234,2.451873
r03031,1.0,200,4,4,1,0,2048,1,0.0,1e-08,100.0,1410,1.14204,5585.2,5866.959,2.444377
r03032,0.5,1000,8,4,2,1,1024,0,0.0,1e-08,100.0,1440,0.9414,10620.1,3085.478,2.472711
r03033,2.0,1000,4,1,1,0,2048,1,0.0,1e-08,95.0,1410,1.67925,5609.7,1460.328,2.427197
r03034,2.0,1000,16,2,2,1,2048,1,0.0,1e-08,190.0,1800,1.98515,12974.5,5051.157,2.299523
r03035,0.5,200,16,2,2,1,2048,1,0.0,1e-08,190.0,1800,1.1774,13050.0,5021.913,2.406607
r03036,0.5,200,4,1,2,1,2048,1,0.0,1e-08,100.0,1410,0.88485,4458.3,1837.474,2.560927
r03037,1.0,1000,4,2,2,1,2048,1,0.0,1e-08,180.0,1800,1.43645,6802.5,2408.532,2.41715
r03038,1.0,200,4,4,1,0,1024,0,0.1,1e-06,180.0,1800,1.34103,11645.5,1406.889,2.455074
r03039,1.0,200,4,4,1,0,2048,1,0.1,1e-08,100.0,1440,1.10971,5517.9,5938.497,2.465237
r03040,2.0,1000,4,4,1,0,1024,0,0.1,1e-08,105.0,1410,1.69857,7933.5,2065.159,2.451024
r03041,0.5,1000,16,1,2,1,2048,0,0.0,1e-08,190.0,1800,1.18212,16124.4,2032.201,2.403307
r03042,1.0,200,4,2,2,1,2048,1,0.0,1e-08,105.0,1410,1.17843,4639.6,3531.346,2.484745
r03043,2.0,1000,16,1,2,1,2048,1,0.0,1e-08,190.0,1755,2.0619,13515.4,2424.486,2.32034
r03044,1.0,200,8,2,2,1,1024,0,0.0,1e-08,190.0,1800,1.42965,14067.5,1164.671,2.415352
r03045,0.5,200,16,1,2,1,2048,0,0.1,1e-08,180.0,1755,1.34553,17961.0,1824.392,2.449174
r03046,2.0,1000,4,2,1,0,2048,1,0.0,1e-08,95.0,1440,1.61362,5791.6,2828.913,2.394929
r03047,0.5,1000,8,2,2,1,1024,0,0.0,1e-08,95.0,1440,0.83306,10892.9,1504.096,2.472387
r03048,1.0,200,4,4,1,0,1024,0,0.1,1e-08,95.0,1440,1.03897,9207.7,1779.375,2.499715
r03049,2.0,200,4,2,1,0,1024,0,0.1,1e-06,100.0,1440,1.63659,8505.7,963.118,2.545238
r03050,1.0,1000,8,1,2,1,1024,1,0.0,1e-08,95.0,1410,1.13625,8677.7,944.034,2.453432
r03051,2.0,1000,4,2,1,0,1024,0,0.1,1e-08,105.0,1410,1.6365,8951.0,915.201,2.453258
r03052,1.0,1000,8,4,1,0,2048,1,0.1,1e-08,100.0,1440,1.15182,7617.0,8603.948,2.383719
r03053,2.0,1000,8,4,2,1,2048,1,0.0,1e-08,105.0,1410,1.72538,6751.1,9707.397,2.35358
r03054,1.0,1000,8,1,1,0,2048,0,0.1,1e-08,105.0,1410,1.16701,9952.9,1646.156,2.414373
r03055,1.0,1000,8,4,1,0,2048,1,0.0,1e-08,180.0,1800,1.44536,10648.2,6154.646,2.335081
r03056,0.5,1000,4,2,1,0,1024,0,0.0,1e-08,105.0,1410,0.937,8490.2,964.876,2.517473
r03057,1.0,200,4,1,2,1,1024,0,0.1,1e-08,180.0,1755,1.36048,10248.8,399.657,2.522211
r03058,1.0,1000,4,1,1,0,2048,1,0.0,1e-08,100.0,1440,1.14014,5560.4,1473.271,2.455955
r03059,1.0,1000,4,2,2,1,1024,0,0.1,1e-08,95.0,1410,1.24642,7579.0,1080.878,2.507447
r03060,2.0,200,8,2,2,1,2048,1,0.0,1e-08,180.0,1755,2.05386,9262.0,3537.915,2.424323
r03061,1.0,200,16,2,2,1,2048,1,0.0,1e-08,180.0,1800,1.56521,13565.9,4830.929,2.358831
r03062,1.0,1000,4,1,2,1,1024,1,0.0,1e-08,95.0,1410,1.08459,6138.4,667.274,2.518651
r03063,1.0,1000,16,4,2,1,2048,1,0.1,1e-08,190.0,1755,1.58418,12665.9,10348.381,2.338074
r03064,0.5,200,16,2,1,0,1024,1,0.0,1e-06,190.0,1755,1.19614,17757.4,1845.317,2.440631
r03065,1.0,1000,8,1,2,1,2048,1,0.0,1e-08,190.0,1755,1.42283,9278.4,1765.82,2.363419
r03066,1.0,1000,8,4,2,1,1024,0,0.0,1e-08,105.0,1410,1.21721,10120.0,3237.944,2.424339
r03067,1.0,200,4,4,2,1,2048,1,0.0,1e-08,180.0,1800,1.38752,6636.7,4937.361,2.430817
r03068,1.0,200,8,2,1,0,1024,0,0.0,1e-08,180.0,1755,1.42861,15987.3,1024.81,2.402979
r03069,0.5,1000,8,1,1,0,1024,0,0.1,1e-08,105.0,1440,0.91549,12087.1,677.747,2.50707
r03070,1.0,1000,16,1,2,1,2048,1,0.0,1e-08,180.0,1755,1.51774,13658.9,2399.015,2.349497
r03071,1.0,1000,16,1,2,1,2048,1,0.1,1e-08,180.0,1755,1.57196,13222.2,2478.257,2.360992
r03072,0.5,1000,4,1,2,1,1024,0,0.0,1e-08,100.0,1440,0.87341,7321.1,559.478,2.567683
r03073,2.0,1000,4,4,1,0,1024,1,0.1,1e-08,95.0,1440,1.66221,6838.3,2395.908,2.456039
r03074,2.0,200,4,1,2,1,1024,0,0.1,1e-06,105.0,1410,1.75043,7186.8,569.937,2.610493
r03075,2.0,1000,8,4,1,0,2048,1,0.1,1e-08,105.0,1410,1.77135,8011.1,8180.622,2.359569
r03076,1.0,1000,8,2,2,1,1024,0,0.0,1e-08,180.0,1755,1.39029,14033.7,1167.475,2.383006
r03077,2.0,1000,8,2,1,0,1024,1,0.0,1e-08,100.0,1410,1.73071,9338.7,1754.428,2.387058
r03078,1.0,1000,16,1,2,1,1024,1,0.1,1e-08,105.0,1410,1.3112,11240.1,1457.633,2.458286
r03079,2.0,1000,16,1,2,1,2048,1,0.1,1e-08,190.0,1800,2.04191,12957.1,2528.969,2.340709
r03080,1.0,200,4,1,2,1,2048,0,0.1,1e-08,105.0,1440,1.16188,5976.9,1370.603,2.529859
r03081,1.0,200,8,1,2,1,2048,1,0.1,1e-08,190.0,1800,1.39996,9391.9,1744.481,2.409464
r03082,1.0,200,8,4,1,0,1024,0,0.0,1e-06,95.0,1440,1.19122,11907.4,2751.912,2.43673
r03083,0.5,200,16,4,1,0,2048,1,0.1,1e-08,180.0,1755,1.1849,15373.7,8525.742,2.404586
r03084,1.0,1000,4,2,1,0,2048,1,0.0,1e-08,95.0,1410,1.08326,5467.0,2996.874,2.427694
r03085,1.0,1000,16,2,1,0,2048,0,0.1,1e-08,180.0,1755,1.55931,18975.4,3453.74,2.333103
r03086,1.0,1000,16,2,1,0,1024,1,0.0,1e-08,105.0,1440,1.32609,14121.2,2320.478,2.39954
r03087,0.5,200,16,1,1,0,2048,1,0.0,1e-08,100.0,1440,1.00103,10791.0,3036.593,2.465836
r03088,2.0,1000,4,4,2,1,2048,1,0.1,1e-08,105.0,1410,1.75399,4882.9,6710.827,2.445658
r03089,0.5,1000,16,4,2,1,1024,0,0.1,1e-08,190.0,1755,1.21608,19815.6,3307.288,2.420497
r03090,1.0,200,16,1,2,1,2048,1,0.1,1e-08,180.0,1800,1.62923,13201.4,2482.152,2.396169
r03091,1.0,1000,16,4,1,0,1024,1,0.0,1e-08,95.0,1440,1.28017,13710.1,4780.139,2.389254
r03092,0.5,1000,16,2,2,1,2048,1,0.1,1e-08,190.0,1800,1.27768,12773.8,5130.49,2.3984
r03093,0.5,200,8,2,1,0,2048,1,0.1,1e-08,190.0,1755,1.19108,10562.5,3102.299,2.433742
r03094,1.0,1000,16,1,2,1,1024,0,0.0,1e-08,105.0,1410,1.30528,13839.4,1183.869,2.44115
r03095,1.0,1000,4,2,1,0,1024,0,0.0,1e-06,95.0,1440,1.18108,8129.3,1007.717,2.470834
r03096,2.0,1000,8,1,1,0,1024,0,0.0,1e-08,190.0,1800,2.07034,17307.9,473.31,2.377006
r03097,1.0,200,4,1,2,1,1024,0,0.1,1e-06,100.0,1440,1.21584,7186.5,569.956,2.56572
r03098,2.0,1000,4,4,1,0,1024,0,0.0,1e-08,105.0,1410,1.71429,8033.0,2039.596,2.435754
r03099,0.5,200,4,1,1,0,2048,1,0.1,1e-08,100.0,1440,0.86085,5801.0,1412.166,2.546296
r03100,1.0,1000,16,1,1,0,2048,1,0.0,1e-08,190.0,1755,1.56971,13697.0,2392.347,2.343201
r03101,1.0,200,4,1,1,0,1024,0,0.1,1e-08,100.0,1440,1.15019,8805.0,465.189,2.538888
r03102,2.0,200,4,1,1,0,1024,1,0.1,1e-06,100.0,1440,1.69753,6847.7,598.156,2.576963
r03103,2.0,1000,4,1,1,0,2048,1,0.1,1e-08,95.0,1440,1.7184,5653.4,1449.03,2.444828
r03104,0.5,200,4,2,1,0,1024,0,0.0,1e-08,105.0,1410,0.939,8769.7,934.129,2.55305
r03105,1.0,200,16,1,1,0,2048,0,0.1,1e-08,180.0,1800,1.52171,18574.0,1764.189,2.393086
r03106,1.0,200,16,2,2,1,1024,1,0.0,1e-08,105.0,1440,1.30435,11874.0,2759.64,2.446601
r03107,0.5,1000,4,1,1,0,2048,1,0.0,1e-08,190.0,1800,1.10745,7101.3,1153.586,2.455942
r03108,2.0,1000,16,1,2,1,1024,1,0.0,1e-08,190.0,1800,2.08676,15688.7,1044.321,2.363213
r03109,0.5,1000,16,1,1,0,2048,1,0.1,1e-08,190.0,1755,1.24561,15993.5,2048.835,2.406543
r03110,2.0,1000,8,1,2,1,2048,0,0.0,1e-08,105.0,1410,1.6914,8746.6,1873.183,2.389339
r03111,2.0,200,4,2,1,0,1024,0,0.0,1e-08,95.0,1440,1.68348,8645.8,947.515,2.538817
r03112,1.0,1000,8,1,2,1,1024,0,0.0,1e-08,95.0,1440,1.28288,9869.2,830.055,2.462113
r03113,2.0,1000,8,1,2,1,1024,1,0.0,1e-06,180.0,1755,2.03894,10952.1,747.986,2.375096
r03114,1.0,200,16,4,1,0,2048,0,0.1,1e-08,180.0,1755,1.58274,17553.0,7467.196,2.35728
r03115,2.0,1000,16,1,2,1,2048,1,0.1,1e-08,190.0,1755,2.08653,11931.2,2746.421,2.338907
r03116,0.5,1000,8,4,1,0,2048,0,0.1,1e-08,95.0,1410,0.87297,9845.8,6656.255,2.429606
r03117,0.5,1000,4,4,1,0,1024,1,0.0,1e-08,105.0,1440,0.92548,6491.5,2523.931,2.514368
r03118,0.5,1000,4,1,1,0,1024,0,0.0,1e-08,105.0,1410,0.95032,8158.4,502.06,2.544407
r03119,2.0,1000,16,2,2,1,2048,1,0.0,1e-08,190.0,1755,2.06612,13281.1,4934.532,2.304577
r03120,0.5,1000,8,2,1,0,1024,1,0.0,1e-08,95.0,1410,0.85017,9654.2,1697.091,2.464438
r03121,0.5,200,4,4,1,0,1024,0,0.0,1e-08,105.0,1440,0.84501,8300.9,1973.766,2.535117
r03122,2.0,1000,16,1,2,1,2048,1,0.0,1e-08,180.0,1755,2.11708,12603.8,2599.858,2.328194
r03123,0.5,200,4,2,1,0,1024,0,0.0,1e-06,105.0,1440,0.93417,8375.3,978.119,2.550489
r03124,1.0,1000,4,1,2,1,1024,0,0.0,1e-08,95.0,1440,1.08058,7597.6,539.117,2.520021
r03125,1.0,1000,16,4,1,0,1024,0,0.0,1e-08,95.0,1440,1.29449,17626.8,3717.973,2.395992
r03126,1.0,1000,16,1,1,0,1024,1,0.0,1e-08,95.0,1410,1.26162,13857.3,1182.337,2.425456
r03127,0.5,200,4,2,2,1,1024,0,0.0,1e-08,100.0,1440,0.90228,7486.2,1094.282,2.58152
r03128,1.0,1000,16,1,1,0,1024,1,0.0,1e-06,190.0,1800,1.53837,18983.5,863.066,2.38279
r03129,2.0,200,4,4,2,1,1024,0,0.0,1e-08,105.0,1440,1.75223,7201.1,2275.192,2.570212
r03130,0.5,200,4,2,1,0,1024,0,0.0,1e-08,105.0,1440,0.87244,8922.9,918.091,2.557
r03131,0.5,200,16,1,1,0,1024,1,0.1,1e-08,95.0,1410,1.05133,13839.5,1183.855,2.522619
r03132,1.0,1000,4,1,2,1,1024,0,0.0,1e-08,95.0,1410,1.05516,7459.7,549.084,2.517486
r03133,1.0,200,16,2,1,0,1024,1,0.1,1e-06,190.0,1800,1.49824,18745.0,1748.091,2.405772
r03134,1.0,1000,16,4,2,1,1024,0,0.0,1e-08,190.0,1755,1.60576,20378.6,3215.929,2.361172
r03135,2.0,200,4,4,1,0,1024,0,0.1,1e-06,190.0,1755,1.94376,11717.3,1398.27,2.506039
r03136,1.0,200,4,1,1,0,2048,0,0.0,1e-08,190.0,1800,1.37655,9223.5,888.168,2.43394
r03137,2.0,1000,8,2,1,0,2048,1,0.0,1e-08,100.0,1410,1.73345,7865.2,4166.212,2.357182
r03138,0.5,200,8,1,2,1,1024,0,0.0,1e-06,105.0,1410,0.95341,10227.7,800.962,2.528464
r03139,2.0,1000,8,1,2,1,2048,1,0.1,1e-08,180.0,1800,1.99269,9170.9,1786.523,2.351908
r03140,2.0,200,4,1,1,0,2048,1,0.1,1e-08,100.0,1410,1.75912,5465.9,1498.751,2.538413
r03141,2.0,200,8,2,2,1,2048,1,0.1,1e-08,190.0,1800,2.02235,8996.1,3642.463,2.433423
r03142,1.0,1000,16,2,1,0,1024,1,0.0,1e-08,190.0,1800,1.63464,18612.6,1760.528,2.35963
r03143,1.0,1000,4,2,2,1,1024,1,0.1,1e-08,100.0,1440,1.15601,5673.1,1443.997,2.51217
r03144,1.0,1000,8,2,1,0,2048,1,0.0,1e-08,100.0,1410,1.27275,8228.2,3982.403,2.38944
r03145,1.0,200,4,1,1,0,2048,1,0.1,1e-08,100.0,1440,1.23324,5708.2,1435.131,2.499527
r03146,2.0,1000,16,1,2,1,2048,1,0.1,1e-08,180.0,1755,2.1062,12996.1,2521.38,2.344685
r03147,2.0,1000,16,2,1,0,2048,1,0.0,1e-08,190.0,1755,2.05984,14595.8,4490.066,2.285963
r03148,0.5,1000,8,4,2,1,2048,1,0.0,1e-08,180.0,1755,1.1878,8951.7,7321.052,2.374344
r03149,2.0,200,8,4,2,1,1024,1,0.1,1e-08,100.0,1410,1.71977,8539.9,3837.051,2.515374
r03150,1.0,200,4,1,2,1,1024,0,0.1,1e-08,100.0,1410,1.26974,7308.7,560.429,2.571207
r03151,2.0,1000,8,1,2,1,2048,1,0.0,1e-08,180.0,1755,1.95996,9148.7,1790.86,2.339217
r03152,2.0,1000,16,2,1,0,1024,1,0.0,1e-06,95.0,1410,1.803,14032.3,2335.179,2.375995
r03153,2.0,200,4,1,1,0,1024,0,0.0,1e-06,180.0,1755,2.02661,11332.6,361.436,2.519437
r03154,1.0,200,8,1,1,0,1024,0,0.0,1e-08,100.0,1440,1.2264,11970.7,684.339,2.475629
r03155,2.0,1000,16,2,2,1,2048,1,0.1,1e-08,190.0,1755,2.10409,13058.1,5018.8,2.320203
r03156,1.0,1000,4,2,2,1,2048,1,0.0,1e-08,105.0,1440,1.11226,4693.3,3490.927,2.456412
r03157,2.0,200,8,2,2,1,1024,0,0.0,1e-08,105.0,1410,1.70882,10045.6,1630.963,2.506074
r03158,0.5,200,4,2,2,1,1024,0,0.1,1e-06,100.0,1410,0.83264,7219.0,1134.787,2.591035
r03159,1.0,1000,8,4,1,0,1024,0,0.0,1e-08,100.0,1410,1.14165,12094.9,2709.252,2.412964
r03160,2.0,200,16,1,2,1,1024,1,0.0,1e-06,95.0,1440,1.84534,11658.1,1405.372,2.508783
r03161,0.5,200,4,2,1,0,1024,0,0.0,1e-08,100.0,1410,0.99271,8316.3,985.054,2.553245
r03162,2.0,200,16,1,2,1,2048,0,0.0,1e-08,180.0,1800,2.16867,16480.6,1988.278,2.425864
r03163,1.0,200,8,4,1,0,1024,0,0.1,1e-06,105.0,1410,1.22777,11870.6,2760.423,2.453975
r03164,2.0,200,16,2,1,0,1024,1,0.1,1e-06,105.0,1410,1.87313,13241.8,2474.596,2.493973
r03165,2.0,200,16,4,2,1,1024,1,0.1,1e-08,105.0,1440,1.80403,11935.3,5490.954,2.496976
r03166,0.5,1000,4,1,1,0,1024,0,0.0,1e-08,95.0,1410,0.97849,8514.8,481.046,2.542565
r03167,1.0,1000,4,1,2,1,2048,1,0.1,1e-08,95.0,1410,1.18584,4616.6,1774.468,2.501161
r03168,1.0,1000,8,1,2,1,1024,0,0.0,1e-08,180.0,1755,1.48129,13840.9,591.869,2.402358
r03169,2.0,200,16,1,1,0,2048,1,0.0,1e-08,180.0,1800,1.99246,14840.1,2208.064,2.413163
r03170,1.0,1000,16,1,2,1,2048,0,0.0,1e-08,190.0,1755,1.4907,16661.3,1966.71,2.346053
r03171,0.5,1000,4,4,2,1,1024,0,0.1,1e-08,190.0,1755,1.1261,9951.3,1646.426,2.509017
r03172,1.0,1000,16,4,2,1,2048,1,0.1,1e-08,190.0,1800,1.47049,13122.6,9988.292,2.335303
r03173,0.5,1000,16,2,1,0,1024,1,0.0,1e-08,190.0,1800,1.25488,18310.7,1789.557,2.407234
r03174,1.0,200,4,4,2,1,2048,1,0.1,1e-08,95.0,1440,1.08523,4763.4,6879.099,2.498175
r03175,1.0,1000,16,2,1,0,2048,1,0.0,1e-08,180.0,1800,1.48189,15176.2,4318.335,2.31738
r03176,2.0,1000,16,4,2,1,2048,0,0.0,1e-08,100.0,1440,1.79072,12052.4,10875.219,2.347105
r03177,0.5,200,16,2,1,0,2048,1,0.0,1e-08,190.0,1755,1.27032,13455.4,4870.62,2.402833
r03178,0.5,1000,16,2,2,1,2048,1,0.0,1e-08,190.0,1755,1.33065,12639.5,5185.011,2.380103
r03179,2.0,200,8,2,2,1,1024,0,0.1,1e-08,105.0,1410,1.7518,9975.1,1642.488,2.521536
r03180,1.0,200,16,1,2,1,1024,1,0.0,1e-08,190.0,1755,1.53137,15908.5,1029.888,2.421201
r03181,2.0,1000,16,1,2,1,1024,1,0.0,1e-06,100.0,1410,1.81302,12539.8,1306.563,2.40446
r03182,1.0,1000,4,1,1,0,1024,0,0.0,1e-08,190.0,1755,1.36006,11656.0,351.407,2.441075
r03183,2.0,1000,8,1,2,1,1024,0,0.1,1e-06,105.0,1410,1.72469,10336.9,792.499,2.432969
r03184,1.0,1000,8,4,2,1,1024,0,0.0,1e-06,190.0,1755,1.57059,13556.3,2417.177,2.378783
r03185,2.0,200,16,2,1,0,1024,0,0.0,1e-08,190.0,1755,2.10552,22928.3,1429.153,2.435515
r03186,0.5,1000,16,2,1,0,2048,1,0.1,1e-08,190.0,1800,1.24863,14600.7,4488.544,2.385905
r03187,1.0,1000,4,4,2,1,1024,0,0.0,1e-08,100.0,1410,1.17237,7374.3,2221.755,2.488687
r03188,1.0,1000,4,1,2,1,1024,0,0.1,1e-06,105.0,1410,1.29228,7132.6,574.264,2.539033
r03189,0.5,1000,8,2,1,0,1024,0,0.1,1e-08,105.0,1440,0.91877,11656.0,1405.634,2.485482
r03190,1.0,1000,8,1,1,0,1024,0,0.0,1e-06,180.0,1800,1.38768,15953.6,513.489,2.392397
r03191,1.0,1000,16,4,1,0,2048,1,0.0,1e-08,180.0,1755,1.41848,14873.9,8812.23,2.306956
r03192,2.0,200,4,1,2,1,2048,1,0.1,1e-08,95.0,1410,1.67669,4685.8,1748.266,2.561674
r03193,1.0,200,4,1,1,0,2048,1,0.1,1e-08,100.0,1410,1.12514,5306.8,1543.675,2.502274
r03194,1.0,1000,8,4,2,1,2048,0,0.0,1e-08,180.0,1800,1.41042,11023.0,5945.387,2.33852
r03195,0.5,200,4,1,2,1,1024,0,0.0,1e-08,105.0,1410,0.8598,6990.0,585.977,2.602293
r03196,1.0,200,16,2,2,1,2048,0,0.1,1e-08,180.0,1755,1.58783,16499.5,3972.011,2.377385
r03197,2.0,200,8,1,1,0,1024,1,0.1,1e-08,100.0,1440,1.69076,9436.2,868.142,2.524101
r03198,2.0,1000,16,1,2,1,1024,1,0.1,1e-06,180.0,1800,2.06227,15496.1,1057.298,2.37522
r03199,1.0,1000,16,1,1,0,1024,0,0.0,1e-06,180.0,1755,1.58538,23439.7,698.985,2.374549
r03200,1.0,1000,16,4,2,1,2048,1,0.0,1e-08,180.0,1800,1.55261,12784.8,10252.159,2.321272
r03201,1.0,1000,16,4,2,1,1024,1,0.0,1e-06,180.0,1755,1.60247,15273.8,4290.749,2.34895
r03202,2.0,200,16,2,1,0,2048,0,0.0,1e-08,190.0,1755,2.08562,17871.5,3667.064,2.400607
r03203,2.0,200,8,4,1,0,1024,1,0.0,1e-06,100.0,1440,1.73819,9984.7,3281.836,2.485403
r03204,1.0,200,16,1,2,1,2048,1,0.0,1e-08,180.0,1800,1.51017,13118.1,2497.922,2.380865
r03205,0.5,1000,4,2,2,1,2048,0,0.1,1e-08,95.0,1440,1.00153,5979.0,2740.27,2.524363
r03206,1.0,200,16,1,1,0,2048,1,0.1,1e-08,100.0,1410,1.29874,10436.7,3139.682,2.434768
r03207,1.0,1000,8,2,2,1,1024,0,0.1,1e-08,100.0,1440,1.22027,10567.6,1550.402,2.446236
r03208,2.0,1000,8,1,2,1,2048,1,0.1,1e-08,105.0,1410,1.66382,6304.3,2598.872,2.397908
r03209,0.5,1000,4,4,1,0,1024,0,0.0,1e-06,105.0,1410,0.8611,8342.6,1963.897,2.507533
r03210,1.0,1000,16,4,2,1,2048,1,0.0,1e-08,180.0,1755,1.5088,12730.6,10295.807,2.322966
r03211,0.5,1000,8,1,2,1,1024,0,0.1,1e-08,95.0,1440,0.92885,10162.1,806.135,2.522611
r03212,2.0,1000,16,4,1,0,2048,1,0.0,1e-08,180.0,1755,2.11217,15133.4,8661.106,2.286747
r03213,1.0,1000,16,1,1,0,2048,1,0.1,1e-08,190.0,1800,1.48386,14516.5,2257.295,2.3507
r03214,0.5,200,4,2,1,0,1024,0,0.1,1e-08,95.0,1410,0.87551,8548.1,958.336,2.565014
r03215,1.0,1000,16,1,1,0,2048,1,0.0,1e-08,180.0,1755,1.58343,14100.6,2323.867,2.341642
r03216,2.0,200,4,2,2,1,2048,1,0.0,1e-08,105.0,1440,1.76329,4731.8,3462.524,2.538637
r03217,2.0,1000,8,2,1,0,1024,0,0.0,1e-06,100.0,1440,1.82938,11054.8,1482.068,2.395837
r03218,1.0,200,16,1,1,0,2048,1,0.1,1e-08,190.0,1755,1.62192,15632.3,2096.172,2.390166
r03219,2.0,1000,16,4,1,0,2048,1,0.0,1e-08,180.0,1800,2.12984,15174.0,8637.956,2.283085
r03220,1.0,1000,16,1,2,1,1024,1,0.0,1e-08,100.0,1410,1.29381,11866.2,1380.732,2.437699
r03221,1.0,1000,16,2,2,1,2048,1,0.1,1e-08,95.0,1410,1.25478,9652.9,6789.255,2.388218
r03222,1.0,1000,4,1,1,0,2048,1,0.1,1e-08,105.0,1410,1.21843,5625.0,1456.354,2.472848
r03223,1.0,1000,4,1,1,0,1024,0,0.1,1e-06,105.0,1410,1.23723,8705.4,470.513,2.503961
r03224,0.5,1000,16,1,1,0,1024,1,0.0,1e-08,105.0,1410,0.99241,13784.8,1188.557,2.478413
r03225,2.0,200,16,2,1,0,2048,1,0.1,1e-08,190.0,1800,1.99037,14891.6,4400.874,2.406635
r03226,1.0,1000,8,2,2,1,2048,1,0.1,1e-08,180.0,1755,1.51372,9011.0,3636.427,2.361406
r03227,0.5,200,16,2,1,0,2048,1,0.0,1e-08,180.0,1800,1.28296,15165.4,4321.425,2.397481
r03228,1.0,200,8,2,2,1,1024,1,0.1,1e-06,190.0,1755,1.43041,11161.5,1467.907,2.420855
r03229,2.0,200,4,4,1,0,1024,0,0.1,1e-08,95.0,1440,1.67541,8392.6,1952.191,2.545733
r03230,2.0,200,16,1,2,1,1024,1,0.0,1e-08,100.0,1410,1.87193,11510.8,1423.357,2.511548
r03231,0.5,200,8,1,2,1,2048,1,0.1,1e-08,190.0,1755,1.11999,8909.5,1838.93,2.45948
r03232,2.0,200,16,2,1,0,1024,0,0.0,1e-08,100.0,1440,1.82775,16439.9,1993.194,2.471228
r03233,0.5,200,4,2,2,1,2048,0,0.1,1e-08,100.0,1410,0.88716,6035.7,2714.522,2.54849
r03234,1.0,1000,4,4,2,1,1024,1,0.0,1e-08,105.0,1410,1.20476,5904.1,2775.024,2.49701
r03235,1.0,200,4,2,2,1,1024,1,0.0,1e-08,95.0,1410,1.16463,5889.8,1390.883,2.527941
r03236,0.5,1000,8,1,2,1,2048,0,0.1,1e-08,190.0,1800,1.2128,11170.2,1466.757,2.429582
r03237,0.5,1000,16,1,2,1,1024,1,0.0,1e-06,180.0,1800,1.20937,15463.3,1059.543,2.434011
r03238,1.0,1000,8,1,1,0,2048,0,0.1,1e-08,190.0,1755,1.39272,13041.4,1256.309,2.367481
r03239,1.0,200,4,2,1,0,1024,0,0.0,1e-06,100.0,1440,1.23564,8656.7,946.323,2.503048
r03240,2.0,200,8,4,1,0,1024,0,0.0,1e-08,180.0,1800,2.00462,16452.3,1991.696,2.441151
r03241,1.0,200,8,1,2,1,1024,0,0.1,1e-08,105.0,1440,1.20493,10745.3,762.377,2.497065
r03242,1.0,1000,16,2,2,1,2048,0,0.1,1e-08,180.0,1800,1.6224,16518.3,3967.49,2.340896
r03243,0.5,200,8,4,1,0,1024,0,0.0,1e-08,100.0,1410,1.00558,11830.6,2769.778,2.498847
r03244,1.0,200,8,2,2,1,1024,1,0.0,1e-08,95.0,1440,1.2044,8025.3,2041.533,2.463682
r03245,1.0,1000,8,4,1,0,2048,1,0.0,1e-08,100.0,1410,1.17807,7990.0,8202.25,2.367666
r03246,1.0,200,16,4,2,1,1024,0,0.1,1e-08,105.0,1440,1.26892,14070.3,4657.762,2.456001
r03247,2.0,1000,16,4,2,1,1024,1,0.0,1e-06,180.0,1800,2.1004,15433.8,4246.277,2.330266
r03248,0.5,200,4,1,1,0,2048,1,0.0,1e-08,190.0,1800,1.11915,7209.9,1136.221,2.482411
r03249,2.0,1000,16,2,2,1,1024,1,0.1,1e-08,180.0,1755,2.1063,15209.4,2154.454,2.35973
r03250,1.0,200,8,1,1,0,2048,1,0.1,1e-08,95.0,1410,1.23725,8163.0,2007.114,2.442892
r03251,1.0,1000,4,2,1,0,1024,0,0.0,1e-06,105.0,1410,1.27855,7999.9,1024.01,2.470211
r03252,0.5,1000,4,1,2,1,1024,0,0.0,1e-08,105.0,1410,0.83453,7140.4,573.64,2.57329
r03253,2.0,1000,4,2,1,0,1024,0,0.0,1e-06,100.0,1440,1.74813,8854.0,925.228,2.449235
r03254,1.0,1000,16,2,1,0,1024,0,0.1,1e-08,190.0,1755,1.58605,23644.1,1385.883,2.376176
r03255,1.0,1000,8,1,2,1,1024,0,0.0,1e-08,95.0,1440,1.10969,10038.6,816.046,2.449977
r03256,0.5,1000,16,2,2,1,2048,1,0.0,1e-08,190.0,1800,1.21272,13712.4,4779.327,2.378572
r03257,0.5,200,4,4,2,1,1024,0,0.0,1e-06,180.0,1755,1.11959,10002.2,1638.046,2.517321
r03258,1.0,1000,8,4,1,0,2048,1,0.0,1e-08,105.0,1410,1.13312,7647.7,8569.378,2.373446
r03259,0.5,1000,8,2,1,0,1024,0,0.0,1e-06,100.0,1410,0.83772,11438.3,1432.378,2.466839
r03260,2.0,200,16,1,1,0,2048,0,0.0,1e-08,180.0,1800,2.11493,18269.3,1793.607,2.415175
r03261,1.0,1000,4,2,2,1,2048,1,0.0,1e-08,190.0,1800,1.4182,6045.0,2710.328,2.415861
r03262,1.0,200,16,1,2,1,1024,0,0.1,1e-06,190.0,1800,1.56333,19780.1,828.307,2.435534
r03263,0.5,1000,8,2,1,0,2048,1,0.0,1e-08,180.0,1755,1.17908,10629.6,3082.702,2.381175
r03264,2.0,200,16,1,2,1,1024,0,0.0,1e-06,180.0,1755,2.16366,19284.5,849.596,2.462422
r03265,1.0,200,16,2,1,0,1024,1,0.0,1e-08,105.0,1410,1.219,13451.7,2435.976,2.436155
r03266,1.0,200,16,4,2,1,2048,1,0.0,1e-08,180.0,1755,1.52538,12722.7,10302.204,2.352173
r03267,1.0,1000,8,2,2,1,1024,0,0.1,1e-06,95.0,1410,1.18093,10284.4,1593.086,2.435446
r03268,2.0,200,8,4,1,0,2048,1,0.1,1e-08,180.0,1800,2.02721,10527.8,6225.037,2.416448
r03269,1.0,1000,8,1,2,1,2048,1,0.1,1e-08,180.0,1800,1.29861,9265.6,1768.252,2.376321
r03270,1.0,200,8,4,2,1,1024,1,0.0,1e-08,95.0,1410,1.27936,8049.1,4071.029,2.458015
r03271,0.5,200,4,1,1,0,1024,1,0.1,1e-08,190.0,1755,1.11698,9026.2,453.792,2.535713
r03272,2.0,200,16,1,1,0,2048,1,0.1,1e-08,190.0,1755,2.11072,14358.4,2282.153,2.430496
r03273,1.0,1000,4,1,2,1,2048,1,0.0,1e-08,190.0,1755,1.39167,6243.2,1312.143,2.435954
r03274,1.0,1000,16,2,2,1,1024,1,0.1,1e-06,105.0,1440,1.37025,11605.2,2823.565,2.426311
r03275,1.0,1000,8,1,2,1,2048,1,0.0,1e-08,190.0,1800,1.50606,9594.2,1707.697,2.36315
r03276,1.0,200,16,2,1,0,1024,1,0.0,1e-06,190.0,1800,1.43662,18936.8,1730.387,2.381261
r03277,0.5,1000,16,1,2,1,2048,1,0.1,1e-08,180.0,1755,1.27582,12073.4,2714.076,2.419218
r03278,2.0,200,16,2,2,1,2048,1,0.0,1e-08,190.0,1800,2.04732,12645.7,5182.47,2.4003
r03279,1.0,200,4,4,1,0,2048,1,0.0,1e-08,95.0,1440,1.19235,5393.8,6075.07,2.448634
r03280,1.0,1000,4,1,1,0,2048,0,0.0,1e-08,190.0,1755,1.37532,9310.2,879.899,2.396852
r03281,1.0,1000,8,2,1,0,1024,0,0.1,1e-06,105.0,1440,1.17369,11829.9,1384.962,2.435332
r03282,2.0,1000,8,1,2,1,1024,0,0.1,1e-08,190.0,1800,2.02061,14260.0,574.475,2.396598
r03283,2.0,200,4,1,1,0,1024,0,0.1,1e-06,95.0,1440,1.67031,8162.0,501.84,2.57077
r03284,0.5,200,4,1,2,1,1024,0,0.0,1e-08,95.0,1440,0.93241,7605.4,538.561,2.604012
r03285,1.0,1000,16,2,1,0,2048,0,0.0,1e-08,180.0,1800,1.47223,18730.8,3498.827,2.316708
r03286,2.0,200,8,1,2,1,1024,1,0.0,1e-06,105.0,1410,1.74558,8196.4,999.459,2.528155
r03287,1.0,1000,8,2,1,0,1024,0,0.0,1e-06,95.0,1410,1.22467,11934.2,1372.86,2.41274
r03288,1.0,200,4,4,2,1,1024,0,0.0,1e-08,95.0,1440,1.1465,7664.8,2137.554,2.516254
r03289,0.5,200,8,4,1,0,2048,1,0.1,1e-08,190.0,1800,1.18492,10127.9,6470.845,2.422719
r03290,2.0,1000,8,2,2,1,1024,0,0.1,1e-08,180.0,1800,1.97847,14633.0,1119.661,2.37121
r03291,1.0,1000,4,4,1,0,1024,0,0.1,1e-06,105.0,1440,1.22946,8751.8,1872.066,2.474933
r03292,1.0,1000,8,2,1,0,1024,1,0.1,1e-08,190.0,1755,1.53461,12936.5,1266.499,2.3911
r03293,2.0,1000,4,2,2,1,1024,0,0.1,1e-08,95.0,1440,1.64012,7183.1,1140.452,2.487608
r03294,2.0,1000,16,4,2,1,2048,0,0.1,1e-08,190.0,1800,2.05548,16316.0,8033.33,2.30707
r03295,2.0,200,16,4,1,0,1024,0,0.0,1e-08,95.0,1440,1.84454,16741.6,3914.553,2.465543
r03296,0.5,200,8,4,2,1,2048,0,0.0,1e-08,190.0,1800,1.10752,11338.6,5779.877,2.414985
r03297,2.0,1000,4,1,2,1,2048,0,0.0,1e-08,100.0,1440,1.73854,6217.6,1317.551,2.460806
r03298,1.0,1000,8,2,1,0,2048,0,0.0,1e-08,95.0,1410,1.20841,9462.7,3462.846,2.376802
r03299,1.0,1000,8,1,2,1,2048,0,0.0,1e-08,180.0,1800,1.4416,11557.6,1417.598,2.363686
r03300,0.5,1000,4,1,2,1,2048,0,0.0,1e-08,190.0,1755,1.16925,8674.0,944.433,2.481482
r03301,1.0,200,8,2,2,1,2048,1,0.1,1e-08,180.0,1755,1.48418,9039.8,3624.849,2.387532
r03302,2.0,1000,8,4,1,0,1024,0,0.1,1e-08,190.0,1800,2.05005,16090.7,2036.456,2.363419
r03303,1.0,1000,4,2,2,1,1024,1,0.1,1e-06,105.0,1440,1.10353,6085.8,1346.086,2.508328
r03304,1.0,1000,4,2,1,0,2048,1,0.0,1e-08,95.0,1410,1.1961,5620.9,2914.858,2.430817
r03305,2.0,1000,8,2,1,0,2048,1,0.0,1e-08,180.0,1755,2.06659,10665.6,3072.311,2.30984
r03306,0.5,200,4,1,2,1,1024,0,0.1,1e-08,95.0,1410,0.87479,7202.6,568.681,2.617379
r03307,2.0,1000,4,4,1,0,1024,0,0.0,1e-08,105.0,1440,1.65083,8356.4,1960.655,2.431926
r03308,1.0,1000,16,2,1,0,1024,1,0.1,1e-08,180.0,1800,1.49387,17588.5,1863.034,2.376962
r03309,2.0,1000,8,4,1,0,1024,0,0.0,1e-06,100.0,1410,1.72439,12400.2,2642.546,2.383524
r03310,0.5,1000,16,2,2,1,1024,1,0.0,1e-08,180.0,1755,1.29362,16304.7,2009.729,2.415352
r03311,1.0,1000,4,2,2,1,1024,1,0.1,1e-06,100.0,1440,1.20527,5655.7,1448.462,2.509253
r03312,1.0,1000,16,4,1,0,1024,0,0.1,1e-08,180.0,1755,1.50985,23693.6,2765.983,2.367743
r03313,0.5,1000,8,2,2,1,2048,1,0.0,1e-08,95.0,1410,0.93304,6969.5,4701.642,2.4455
r03314,2.0,200,8,1,2,1,1024,0,0.0,1e-08,100.0,1440,1.70956,10853.8,754.755,2.519092
r03315,1.0,1000,8,2,2,1,1024,0,0.1,1e-06,105.0,1410,1.17221,10219.1,1603.27,2.433647
r03316,2.0,1000,16,2,2,1,2048,1,0.1,1e-08,190.0,1800,2.07943,12566.6,5215.107,2.312721
r03317,1.0,200,4,4,2,1,2048,1,0.0,1e-08,95.0,1440,1.16164,4660.4,7031.12,2.49027
r03318,1.0,1000,16,1,2,1,2048,1,0.0,1e-08,180.0,1755,1.51536,12794.0,2561.199,2.349497
r03319,1.0,1000,4,2,1,0,1024,0,0.0,1e-08,100.0,1410,1.14896,8426.7,972.142,2.467499
r03320,2.0,1000,16,4,1,0,2048,1,0.1,1e-08,180.0,1755,2.09432,15232.4,8604.834,2.304121
r03321,2.0,1000,8,4,1,0,1024,0,0.1,1e-08,95.0,1440,1.65207,11552.4,2836.468,2.401379
r03322,2.0,1000,8,2,2,1,1024,0,0.1,1e-06,95.0,1440,1.69759,10441.3,1569.16,2.415214
r03323,1.0,200,16,4,2,1,1024,1,0.0,1e-08,180.0,1755,1.51879,16517.0,3967.789,2.390104
r03324,0.5,1000,8,4,2,1,1024,0,0.1,1e-08,105.0,1410,0.97694,10332.1,3171.485,2.484649
r03325,1.0,1000,16,2,2,1,1024,1,0.0,1e-08,100.0,1440,1.26389,12256.3,2673.557,2.411625
r03326,1.0,1000,16,2,1,0,2048,0,0.1,1e-08,95.0,1410,1.31594,13680.8,4790.374,2.383997
r03327,2.0,1000,8,1,2,1,1024,0,0.0,1e-06,190.0,1755,2.05046,13883.3,590.06,2.377183
r03328,0.5,200,4,4,1,0,2048,0,0.1,1e-08,100.0,1410,0.84554,7337.9,4465.571,2.514048
r03329,1.0,200,4,2,2,1,2048,1,0.0,1e-08,190.0,1800,1.40583,6693.7,2447.685,2.450169
r03330,1.0,1000,8,2,2,1,1024,0,0.1,1e-08,190.0,1800,1.45263,13429.5,1219.999,2.397187
r03331,2.0,1000,16,1,1,0,2048,1,0.0,1e-08,190.0,1755,2.02828,15241.6,2149.91,2.30762
r03332,0.5,200,4,2,1,0,1024,0,0.0,1e-08,105.0,1410,0.91844,8531.8,960.168,2.553129
r03333,2.0,1000,16,2,1,0,2048,0,0.0,1e-08,190.0,1755,2.04787,19156.3,3421.114,2.292206
r03334,0.5,1000,8,1,1,0,1024,0,0.0,1e-08,100.0,1410,0.88609,12011.4,682.021,2.494608
r03335,2.0,1000,8,2,2,1,2048,1,0.0,1e-08,180.0,1755,1.89898,9035.6,3626.551,2.314027
r03336,2.0,200,16,4,1,0,1024,1,0.1,1e-08,190.0,1800,2.11599,18247.2,3591.567,2.444176
r03337,2.0,1000,8,2,1,0,2048,1,0.0,1e-08,180.0,1755,2.0737,9856.5,3324.52,2.310514
r03338,1.0,200,4,2,1,0,1024,0,0.1,1e-08,105.0,1440,1.20672,8646.0,947.49,2.519772
r03339,0.5,200,4,1,1,0,2048,1,0.0,1e-08,105.0,1440,0.89715,5499.4,1489.617,2.529547
r03340,2.0,200,8,4,2,1,1024,0,0.0,1e-08,190.0,1800,1.94252,14041.2,2333.703,2.448533
r03341,2.0,1000,8,1,1,0,1024,0,0.0,1e-08,95.0,1440,1.73118,11638.5,703.871,2.418917
r03342,1.0,1000,16,4,1,0,2048,1,0.1,1e-08,95.0,1410,1.286,10449.2,12543.782,2.373586
r03343,0.5,200,4,4,2,1,1024,0,0.0,1e-08,105.0,1410,0.82767,7148.2,2292.036,2.562899
r03344,1.0,200,8,1,2,1,1024,0,0.1,1e-08,105.0,1410,1.11206,11027.8,742.848,2.49846
r03345,0.5,1000,16,1,2,1,1024,1,0.0,1e-08,180.0,1755,1.31834,15657.7,1046.383,2.451316
r03346,1.0,200,4,1,1,0,2048,0,0.1,1e-08,100.0,1410,1.08714,6615.9,1238.223,2.497053
r03347,1.0,200,16,1,2,1,2048,1,0.0,1e-08,190.0,1755,1.54174,13127.5,2496.136,2.380325
r03348,1.0,200,4,4,1,0,1024,0,0.1,1e-06,100.0,1440,1.19857,8283.5,1977.914,2.508191
r03349,1.0,200,16,4,2,1,2048,1,0.1,1e-08,180.0,1800,1.53183,13332.9,9830.722,2.358425
r03350,2.0,200,4,1,2,1,1024,0,0.0,1e-08,95.0,1410,1.71248,7385.0,554.634,2.595847
r03351,0.5,1000,16,4,1,0,2048,1,0.0,1e-08,190.0,1755,1.26844,15175.2,8637.23,2.362139
r03352,1.0,1000,16,4,2,1,2048,1,0.0,1e-08,190.0,1755,1.54068,12443.0,10533.783,2.324196
r03353,2.0,200,8,2,2,1,2048,0,0.1,1e-08,190.0,1800,2.02108,11280.3,2904.887,2.429149
r03354,1.0,200,8,4,1,0,2048,1,0.0,1e-08,180.0,1755,1.47151,10121.5,6474.926,2.354188
r03355,2.0,200,4,2,2,1,2048,1,0.0,1e-08,100.0,1410,1.67842,4762.0,3440.552,2.532594
r03356,1.0,1000,16,2,2,1,1024,0,0.0,1e-08,95.0,1440,1.26477,15041.4,2178.521,2.414047
r03357,1.0,1000,4,1,1,0,2048,0,0.1,1e-08,95.0,1440,1.2298,6920.8,1183.67,2.475985
r03358,2.0,200,4,1,1,0,1024,0,0.1,1e-08,105.0,1440,1.61455,8665.8,472.662,2.582975
r03359,1.0,1000,8,1,2,1,2048,1,0.0,1e-08,180.0,1800,1.40424,8903.9,1840.09,2.365767
r03360,1.0,1000,8,4,2,1,1024,0,0.0,1e-06,100.0,1410,1.20445,10434.7,3140.3,2.418233
r03361,2.0,200,8,4,1,0,1024,0,0.1,1e-08,190.0,1755,2.02827,15513.9,2112.173,2.456552
r03362,1.0,1000,8,1,2,1,2048,1,0.0,1e-08,180.0,1755,1.47054,9846.0,1664.027,2.366853
r03363,1.0,200,16,4,2,1,2048,1,0.0,1e-08,180.0,1800,1.4755,13265.3,9880.835,2.34758
r03364,2.0,1000,8,2,1,0,1024,0,0.0,1e-08,105.0,1440,1.72449,11545.1,1419.136,2.393592
r03365,1.0,1000,4,4,2,1,2048,1,0.0,1e-08,95.0,1440,1.12811,4681.2,6999.911,2.450352
r03366,1.0,1000,16,1,2,1,2048,0,0.0,1e-08,190.0,1755,1.50275,14930.3,2194.731,2.350301
r03367,1.0,200,8,1,1,0,1024,0,0.1,1e-08,100.0,1440,1.16722,12540.9,653.221,2.485415
r03368,1.0,1000,4,1,2,1,1024,0,0.0,1e-06,105.0,1440,1.14175,7193.4,569.409,2.519996
r03369,2.0,200,16,2,1,0,2048,1,0.1,1e-08,180.0,1755,2.12385,14169.8,4625.035,2.40925
r03370,2.0,1000,4,1,1,0,2048,1,0.1,1e-08,95.0,1410,1.71674,5686.2,1440.689,2.439634
r03371,1.0,1000,8,1,1,0,2048,1,0.1,1e-08,180.0,1800,1.49695,10889.5,1504.567,2.370388
r03372,0.5,200,16,4,1,0,2048,1,0.0,1e-08,180.0,1755,1.24759,14669.1,8935.228,2.387958
r03373,2.0,200,16,1,2,1,2048,0,0.0,1e-08,180.0,1800,2.10252,16672.8,1965.356,2.42672
r03374,0.5,1000,8,2,1,0,1024,0,0.0,1e-06,100.0,1440,0.88442,12031.4,1361.773,2.463079
r03375,1.0,1000,8,1,2,1,1024,1,0.1,1e-08,95.0,1410,1.20121,8134.4,1007.076,2.470679
r03376,0.5,1000,4,2,1,0,2048,1,0.0,1e-08,180.0,1800,1.07434,7495.6,2185.805,2.430182
r03377,2.0,1000,4,4,1,0,1024,0,0.1,1e-08,95.0,1410,1.72891,8224.1,1992.188,2.449132
r03378,0.5,1000,16,2,1,0,2048,1,0.0,1e-08,180.0,1755,1.20225,14786.3,4432.222,2.364008
r03379,1.0,1000,8,1,1,0,2048,1,0.1,1e-08,190.0,1755,1.5322,10482.3,1563.012,2.378672
r03380,2.0,1000,16,1,2,1,2048,1,0.0,1e-08,100.0,1440,1.85948,9412.5,3481.335,2.369031
r03381,0.5,1000,4,1,2,1,2048,1,0.0,1e-08,100.0,1410,0.96978,4861.6,1685.041,2.52918
r03382,1.0,1000,4,2,1,0,2048,0,0.1,1e-08,95.0,1410,1.07049,6820.5,2402.163,2.444599
r03383,0.5,1000,16,1,2,1,2048,1,0.0,1e-08,190.0,1755,1.29498,13452.4,2435.855,2.409702
r03384,1.0,200,4,1,1,0,2048,0,0.1,1e-08,180.0,1800,1.38781,8978.5,912.4,2.4492
r03385,0.5,200,8,4,2,1,2048,1,0.1,1e-08,105.0,1410,0.91894,6793.7,9646.536,2.480995
r03386,2.0,200,4,2,2,1,1024,0,0.1,1e-08,95.0,1440,1.72056,7605.1,1077.168,2.584156
r03387,0.5,1000,16,1,2,1,2048,1,0.0,1e-08,180.0,1755,1.18873,13118.7,2497.807,2.393733
r03388,1.0,1000,4,1,1,0,2048,1,0.0,1e-08,95.0,1410,1.10707,5429.2,1508.886,2.452609
r03389,2.0,200,4,2,1,0,1024,1,0.0,1e-08,95.0,1410,1.70824,6793.1,1205.923,2.547473
r03390,1.0,1000,16,4,1,0,2048,1,0.1,1e-08,190.0,1800,1.57135,15220.2,8611.731,2.324488
r03391,0.5,1000,4,1,1,0,1024,1,0.0,1e-06,100.0,1440,1.03278,6933.5,590.757,2.539237
r03392,2.0,1000,4,2,2,1,1024,0,0.0,1e-06,180.0,1800,1.97031,10355.4,791.088,2.420238
r03393,0.5,200,8,1,1,0,2048,0,0.0,1e-08,105.0,1410,0.87696,9925.3,1650.736,2.480517
r03394,1.0,1000,16,1,2,1,2048,1,0.0,1e-08,180.0,1800,1.51476,12308.1,2662.304,2.353706
r03395,2.0,1000,4,1,2,1,1024,0,0.0,1e-08,95.0,1410,1.65125,7519.8,544.694,2.495593
r03396,0.5,1000,16,1,2,1,2048,1,0.0,1e-08,190.0,1800,1.31409,13473.9,2431.964,2.405415
r03397,2.0,1000,16,4,1,0,2048,1,0.0,1e-08,190.0,1800,2.03942,15256.7,8591.127,2.277425
r03398,2.0,200,4,4,2,1,2048,0,0.0,1e-08,100.0,1440,1.63559,5887.5,5565.666,2.528683
r03399,2.0,1000,4,1,2,1,2048,1,0.1,1e-08,190.0,1755,1.86363,6437.9,1272.457,2.420024
r03400,1.0,1000,16,1,1,0,1024,1,0.0,1e-08,95.0,1440,1.24875,13750.8,1191.493,2.424799
r03401,1.0,1000,8,4,1,0,1024,0,0.0,1e-08,95.0,1440,1.22724,12183.6,2689.526,2.416904
r03402,1.0,200,16,2,1,0,2048,1,0.0,1e-08,180.0,1755,1.52585,15227.1,4303.915,2.35169
r03403,0.5,200,16,4,1,0,2048,0,0.0,1e-08,190.0,1755,1.3115,18303.9,7160.891,2.391928
r03404,1.0,200,16,1,1,0,2048,0,0.1,1e-08,180.0,1800,1.59223,19150.7,1711.062,2.387331
r03405,0.5,200,8,4,2,1,1024,0,0.1,1e-08,95.0,1440,0.91569,10657.9,3074.529,2.520589
r03406,1.0,200,4,1,2,1,1024,0,0.1,1e-08,105.0,1410,1.21941,6948.4,589.485,2.563548
r03407,1.0,200,16,2,2,1,2048,1,0.0,1e-08,180.0,1800,1.54929,13061.9,5017.329,2.356128
r03408,2.0,1000,16,4,2,1,1024,0,0.0,1e-08,190.0,1755,2.03753,19946.5,3285.59,2.338618
r03409,1.0,1000,16,4,1,0,2048,1,0.0,1e-08,190.0,1800,1.52168,14532.8,9019.036,2.313563
r03410,1.0,200,16,1,1,0,2048,1,0.0,1e-08,190.0,1800,1.48856,14970.5,2188.834,2.370291
r03411,0.5,1000,8,2,2,1,1024,0,0.1,1e-06,95.0,1440,0.92297,10263.7,1596.303,2.489826
r03412,1.0,1000,8,2,2,1,1024,0,0.1,1e-08,95.0,1410,1.15313,10304.7,1589.949,2.441704
r03413,1.0,1000,8,1,2,1,2048,1,0.0,1e-08,100.0,1440,1.21788,6540.8,2504.909,2.41508
r03414,1.0,1000,8,4,1,0,1024,0,0.0,1e-06,95.0,1440,1.22035,11477.2,2855.057,2.415483
r03415,0.5,1000,16,1,2,1,2048,1,0.0,1e-08,190.0,1800,1.31083,12996.5,2521.303,2.40101
r03416,1.0,200,8,1,2,1,1024,0,0.1,1e-06,100.0,1410,1.09042,10429.3,785.478,2.490907
r03417,1.0,1000,16,1,2,1,1024,1,0.1,1e-08,105.0,1410,1.22287,12724.2,1287.625,2.441319
r03418,0.5,1000,8,1,1,0,2048,1,0.0,1e-08,180.0,1800,1.16893,10551.2,1552.813,2.407246
r03419,2.0,200,4,1,2,1,1024,0,0.0,1e-08,95.0,1410,1.79602,7655.0,535.072,2.592764
r03420,0.5,1000,4,4,1,0,2048,1,0.1,1e-08,100.0,1410,0.94167,5388.5,6081.129,2.486496
r03421,1.0,1000,16,2,2,1,2048,1,0.1,1e-08,190.0,1755,1.56834,13242.6,4948.876,2.356448
r03422,0.5,1000,16,2,1,0,1024,1,0.1,1e-08,100.0,1440,0.97729,13681.8,2395.004,2.465199
r03423,1.0,1000,4,1,1,0,1024,1,0.1,1e-06,100.0,1440,1.13808,6682.7,612.927,2.499698
r03424,2.0,200,8,2,2,1,1024,1,0.0,1e-08,180.0,1755,2.02197,11484.2,1426.65,2.467218
r03425,2.0,1000,4,1,1,0,1024,0,0.1,1e-08,105.0,1410,1.6746,8413.4,486.842,2.482591
r03426,2.0,1000,4,2,2,1,2048,1,0.0,1e-08,95.0,1440,1.68426,4659.4,3516.342,2.435541
r03427,2.0,1000,8,2,1,0,1024,0,0.1,1e-06,95.0,1440,1.70109,11720.6,1397.884,2.40253
r03428,1.0,1000,8,4,2,1,1024,1,0.0,1e-06,105.0,1440,1.21752,8900.7,3681.495,2.423284
r03429,1.0,200,4,2,1,0,2048,0,0.1,1e-08,105.0,1440,1.22032,6861.7,2387.738,2.479319
r03430,2.0,1000,8,2,2,1,1024,0,0.1,1e-08,100.0,1410,1.75194,10726.2,1527.48,2.422226
r03431,1.0,1000,8,2,1,0,1024,0,0.0,1e-06,100.0,1440,1.18439,12005.0,1364.761,2.419014
r03432,2.0,1000,16,4,1,0,2048,0,0.1,1e-08,190.0,1755,2.12788,18792.6,6974.663,2.298939
r03433,0.5,200,16,2,2,1,1024,1,0.1,1e-08,190.0,1755,1.27149,16388.4,1999.464,2.470794
r03434,2.0,1000,16,4,2,1,2048,1,0.0,1e-08,190.0,1800,2.08071,12673.4,10342.3,2.293676
r03435,0.5,1000,16,1,1,0,1024,1,0.0,1e-06,100.0,1410,0.97932,13595.8,1205.078,2.477363
r03436,0.5,1000,8,4,2,1,1024,1,0.0,1e-08,180.0,1755,1.21552,11092.7,2954.018,2.432651
r03437,2.0,200,16,2,1,0,2048,1,0.0,1e-08,180.0,1755,2.02718,14439.9,4538.529,2.391325
r03438,0.5,1000,16,1,2,1,1024,1,0.0,1e-08,180.0,1755,1.2388,16108.5,1017.101,2.437817
r03439,1.0,200,8,4,1,0,1024,0,0.1,1e-06,190.0,1800,1.49591,16600.5,1973.913,2.407966
r03440,0.5,1000,16,1,1,0,1024,1,0.0,1e-08,100.0,1410,1.02869,13590.3,1205.569,2.483028
r03441,2.0,1000,4,1,1,0,1024,0,0.0,1e-06,100.0,1410,1.70568,8600.1,476.272,2.457617
r03442,2.0,1000,4,2,2,1,1024,0,0.1,1e-06,95.0,1410,1.76642,7492.4,1093.378,2.493162
r03443,2.0,1000,16,1,1,0,2048,1,0.0,1e-08,190.0,1755,2.0823,15140.2,2164.304,2.310953
r03444,1.0,200,8,2,2,1,2048,1,0.1,1e-08,180.0,1755,1.48262,9288.1,3527.958,2.393771
r03445,0.5,1000,4,2,1,0,1024,0,0.0,1e-08,100.0,1440,0.91273,8510.9,962.531,2.518601
r03446,2.0,1000,4,1,2,1,2048,1,0.0,1e-08,105.0,1440,1.58025,4951.1,1654.583,2.444297
r03447,1.0,1000,4,1,2,1,1024,0,0.1,1e-08,95.0,1410,1.17368,7236.8,565.996,2.536852
r03448,1.0,200,16,2,2,1,2048,1,0.0,1e-08,180.0,1800,1.50326,12780.8,5127.688,2.364319
r03449,1.0,200,4,2,1,0,1024,0,0.0,1e-08,100.0,1410,1.16704,8726.7,938.725,2.493963
r03450,2.0,200,16,2,2,1,2048,1,0.1,1e-08,180.0,1800,2.12483,13131.6,4990.717,2.421524
r03451,1.0,1000,4,2,2,1,1024,0,0.1,1e-08,95.0,1440,1.21626,7697.7,1064.22,2.510231
r03452,0.5,1000,4,1,1,0,2048,1,0.1,1e-08,105.0,1410,0.92095,5687.0,1440.475,2.51796
r03453,1.0,200,4,1,1,0,1024,0,0.1,1e-08,95.0,1440,1.12977,8097.3,505.847,2.529383
r03454,2.0,1000,4,1,2,1,1024,0,0.0,1e-08,105.0,1410,1.60779,7369.6,555.798,2.488398
r03455,1.0,1000,16,2,2,1,1024,0,0.1,1e-08,190.0,1800,1.54976,19467.6,1683.211,2.384928
r03456,2.0,1000,8,1,2,1,2048,1,0.1,1e-08,105.0,1410,1.76876,6462.2,2535.356,2.396762
r03457,0.5,200,16,1,1,0,1024,1,0.1,1e-06,105.0,1410,1.0321,13509.4,1212.787,2.517195
r03458,0.5,200,4,1,1,0,1024,0,0.0,1e-06,95.0,1440,0.85921,8573.0,477.781,2.567384
r03459,0.5,1000,8,2,1,0,2048,1,0.0,1e-08,190.0,1800,1.10583,11140.3,2941.391,2.382743
r03460,0.5,1000,16,1,1,0,2048,0,0.1,1e-08,105.0,1440,1.00431,14011.6,2338.628,2.451057
r03461,1.0,1000,4,2,2,1,1024,0,0.1,1e-08,190.0,1800,1.49841,9831.5,833.241,2.467326
r03462,2.0,1000,8,1,2,1,1024,0,0.0,1e-06,105.0,1440,1.79934,10193.0,803.687,2.427185
r03463,0.5,1000,8,2,1,0,2048,1,0.0,1e-08,190.0,1800,1.15205,10183.7,3217.68,2.378838
r03464,0.5,200,16,1,2,1,1024,1,0.1,1e-08,95.0,1410,0.99055,11399.3,1437.281,2.53039
r03465,2.0,200,16,2,1,0,2048,1,0.0,1e-08,190.0,1755,2.09533,15320.1,4277.77,2.390445
r03466,0.5,1000,4,1,1,0,1024,0,0.1,1e-06,95.0,1440,0.99351,8701.3,470.734,2.552506
r03467,1.0,200,8,2,1,0,1024,0,0.0,1e-08,100.0,1440,1.18827,11724.5,1397.412,2.450155
r03468,1.0,1000,16,2,1,0,1024,1,0.0,1e-08,180.0,1800,1.54832,19143.6,1711.698,2.359182
r03469,1.0,1000,16,4,1,0,2048,1,0.1,1e-08,190.0,1800,1.50404,15298.5,8567.625,2.321613
r03470,0.5,200,8,1,1,0,1024,0,0.0,1e-08,190.0,1800,1.12716,16874.7,485.459,2.475806
r03471,1.0,1000,4,2,1,0,2048,1,0.1,1e-08,105.0,1440,1.17098,5575.3,2938.653,2.446225
r03472,0.5,200,4,4,2,1,1024,0,0.0,1e-08,105.0,1440,0.94697,7820.9,2094.912,2.564775
r03473,1.0,1000,8,1,2,1,1024,0,0.1,1e-08,190.0,1755,1.4479,14793.0,553.774,2.418703
r03474,1.0,1000,16,2,1,0,2048,1,0.0,1e-08,180.0,1755,1.51896,14651.7,4472.934,2.315019
r03475,1.0,1000,16,1,2,1,1024,0,0.0,1e-06,180.0,1755,1.5317,20217.7,810.38,2.380232
r03476,2.0,200,4,2,1,0,2048,1,0.0,1e-08,95.0,1410,1.75756,6123.2,2675.721,2.504823
r03477,0.5,200,8,4,2,1,1024,0,0.0,1e-06,105.0,1440,0.90479,10099.1,3244.631,2.498208
r03478,2.0,1000,16,2,2,1,2048,1,0.0,1e-08,180.0,1800,2.07557,13304.5,4925.846,2.307716
r03479,1.0,200,16,4,1,0,2048,1,0.0,1e-08,180.0,1800,1.45325,15325.5,8552.526,2.333205
r03480,0.5,200,8,1,2,1,1024,0,0.0,1e-08,180.0,1800,1.24009,13545.8,604.761,2.48035
r03481,0.5,1000,8,4,2,1,1024,0,0.0,1e-06,105.0,1410,0.92495,10639.5,3079.847,2.46241
r03482,1.0,1000,4,4,2,1,2048,0,0.0,1e-08,95.0,1440,1.18988,6309.4,5193.525,2.449304
r03483,2.0,200,4,4,2,1,2048,1,0.0,1e-08,105.0,1410,1.818,4715.0,6949.746,2.531805
r03484,2.0,200,4,1,2,1,1024,0,0.1,1e-08,95.0,1440,1.69751,7633.3,536.599,2.603316
r03485,1.0,200,4,1,1,0,1024,0,0.0,1e-06,105.0,1410,1.1521,8462.2,484.034,2.523261
r03486,1.0,1000,4,1,2,1,1024,0,0.1,1e-06,105.0,1440,1.12671,7521.8,544.548,2.532971
r03487,1.0,1000,4,1,1,0,1024,0,0.0,1e-06,100.0,1410,1.11204,8410.3,487.024,2.490677
r03488,2.0,200,8,1,1,0,2048,1,0.0,1e-08,180.0,1800,2.04239,10104.4,1621.469,2.42809
r03489,0.5,1000,8,2,2,1,1024,0,0.0,1e-06,95.0,1410,0.90706,10619.7,1542.8,2.473245
r03490,2.0,1000,8,4,1,0,1024,1,0.0,1e-06,105.0,1440,1.7547,9802.2,3342.916,2.382212
r03491,1.0,200,8,1,2,1,2048,1,0.1,1e-08,180.0,1755,1.50529,8971.9,1826.156,2.415429
r03492,1.0,1000,8,1,1,0,1024,0,0.1,1e-08,100.0,1410,1.22674,12130.0,675.351,2.462765
r03493,2.0,1000,4,2,1,0,1024,0,0.0,1e-08,100.0,1440,1.72236,7861.2,1042.076,2.445059
r03494,2.0,1000,8,1,2,1,1024,0,0.1,1e-06,95.0,1410,1.81283,10435.9,784.982,2.440093
r03495,2.0,1000,16,1,2,1,1024,1,0.0,1e-08,190.0,1800,2.06117,15715.0,1042.568,2.35762
r03496,0.5,200,16,2,1,0,1024,1,0.0,1e-08,190.0,1755,1.166,19264.5,1700.949,2.438399
r03497,1.0,200,16,2,2,1,1024,1,0.0,1e-08,190.0,1800,1.5366,15734.0,2082.63,2.395056
r03498,2.0,1000,4,2,1,0,1024,0,0.1,1e-08,95.0,1440,1.60634,8990.2,911.218,2.452843
r03499,1.0,200,16,1,1,0,2048,1,0.0,1e-08,190.0,1755,1.5507,15278.7,2144.681,2.370412
r03500,2.0,1000,8,1,2,1,1024,0,0.0,1e-06,105.0,1410,1.81719,10406.4,787.211,2.417382
r03501,0.5,1000,8,2,1,0,1024,0,0.0,1e-06,95.0,1410,0.88981,12299.5,1332.083,2.461977
r03502,0.5,1000,16,4,1,0,2048,1,0.1,1e-08,190.0,1755,1.34964,15087.0,8687.72,2.377029
r03503,0.5,200,16,1,2,1,2048,1,0.0,1e-08,180.0,1755,1.28285,13210.0,2480.545,2.430059
r03504,1.0,1000,8,1,2,1,1024,0,0.0,1e-08,95.0,1410,1.21288,10281.6,796.763,2.447661
r03505,0.5,200,16,4,1,0,1024,1,0.1,1e-06,190.0,1755,1.20303,18630.6,3517.652,2.441716
r03506,1.0,1000,16,4,2,1,1024,1,0.0,1e-06,95.0,1410,1.32031,11913.3,5501.064,2.402288
r03507,0.5,200,8,2,2,1,1024,0,0.0,1e-08,180.0,1755,1.19685,14738.7,1111.631,2.460106
r03508,2.0,1000,4,4,2,1,1024,0,0.0,1e-08,95.0,1410,1.73547,7500.7,2184.33,2.464932
r03509,1.0,200,8,1,2,1,1024,1,0.1,1e-06,95.0,1410,1.30504,8115.2,1009.469,2.488037
r03510,1.0,1000,16,4,2,1,1024,1,0.1,1e-08,100.0,1440,1.20268,11841.2,5534.566,2.421597
r03511,1.0,1000,4,2,1,0,1024,0,0.1,1e-08,180.0,1755,1.38488,11533.3,710.293,2.430368
r03512,0.5,1000,4,2,1,0,2048,1,0.1,1e-08,100.0,1410,0.95027,5340.5,3067.902,2.493423
r03513,2.0,200,8,1,2,1,2048,1,0.1,1e-08,95.0,1410,1.74137,6837.7,2396.129,2.501353
r03514,0.5,1000,4,1,1,0,1024,0,0.0,1e-08,105.0,1410,0.90148,8591.9,476.727,2.541807
r03515,0.5,1000,4,2,2,1,1024,0,0.0,1e-08,190.0,1755,1.09504,9744.6,840.673,2.496351
r03516,1.0,200,8,2,2,1,1024,0,0.1,1e-08,105.0,1440,1.21601,10608.4,1544.43,2.478964
r03517,1.0,1000,16,4,1,0,1024,1,0.1,1e-06,180.0,1800,1.46596,18157.9,3609.234,2.368856
r03518,2.0,1000,16,1,2,1,2048,1,0.1,1e-08,190.0,1800,2.09145,12315.7,2660.664,2.347991
r03519,1.0,1000,8,4,1,0,2048,1,0.1,1e-08,180.0,1800,1.37713,10781.1,6078.784,2.331612
r03520,2.0,1000,16,1,2,1,1024,1,0.1,1e-08,100.0,1410,1.80116,11765.6,1392.534,2.422367
r03521,1.0,200,8,2,1,0,1024,0,0.1,1e-08,100.0,1410,1.20279,11806.7,1387.682,2.463028
r03522,0.5,200,8,1,1,0,1024,0,0.1,1e-08,105.0,1440,0.91902,12274.8,667.382,2.536125
r03523,1.0,200,16,2,2,1,2048,1,0.0,1e-08,180.0,1800,1.4408,12784.9,5126.05,2.35068
r03524,1.0,1000,16,4,2,1,2048,1,0.1,1e-08,190.0,1800,1.52164,13616.6,9625.903,2.331673
r03525,2.0,1000,16,2,2,1,2048,1,0.0,1e-08,190.0,1800,2.11395,13333.5,4915.145,2.307591
r03526,2.0,200,8,2,2,1,1024,0,0.0,1e-06,100.0,1440,1.61099,10846.4,1510.544,2.492538
r03527,1.0,200,16,4,2,1,1024,1,0.0,1e-08,100.0,1440,1.28722,12080.7,5424.859,2.437643
r03528,1.0,1000,16,1,1,0,2048,1,0.0,1e-08,190.0,1755,1.4865,14861.8,2204.845,2.336766
r03529,0.5,200,4,4,2,1,1024,0,0.0,1e-08,105.0,1410,0.91996,7417.6,2208.804,2.579071
r03530,2.0,200,16,4,2,1,2048,1,0.1,1e-08,190.0,1755,2.05275,13324.9,9836.635,2.402042
r03531,2.0,200,16,2,2,1,2048,1,0.1,1e-08,100.0,1440,1.71969,9091.4,7208.569,2.464924
r03532,2.0,1000,8,2,2,1,1024,0,0.0,1e-08,180.0,1755,2.04876,14141.0,1158.613,2.360973
r03533,1.0,1000,4,4,2,1,2048,1,0.0,1e-08,190.0,1800,1.39607,6572.8,4985.411,2.396761
r03534,2.0,1000,8,1,1,0,1024,0,0.0,1e-08,105.0,1440,1.76362,12122.9,675.744,2.413761
r03535,1.0,200,8,1,1,0,1024,0,0.0,1e-08,100.0,1440,1.11841,11386.6,719.445,2.462417
r03536,2.0,1000,16,2,2,1,2048,1,0.0,1e-08,180.0,1755,2.15724,12623.4,5191.619,2.303948
r03537,0.5,1000,16,4,2,1,2048,1,0.1,1e-08,190.0,1800,1.22936,13134.5,9979.253,2.391999
r03538,0.5,1000,8,2,2,1,2048,1,0.0,1e-08,190.0,1755,1.1675,9533.8,3437.045,2.386797
r03539,2.0,200,4,4,1,0,2048,1,0.0,1e-08,95.0,1440,1.67958,5330.8,6146.97,2.503684
r03540,1.0,200,4,1,1,0,2048,1,0.0,1e-08,95.0,1440,1.10988,5474.9,1496.272,2.475192
r03541,1.0,200,4,1,2,1,2048,1,0.0,1e-08,190.0,1755,1.3499,6698.6,1222.946,2.464997
r03542,2.0,1000,8,2,2,1,2048,1,0.0,1e-08,190.0,1800,2.03503,8667.2,3780.697,2.32071
r03543,1.0,1000,8,4,2,1,2048,1,0.0,1e-08,190.0,1755,1.4435,9202.8,7121.344,2.331786
r03544,2.0,1000,16,4,2,1,2048,1,0.0,1e-08,180.0,1800,2.08292,13181.8,9943.401,2.294725
r03545,2.0,1000,4,2,1,0,2048,1,0.1,1e-08,190.0,1755,1.93287,7312.7,2240.485,2.37663
r03546,2.0,1000,16,4,2,1,1024,1,0.0,1e-08,180.0,1755,2.0546,15781.0,4152.84,2.330489
r03547,0.5,200,16,2,1,0,2048,1,0.0,1e-08,180.0,1755,1.32491,14721.1,4451.84,2.399534
r03548,0.5,1000,8,2,1,0,2048,1,0.0,1e-08,190.0,1755,1.1583,10521.2,3114.476,2.388173
r03549,1.0,1000,4,2,1,0,1024,0,0.0,1e-08,105.0,1440,1.19075,8220.2,996.572,2.474226
r03550,0.5,1000,16,2,1,0,1024,1,0.0,1e-08,190.0,1755,1.23553,18740.1,1748.551,2.414233
r03551,1.0,200,16,2,2,1,1024,1,0.1,1e-08,190.0,1800,1.49892,16785.3,1952.183,2.407025
r03552,1.0,200,8,1,1,0,1024,0,0.0,1e-06,190.0,1755,1.48772,15654.3,523.308,2.422253
r03553,1.0,1000,16,1,2,1,2048,1,0.1,1e-08,180.0,1800,1.46913,12523.9,2616.435,2.364331
r03554,2.0,200,16,2,1,0,2048,0,0.0,1e-08,180.0,1800,1.99282,18780.8,3489.53,2.393788
r03555,0.5,1000,4,2,2,1,2048,1,0.0,1e-08,95.0,1410,0.85505,5056.7,3240.068,2.50547
r03556,1.0,200,8,1,1,0,2048,1,0.1,1e-08,190.0,1800,1.49156,10522.4,1557.061,2.406613
r03557,0.5,1000,16,2,1,0,1024,1,0.1,1e-08,190.0,1800,1.16142,18677.2,1754.439,2.421318
r03558,2.0,1000,4,2,2,1,1024,0,0.0,1e-06,100.0,1410,1.83192,7151.1,1145.56,2.472733
r03559,1.0,1000,4,4,1,0,1024,0,0.0,1e-08,100.0,1440,1.18669,8735.9,1875.483,2.467654
r03560,2.0,1000,4,1,2,1,1024,0,0.0,1e-08,190.0,1755,2.0023,10348.9,395.79,2.446422
r03561,1.0,1000,4,4,1,0,2048,1,0.1,1e-08,180.0,1800,1.46372,7472.6,4385.079,2.398195
r03562,1.0,200,4,2,1,0,1024,0,0.1,1e-08,95.0,1410,1.15419,8793.8,931.571,2.508938
r03563,1.0,1000,8,1,2,1,1024,0,0.0,1e-06,190.0,1800,1.50089,13380.4,612.24,2.408616
r03564,2.0,1000,4,2,1,0,1024,0,0.1,1e-08,95.0,1440,1.64703,8576.0,955.22,2.456045
r03565,2.0,200,8,1,2,1,2048,1,0.1,1e-08,190.0,1800,2.03858,9311.0,1759.646,2.448897
r03566,2.0,1000,8,1,1,0,1024,0,0.1,1e-08,100.0,1440,1.76209,12177.9,672.697,2.433491
r03567,1.0,1000,4,1,1,0,1024,0,0.1,1e-06,95.0,1440,1.14257,8018.6,510.81,2.499581
r03568,1.0,1000,16,4,2,1,2048,1,0.1,1e-08,180.0,1800,1.5914,13700.9,9566.69,2.335587
r03569,2.0,1000,16,1,1,0,1024,1,0.0,1e-08,105.0,1410,1.84199,12540.7,1306.462,2.403512
r03570,2.0,1000,4,1,1,0,2048,1,0.0,1e-08,180.0,1800,1.94323,7282.3,1124.926,2.37991
r03571,2.0,1000,16,4,1,0,2048,1,0.1,1e-08,180.0,1800,2.04733,14841.3,8831.589,2.300524
r03572,1.0,1000,16,1,1,0,1024,1,0.0,1e-08,190.0,1755,1.5661,18247.3,897.887,2.378487
r03573,2.0,200,16,2,1,0,1024,1,0.1,1e-08,190.0,1800,2.04398,18760.4,1746.661,2.435014
r03574,2.0,200,16,2,1,0,2048,1,0.1,1e-08,105.0,1440,1.76756,10738.3,6102.996,2.455818
r03575,0.5,1000,8,2,1,0,2048,1,0.1,1e-08,190.0,1755,1.13363,10387.4,3154.591,2.397264
r03576,1.0,1000,8,4,2,1,1024,0,0.1,1e-06,95.0,1410,1.10819,10390.3,3153.707,2.424367
r03577,0.5,1000,8,1,1,0,1024,1,0.0,1e-08,180.0,1800,1.15155,12748.3,642.597,2.448681
r03578,1.0,200,8,2,1,0,1024,0,0.1,1e-08,100.0,1440,1.10564,11733.8,1396.311,2.456682
r03579,0.5,1000,16,4,1,0,1024,1,0.0,1e-08,105.0,1410,1.02995,13359.1,4905.732,2.452825
r03580,1.0,1000,8,1,1,0,1024,0,0.0,1e-08,180.0,1800,1.41329,16920.6,484.142,2.397443
r03581,0.5,200,16,4,2,1,2048,1,0.0,1e-08,190.0,1800,1.29031,13032.8,10057.077,2.399179
r03582,0.5,1000,4,1,1,0,1024,0,0.1,1e-08,105.0,1440,0.90382,8624.8,474.912,2.555651
r03583,2.0,1000,16,4,2,1,1024,1,0.1,1e-08,190.0,1800,2.09161,16348.5,4008.683,2.34632
r03584,1.0,200,8,1,1,0,2048,1,0.0,1e-08,190.0,1755,1.3939,9748.0,1680.751,2.383708
r03585,1.0,1000,16,2,2,1,2048,0,0.1,1e-08,105.0,1440,1.22444,11717.9,5592.811,2.385089
r03586,0.5,1000,16,1,2,1,1024,1,0.0,1e-08,190.0,1755,1.20393,16161.5,1013.768,2.438468
r03587,2.0,200,16,1,1,0,2048,1,0.1,1e-08,95.0,1410,1.85972,11315.1,2895.942,2.482295
r03588,1.0,1000,8,2,1,0,1024,0,0.0,1e-06,105.0,1440,1.17704,11161.7,1467.875,2.420351
r03589,1.0,1000,4,2,2,1,1024,0,0.0,1e-08,95.0,1440,1.09391,7132.5,1148.539,2.499727
r03590,0.5,1000,8,1,1,0,2048,1,0.1,1e-08,180.0,1800,1.12211,10738.1,1525.789,2.41424
r03591,2.0,200,4,1,2,1,2048,1,0.1,1e-08,100.0,1440,1.65148,4838.1,1693.242,2.566744
r03592,2.0,200,8,2,1,0,1024,0,0.1,1e-08,100.0,1440,1.7722,12150.8,1348.392,2.505461
r03593,0.5,1000,4,1,2,1,1024,0,0.0,1e-08,100.0,1440,0.95777,7364.7,556.163,2.571733
r03594,2.0,200,8,4,2,1,1024,0,0.0,1e-08,105.0,1440,1.79493,10554.9,3104.521,2.486541
r03595,1.0,1000,8,2,2,1,1024,0,0.0,1e-08,100.0,1410,1.28401,10609.8,1544.239,2.425708
r03596,1.0,200,4,4,1,0,1024,1,0.0,1e-08,100.0,1440,1.11386,6981.7,2346.709,2.493378
r03597,0.5,1000,4,2,2,1,1024,0,0.1,1e-08,95.0,1440,0.82812,7202.8,1137.342,2.565057
r03598,0.5,200,8,2,1,0,2048,1,0.0,1e-08,180.0,1800,1.1365,10352.8,3165.133,2.412516
r03599,0.5,200,8,4,2,1,1024,0,0.1,1e-08,100.0,1440,0.91185,10923.0,2999.914,2.518976
r03600,1.0,200,4,1,1,0,1024,0,0.0,1e-06,100.0,1410,1.12854,8706.8,470.439,2.514811
r03601,1.0,1000,8,4,2,1,1024,0,0.0,1e-06,95.0,1410,1.32284,10374.5,3158.512,2.420314
r03602,0.5,1000,4,1,2,1,1024,0,0.0,1e-08,95.0,1410,0.87827,7287.7,562.043,2.568344
r03603,1.0,200,8,1,1,0,1024,0,0.0,1e-06,105.0,1440,1.24094,12436.3,658.716,2.466062
r03604,2.0,200,16,4,1,0,2048,1,0.1,1e-08,190.0,1755,2.11493,15873.6,8257.225,2.405503
r03605,2.0,200,8,2,2,1,2048,1,0.0,1e-08,105.0,1410,1.78418,7082.8,4626.439,2.471613
r03606,0.5,1000,16,2,2,1,1024,0,0.0,1e-08,180.0,1755,1.29991,20910.2,1567.079,2.419003
r03607,1.0,1000,8,2,2,1,2048,1,0.0,1e-08,190.0,1800,1.4318,9358.3,3501.482,2.336424
r03608,1.0,200,16,1,1,0,2048,0,0.1,1e-08,180.0,1755,1.53649,18331.1,1787.564,2.381708
r03609,2.0,1000,8,4,1,0,1024,0,0.1,1e-06,180.0,1755,2.068,15929.4,2057.076,2.348059
r03610,1.0,1000,16,2,1,0,2048,0,0.0,1e-08,190.0,1800,1.55514,18104.2,3619.924,2.322527
r03611,1.0,200,16,1,1,0,1024,0,0.0,1e-08,190.0,1755,1.46229,22300.9,734.68,2.407148
r03612,0.5,1000,16,1,2,1,1024,1,0.1,1e-08,95.0,1440,0.96187,11735.2,1396.137,2.500235
r03613,1.0,1000,8,1,2,1,1024,0,0.0,1e-06,100.0,1440,1.17285,10304.9,794.958,2.447657
r03614,2.0,1000,16,2,1,0,1024,0,0.0,1e-08,180.0,1800,2.12884,22057.0,1485.603,2.336508
r03615,0.5,1000,16,1,2,1,1024,1,0.0,1e-08,180.0,1800,1.23937,16069.3,1019.582,2.442962
r03616,2.0,200,8,2,2,1,2048,1,0.0,1e-08,180.0,1755,2.02434,9052.9,3619.612,2.423163
r03617,2.0,1000,4,1,2,1,1024,0,0.1,1e-08,100.0,1410,1.7051,7623.0,537.32,2.514775
r03618,1.0,200,16,4,2,1,1024,1,0.1,1e-06,95.0,1410,1.3158,11890.8,5511.505,2.453363
r03619,2.0,200,4,2,2,1,1024,0,0.1,1e-08,105.0,1440,1.601,7302.0,1121.885,2.583018
r03620,2.0,200,4,1,1,0,1024,0,0.0,1e-08,100.0,1410,1.65525,8107.6,505.203,2.564249
r03621,1.0,1000,16,4,1,0,2048,1,0.0,1e-08,105.0,1440,1.30069,10620.2,12341.818,2.348104
r03622,1.0,1000,4,2,2,1,1024,0,0.1,1e-06,180.0,1800,1.377,9892.5,828.103,2.458391
r03623,0.5,200,4,2,1,0,1024,0,0.0,1e-06,105.0,1410,0.91904,8593.5,953.282,2.560367
r03624,2.0,1000,8,1,1,0,2048,0,0.1,1e-08,190.0,1800,1.99978,12713.5,1288.71,2.344257
r03625,2.0,200,4,2,1,0,2048,1,0.1,1e-08,190.0,1800,2.00772,7138.0,2295.309,2.472938
r03626,1.0,1000,4,1,2,1,1024,0,0.0,1e-08,100.0,1410,1.14211,7261.9,564.037,2.520359
r03627,0.5,200,8,1,1,0,1024,1,0.1,1e-08,100.0,1440,0.98936,9216.9,888.804,2.545213
r03628,2.0,200,4,1,2,1,2048,1,0.1,1e-08,105.0,1410,1.70846,4943.4,1657.148,2.571827
r03629,2.0,1000,8,2,1,0,2048,1,0.0,1e-08,180.0,1755,2.05612,11059.4,2962.918,2.307644
r03630,0.5,1000,8,4,1,0,1024,0,0.1,1e-08,100.0,1440,0.94083,12638.9,2592.637,2.48002
r03631,1.0,1000,16,1,1,0,1024,1,0.0,1e-08,95.0,1410,1.16446,13780.4,1188.934,2.427627
r03632,1.0,200,4,4,2,1,1024,0,0.0,1e-08,100.0,1410,1.11307,7279.0,2250.849,2.515183
r03633,1.0,1000,8,2,1,0,2048,1,0.1,1e-08,180.0,1800,1.45702,10723.7,3055.675,2.350426
r03634,0.5,200,4,2,2,1,2048,1,0.0,1e-08,180.0,1755,1.08273,6178.3,2651.882,2.499615
r03635,1.0,1000,8,1,2,1,1024,0,0.0,1e-08,95.0,1440,1.18793,10151.0,807.012,2.445439
r03636,2.0,1000,16,4,2,1,1024,1,0.1,1e-06,180.0,1800,2.04249,16435.5,3987.468,2.343543
r03637,1.0,1000,4,4,1,0,1024,0,0.1,1e-08,100.0,1440,1.22141,8448.6,1939.265,2.487083
r03638,2.0,1000,16,1,1,0,1024,1,0.1,1e-06,180.0,1800,1.98247,18498.8,885.679,2.361225
r03639,0.5,1000,4,1,2,1,2048,1,0.1,1e-08,190.0,1755,1.17517,6462.6,1267.595,2.499562
r03640,0.5,1000,8,4,2,1,2048,0,0.0,1e-08,105.0,1440,0.90778,8178.8,8012.895,2.423929
r03641,2.0,1000,16,4,2,1,1024,0,0.0,1e-08,190.0,1800,2.13229,19954.3,3284.306,2.338487
r03642,1.0,1000,8,4,1,0,1024,0,0.1,1e-06,100.0,1440,1.10639,11642.1,2814.614,2.423254
r03643,0.5,200,4,2,1,0,2048,1,0.0,1e-08,190.0,1755,1.20717,8050.6,2035.123,2.468909
r03644,0.5,1000,4,1,1,0,1024,0,0.0,1e-06,105.0,1440,0.83355,8585.5,477.084,2.539396
r03645,1.0,1000,16,2,1,0,1024,1,0.1,1e-06,190.0,1800,1.48705,18221.9,1798.276,2.366721
r03646,1.0,200,16,4,1,0,2048,1,0.1,1e-08,100.0,1440,1.26734,10808.8,12126.365,2.405934
r03647,1.0,200,4,1,2,1,1024,0,0.0,1e-08,95.0,1440,1.12021,7531.6,543.842,2.553001
r03648,2.0,1000,16,2,2,1,2048,0,0.0,1e-08,190.0,1755,2.0262,16870.5,3884.648,2.302523
r03649,0.5,200,4,1,2,1,2048,1,0.0,1e-08,180.0,1755,1.09235,6599.7,1241.262,2.524309
r03650,1.0,200,4,1,1,0,1024,0,0.0,1e-08,105.0,1440,1.2381,8550.9,479.012,2.521037
r03651,2.0,1000,8,2,2,1,2048,1,0.1,1e-08,180.0,1800,2.09123,8962.6,3656.074,2.335807
r03652,0.5,1000,4,2,2,1,1024,0,0.0,1e-06,105.0,1440,0.84962,7400.8,1106.914,2.540396
r03653,1.0,1000,8,2,2,1,2048,0,0.0,1e-08,180.0,1800,1.45076,11501.0,2849.151,2.341632
r03654,1.0,200,4,1,2,1,2048,0,0.1,1e-08,100.0,1410,1.14901,6206.1,1320.001,2.521125
r03655,0.5,200,16,1,2,1,1024,1,0.0,1e-08,105.0,1440,1.10329,12268.6,1335.437,2.516998
r03656,1.0,1000,16,2,2,1,2048,0,0.0,1e-08,100.0,1440,1.30889,12026.5,5449.279,2.38386
r03657,1.0,200,16,2,1,0,1024,1,0.1,1e-08,105.0,1440,1.30577,13365.8,2451.639,2.452873
r03658,0.5,1000,16,2,1,0,2048,1,0.1,1e-08,190.0,1755,1.23822,14763.6,4439.04,2.388093
r03659,1.0,1000,16,1,2,1,2048,1,0.0,1e-08,190.0,1755,1.47256,12567.2,2607.426,2.348857
r03660,1.0,200,8,4,1,0,1024,0,0.1,1e-08,95.0,1440,1.29772,12183.8,2689.476,2.455371
r03661,2.0,1000,4,1,1,0,1024,0,0.1,1e-08,105.0,1440,1.65446,8384.3,488.535,2.484688
r03662,1.0,1000,16,4,1,0,1024,1,0.0,1e-08,190.0,1800,1.52092,17946.7,3651.698,2.34773
r03663,2.0,200,16,1,2,1,2048,1,0.0,1e-08,180.0,1755,2.10595,13083.5,2504.531,2.422967
r03664,0.5,1000,16,2,2,1,2048,0,0.1,1e-08,190.0,1800,1.17672,17006.9,3853.495,2.38824
r03665,2.0,1000,16,1,2,1,2048,1,0.1,1e-08,180.0,1800,2.05722,12996.5,2521.302,2.341268
r03666,1.0,1000,8,1,2,1,2048,1,0.1,1e-08,95.0,1410,1.16381,6864.6,2386.747,2.424931
r03667,2.0,1000,4,2,2,1,1024,0,0.1,1e-08,100.0,1440,1.68368,6913.0,1185.007,2.492082
r03668,1.0,1000,16,1,1,0,1024,1,0.1,1e-06,190.0,1800,1.51956,18082.6,906.063,2.387151
r03669,1.0,1000,4,4,2,1,2048,1,0.0,1e-08,180.0,1755,1.43024,6353.2,5157.712,2.410219
r03670,1.0,200,8,1,1,0,2048,1,0.1,1e-08,190.0,1755,1.37729,10628.4,1541.527,2.401827
r03671,1.0,1000,16,2,2,1,2048,1,0.1,1e-08,190.0,1755,1.46168,12982.4,5048.072,2.340848
r03672,1.0,1000,16,1,2,1,2048,1,0.1,1e-08,190.0,1755,1.48409,12526.2,2615.963,2.365242
r03673,1.0,200,16,1,2,1,1024,1,0.1,1e-08,180.0,1755,1.5295,16077.3,1019.074,2.434328
r03674,1.0,200,8,1,2,1,2048,1,0.0,1e-08,95.0,1440,1.22958,6486.6,2525.841,2.446225
r03675,1.0,1000,16,2,2,1,2048,0,0.1,1e-08,190.0,1755,1.48808,16005.7,4094.538,2.345173
r03676,0.5,1000,4,4,2,1,1024,0,0.0,1e-08,95.0,1410,0.84899,7477.7,2191.06,2.536747
r03677,2.0,1000,4,1,1,0,2048,1,0.1,1e-08,95.0,1440,1.67795,5399.7,1517.113,2.441545
r03678,0.5,200,16,1,1,0,1024,1,0.1,1e-06,100.0,1410,1.00401,13708.3,1195.19,2.516105
r03679,1.0,1000,4,2,1,0,1024,0,0.1,1e-08,100.0,1410,1.23425,8452.6,969.168,2.489115
r03680,0.5,1000,8,4,1,0,2048,1,0.0,1e-08,180.0,1755,1.15653,10486.3,6249.699,2.382083
r03681,1.0,200,8,2,1,0,2048,0,0.0,1e-08,180.0,1755,1.43023,12521.1,2617.025,2.363587
r03682,2.0,200,4,1,1,0,1024,0,0.1,1e-08,95.0,1440,1.80185,8178.1,500.849,2.593072
r03683,1.0,1000,4,2,1,0,2048,1,0.0,1e-08,105.0,1410,1.1906,5556.4,2948.659,2.424368
r03684,1.0,1000,8,1,1,0,1024,0,0.0,1e-08,100.0,1440,1.17785,11973.3,684.189,2.442749
r03685,1.0,200,4,1,2,1,1024,1,0.1,1e-06,95.0,1410,1.13321,5840.6,701.298,2.563196
r03686,2.0,1000,8,1,2,1,2048,1,0.0,1e-08,180.0,1755,1.91312,9644.7,1698.759,2.339177
r03687,1.0,200,16,1,2,1,1024,0,0.0,1e-08,105.0,1440,1.35651,14377.7,1139.545,2.467849
r03688,0.5,200,8,1,1,0,2048,1,0.0,1e-08,105.0,1410,0.86901,7667.2,2136.904,2.485248
r03689,0.5,200,16,1,2,1,1024,1,0.1,1e-08,180.0,1800,1.21285,15397.7,1064.053,2.4841
r03690,2.0,200,16,2,2,1,1024,1,0.1,1e-06,190.0,1755,2.04808,15932.6,2056.666,2.455148
r03691,2.0,1000,4,2,2,1,2048,1,0.0,1e-08,95.0,1440,1.74479,5093.3,3216.756,2.439634
r03692,1.0,1000,16,2,2,1,1024,1,0.0,1e-08,190.0,1755,1.57761,15924.0,2057.774,2.370751
r03693,2.0,200,8,2,1,0,1024,1,0.0,1e-08,100.0,1410,1.80119,9723.1,1685.065,2.494317
r03694,2.0,1000,8,4,1,0,1024,1,0.1,1e-08,100.0,1410,1.80197,9139.8,3585.217,2.407993
r03695,1.0,1000,8,4,1,0,1024,0,0.0,1e-08,105.0,1440,1.24837,12890.9,2541.946,2.412547
r03696,1.0,200,16,1,1,0,2048,1,0.1,1e-08,190.0,1800,1.52032,14211.5,2305.742,2.389673
r03697,2.0,1000,4,1,2,1,2048,1,0.0,1e-08,105.0,1410,1.71466,4954.8,1653.343,2.456593
r03698,0.5,1000,16,4,1,0,2048,0,0.1,1e-08,190.0,1755,1.23922,17988.9,7286.252,2.377067
r03699,1.0,200,4,1,1,0,2048,0,0.0,1e-08,95.0,1410,1.23931,6687.0,1225.06,2.482412
r03700,1.0,200,8,4,2,1,1024,0,0.0,1e-08,100.0,1440,1.23373,9752.9,3359.824,2.452799
r03701,2.0,1000,16,1,2,1,2048,1,0.0,1e-08,180.0,1755,2.10079,13227.3,2477.304,2.326183
r03702,1.0,200,8,2,1,0,1024,0,0.0,1e-06,95.0,1410,1.32336,12108.1,1353.148,2.445511
r03703,1.0,1000,16,1,2,1,2048,0,0.0,1e-08,180.0,1800,1.53866,16123.2,2032.349,2.357633
r03704,1.0,1000,4,4,1,0,1024,0,0.1,1e-08,105.0,1410,1.20317,8768.1,1868.6,2.483578
r03705,2.0,1000,8,2,2,1,1024,0,0.0,1e-06,95.0,1410,1.81724,10518.1,1557.699,2.402768
r03706,1.0,200,8,1,1,0,2048,1,0.0,1e-08,190.0,1755,1.46267,9895.2,1655.753,2.381078
r03707,0.5,1000,4,1,1,0,1024,0,0.0,1e-08,105.0,1440,0.94055,8361.0,489.894,2.538957
r03708,1.0,200,4,2,2,1,1024,0,0.0,1e-08,95.0,1410,1.19043,7230.5,1132.978,2.522457
r03709,2.0,1000,8,4,1,0,2048,0,0.0,1e-08,190.0,1800,2.00507,13099.9,5002.774,2.301613
r03710,2.0,1000,4,2,2,1,2048,0,0.1,1e-08,95.0,1410,1.74393,6033.8,2715.351,2.447475
r03711,1.0,1000,4,2,2,1,1024,0,0.0,1e-06,105.0,1410,1.18016,7569.0,1082.311,2.48599
r03712,2.0,1000,8,2,2,1,1024,0,0.0,1e-08,105.0,1410,1.77381,10046.2,1630.861,2.407703
r03713,2.0,1000,8,1,2,1,1024,0,0.0,1e-08,100.0,1440,1.77389,10187.5,804.121,2.419834
r03714,2.0,1000,4,2,1,0,1024,0,0.1,1e-08,105.0,1440,1.71555,8514.8,962.084,2.458453
r03715,1.0,1000,8,2,1,0,2048,0,0.1,1e-08,105.0,1410,1.21163,9360.0,3500.873,2.393828
r03716,0.5,1000,8,4,1,0,1024,0,0.1,1e-08,105.0,1440,1.00535,11898.9,2753.869,2.479652
r03717,1.0,200,4,2,1,0,1024,0,0.0,1e-08,100.0,1410,1.28618,8409.8,974.096,2.50511
r03718,1.0,1000,8,2,2,1,2048,1,0.1,1e-08,100.0,1440,1.26711,6985.5,4690.842,2.409976
r03719,1.0,1000,16,1,2,1,1024,0,0.0,1e-08,100.0,1410,1.29839,15040.9,1089.299,2.445892
r03720,0.5,1000,16,1,2,1,2048,0,0.1,1e-08,95.0,1410,0.99814,11837.5,2768.144,2.468287
r03721,2.0,200,16,1,1,0,2048,0,0.0,1e-08,190.0,1755,2.02276,18729.1,1749.575,2.413646
r03722,1.0,1000,16,1,1,0,2048,1,0.0,1e-08,180.0,1800,1.53135,14562.0,2250.24,2.341702
r03723,0.5,1000,16,2,1,0,1024,1,0.1,1e-08,180.0,1800,1.28551,19171.8,1709.174,2.422661
r03724,1.0,200,4,2,1,0,1024,0,0.1,1e-08,100.0,1410,1.1866,8445.2,970.013,2.517432
r03725,0.5,1000,16,2,1,0,2048,0,0.1,1e-08,190.0,1755,1.27972,18650.8,3513.844,2.392463
r03726,1.0,200,4,2,1,0,2048,0,0.1,1e-08,180.0,1800,1.3232,9411.0,1740.942,2.41881
r03727,2.0,200,16,1,2,1,2048,1,0.0,1e-08,190.0,1800,1.99512,13366.8,2451.441,2.420628
r03728,0.5,200,16,2,2,1,1024,1,0.0,1e-08,190.0,1755,1.26986,14978.7,2187.635,2.446145
r03729,1.0,1000,4,1,1,0,1024,0,0.1,1e-06,95.0,1410,1.16728,8818.0,464.503,2.508882
r03730,1.0,200,8,1,2,1,1024,0,0.0,1e-08,100.0,1440,1.30628,10481.4,781.573,2.488381
r03731,2.0,1000,4,1,2,1,2048,1,0.1,1e-08,95.0,1440,1.7869,4754.2,1723.114,2.475074
r03732,1.0,200,16,2,1,0,1024,1,0.1,1e-08,180.0,1755,1.54373,19330.3,1695.165,2.405183
r03733,1.0,1000,8,4,1,0,1024,0,0.1,1e-08,180.0,1800,1.42836,17046.3,1922.293,2.378242
r03734,0.5,200,8,1,1,0,2048,1,0.0,1e-08,190.0,1755,1.09714,10133.1,1616.882,2.432581
r03735,1.0,1000,8,2,2,1,1024,0,0.1,1e-06,100.0,1410,1.16974,10189.9,1607.863,2.43741
r03736,1.0,1000,8,4,2,1,2048,1,0.0,1e-08,180.0,1800,1.51769,9114.4,7190.413,2.341508
r03737,2.0,1000,16,1,2,1,1024,1,0.0,1e-06,180.0,1755,2.0576,16230.4,1009.462,2.356704
r03738,1.0,200,4,2,2,1,2048,0,0.0,1e-08,105.0,1440,1.15882,5914.2,2770.271,2.483567
r03739,0.5,200,16,4,1,0,2048,1,0.0,1e-08,180.0,1755,1.18281,15620.2,8391.193,2.385384
r03740,0.5,1000,8,1,2,1,1024,0,0.1,1e-06,100.0,1440,0.90718,10143.3,807.63,2.50657
r03741,2.0,1000,4,1,2,1,1024,0,0.0,1e-08,100.0,1410,1.72057,6885.3,594.887,2.496384
r03742,2.0,1000,4,1,1,0,2048,1,0.0,1e-08,95.0,1410,1.73993,5505.0,1488.099,2.42514
r03743,1.0,1000,4,4,1,0,2048,0,0.1,1e-08,190.0,1800,1.35176,9386.2,3491.084,2.386836
r03744,1.0,200,16,2,1,0,2048,1,0.0,1e-08,190.0,1755,1.57692,15175.1,4318.66,2.35647
r03745,1.0,1000,8,4,2,1,2048,1,0.0,1e-08,190.0,1800,1.45906,9354.3,7006.011,2.338903
r03746,1.0,200,16,1,2,1,1024,1,0.1,1e-06,100.0,1440,1.23476,11812.7,1386.986,2.473109
r03747,1.0,200,4,2,1,0,1024,1,0.0,1e-08,95.0,1410,1.09748,6565.6,1247.715,2.498214
r03748,2.0,200,4,1,1,0,1024,0,0.1,1e-08,95.0,1440,1.69615,8656.9,473.146,2.573986
r03749,1.0,1000,16,2,1,0,1024,1,0.1,1e-08,190.0,1800,1.55015,18838.6,1739.41,2.376764
r03750,1.0,1000,8,2,2,1,1024,0,0.1,1e-06,190.0,1755,1.44955,14363.2,1140.691,2.389055
r03751,1.0,1000,16,2,2,1,2048,0,0.1,1e-08,190.0,1755,1.54169,16393.4,3997.696,2.340739
r03752,1.0,1000,16,1,2,1,2048,1,0.0,1e-08,180.0,1755,1.5323,13723.7,2387.698,2.350319
r03753,1.0,200,16,4,2,1,2048,1,0.0,1e-08,180.0,1755,1.43899,12942.5,10127.225,2.349047
r03754,2.0,200,16,1,1,0,2048,1,0.0,1e-08,190.0,1755,2.08078,14929.0,2194.93,2.408116
r03755,1.0,1000,8,1,1,0,2048,1,0.0,1e-08,190.0,1755,1.37386,10685.2,1533.338,2.353651
r03756,0.5,1000,4,1,1,0,2048,0,0.0,1e-08,105.0,1440,0.94309,6693.9,1223.797,2.506731
r03757,0.5,1000,4,1,1,0,1024,1,0.1,1e-08,100.0,1410,0.89243,7009.3,584.365,2.560359
r03758,0.5,1000,16,1,2,1,1024,1,0.1,1e-08,180.0,1755,1.27175,15960.0,1026.567,2.461831
r03759,2.0,200,8,2,1,0,2048,0,0.0,1e-08,190.0,1800,2.02962,12696.5,2580.864,2.404827
r03760,1.0,1000,4,4,2,1,2048,1,0.1,1e-08,105.0,1410,1.21834,4671.8,7013.986,2.469412
r03761,0.5,1000,4,1,2,1,1024,0,0.1,1e-06,105.0,1440,0.98104,7199.1,568.962,2.585125
r03762,1.0,1000,8,1,1,0,2048,1,0.0,1e-08,190.0,1800,1.48981,11144.6,1470.135,2.358463
r03763,2.0,1000,4,1,2,1,2048,1,0.0,1e-08,95.0,1440,1.69197,4513.3,1815.084,2.455146
r03764,2.0,200,16,2,2,1,2048,0,0.0,1e-08,190.0,1755,2.15901,15873.0,4128.776,2.406234
r03765,1.0,1000,16,2,1,0,2048,1,0.1,1e-08,180.0,1800,1.50849,14243.7,4601.068,2.327007
r03766,1.0,200,8,4,1,0,2048,1,0.0,1e-08,180.0,1800,1.37636,10256.6,6389.637,2.348999
r03767,1.0,200,16,2,2,1,2048,1,0.1,1e-08,180.0,1755,1.54205,13695.6,4785.18,2.380436
r03768,2.0,200,16,1,2,1,1024,1,0.1,1e-06,100.0,1410,1.88459,11814.1,1386.819,2.529287
r03769,2.0,1000,16,4,1,0,2048,1,0.1,1e-08,180.0,1800,2.09207,14850.5,8826.092,2.295753
r03770,1.0,200,4,2,1,0,2048,1,0.0,1e-08,105.0,1440,1.11814,5118.0,3201.269,2.451765
r03771,0.5,200,16,4,1,0,1024,1,0.0,1e-08,180.0,1755,1.23199,18562.2,3530.618,2.43416
r03772,0.5,200,4,4,1,0,2048,1,0.0,1e-08,95.0,1440,1.02426,5681.7,5767.239,2.49911
r03773,2.0,1000,8,4,2,1,2048,0,0.0,1e-08,95.0,1440,1.70995,7950.2,8243.355,2.352224
r03774,1.0,1000,4,4,2,1,2048,0,0.0,1e-08,105.0,1410,1.16233,6150.3,5327.848,2.456599
r03775,1.0,200,4,2,2,1,1024,0,0.1,1e-06,95.0,1410,1.19142,6969.9,1175.341,2.537005
r03776,2.0,1000,16,2,1,0,1024,1,0.0,1e-08,190.0,1800,2.07561,17849.1,1835.839,2.328686
r03777,2.0,1000,16,1,2,1,1024,1,0.0,1e-08,100.0,1440,1.89614,12046.3,1360.091,2.414456
r03778,1.0,1000,4,4,2,1,1024,0,0.1,1e-06,95.0,1440,1.15787,7252.4,2259.114,2.504501
r03779,0.5,200,16,2,2,1,2048,1,0.0,1e-08,180.0,1800,1.23928,13062.0,5017.308,2.411203
r03780,2.0,1000,16,4,1,0,1024,1,0.0,1e-06,95.0,1440,1.92082,14295.3,4584.451,2.369354
r03781,1.0,200,4,2,2,1,2048,1,0.0,1e-08,105.0,1440,1.17548,4865.5,3367.366,2.490173
r03782,1.0,1000,8,1,2,1,2048,1,0.1,1e-08,100.0,1410,1.24032,6832.6,2397.906,2.423293
r03783,2.0,1000,4,1,1,0,1024,0,0.1,1e-08,105.0,1440,1.69944,8812.7,464.781,2.478063
r03784,2.0,1000,8,4,1,0,2048,1,0.0,1e-08,105.0,1410,1.72378,7697.4,8514.027,2.343723
r03785,2.0,200,16,4,2,1,1024,1,0.0,1e-08,100.0,1440,1.85081,12184.2,5378.759,2.474623
r03786,0.5,1000,16,2,1,0,2048,1,0.1,1e-08,180.0,1755,1.30674,13670.7,4793.902,2.38667
r03787,1.0,1000,4,2,1,0,1024,0,0.0,1e-08,95.0,1440,1.12079,8914.1,918.994,2.470218
r03788,2.0,200,8,2,1,0,1024,0,0.1,1e-08,95.0,1440,1.70691,11617.4,1410.304,2.509805
r03789,1.0,1000,16,2,2,1,2048,1,0.0,1e-08,105.0,1410,1.2722,9909.0,6613.777,2.375059
r03790,1.0,1000,8,1,2,1,1024,0,0.0,1e-08,180.0,1800,1.4688,13681.1,598.782,2.411813
r03791,1.0,200,4,2,1,0,1024,0,0.1,1e-08,100.0,1440,1.14089,8981.7,912.077,2.510011
r03792,2.0,1000,16,4,1,0,2048,1,0.1,1e-08,190.0,1800,2.13734,13691.6,9573.141,2.30126
r03793,0.5,200,16,1,1,0,2048,0,0.0,1e-08,180.0,1755,1.18467,18953.3,1728.884,2.420214
r03794,1.0,1000,4,2,2,1,1024,0,0.1,1e-06,105.0,1410,1.12147,7728.8,1059.932,2.509746
r03795,1.0,1000,16,1,2,1,2048,0,0.1,1e-08,105.0,1440,1.31605,11758.4,2786.762,2.412076
r03796,1.0,1000,4,2,2,1,1024,0,0.1,1e-06,100.0,1440,1.21255,7384.5,1109.35,2.508285
r03797,1.0,1000,8,1,2,1,2048,0,0.1,1e-08,190.0,1755,1.49709,11346.1,1444.02,2.385531
r03798,0.5,1000,16,4,2,1,2048,0,0.1,1e-08,180.0,1755,1.26345,16833.8,7786.258,2.387419
r03799,1.0,1000,8,2,1,0,2048,1,0.1,1e-08,100.0,1410,1.22219,7779.9,4211.862,2.389876
r03800,0.5,1000,8,2,1,0,1024,0,0.0,1e-08,105.0,1410,0.9852,11171.4,1466.604,2.47306
r03801,2.0,1000,16,4,2,1,1024,0,0.1,1e-06,190.0,1755,2.11254,19163.0,3419.92,2.355776
r03802,0.5,1000,16,2,2,1,1024,1,0.0,1e-06,100.0,1440,0.95643,12397.6,2643.095,2.465731
r03803,0.5,1000,16,4,2,1,1024,0,0.0,1e-08,95.0,1410,0.98217,13996.7,4682.261,2.452649
r03804,1.0,200,4,1,2,1,2048,1,0.0,1e-08,95.0,1440,1.16936,4578.8,1789.114,2.508073
r03805,2.0,1000,8,2,2,1,2048,1,0.0,1e-08,105.0,1440,1.7856,6673.2,4910.415,2.366729
r03806,0.5,1000,8,1,1,0,2048,1,0.0,1e-08,95.0,1410,0.9044,7705.4,2126.289,2.450626
r03807,0.5,200,8,2,2,1,1024,0,0.1,1e-08,190.0,1800,1.25632,13971.4,1172.681,2.480453
r03808,1.0,200,8,4,1,0,1024,0,0.0,1e-08,95.0,1410,1.16941,12045.3,2720.408,2.441713
r03809,1.0,200,4,2,1,0,1024,0,0.0,1e-08,105.0,1440,1.19935,7963.2,1028.738,2.499095
r03810,1.0,200,16,2,2,1,2048,0,0.0,1e-08,190.0,1755,1.48467,15785.4,4151.686,2.357646
r03811,0.5,1000,8,1,1,0,1024,0,0.1,1e-06,105.0,1440,0.91774,12044.9,680.123,2.501224
r03812,1.0,200,16,4,2,1,1024,1,0.0,1e-06,105.0,1440,1.27327,11704.0,5599.443,2.429485
r03813,0.5,1000,8,1,1,0,1024,1,0.0,1e-06,180.0,1800,1.17785,12771.0,641.455,2.439702
r03814,1.0,1000,16,1,2,1,1024,1,0.1,1e-06,95.0,1440,1.23888,11472.9,1428.066,2.449468
r03815,2.0,1000,16,2,2,1,2048,1,0.0,1e-08,180.0,1800,2.11989,12676.3,5169.959,2.309369
r03816,2.0,200,16,1,2,1,2048,1,0.0,1e-08,180.0,1755,2.06501,12665.1,2587.264,2.419315
r03817,0.5,200,16,1,1,0,1024,1,0.0,1e-08,180.0,1755,1.29907,18219.8,899.241,2.468272
r03818,1.0,1000,8,1,2,1,1024,0,0.0,1e-08,180.0,1755,1.43561,13822.3,592.664,2.405149
r03819,2.0,1000,16,4,2,1,1024,1,0.1,1e-08,95.0,1410,1.77239,11474.2,5711.599,2.39094
r03820,2.0,200,16,2,2,1,2048,0,0.0,1e-08,190.0,1755,2.03366,17112.6,3829.688,2.400007
r03821,2.0,200,8,2,1,0,1024,0,0.0,1e-08,95.0,1440,1.74821,12208.8,1341.982,2.496726
r03822,2.0,1000,4,1,2,1,2048,1,0.1,1e-08,100.0,1410,1.67236,4939.5,1658.462,2.471442
r03823,1.0,1000,8,1,2,1,1024,0,0.1,1e-08,100.0,1410,1.24368,10511.6,779.327,2.471873
r03824,1.0,200,16,4,2,1,1024,1,0.0,1e-06,100.0,1440,1.29468,11620.1,5639.894,2.431477
r03825,1.0,200,4,2,1,0,1024,0,0.0,1e-06,105.0,1440,1.25075,8437.3,970.929,2.505219
r03826,1.0,200,8,4,1,0,1024,0,0.0,1e-08,95.0,1410,1.21399,12125.9,2702.306,2.44404
r03827,1.0,1000,4,4,1,0,1024,0,0.1,1e-06,95.0,1410,1.13367,8631.2,1898.227,2.47139
r03828,2.0,1000,4,2,2,1,2048,1,0.1,1e-08,105.0,1440,1.72444,4850.7,3377.676,2.443008
r03829,2.0,200,8,4,1,0,1024,0,0.1,1e-08,95.0,1440,1.7031,12277.0,2669.057,2.501458
r03830,0.5,1000,4,4,2,1,1024,0,0.0,1e-08,95.0,1410,0.93075,7490.0,2187.457,2.539691
r03831,0.5,1000,16,4,2,1,2048,1,0.0,1e-08,190.0,1755,1.28614,12757.3,10274.246,2.372984
r03832,1.0,1000,8,1,2,1,1024,0,0.0,1e-08,100.0,1440,1.10769,10661.0,768.407,2.453704
r03833,1.0,200,4,2,2,1,1024,0,0.1,1e-06,105.0,1440,1.12848,7546.5,1085.54,2.535026
r03834,2.0,1000,8,1,1,0,1024,0,0.0,1e-08,190.0,1755,1.92546,15639.2,523.813,2.371668
r03835,0.5,1000,8,4,1,0,2048,0,0.0,1e-08,180.0,1755,1.11475,13314.4,4922.184,2.377612
r03836,0.5,1000,16,2,2,1,1024,0,0.0,1e-08,190.0,1755,1.34635,19389.3,1690.004,2.421788
r03837,1.0,1000,4,2,2,1,1024,0,0.1,1e-08,105.0,1410,1.12788,7601.4,1077.703,2.517381
r03838,1.0,200,8,4,2,1,2048,1,0.1,1e-08,180.0,1800,1.36778,8886.1,7375.105,2.377849
r03839,1.0,200,4,2,1,0,2048,1,0.0,1e-08,95.0,1410,1.13042,5409.8,3028.575,2.458954
r03840,2.0,200,16,2,2,1,2048,0,0.0,1e-08,180.0,1800,2.04009,17192.6,3811.868,2.403715
r03841,0.5,1000,4,1,2,1,2048,1,0.0,1e-08,105.0,1440,0.83061,4932.4,1660.867,2.535313
r03842,1.0,200,16,1,2,1,2048,1,0.0,1e-08,190.0,1755,1.52251,13167.5,2488.551,2.376794
r03843,1.0,1000,8,1,2,1,2048,1,0.0,1e-08,190.0,1755,1.45183,8927.6,1835.204,2.367682
r03844,0.5,200,4,4,2,1,1024,0,0.0,1e-08,95.0,1410,0.83624,7674.6,2134.823,2.558883
r03845,1.0,1000,16,1,2,1,2048,1,0.0,1e-08,190.0,1800,1.57394,12789.2,2562.168,2.350935
r03846,1.0,1000,8,2,1,0,1024,0,0.1,1e-08,105.0,1440,1.11279,11770.0,1392.012,2.436025
r03847,0.5,1000,4,1,2,1,2048,1,0.0,1e-08,95.0,1440,0.8367,4551.8,1799.713,2.529108
r03848,1.0,200,16,4,2,1,2048,1,0.0,1e-08,190.0,1800,1.51262,13111.8,9996.527,2.344206
r03849,0.5,1000,16,2,1,0,2048,0,0.0,1e-08,180.0,1755,1.17989,19720.9,3323.17,2.361962
r03850,1.0,200,16,1,2,1,2048,1,0.1,1e-08,180.0,1800,1.54724,13181.2,2485.962,2.400786
r03851,2.0,200,8,4,1,0,1024,1,0.0,1e-06,105.0,1410,1.71453,9629.7,3402.806,2.48163
r03852,0.5,1000,4,1,2,1,1024,0,0.0,1e-08,95.0,1440,0.92618,7268.9,563.497,2.572825
r03853,1.0,200,4,1,1,0,1024,0,0.0,1e-08,100.0,1440,1.14128,8241.8,496.978,2.523301
r03854,1.0,200,16,2,2,1,1024,0,0.0,1e-08,180.0,1755,1.4773,20489.7,1599.239,2.391786
r03855,2.0,200,4,1,1,0,1024,0,0.0,1e-08,100.0,1410,1.75303,8219.3,498.339,2.565379
r03856,2.0,1000,16,1,2,1,2048,0,0.1,1e-08,180.0,1755,2.1195,15452.5,2120.557,2.3373
r03857,0.5,1000,4,4,1,0,2048,1,0.1,1e-08,100.0,1410,0.91493,5541.4,5913.289,2.489043
r03858,2.0,1000,16,1,2,1,2048,1,0.1,1e-08,190.0,1755,2.09572,12498.1,2621.828,2.334835
r03859,2.0,1000,16,1,2,1,2048,1,0.1,1e-08,190.0,1755,2.08004,12852.4,2549.557,2.33742
r03860,2.0,200,8,1,2,1,2048,1,0.0,1e-08,180.0,1800,1.99019,9041.5,1812.089,2.43627
r03861,1.0,1000,16,2,2,1,1024,0,0.0,1e-08,190.0,1755,1.45313,19253.0,1701.966,2.367021
r03862,1.0,200,8,2,2,1,2048,0,0.1,1e-08,100.0,1410,1.24404,8449.1,3878.295,2.437735
r03863,2.0,1000,8,1,1,0,1024,1,0.1,1e-08,105.0,1440,1.74843,8969.1,913.355,2.432309
r03864,2.0,200,8,4,2,1,1024,0,0.1,1e-08,180.0,1755,1.99628,13493.4,2428.451,2.467301
r03865,2.0,200,4,2,1,0,1024,0,0.1,1e-06,105.0,1410,1.75956,8694.8,942.168,2.553298
r03866,2.0,200,4,2,2,1,2048,1,0.0,1e-08,190.0,1755,1.99976,6433.3,2546.761,2.487289
r03867,1.0,1000,4,2,2,1,1024,0,0.1,1e-06,95.0,1440,1.22466,7072.1,1158.348,2.513675
r03868,2.0,200,4,2,2,1,2048,1,0.0,1e-08,180.0,1755,1.94426,6250.5,2621.224,2.486737
r03869,0.5,1000,16,2,2,1,2048,1,0.1,1e-08,180.0,1800,1.24075,13280.3,4934.819,2.39165
r03870,2.0,1000,4,4,1,0,1024,0,0.0,1e-08,95.0,1410,1.66048,8941.0,1832.455,2.432673
r03871,1.0,1000,16,1,1,0,2048,1,0.1,1e-08,180.0,1800,1.60995,15502.4,2113.733,2.364816
r03872,1.0,1000,16,2,2,1,1024,1,0.0,1e-08,180.0,1755,1.49778,16236.1,2018.22,2.363507
r03873,0.5,1000,8,1,1,0,2048,1,0.0,1e-08,190.0,1800,1.12563,10009.3,1636.88,2.407623
r03874,0.5,1000,16,2,2,1,2048,1,0.0,1e-08,190.0,1800,1.334,13398.5,4891.296,2.381681
r03875,1.0,1000,16,4,2,1,2048,1,0.0,1e-08,180.0,1755,1.51012,12964.9,10109.783,2.314492
r03876,1.0,1000,8,4,1,0,2048,1,0.1,1e-08,190.0,1755,1.43432,9832.9,6664.996,2.339665
r03877,2.0,1000,16,1,2,1,2048,1,0.0,1e-08,190.0,1755,2.16702,12926.0,2535.055,2.331029
r03878,2.0,200,4,1,1,0,1024,0,0.1,1e-08,105.0,1410,1.6937,8999.7,455.127,2.583945
r03879,2.0,1000,8,2,2,1,2048,1,0.0,1e-08,100.0,1440,1.70295,6879.1,4763.407,2.364298
r03880,2.0,200,4,1,2,1,2048,1,0.0,1e-08,100.0,1410,1.654,4683.5,1749.117,2.556431
r03881,1.0,200,8,1,1,0,2048,1,0.1,1e-08,180.0,1755,1.40055,10411.9,1573.589,2.395215
r03882,1.0,1000,16,1,1,0,1024,1,0.0,1e-06,190.0,1800,1.45628,18558.8,882.816,2.374851
r03883,0.5,200,4,4,1,0,1024,0,0.0,1e-08,95.0,1440,0.91103,8620.0,1900.69,2.544773
r03884,2.0,1000,8,1,2,1,1024,0,0.0,1e-08,190.0,1800,1.93717,13623.1,601.333,2.373596
r03885,0.5,200,4,2,2,1,1024,0,0.1,1e-08,105.0,1410,0.79159,7456.4,1098.66,2.586816
r03886,0.5,200,4,2,1,0,1024,0,0.0,1e-08,95.0,1410,0.96238,8870.4,923.522,2.547424
r03887,2.0,200,8,1,2,1,1024,1,0.0,1e-06,95.0,1410,1.70716,8312.5,985.5,2.518439
r03888,1.0,1000,16,4,2,1,1024,1,0.0,1e-08,190.0,1800,1.55512,16614.7,3944.448,2.362071
r03889,1.0,1000,8,4,1,0,1024,1,0.1,1e-08,180.0,1800,1.52023,13120.5,2497.471,2.373454
r03890,0.5,200,4,2,2,1,1024,0,0.1,1e-06,100.0,1410,0.97441,7199.4,1137.877,2.590048
r03891,0.5,200,8,2,2,1,2048,0,0.0,1e-08,190.0,1800,1.08724,11672.1,2807.369,2.417134
r03892,2.0,200,16,4,2,1,2048,1,0.0,1e-08,180.0,1800,2.10538,12555.0,10439.841,2.398191
r03893,0.5,200,4,1,2,1,1024,1,0.0,1e-08,105.0,1410,0.85098,5858.5,699.152,2.592788
r03894,2.0,1000,8,4,2,1,1024,0,0.0,1e-08,100.0,1440,1.71487,9867.9,3320.673,2.397256
r03895,0.5,200,4,2,1,0,2048,1,0.1,1e-08,95.0,1410,0.88528,5520.3,2967.965,2.524488
r03896,2.0,200,4,1,1,0,2048,1,0.1,1e-08,105.0,1440,1.65236,5451.0,1502.848,2.540776
r03897,1.0,1000,16,1,1,0,2048,1,0.1,1e-08,190.0,1755,1.52624,14863.9,2204.541,2.353848
r03898,1.0,200,4,1,1,0,1024,0,0.1,1e-06,100.0,1440,1.04205,8380.7,488.742,2.528062
r03899,2.0,1000,4,4,1,0,1024,0,0.0,1e-06,100.0,1440,1.68456,8385.8,1953.789,2.427839
r03900,1.0,200,16,1,2,1,2048,1,0.1,1e-08,105.0,1410,1.19081,9764.8,3355.716,2.428694
r03901,1.0,1000,8,1,2,1,1024,1,0.0,1e-06,95.0,1440,1.22662,8165.5,1003.239,2.441205
r03902,1.0,1000,4,2,1,0,2048,1,0.0,1e-08,95.0,1410,1.13904,5341.0,3067.581,2.422066
r03903,2.0,200,4,2,1,0,1024,1,0.0,1e-08,100.0,1440,1.73255,6695.5,1223.5,2.544651
r03904,1.0,200,16,1,1,0,2048,1,0.1,1e-08,190.0,1800,1.50878,14655.5,2235.88,2.385172
r03905,2.0,200,16,1,2,1,2048,1,0.1,1e-08,190.0,1800,2.05528,13532.1,2421.5,2.437145
r03906,0.5,1000,8,1,2,1,1024,0,0.0,1e-08,95.0,1410,0.83216,10604.3,772.516,2.504056
r03907,1.0,1000,4,2,1,0,1024,0,0.1,1e-08,105.0,1440,1.16314,8523.6,961.098,2.480077
r03908,1.0,1000,4,1,2,1,2048,1,0.0,1e-08,105.0,1440,1.19989,4836.8,1693.668,2.475276
r03909,1.0,200,4,4,2,1,1024,0,0.0,1e-06,105.0,1440,1.24762,7687.0,2131.402,2.517497
r03910,0.5,1000,4,4,1,0,2048,1,0.1,1e-08,180.0,1800,1.12206,7255.6,4516.253,2.438104
r03911,1.0,1000,4,4,2,1,2048,1,0.0,1e-08,95.0,1410,1.21519,4882.3,6711.541,2.448538
r03912,1.0,1000,16,4,2,1,2048,1,0.0,1e-08,190.0,1755,1.52313,12966.6,10108.41,2.326839
r03913,2.0,1000,8,4,2,1,2048,1,0.0,1e-08,100.0,1440,1.71932,6462.8,10140.54,2.345481
r03914,2.0,1000,8,2,2,1,1024,0,0.0,1e-08,190.0,1755,1.99448,13204.7,1240.767,2.352544
r03915,0.5,1000,16,1,2,1,2048,0,0.0,1e-08,180.0,1800,1.23124,16616.1,1972.063,2.396364
r03916,0.5,1000,4,2,1,0,1024,0,0.0,1e-06,105.0,1440,0.90948,8885.0,922.007,2.518625
r03917,0.5,1000,4,4,1,0,1024,1,0.0,1e-08,100.0,1410,0.93517,6827.5,2399.717,2.518147
r03918,1.0,200,16,2,2,1,2048,1,0.0,1e-08,190.0,1800,1.49769,13024.2,5031.878,2.354642
r03919,0.5,1000,16,2,1,0,1024,1,0.1,1e-08,100.0,1410,1.06423,13171.8,2487.743,2.475565
r03920,2.0,200,4,1,1,0,1024,0,0.0,1e-06,100.0,1440,1.76761,8283.4,494.48,2.563267
r03921,1.0,1000,4,2,2,1,1024,0,0.0,1e-06,105.0,1440,1.15591,7239.2,1131.622,2.495799
r03922,2.0,1000,16,2,1,0,2048,1,0.0,1e-08,190.0,1755,2.08072,14156.3,4629.45,2.288379
r03923,1.0,200,16,2,1,0,2048,1,0.1,1e-08,190.0,1755,1.55668,14765.3,4438.506,2.369419
r03924,0.5,200,8,2,1,0,2048,1,0.1,1e-08,180.0,1755,1.13182,10432.7,3140.894,2.427222
r03925,2.0,200,4,4,2,1,1024,1,0.1,1e-08,100.0,1410,1.80384,5888.7,2782.26,2.583202
r03926,0.5,1000,16,4,1,0,1024,1,0.1,1e-06,95.0,1440,1.00495,13915.6,4709.518,2.454115
r03927,1.0,200,4,2,1,0,1024,1,0.1,1e-06,100.0,1440,1.16345,6689.1,1224.671,2.511695
r03928,1.0,1000,16,1,2,1,1024,1,0.1,1e-08,180.0,1800,1.53702,16156.5,1014.083,2.404907
r03929,1.0,1000,8,2,2,1,2048,1,0.1,1e-08,100.0,1440,1.15217,6668.1,4914.174,2.39764
r03930,1.0,200,16,2,2,1,2048,1,0.0,1e-08,190.0,1755,1.48357,12191.8,5375.429,2.35534
r03931,0.5,1000,4,4,2,1,1024,1,0.1,1e-08,95.0,1440,0.82165,6035.1,2714.802,2.557415
r03932,2.0,1000,16,1,1,0,2048,1,0.1,1e-08,190.0,1800,2.05163,14727.4,2224.97,2.331533
r03933,2.0,200,8,1,2,1,1024,0,0.0,1e-06,95.0,1410,1.82204,10447.8,784.092,2.518238
r03934,2.0,1000,8,4,2,1,2048,1,0.0,1e-08,190.0,1800,1.94138,9352.7,7007.153,2.316341
r03935,1.0,200,16,1,1,0,2048,1,0.1,1e-08,190.0,1755,1.50095,14968.0,2189.204,2.377729
r03936,1.0,200,4,4,2,1,1024,0,0.1,1e-08,95.0,1410,1.16393,7408.4,2211.549,2.541182
r03937,2.0,1000,8,4,1,0,1024,0,0.0,1e-06,105.0,1410,1.66522,12705.1,2579.129,2.387777
r03938,1.0,1000,16,1,2,1,2048,1,0.0,1e-08,190.0,1800,1.48724,12741.7,2571.713,2.346603
r03939,1.0,1000,4,4,1,0,1024,0,0.1,1e-08,105.0,1440,1.09871,8075.3,2028.9,2.471375
r03940,1.0,200,16,4,1,0,1024,1,0.1,1e-08,180.0,1800,1.46472,18127.7,3615.234,2.383651
r03941,1.0,200,16,2,1,0,1024,1,0.1,1e-08,190.0,1755,1.57742,18046.8,1815.726,2.40765
r03942,1.0,1000,4,1,2,1,2048,1,0.1,1e-08,190.0,1755,1.4562,6574.5,1246.018,2.44992
r03943,2.0,1000,4,4,2,1,1024,0,0.1,1e-06,95.0,1440,1.62282,7427.3,2205.909,2.473368
r03944,1.0,1000,16,4,2,1,1024,1,0.0,1e-08,180.0,1800,1.66264,15700.9,4174.036,2.365701
r03945,1.0,1000,4,2,1,0,2048,1,0.0,1e-08,100.0,1410,1.23193,5676.9,2886.093,2.430538
r03946,1.0,1000,4,4,2,1,1024,0,0.0,1e-08,100.0,1410,1.17041,7450.6,2199.029,2.493395
r03947,2.0,1000,16,1,2,1,1024,1,0.1,1e-08,105.0,1440,1.89793,11427.5,1433.735,2.428055
r03948,0.5,1000,16,2,2,1,2048,1,0.1,1e-08,190.0,1800,1.20705,12651.0,5180.286,2.393727
r03949,2.0,1000,8,1,2,1,1024,0,0.0,1e-06,100.0,1410,1.74922,10350.9,791.427,2.424536
r03950,2.0,1000,4,1,1,0,1024,0,0.0,1e-08,95.0,1410,1.73448,8480.4,482.998,2.47042
r03951,0.5,200,8,1,2,1,2048,1,0.0,1e-08,180.0,1755,1.10027,9286.0,1764.385,2.440825
r03952,1.0,1000,8,1,1,0,1024,0,0.0,1e-06,95.0,1410,1.22327,12416.5,659.765,2.436925
r03953,1.0,1000,4,1,1,0,2048,1,0.0,1e-08,105.0,1410,1.19121,5188.6,1578.854,2.457143
r03954,1.0,200,8,4,2,1,2048,1,0.0,1e-08,190.0,1800,1.49978,9009.4,7274.199,2.361084
r03955,0.5,1000,16,2,1,0,2048,0,0.0,1e-08,95.0,1410,1.02837,14167.9,4625.667,2.411062
r03956,0.5,1000,16,4,1,0,2048,1,0.0,1e-08,180.0,1800,1.33108,15199.4,8623.499,2.367676
r03957,0.5,200,4,4,1,0,1024,0,0.0,1e-08,95.0,1410,0.9009,9114.8,1797.508,2.537008
r03958,2.0,1000,4,4,2,1,1024,0,0.1,1e-08,105.0,1410,1.63125,8231.1,1990.497,2.470568
r03959,1.0,1000,16,2,1,0,1024,1,0.0,1e-08,190.0,1800,1.47331,18385.3,1782.292,2.353443
r03960,1.0,200,8,1,2,1,2048,1,0.1,1e-08,190.0,1800,1.51136,9280.6,1765.395,2.410961
r03961,2.0,1000,16,4,1,0,1024,1,0.1,1e-06,190.0,1800,2.08049,18630.3,3517.718,2.336664
r03962,0.5,1000,8,1,2,1,1024,0,0.0,1e-06,95.0,1440,0.96055,10704.6,765.278,2.50261
r03963,2.0,1000,4,4,1,0,1024,0,0.0,1e-06,105.0,1440,1.62753,8522.7,1922.396,2.423187
r03964,0.5,1000,4,2,1,0,1024,0,0.1,1e-08,95.0,1410,0.93082,8261.9,991.538,2.532605
r03965,2.0,1000,8,1,2,1,1024,0,0.0,1e-08,95.0,1410,1.73429,10793.0,759.008,2.430246
r03966,2.0,1000,8,1,2,1,2048,1,0.1,1e-08,180.0,1755,2.05854,9061.8,1808.038,2.356487
r03967,1.0,1000,8,4,1,0,1024,0,0.0,1e-08,180.0,1800,1.39808,17260.1,1898.478,2.362959
r03968,2.0,1000,16,4,2,1,1024,1,0.1,1e-08,95.0,1410,1.73321,12224.6,5360.98,2.395344
r03969,2.0,1000,4,1,2,1,2048,1,0.0,1e-08,105.0,1440,1.78162,4965.3,1649.851,2.456394
r03970,0.5,1000,8,1,1,0,1024,0,0.1,1e-06,190.0,1800,1.25671,16796.0,487.734,2.459887
r03971,0.5,1000,4,1,2,1,1024,0,0.1,1e-08,100.0,1410,0.89196,7201.2,568.792,2.588948
r03972,0.5,200,8,1,1,0,1024,1,0.1,1e-06,100.0,1440,0.98404,9853.3,831.4,2.53749
r03973,1.0,1000,4,4,1,0,1024,0,0.1,1e-06,95.0,1440,1.22893,8276.9,1979.474,2.473064
r03974,0.5,1000,16,2,2,1,2048,1,0.1,1e-08,180.0,1755,1.19672,12422.7,5275.504,2.38954
r03975,2.0,1000,8,2,2,1,1024,0,0.0,1e-08,100.0,1440,1.77541,10429.9,1570.863,2.403773
r03976,1.0,200,8,4,1,0,2048,1,0.1,1e-08,190.0,1755,1.52158,10533.7,6221.527,2.374903
r03977,2.0,1000,8,2,2,1,2048,1,0.0,1e-08,105.0,1410,1.7318,6618.3,4951.137,2.362882
r03978,0.5,1000,4,2,1,0,1024,0,0.0,1e-06,95.0,1440,0.79586,8328.2,983.644,2.506415
r03979,1.0,1000,16,2,1,0,2048,0,0.1,1e-08,180.0,1800,1.56534,19249.5,3404.55,2.331977
r03980,2.0,1000,4,2,1,0,2048,1,0.0,1e-08,95.0,1410,1.70601,5609.0,2921.038,2.402082
r03981,2.0,200,4,4,2,1,2048,0,0.0,1e-08,105.0,1410,1.74002,5813.0,5636.98,2.526624
r03982,2.0,200,4,1,1,0,2048,1,0.0,1e-08,190.0,1755,1.95131,7788.4,1051.817,2.477689
r03983,1.0,1000,8,1,1,0,1024,0,0.0,1e-06,105.0,1410,1.16778,11515.9,711.366,2.44241
r03984,0.5,200,4,4,2,1,1024,0,0.0,1e-08,95.0,1410,0.99762,7757.8,2111.95,2.574718
r03985,2.0,200,16,2,2,1,2048,1,0.0,1e-08,190.0,1800,2.031,12723.1,5150.94,2.400201
r03986,1.0,1000,4,2,1,0,2048,1,0.0,1e-08,190.0,1800,1.37634,7446.0,2200.38,2.380273
r03987,0.5,1000,16,2,2,1,2048,1,0.0,1e-08,180.0,1755,1.291,13184.7,4970.613,2.374652
r03988,2.0,1000,16,2,1,0,2048,1,0.0,1e-08,180.0,1755,2.06796,14892.3,4400.651,2.286196
r03989,0.5,1000,8,1,1,0,1024,0,0.0,1e-08,100.0,1440,0.95784,12166.7,673.312,2.492702
r03990,1.0,1000,4,4,1,0,1024,0,0.0,1e-08,100.0,1440,1.18617,8606.0,1903.783,2.462436
r03991,1.0,1000,4,4,2,1,1024,1,0.1,1e-08,105.0,1440,1.10444,5637.3,2906.379,2.506307
r03992,0.5,1000,4,1,1,0,1024,0,0.1,1e-06,100.0,1440,0.82714,8351.1,490.472,2.554023
r03993,2.0,1000,16,2,2,1,2048,0,0.1,1e-08,190.0,1755,2.16119,16597.3,3948.59,2.321898
r03994,1.0,200,4,1,2,1,1024,0,0.0,1e-08,95.0,1440,1.14517,7369.0,555.844,2.55173
r03995,1.0,1000,4,1,2,1,1024,0,0.1,1e-08,100.0,1440,1.2027,7422.5,551.833,2.532427
r03996,1.0,1000,8,1,2,1,2048,1,0.1,1e-08,190.0,1755,1.4134,8808.8,1859.959,2.380136
r03997,2.0,200,8,1,1,0,1024,1,0.0,1e-06,180.0,1800,2.06832,12148.5,674.32,2.46423
r03998,2.0,1000,8,2,2,1,2048,0,0.0,1e-08,180.0,1800,2.03526,12108.8,2706.133,2.316986
r03999,1.0,200,8,4,1,0,2048,0,0.1,1e-08,105.0,1410,1.25123,9793.6,6691.69,2.41659
r04000,1.0,1000,4,1,2,1,2048,1,0.1,1e-08,190.0,1755,1.37697,6506.9,1258.979,2.443855
r04001,1.0,1000,4,4,2,1,1024,0,0.1,1e-08,105.0,1410,1.15678,7344.8,2230.703,2.500251
r04002,0.5,1000,16,4,2,1,1024,1,0.1,1e-08,180.0,1755,1.21105,15833.6,4139.035,2.418421
r04003,1.0,1000,16,4,1,0,1024,1,0.1,1e-08,190.0,1800,1.59723,18195.3,3601.812,2.369875
r04004,0.5,1000,4,4,1,0,2048,1,0.1,1e-08,95.0,1440,0.92309,5714.3,5734.407,2.487214
r04005,1.0,1000,4,2,2,1,1024,0,0.0,1e-08,190.0,1800,1.46198,10089.9,811.903,2.454531
r04006,1.0,1000,4,2,2,1,2048,1,0.0,1e-08,190.0,1755,1.39562,6646.0,2465.238,2.41003
r04007,0.5,200,8,2,2,1,2048,1,0.0,1e-08,190.0,1755,1.20385,9096.7,3602.182,2.431068
r04008,2.0,1000,4,1,1,0,2048,1,0.1,1e-08,105.0,1410,1.68644,5597.6,1463.481,2.438735
r04009,2.0,200,16,1,1,0,1024,1,0.0,1e-08,180.0,1800,2.0029,17838.2,918.48,2.454062
r04010,1.0,200,4,1,2,1,1024,0,0.0,1e-06,100.0,1410,1.17082,7688.1,532.775,2.546596
r04011,0.5,1000,16,4,2,1,2048,0,0.0,1e-08,180.0,1800,1.21728,16904.8,7753.544,2.371955
r04012,1.0,1000,4,4,1,0,1024,0,0.1,1e-08,95.0,1440,1.07416,8337.7,1965.04,2.467069
r04013,1.0,1000,4,2,1,0,1024,0,0.0,1e-08,100.0,1410,1.18201,8473.5,966.78,2.468468
r04014,2.0,1000,16,1,2,1,2048,1,0.0,1e-08,190.0,1755,2.08147,12512.1,2618.906,2.321788
r04015,1.0,200,4,1,2,1,1024,0,0.1,1e-06,105.0,1440,1.16397,7408.8,552.855,2.565172
r04016,1.0,1000,8,4,1,0,2048,1,0.0,1e-08,180.0,1755,1.40177,10539.0,6218.451,2.324908
r04017,0.5,200,16,2,1,0,2048,1,0.1,1e-08,190.0,1755,1.23876,14832.6,4418.364,2.408935
r04018,2.0,1000,16,1,2,1,1024,1,0.0,1e-08,95.0,1440,1.80475,11054.7,1482.09,2.404077
r04019,0.5,200,16,1,2,1,2048,1,0.1,1e-08,180.0,1755,1.26818,12884.0,2543.305,2.450157
r04020,0.5,200,8,1,1,0,1024,0,0.0,1e-08,100.0,1440,0.94931,12200.4,671.451,2.521612
r04021,2.0,1000,8,1,1,0,1024,0,0.0,1e-08,95.0,1440,1.73124,11771.4,695.924,2.413247
r04022,2.0,1000,16,2,2,1,2048,0,0.1,1e-08,105.0,1440,1.75658,11839.3,5535.457,2.359791
r04023,1.0,1000,16,4,1,0,2048,1,0.0,1e-08,180.0,1755,1.49492,15270.1,8583.562,2.314821
r04024,1.0,1000,8,4,2,1,2048,1,0.0,1e-08,180.0,1800,1.42712,9133.9,7175.001,2.33182
r04025,2.0,200,4,4,1,0,1024,0,0.0,1e-08,100.0,1440,1.67006,8594.7,1906.288,2.532742
r04026,1.0,1000,16,2,1,0,2048,0,0.0,1e-08,190.0,1800,1.64071,18233.4,3594.281,2.31311
r04027,0.5,200,4,2,2,1,1024,0,0.0,1e-08,95.0,1440,0.84037,7135.8,1148.011,2.581253
r04028,0.5,1000,16,1,1,0,1024,1,0.1,1e-08,95.0,1440,1.07169,14131.1,1159.426,2.497645
r04029,0.5,1000,4,2,2,1,2048,1,0.0,1e-08,105.0,1410,0.87745,4748.2,3450.558,2.505302
r04030,0.5,200,16,1,2,1,1024,1,0.0,1e-08,95.0,1440,1.06679,11582.0,1414.611,2.518904
r04031,0.5,200,4,4,1,0,1024,0,0.0,1e-08,100.0,1410,0.91723,8151.9,2009.826,2.544119
r04032,0.5,200,16,4,2,1,2048,0,0.1,1e-08,180.0,1800,1.20952,16221.8,8079.998,2.409443
r04033,1.0,200,16,2,1,0,2048,1,0.0,1e-08,180.0,1800,1.54788,14247.3,4599.887,2.355455
r04034,1.0,1000,16,2,2,1,1024,1,0.1,1e-08,105.0,1440,1.25878,11752.3,2788.229,2.435282
r04035,2.0,200,4,4,2,1,1024,0,0.1,1e-06,100.0,1440,1.67428,7343.9,2230.972,2.574946
r04036,1.0,200,4,4,2,1,2048,1,0.0,1e-08,180.0,1755,1.38084,6334.7,5172.818,2.434277
r04037,1.0,1000,16,1,2,1,1024,0,0.0,1e-06,105.0,1410,1.40584,14148.2,1158.029,2.43551
r04038,1.0,200,16,2,1,0,2048,1,0.0,1e-08,190.0,1755,1.57915,15353.8,4268.379,2.350318
r04039,1.0,200,8,4,1,0,2048,1,0.0,1e-08,180.0,1800,1.42367,10464.0,6263.017,2.358123
r04040,1.0,200,4,1,2,1,1024,0,0.0,1e-08,105.0,1410,1.09276,7287.9,562.028,2.552786
r04041,1.0,200,4,4,1,0,1024,0,0.0,1e-08,100.0,1410,1.24096,8395.0,1951.633,2.495956
r04042,1.0,1000,16,1,2,1,1024,1,0.0,1e-06,95.0,1410,1.34905,12425.6,1318.567,2.430804
r04043,0.5,200,4,1,2,1,1024,0,0.0,1e-08,95.0,1410,0.83052,7124.3,574.933,2.603627
r04044,2.0,1000,4,1,1,0,1024,0,0.0,1e-08,100.0,1410,1.79277,8652.5,473.391,2.459353
r04045,2.0,200,4,4,2,1,2048,1,0.1,1e-08,105.0,1410,1.80052,4942.7,6629.545,2.545212
r04046,1.0,1000,16,2,1,0,2048,1,0.0,1e-08,190.0,1800,1.5615,14976.1,4376.036,2.323388
r04047,1.0,200,4,2,1,0,1024,0,0.0,1e-06,105.0,1440,1.13061,8419.8,972.941,2.496069
r04048,0.5,200,16,1,1,0,1024,1,0.1,1e-06,95.0,1440,0.9399,13690.2,1196.773,2.520875
r04049,2.0,1000,4,2,1,0,1024,0,0.0,1e-06,95.0,1440,1.73964,8349.4,981.15,2.442414
r04050,1.0,200,16,1,2,1,2048,1,0.0,1e-08,180.0,1755,1.52652,12920.4,2536.15,2.37814
r04051,2.0,1000,16,4,1,0,1024,1,0.0,1e-06,190.0,1755,2.03093,18714.6,3501.857,2.3181
r04052,1.0,200,16,4,1,0,1024,1,0.1,1e-08,180.0,1755,1.55526,18265.8,3587.911,2.391688
r04053,1.0,200,4,2,1,0,2048,1,0.0,1e-08,100.0,1440,1.14825,5226.9,3134.526,2.459314
r04054,1.0,200,4,1,1,0,2048,1,0.1,1e-08,180.0,1800,1.42115,7361.3,1112.843,2.451499
r04055,0.5,200,4,2,2,1,1024,0,0.1,1e-06,105.0,1410,0.79755,7433.1,1102.096,2.590425
r04056,2.0,1000,16,4,2,1,1024,0,0.0,1e-08,180.0,1755,2.08759,20146.8,3252.923,2.333906
r04057,2.0,1000,16,4,2,1,2048,1,0.1,1e-08,180.0,1800,2.07832,13233.7,9904.446,2.306337
r04058,0.5,1000,4,2,1,0,1024,0,0.0,1e-06,100.0,1440,0.92506,7943.6,1031.274,2.513175
r04059,0.5,1000,4,2,2,1,1024,0,0.0,1e-08,95.0,1440,0.96279,7338.9,1116.241,2.545702
r04060,2.0,1000,8,2,2,1,1024,0,0.1,1e-08,105.0,1440,1.76754,9993.4,1639.476,2.418425
r04061,1.0,200,4,4,2,1,1024,0,0.0,1e-08,100.0,1410,1.14205,7342.6,2231.374,2.516246
r04062,2.0,200,16,1,2,1,2048,1,0.0,1e-08,180.0,1800,2.09793,12268.4,2670.916,2.42658
r04063,1.0,200,4,4,2,1,1024,0,0.0,1e-08,95.0,1410,1.1533,7547.1,2170.908,2.520469
r04064,2.0,1000,16,1,1,0,1024,1,0.0,1e-08,190.0,1800,2.02113,18401.1,890.38,2.356025
r04065,1.0,1000,8,4,2,1,1024,1,0.1,1e-08,190.0,1800,1.49458,10864.9,3015.959,2.392163
r04066,1.0,1000,16,1,2,1,2048,1,0.0,1e-08,100.0,1440,1.28501,9858.5,3323.827,2.401995
r04067,2.0,200,4,4,1,0,1024,0,0.0,1e-08,100.0,1410,1.72284,8605.0,1904.007,2.538437
r04068,1.0,1000,16,1,1,0,1024,1,0.1,1e-08,190.0,1755,1.47263,18548.7,883.297,2.394185
r04069,1.0,200,4,1,2,1,1024,0,0.1,1e-08,105.0,1440,1.17923,7474.7,547.98,2.570061
r04070,1.0,1000,16,1,2,1,2048,1,0.1,1e-08,190.0,1755,1.51003,13604.9,2408.542,2.363597
r04071,1.0,1000,16,1,1,0,2048,1,0.0,1e-08,180.0,1800,1.52983,14804.4,2213.393,2.335762
r04072,0.5,200,8,2,1,0,2048,1,0.0,1e-08,190.0,1755,1.19912,10112.8,3240.255,2.421747
r04073,0.5,200,8,2,1,0,2048,1,0.1,1e-08,190.0,1755,1.14704,10241.1,3199.653,2.421359
r04074,2.0,1000,8,2,2,1,2048,1,0.1,1e-08,95.0,1410,1.76607,6739.7,4861.97,2.375949
r04075,2.0,1000,4,4,2,1,1024,0,0.1,1e-06,105.0,1440,1.63091,7477.7,2191.045,2.477615
r04076,2.0,1000,16,2,1,0,2048,1,0.1,1e-08,180.0,1800,2.14095,14992.3,4371.299,2.313727
r04077,2.0,1000,8,2,1,0,1024,0,0.0,1e-06,190.0,1800,2.02024,16071.4,1019.45,2.354435
r04078,0.5,200,8,2,2,1,1024,0,0.1,1e-06,95.0,1410,0.95417,10400.2,1575.358,2.523563
r04079,1.0,1000,4,1,2,1,1024,0,0.1,1e-06,100.0,1440,1.19863,7595.3,539.277,2.526394
r04080,0.5,200,8,2,2,1,1024,1,0.0,1e-08,180.0,1800,1.1721,11510.9,1423.351,2.471769
r04081,1.0,200,4,2,1,0,2048,1,0.1,1e-08,105.0,1410,1.22688,5185.5,3159.561,2.470908
r04082,1.0,200,16,2,1,0,2048,1,0.1,1e-08,180.0,1800,1.64965,14310.6,4579.546,2.369491
r04083,1.0,200,8,2,1,0,2048,1,0.0,1e-08,190.0,1755,1.40834,10440.8,3138.45,2.362291
r04084,0.5,1000,4,4,2,1,2048,1,0.0,1e-08,105.0,1440,0.85332,4864.4,6736.276,2.50215
r04085,2.0,200,16,2,1,0,2048,1,0.0,1e-08,180.0,1800,2.02572,15054.3,4353.319,2.386954
r04086,1.0,1000,16,2,1,0,2048,1,0.0,1e-08,190.0,1800,1.54114,15666.3,4183.259,2.319935
r04087,2.0,1000,16,4,1,0,2048,0,0.1,1e-08,105.0,1410,1.78858,14309.4,9159.857,2.343613
r04088,1.0,1000,16,2,1,0,1024,1,0.0,1e-08,190.0,1800,1.54359,18791.8,1743.74,2.362238
r04089,1.0,1000,16,4,2,1,1024,0,0.0,1e-06,180.0,1755,1.45377,19273.8,3400.261,2.352806
r04090,2.0,1000,16,2,1,0,2048,0,0.0,1e-08,190.0,1800,2.00069,18344.4,3572.528,2.292366
r04091,0.5,1000,4,4,1,0,1024,0,0.0,1e-06,105.0,1440,0.89286,8266.2,1982.041,2.506813
r04092,2.0,1000,4,2,2,1,1024,0,0.1,1e-06,105.0,1440,1.67483,6991.5,1171.703,2.476595
r04093,0.5,1000,16,2,1,0,2048,0,0.0,1e-08,190.0,1800,1.27133,18247.5,3591.499,2.366879
r04094,0.5,1000,16,4,1,0,1024,0,0.1,1e-08,105.0,1440,1.04841,17313.2,3785.312,2.468801
r04095,1.0,1000,4,2,2,1,1024,0,0.0,1e-06,190.0,1800,1.41746,9680.8,846.211,2.44773
r04096,2.0,1000,8,1,2,1,1024,0,0.0,1e-06,105.0,1440,1.78617,10237.7,800.18,2.429919
r04097,1.0,1000,8,1,1,0,1024,0,0.1,1e-08,100.0,1440,1.12363,11914.8,687.549,2.457698
r04098,0.5,1000,16,2,1,0,2048,0,0.0,1e-08,190.0,1755,1.30341,18652.1,3513.603,2.369411
r04099,1.0,200,4,1,2,1,1024,0,0.0,1e-08,105.0,1440,1.07542,7362.5,556.331,2.549307
r04100,1.0,1000,4,1,1,0,1024,0,0.1,1e-06,190.0,1755,1.46676,11509.3,355.887,2.457706
r04101,0.5,200,16,1,1,0,2048,1,0.0,1e-08,95.0,1410,0.9674,11857.6,2763.466,2.471997
r04102,0.5,1000,4,1,1,0,1024,0,0.1,1e-08,100.0,1440,0.91011,8453.6,484.528,2.553196
r04103,0.5,200,16,1,2,1,2048,1,0.1,1e-08,180.0,1755,1.17645,12730.4,2574.005,2.445054
r04104,2.0,1000,16,1,1,0,2048,0,0.0,1e-08,180.0,1755,2.09183,18279.0,1792.657,2.319956
r04105,1.0,200,16,1,2,1,1024,0,0.0,1e-08,105.0,1410,1.3574,15076.0,1086.763,2.464892
r04106,2.0,1000,4,1,1,0,2048,1,0.0,1e-08,190.0,1800,1.9546,7685.9,1065.855,2.384837
r04107,2.0,200,8,2,2,1,1024,0,0.0,1e-08,100.0,1440,1.80717,10673.8,1534.972,2.507866
r04108,1.0,1000,16,1,1,0,2048,0,0.0,1e-08,180.0,1755,1.48093,18185.2,1801.909,2.341909
r04109,1.0,1000,4,2,1,0,1024,1,0.0,1e-08,100.0,1410,1.17307,7140.6,1147.239,2.46206
r04110,2.0,1000,16,4,2,1,2048,1,0.1,1e-08,180.0,1800,2.05607,13242.0,9898.219,2.313257
r04111,2.0,1000,8,2,1,0,1024,0,0.1,1e-08,100.0,1410,1.74134,11662.1,1404.892,2.407376
r04112,1.0,200,16,1,2,1,1024,1,0.1,1e-08,100.0,1440,1.27419,12420.2,1319.144,2.478029
r04113,1.0,1000,4,1,1,0,2048,0,0.1,1e-08,100.0,1410,1.17168,6749.4,1213.743,2.462609
r04114,1.0,1000,4,4,2,1,1024,1,0.0,1e-06,105.0,1410,1.10824,6129.5,2672.989,2.487257
r04115,0.5,1000,8,2,2,1,2048,1,0.1,1e-08,100.0,1410,0.92853,6935.2,4724.858,2.454753
r04116,1.0,200,16,1,2,1,1024,1,0.0,1e-08,180.0,1755,1.57574,16342.1,1002.563,2.419636
r04117,2.0,200,8,1,1,0,2048,1,0.1,1e-08,180.0,1755,2.0294,10901.3,1502.937,2.438964
r04118,1.0,1000,4,2,1,0,1024,0,0.0,1e-08,105.0,1410,1.13158,8101.5,1011.165,2.463429
r04119,2.0,1000,16,1,2,1,1024,1,0.0,1e-08,100.0,1410,1.82393,11700.7,1400.261,2.41052
r04120,0.5,1000,16,1,2,1,2048,0,0.0,1e-08,190.0,1755,1.36819,15339.2,2136.229,2.401818
r04121,2.0,200,4,2,1,0,2048,1,0.1,1e-08,100.0,1410,1.75347,5607.2,2921.964,2.525735
r04122,2.0,200,8,1,1,0,1024,0,0.0,1e-06,190.0,1800,2.02912,16015.6,511.502,2.45709
r04123,0.5,1000,4,4,2,1,1024,0,0.0,1e-08,95.0,1410,0.84378,7578.4,2161.923,2.537863
r04124,1.0,1000,8,2,1,0,2048,0,0.0,1e-08,180.0,1800,1.45311,13193.0,2483.747,2.32605
r04125,1.0,1000,16,2,1,0,1024,0,0.0,1e-08,95.0,1410,1.23762,16872.0,1942.15,2.410721
r04126,1.0,1000,16,2,1,0,1024,1,0.0,1e-08,180.0,1800,1.53149,17747.5,1846.346,2.355825
r04127,1.0,200,16,1,2,1,1024,1,0.0,1e-06,95.0,1440,1.28654,11711.2,1398.997,2.460608
r04128,1.0,200,4,2,1,0,1024,0,0.0,1e-06,95.0,1440,1.19606,8517.3,961.808,2.498709
r04129,1.0,1000,4,4,1,0,1024,0,0.0,1e-06,95.0,1440,1.16317,8467.1,1935.026,2.447147
r04130,1.0,1000,8,1,2,1,1024,1,0.1,1e-08,105.0,1410,1.2405,8267.4,990.88,2.460331
r04131,2.0,1000,8,4,2,1,1024,0,0.0,1e-06,100.0,1440,1.73542,10486.0,3124.929,2.388846
r04132,0.5,1000,4,2,2,1,1024,0,0.0,1e-08,95.0,1410,0.84972,7445.1,1100.319,2.540015
r04133,2.0,200,4,1,2,1,2048,1,0.1,1e-08,95.0,1410,1.70873,4939.7,1658.416,2.568702
r04134,0.5,200,16,1,2,1,1024,1,0.0,1e-06,190.0,1755,1.22006,15618.5,1049.015,2.466876
r04135,1.0,200,4,4,1,0,1024,0,0.0,1e-06,95.0,1440,1.11182,8707.5,1881.597,2.483527
r04136,1.0,200,8,2,2,1,1024,0,0.0,1e-08,105.0,1440,1.14403,10668.1,1535.794,2.456078
r04137,2.0,200,8,1,1,0,1024,0,0.1,1e-06,105.0,1440,1.77545,12698.6,645.112,2.525218
r04138,1.0,1000,4,2,2,1,1024,1,0.0,1e-06,100.0,1440,1.18565,5871.3,1395.253,2.495293
r04139,0.5,1000,4,1,1,0,1024,0,0.1,1e-08,95.0,1410,0.87035,8509.5,481.345,2.557199
r04140,2.0,1000,16,4,1,0,2048,1,0.0,1e-08,190.0,1755,2.07969,14891.9,8801.571,2.283796
r04141,0.5,1000,4,2,2,1,1024,0,0.1,1e-08,100.0,1410,0.83909,7353.8,1113.987,2.560247
r04142,1.0,200,16,1,1,0,2048,0,0.1,1e-08,190.0,1755,1.58968,19167.9,1709.521,2.393512
r04143,2.0,1000,16,2,1,0,2048,1,0.0,1e-08,190.0,1800,2.12682,14601.1,4488.442,2.287043
r04144,2.0,1000,4,1,2,1,1024,0,0.1,1e-08,105.0,1440,1.69083,7128.0,574.637,2.50486
r04145,1.0,1000,16,2,2,1,2048,1,0.0,1e-08,180.0,1755,1.54694,13695.5,4785.234,2.335224
r04146,2.0,1000,8,1,1,0,1024,0,0.1,1e-08,105.0,1410,1.71336,12157.3,673.831,2.427731
r04147,1.0,1000,8,1,1,0,1024,0,0.0,1e-08,95.0,1440,1.18733,11879.7,689.58,2.442771
r04148,0.5,1000,8,2,1,0,2048,1,0.1,1e-08,180.0,1800,1.20879,10486.2,3124.87,2.397316
r04149,0.5,1000,4,4,2,1,2048,1,0.1,1e-08,95.0,1410,0.88284,4939.5,6633.829,2.515189
r04150,0.5,1000,8,1,1,0,1024,0,0.0,1e-08,100.0,1410,0.94873,12276.2,667.31,2.486281
r04151,2.0,1000,8,2,1,0,2048,1,0.1,1e-08,95.0,1410,1.7174,8044.8,4073.214,2.366599
r04152,1.0,200,8,4,1,0,1024,0,0.0,1e-06,190.0,1800,1.38706,15428.3,2123.887,2.39173
r04153,2.0,200,4,2,2,1,1024,0,0.0,1e-08,105.0,1410,1.68382,7177.3,1141.377,2.584335
r04154,1.0,200,4,4,1,0,1024,0,0.1,1e-08,105.0,1410,1.06304,8684.9,1886.499,2.507569
r04155,2.0,200,16,4,2,1,1024,1,0.1,1e-08,105.0,1440,1.8178,11360.9,5768.542,2.501809
r04156,2.0,1000,4,4,1,0,2048,1,0.0,1e-08,95.0,1410,1.63969,5566.2,5886.976,2.393299
r04157,1.0,1000,8,1,2,1,1024,0,0.0,1e-08,100.0,1440,1.22933,10065.3,813.887,2.458194
r04158,2.0,1000,8,1,1,0,2048,1,0.1,1e-08,100.0,1440,1.73455,7737.7,2117.413,2.38881
r04159,1.0,1000,16,4,1,0,1024,1,0.0,1e-06,95.0,1410,1.30499,12944.6,5062.802,2.394613
r04160,2.0,200,8,1,1,0,1024,0,0.0,1e-08,100.0,1440,1.85725,12374.6,662.002,2.522154
r04161,2.0,200,4,1,2,1,1024,0,0.0,1e-06,100.0,1410,1.80725,7282.8,562.423,2.59612
r04162,2.0,1000,16,1,1,0,2048,1,0.0,1e-08,180.0,1800,2.00279,14814.8,2211.849,2.307952
r04163,1.0,200,8,2,1,0,2048,1,0.1,1e-08,105.0,1440,1.17554,8058.1,4066.462,2.43401
r04164,1.0,1000,8,4,2,1,1024,0,0.1,1e-08,95.0,1410,1.18478,10024.7,3268.712,2.434505
r04165,0.5,1000,4,4,2,1,1024,0,0.1,1e-06,105.0,1410,0.92837,7187.7,2279.454,2.551427
r04166,0.5,1000,16,1,1,0,2048,1,0.0,1e-08,180.0,1755,1.23229,14291.3,2292.86,2.391498
r04167,1.0,200,8,2,2,1,1024,0,0.1,1e-08,100.0,1410,1.27846,10565.0,1550.785,2.475182
r04168,0.5,200,16,1,1,0,1024,1,0.0,1e-08,180.0,1800,1.23562,17705.4,925.365,2.464595
r04169,1.0,1000,4,4,1,0,2048,1,0.0,1e-08,105.0,1410,1.16736,5580.1,5872.345,2.418797
r04170,1.0,200,8,1,2,1,1024,0,0.0,1e-08,100.0,1410,1.12312,10341.4,792.158,2.476808
r04171,1.0,1000,16,1,2,1,1024,1,0.0,1e-08,180.0,1800,1.56327,16024.6,1022.43,2.395281
r04172,0.5,200,4,1,2,1,1024,0,0.1,1e-08,100.0,1410,0.96261,7674.0,533.748,2.623803
r04173,2.0,1000,4,4,1,0,1024,0,0.1,1e-08,105.0,1440,1.69248,8365.1,1958.62,2.446491
r04174,0.5,1000,8,2,1,0,1024,0,0.1,1e-06,100.0,1410,0.99941,11339.7,1444.833,2.481212
r04175,2.0,1000,4,1,1,0,1024,0,0.0,1e-08,100.0,1440,1.71627,8678.3,471.981,2.459541
r04176,1.0,200,8,4,2,1,1024,0,0.1,1e-08,100.0,1440,1.12254,10535.7,3110.185,2.465774
r04177,2.0,1000,16,1,2,1,2048,0,0.0,1e-08,180.0,1800,2.0244,16414.3,1996.302,2.318749
r04178,1.0,1000,4,1,1,0,1024,0,0.0,1e-06,95.0,1410,1.19569,8739.6,468.671,2.487506
r04179,1.0,1000,4,2,2,1,1024,0,0.1,1e-06,95.0,1410,1.13557,7463.5,1097.614,2.501212
r04180,0.5,1000,4,4,2,1,1024,0,0.0,1e-08,95.0,1440,0.83282,6718.5,2438.652,2.544194
r04181,2.0,200,4,1,1,0,2048,1,0.0,1e-08,100.0,1440,1.69503,5465.1,1498.972,2.523337
r04182,2.0,200,8,1,2,1,1024,0,0.0,1e-08,100.0,1410,1.6958,10831.0,756.35,2.5275
r04183,1.0,200,4,1,1,0,2048,1,0.1,1e-08,95.0,1410,1.13984,5481.5,1494.488,2.491377
r04184,1.0,1000,4,4,1,0,1024,0,0.0,1e-08,95.0,1440,1.19098,8041.4,2037.444,2.456002
r04185,1.0,1000,8,2,2,1,1024,0,0.1,1e-08,180.0,1800,1.40147,14677.9,1116.235,2.392452
r04186,0.5,1000,16,2,2,1,1024,1,0.0,1e-08,190.0,1755,1.29983,16746.3,1956.726,2.420032
r04187,1.0,200,16,2,1,0,2048,1,0.1,1e-08,190.0,1800,1.49733,15569.0,4209.385,2.364169
r04188,0.5,200,8,1,2,1,1024,0,0.0,1e-08,190.0,1755,1.12058,14275.1,573.868,2.483283
r04189,1.0,1000,16,2,2,1,2048,1,0.0,1e-08,190.0,1800,1.52739,13135.0,4989.424,2.326314
r04190,1.0,1000,4,2,1,0,1024,0,0.0,1e-08,100.0,1410,1.12276,8145.9,1005.655,2.468986
r04191,2.0,200,16,2,2,1,2048,1,0.0,1e-08,180.0,1800,2.0917,12590.4,5205.25,2.403661
r04192,0.5,1000,8,4,1,0,1024,0,0.0,1e-06,105.0,1440,0.93855,11823.4,2771.445,2.452969
r04193,0.5,1000,8,1,1,0,1024,0,0.1,1e-08,95.0,1440,0.98418,12071.2,678.639,2.51513
r04194,1.0,200,4,2,1,0,1024,0,0.1,1e-06,100.0,1440,1.15894,8327.4,983.746,2.508009
r04195,1.0,1000,4,2,2,1,1024,0,0.0,1e-08,95.0,1410,1.09543,7065.5,1159.432,2.500255
r04196,0.5,1000,16,4,2,1,1024,0,0.0,1e-06,95.0,1410,1.02285,15118.9,4334.713,2.454145
r04197,1.0,1000,8,1,2,1,2048,0,0.0,1e-08,190.0,1800,1.43988,11546.3,1418.983,2.365232
r04198,1.0,1000,8,1,1,0,1024,0,0.0,1e-06,100.0,1410,1.25937,12268.8,667.712,2.442074
r04199,2.0,1000,8,4,1,0,1024,0,0.1,1e-08,105.0,1440,1.8053,11976.8,2735.961,2.406569
r04200,1.0,200,4,2,2,1,1024,0,0.1,1e-08,105.0,1410,1.04745,7546.4,1085.555,2.535764
r04201,2.0,200,16,4,2,1,2048,0,0.1,1e-08,100.0,1410,1.8292,11451.7,11445.588,2.460664
r04202,1.0,1000,4,4,2,1,1024,0,0.0,1e-06,95.0,1410,1.20108,7263.4,2255.706,2.480923
r04203,1.0,1000,4,4,1,0,1024,1,0.1,1e-08,100.0,1410,1.22399,6698.7,2445.84,2.477883
r04204,2.0,1000,16,2,2,1,1024,1,0.0,1e-08,105.0,1440,1.75009,12256.7,2673.475,2.386647
r04205,2.0,1000,8,4,2,1,2048,1,0.1,1e-08,190.0,1800,1.96739,8680.6,7549.749,2.321149
r04206,2.0,1000,8,2,2,1,1024,1,0.0,1e-08,105.0,1410,1.77766,8088.9,2025.492,2.402016
r04207,1.0,200,8,2,1,0,2048,1,0.1,1e-08,180.0,1755,1.53384,10231.6,3202.641,2.380054
r04208,1.0,200,16,2,2,1,1024,1,0.1,1e-08,180.0,1755,1.54499,16208.8,2021.623,2.407827
r04209,2.0,1000,16,1,2,1,2048,1,0.1,1e-08,180.0,1800,2.06581,12950.1,2530.335,2.336798
r04210,2.0,1000,8,1,1,0,1024,0,0.1,1e-08,105.0,1440,1.75542,12572.4,651.584,2.43268
r04211,2.0,1000,16,2,1,0,2048,1,0.0,1e-08,180.0,1800,2.11518,14323.9,4575.277,2.2961
r04212,2.0,1000,4,1,1,0,1024,0,0.1,1e-08,105.0,1440,1.65195,8718.6,469.799,2.476224
r04213,2.0,200,16,2,2,1,2048,1,0.0,1e-08,180.0,1800,2.12738,12772.9,5130.864,2.407053
r04214,0.5,1000,4,1,2,1,1024,0,0.1,1e-08,100.0,1410,0.83529,7347.9,557.439,2.585958
r04215,2.0,1000,16,1,1,0,2048,1,0.0,1e-08,180.0,1755,2.05083,14280.1,2294.661,2.316154
r04216,1.0,1000,4,1,1,0,2048,0,0.0,1e-08,95.0,1410,1.11009,6687.9,1224.906,2.449557
r04217,2.0,1000,16,4,2,1,1024,1,0.0,1e-06,180.0,1800,2.1987,15783.9,4152.07,2.336328
r04218,2.0,200,8,1,2,1,1024,0,0.0,1e-06,100.0,1410,1.87175,10259.7,798.462,2.522071
r04219,1.0,1000,4,2,2,1,2048,0,0.0,1e-08,100.0,1440,1.14132,6192.8,2645.635,2.453227
r04220,2.0,200,16,2,1,0,2048,1,0.0,1e-08,190.0,1755,2.10158,15048.5,4354.979,2.391804
r04221,1.0,200,4,2,1,0,1024,0,0.0,1e-06,100.0,1440,1.16981,8800.5,930.86,2.499249
r04222,0.5,1000,4,2,1,0,1024,0,0.0,1e-06,105.0,1410,0.86949,8336.7,982.642,2.515474
r04223,1.0,200,4,1,2,1,1024,0,0.0,1e-06,95.0,1440,1.0305,7073.0,579.102,2.535862
r04224,1.0,1000,8,1,1,0,1024,0,0.0,1e-08,105.0,1410,1.13523,12234.6,669.576,2.446023
r04225,2.0,200,8,4,2,1,1024,0,0.0,1e-06,105.0,1410,1.84588,10412.3,3147.048,2.496629
r04226,0.5,200,8,1,2,1,1024,0,0.1,1e-06,95.0,1410,0.93086,10676.9,767.266,2.548869
r04227,2.0,1000,8,2,1,0,1024,0,0.0,1e-06,100.0,1410,1.72993,11571.0,1415.958,2.38718
r04228,1.0,1000,4,2,1,0,2048,1,0.0,1e-08,95.0,1440,1.15586,5839.1,2805.908,2.431834
r04229,2.0,1000,8,2,2,1,2048,0,0.0,1e-08,190.0,1800,2.00321,11227.6,2918.535,2.314707
r04230,1.0,1000,4,2,2,1,1024,0,0.0,1e-06,100.0,1410,1.17848,7413.9,1104.95,2.492861
r04231,0.5,200,16,1,2,1,2048,1,0.1,1e-08,190.0,1755,1.2887,12747.1,2570.626,2.450938
r04232,0.5,200,16,2,2,1,2048,1,0.1,1e-08,180.0,1800,1.28735,13303.6,4926.176,2.424488
r04233,2.0,1000,8,4,1,0,2048,0,0.1,1e-08,190.0,1800,2.05632,13102.7,5001.728,2.311602
r04234,0.5,1000,16,4,1,0,2048,1,0.0,1e-08,190.0,1755,1.31666,14428.9,9084.012,2.366207
r04235,1.0,200,8,1,2,1,1024,0,0.1,1e-08,100.0,1440,1.21612,10303.4,795.08,2.497996
r04236,2.0,200,8,1,2,1,1024,1,0.0,1e-08,180.0,1800,2.14075,11379.5,719.893,2.490439
r04237,1.0,200,8,2,1,0,1024,0,0.1,1e-08,105.0,1440,1.30107,11747.4,1394.69,2.463498
r04238,1.0,1000,4,1,1,0,2048,0,0.0,1e-08,95.0,1410,1.09643,7044.0,1162.976,2.449869
r04239,2.0,200,16,2,2,1,2048,0,0.0,1e-08,180.0,1755,2.08997,16881.8,3882.052,2.406961
r04240,2.0,200,8,2,2,1,2048,1,0.1,1e-08,95.0,1410,1.75961,6694.2,4894.954,2.485154
r04241,2.0,200,4,1,2,1,2048,1,0.1,1e-08,180.0,1755,1.98355,6366.1,1286.814,2.52528
r04242,2.0,1000,16,4,2,1,2048,1,0.0,1e-08,180.0,1800,1.987,12356.2,10607.75,2.293299
r04243,2.0,1000,16,4,2,1,1024,1,0.0,1e-08,180.0,1800,2.1055,16026.9,4089.117,2.340781
r04244,0.5,200,8,1,2,1,2048,1,0.0,1e-08,190.0,1800,1.20894,9408.7,1741.362,2.449869
r04245,1.0,200,8,1,1,0,2048,1,0.1,1e-08,190.0,1755,1.46945,11035.4,1484.677,2.404509
r04246,0.5,1000,4,1,1,0,1024,0,0.0,1e-06,95.0,1440,0.91124,8714.4,470.026,2.536318
r04247,1.0,200,4,1,1,0,1024,0,0.0,1e-06,100.0,1410,1.184,8406.8,487.223,2.515211
r04248,1.0,1000,4,1,1,0,2048,1,0.1,1e-08,95.0,1410,1.17006,5458.4,1500.811,2.465806
r04249,0.5,1000,8,1,1,0,1024,0,0.0,1e-08,100.0,1410,1.0119,11424.6,717.05,2.494341
r04250,1.0,1000,4,2,1,0,2048,1,0.1,1e-08,95.0,1410,1.05967,5509.0,2974.063,2.443181
r04251,1.0,1000,16,4,2,1,2048,0,0.1,1e-08,180.0,1755,1.56764,15220.6,8611.496,2.336825
r04252,2.0,1000,16,1,1,0,2048,1,0.1,1e-08,95.0,1440,1.76601,11497.7,2849.958,2.369685
r04253,1.0,200,4,1,1,0,1024,0,0.0,1e-08,105.0,1440,1.21501,8763.3,467.405,2.518901
r04254,1.0,1000,16,4,2,1,2048,0,0.1,1e-08,190.0,1755,1.57805,16118.4,8131.839,2.339295
r04255,0.5,200,4,4,1,0,1024,0,0.1,1e-08,95.0,1440,0.88002,8605.5,1903.907,2.562502
r04256,1.0,1000,8,1,1,0,1024,0,0.0,1e-08,95.0,1410,1.25171,12255.8,668.416,2.444537
r04257,1.0,1000,16,4,1,0,1024,1,0.0,1e-06,180.0,1800,1.52442,18209.1,3599.077,2.348708
r04258,2.0,1000,4,2,1,0,1024,0,0.1,1e-08,100.0,1440,1.73215,8204.3,998.5,2.465929
r04259,2.0,1000,4,1,1,0,2048,0,0.0,1e-08,105.0,1440,1.71114,6679.1,1226.507,2.425712
r04260,2.0,1000,16,1,1,0,2048,1,0.0,1e-08,105.0,1410,1.89973,11084.2,2956.273,2.361561
r04261,1.0,200,16,2,2,1,2048,0,0.0,1e-08,105.0,1410,1.29267,12131.6,5402.09,2.408332
r04262,1.0,200,16,1,2,1,1024,1,0.0,1e-08,100.0,1410,1.27289,12029.4,1361.995,2.468893
r04263,0.5,1000,8,4,2,1,1024,1,0.0,1e-06,100.0,1440,0.90861,8622.4,3800.334,2.465187
r04264,1.0,1000,4,1,1,0,1024,0,0.1,1e-08,95.0,1440,1.1031,8615.4,475.429,2.506171
r04265,1.0,200,16,2,2,1,1024,1,0.0,1e-06,95.0,1440,1.34415,12141.5,2698.849,2.449795
r04266,1.0,1000,4,2,1,0,1024,0,0.0,1e-08,105.0,1410,1.14986,8246.2,993.427,2.459704
r04267,2.0,1000,4,1,2,1,2048,1,0.1,1e-08,105.0,1440,1.69807,4570.1,1792.535,2.47541
r04268,0.5,200,4,1,2,1,2048,1,0.0,1e-08,105.0,1440,0.7726,4876.1,1680.046,2.552458
r04269,2.0,200,8,4,1,0,1024,0,0.1,1e-08,95.0,1440,1.81127,11702.2,2800.166,2.501294
r04270,1.0,200,4,1,2,1,2048,0,0.0,1e-08,100.0,1410,1.20362,6043.3,1355.556,2.515704
r04271,2.0,1000,16,1,2,1,2048,0,0.0,1e-08,190.0,1800,2.05597,16276.6,2013.197,2.32619
r04272,1.0,200,8,2,2,1,1024,0,0.1,1e-06,95.0,1440,1.17185,10658.9,1537.116,2.470847
r04273,2.0,1000,8,2,1,0,2048,0,0.1,1e-08,105.0,1410,1.79575,9861.1,3322.942,2.371603
r04274,2.0,200,8,2,2,1,1024,0,0.0,1e-06,95.0,1410,1.7959,9963.0,1644.484,2.502315
r04275,1.0,1000,8,1,1,0,1024,0,0.1,1e-08,100.0,1410,1.15377,12222.5,670.237,2.449969
r04276,2.0,200,4,2,2,1,1024,0,0.0,1e-08,100.0,1440,1.73348,7612.5,1076.127,2.571931
r04277,1.0,200,8,1,2,1,1024,0,0.1,1e-08,100.0,1440,1.2426,10305.3,794.929,2.500731
r04278,1.0,200,8,1,1,0,1024,0,0.0,1e-06,100.0,1410,1.21726,12144.8,674.527,2.46996
r04279,2.0,200,16,2,1,0,1024,1,0.0,1e-08,95.0,1410,1.8643,12903.0,2539.572,2.479148
r04280,1.0,1000,16,4,1,0,2048,0,0.1,1e-08,180.0,1755,1.54172,17946.9,7303.342,2.32723
r04281,0.5,200,4,1,1,0,2048,1,0.1,1e-08,100.0,1440,0.92027,5583.7,1467.135,2.550023
r04282,2.0,1000,8,2,1,0,1024,1,0.1,1e-08,180.0,1755,2.08933,12714.6,1288.594,2.372335
r04283,1.0,1000,8,2,2,1,1024,0,0.0,1e-06,95.0,1410,1.15013,10264.1,1596.245,2.420439
r04284,1.0,200,8,4,1,0,2048,1,0.1,1e-08,95.0,1410,1.26717,7747.8,8458.664,2.415397
r04285,2.0,1000,4,4,2,1,1024,0,0.0,1e-06,95.0,1440,1.71192,7487.9,2188.05,2.462395
r04286,0.5,1000,16,1,2,1,1024,1,0.0,1e-06,95.0,1440,0.931,11823.6,1385.7,2.483346
r04287,1.0,1000,4,2,1,0,1024,1,0.1,1e-06,100.0,1440,1.13295,7025.7,1166.006,2.483583
r04288,1.0,200,16,2,1,0,2048,1,0.1,1e-08,180.0,1800,1.52892,14962.3,4380.079,2.369216
r04289,1.0,200,4,2,2,1,1024,0,0.0,1e-06,105.0,1440,1.15599,7155.5,1144.855,2.523495
r04290,1.0,200,4,2,2,1,2048,1,0.0,1e-08,105.0,1440,1.22426,4966.2,3299.115,2.498858
r04291,1.0,1000,4,1,2,1,1024,1,0.1,1e-06,100.0,1410,1.12494,5643.2,725.826,2.5288
r04292,2.0,1000,4,1,1,0,1024,0,0.0,1e-08,105.0,1410,1.68388,8999.2,455.153,2.461197
r04293,0.5,200,4,1,2,1,1024,0,0.0,1e-08,105.0,1440,0.82044,7816.0,524.055,2.599543
r04294,1.0,1000,8,2,1,0,1024,0,0.0,1e-08,100.0,1440,1.07072,11954.3,1370.553,2.415381
r04295,0.5,1000,8,1,1,0,1024,0,0.1,1e-06,180.0,1800,1.16696,16285.6,503.023,2.456243
r04296,2.0,1000,4,4,2,1,1024,0,0.1,1e-08,105.0,1410,1.73987,7559.3,2167.408,2.477862
r04297,1.0,1000,16,4,2,1,2048,1,0.1,1e-08,190.0,1800,1.67019,13317.9,9841.819,2.340636
r04298,1.0,200,16,1,1,0,1024,0,0.1,1e-06,180.0,1755,1.52812,21825.1,750.696,2.420643
r04299,0.5,1000,8,1,1,0,2048,1,0.0,1e-08,100.0,1410,0.90644,8016.7,2043.732,2.452449
r04300,1.0,1000,8,4,2,1,2048,1,0.0,1e-08,180.0,1800,1.45668,9103.4,7199.055,2.336188
r04301,1.0,1000,16,1,2,1,1024,1,0.0,1e-08,180.0,1755,1.54626,16225.3,1009.78,2.391909
r04302,0.5,1000,8,4,2,1,2048,1,0.0,1e-08,190.0,1755,1.18001,9185.1,7135.067,2.393358
r04303,1.0,1000,4,1,1,0,1024,0,0.0,1e-06,100.0,1440,1.26009,8158.7,502.039,2.491603
r04304,2.0,1000,8,1,1,0,1024,0,0.0,1e-06,100.0,1410,1.70247,11763.2,696.408,2.406107
r04305,0.5,1000,4,2,1,0,2048,1,0.1,1e-08,95.0,1440,0.84512,5460.7,3000.326,2.499795
r04306,0.5,1000,16,2,1,0,2048,1,0.1,1e-08,180.0,1755,1.28616,14846.2,4414.335,2.387449
r04307,1.0,1000,8,2,2,1,1024,0,0.0,1e-08,95.0,1440,1.17902,10157.4,1613.009,2.431865
r04308,1.0,200,16,1,2,1,1024,1,0.0,1e-08,180.0,1800,1.49344,16278.1,1006.507,2.425319
r04309,0.5,1000,16,2,2,1,2048,1,0.0,1e-08,180.0,1755,1.22196,12325.3,5317.196,2.37983
r04310,2.0,1000,8,1,2,1,1024,0,0.0,1e-08,190.0,1755,1.99756,13507.8,606.465,2.381284
r04311,1.0,200,4,1,1,0,1024,0,0.0,1e-08,105.0,1410,1.16646,8349.2,490.585,2.527761
r04312,1.0,200,16,2,2,1,2048,0,0.0,1e-08,180.0,1755,1.44664,16489.9,3974.307,2.357169
r04313,2.0,200,8,2,2,1,1024,0,0.0,1e-06,105.0,1440,1.73647,10770.4,1521.21,2.500333
r04314,0.5,1000,8,1,2,1,2048,0,0.0,1e-08,180.0,1755,1.20909,11112.9,1474.325,2.420577
r04315,1.0,1000,8,2,2,1,2048,1,0.0,1e-08,100.0,1440,1.14039,6698.9,4891.585,2.387973
r04316,1.0,1000,4,4,1,0,1024,0,0.0,1e-06,95.0,1440,1.1696,8622.6,1900.134,2.455697
r04317,0.5,1000,4,1,1,0,1024,0,0.0,1e-06,190.0,1755,1.0996,11608.6,352.842,2.491417
r04318,2.0,200,16,1,1,0,1024,1,0.1,1e-08,180.0,1800,2.02475,18370.9,891.846,2.466458
r04319,0.5,1000,4,1,1,0,1024,0,0.0,1e-08,95.0,1410,0.89628,8399.5,487.649,2.541894
r04320,1.0,1000,8,2,1,0,1024,0,0.1,1e-08,105.0,1410,1.18904,11675.3,1403.306,2.435181
r04321,1.0,200,16,4,1,0,2048,1,0.0,1e-08,180.0,1800,1.54146,14668.3,8935.754,2.341248
r04322,2.0,200,4,4,2,1,1024,0,0.0,1e-08,100.0,1440,1.67909,7214.4,2271.028,2.563011
r04323,1.0,200,8,4,2,1,2048,1,0.0,1e-08,190.0,1755,1.47735,9614.2,6816.619,2.367384
r04324,2.0,200,8,4,1,0,2048,0,0.1,1e-08,190.0,1800,1.974,13360.7,4905.147,2.409397
r04325,2.0,200,4,1,2,1,1024,0,0.0,1e-08,105.0,1440,1.73321,7444.1,550.236,2.592515
r04326,1.0,1000,16,1,2,1,1024,1,0.0,1e-08,190.0,1755,1.62816,16223.8,1009.874,2.398333
r04327,0.5,1000,4,2,1,0,1024,0,0.0,1e-06,95.0,1410,1.01893,8307.4,986.114,2.522318
r04328,2.0,200,8,2,2,1,2048,1,0.0,1e-08,180.0,1800,1.9647,8999.4,3641.15,2.414272
r04329,0.5,1000,16,1,1,0,1024,1,0.0,1e-08,190.0,1755,1.27386,18630.0,879.441,2.431279
r04330,0.5,1000,8,4,1,0,1024,0,0.1,1e-08,105.0,1440,0.93317,11985.0,2734.079,2.47548
r04331,0.5,1000,16,1,2,1,2048,1,0.0,1e-08,190.0,1755,1.36515,13231.8,2476.459,2.411307
r04332,1.0,1000,4,1,1,0,1024,0,0.0,1e-06,100.0,1410,1.09764,8636.7,474.254,2.478974
r04333,1.0,1000,8,4,1,0,2048,1,0.0,1e-08,190.0,1800,1.3924,10570.7,6199.767,2.328748
r04334,1.0,1000,16,1,1,0,2048,1,0.1,1e-08,190.0,1755,1.4677,14805.4,2213.247,2.346201
r04335,0.5,1000,16,1,1,0,2048,1,0.1,1e-08,180.0,1800,1.27787,14520.7,2256.639,2.405189
r04336,2.0,1000,16,4,1,0,1024,0,0.0,1e-06,180.0,1755,2.12129,22273.5,2942.326,2.322779
r04337,1.0,1000,8,1,2,1,1024,0,0.0,1e-06,95.0,1410,1.1644,10511.7,779.318,2.45096
r04338,1.0,1000,16,1,2,1,2048,1,0.1,1e-08,190.0,1800,1.52403,12536.8,2613.752,2.367115
r04339,0.5,1000,8,1,2,1,2048,1,0.0,1e-08,190.0,1800,1.08955,9104.7,1799.508,2.414227
r04340,1.0,1000,16,2,2,1,1024,1,0.1,1e-08,105.0,1440,1.22824,11599.9,2824.849,2.431093
r04341,2.0,1000,4,1,1,0,2048,1,0.1,1e-08,180.0,1755,2.01822,7428.6,1102.771,2.392777
r04342,2.0,200,16,2,2,1,2048,1,0.1,1e-08,180.0,1800,1.99146,13201.2,4964.378,2.412302
r04343,0.5,200,4,4,1,0,1024,0,0.1,1e-08,95.0,1410,0.93092,8480.2,1932.039,2.566087
r04344,0.5,1000,8,1,1,0,2048,1,0.0,1e-08,190.0,1800,1.09411,10142.5,1615.387,2.398489
r04345,0.5,1000,8,1,1,0,2048,1,0.0,1e-08,180.0,1800,1.09685,10499.3,1560.482,2.406025
r04346,1.0,1000,4,1,1,0,1024,0,0.0,1e-06,95.0,1440,1.24272,8520.7,480.712,2.486173
r04347,0.5,1000,16,2,2,1,2048,1,0.0,1e-08,190.0,1755,1.23593,13229.0,4953.972,2.378154
r04348,1.0,1000,16,2,1,0,1024,1,0.1,1e-08,190.0,1800,1.5528,18711.8,1751.193,2.371439
r04349,1.0,1000,16,2,2,1,2048,1,0.0,1e-08,180.0,1800,1.46117,12473.7,5253.933,2.326717
r04350,2.0,200,8,2,2,1,2048,1,0.0,1e-08,180.0,1755,1.90859,9352.5,3503.647,2.409032
r04351,0.5,1000,16,2,2,1,1024,1,0.0,1e-08,190.0,1755,1.26597,15087.0,2171.939,2.417347
r04352,1.0,1000,8,4,1,0,2048,1,0.1,1e-08,100.0,1440,1.17803,7458.4,8786.865,2.391837
r04353,0.5,200,8,4,1,0,2048,1,0.1,1e-08,190.0,1800,1.24125,10784.0,6077.148,2.421537
r04354,0.5,1000,4,1,2,1,2048,1,0.1,1e-08,105.0,1410,0.87022,4679.6,1750.592,2.548944
r04355,1.0,1000,8,1,2,1,1024,0,0.0,1e-06,190.0,1755,1.46048,14104.7,580.8,2.401498
r04356,2.0,200,4,1,1,0,1024,0,0.1,1e-08,100.0,1440,1.76882,8443.7,485.094,2.585908
r04357,1.0,1000,8,1,1,0,2048,1,0.1,1e-08,100.0,1440,1.31005,7946.3,2061.852,2.414794
r04358,2.0,1000,16,2,1,0,2048,1,0.0,1e-08,180.0,1755,2.05904,15231.2,4302.748,2.297017
r04359,2.0,1000,4,1,2,1,1024,0,0.0,1e-08,100.0,1410,1.68816,7424.0,551.721,2.495496
r04360,2.0,1000,8,4,2,1,2048,1,0.0,1e-08,180.0,1800,2.00857,9314.0,7036.274,2.30918
r04361,0.5,200,16,2,1,0,2048,1,0.1,1e-08,190.0,1800,1.29009,14899.4,4398.564,2.413545
r04362,1.0,1000,16,4,1,0,2048,0,0.0,1e-08,180.0,1755,1.57739,18863.0,6948.643,2.320306
r04363,1.0,200,4,2,1,0,1024,0,0.0,1e-06,100.0,1410,1.1221,8209.3,997.898,2.494287
r04364,0.5,1000,4,4,1,0,1024,0,0.1,1e-08,95.0,1410,0.87318,8657.5,1892.464,2.526944
r04365,0.5,200,16,2,2,1,1024,0,0.0,1e-08,190.0,1755,1.2631,19811.0,1654.03,2.452587
r04366,2.0,200,8,1,1,0,1024,1,0.0,1e-08,190.0,1800,1.96458,12703.4,644.867,2.475324
r04367,1.0,200,16,2,1,0,2048,1,0.0,1e-08,180.0,1800,1.6058,15441.3,4244.205,2.349532
r04368,1.0,1000,16,2,2,1,2048,1,0.0,1e-08,180.0,1800,1.59515,12615.9,5194.732,2.332357
r04369,1.0,200,8,2,1,0,1024,0,0.1,1e-06,105.0,1410,1.143,11586.4,1414.077,2.449837
r04370,1.0,1000,4,1,1,0,1024,0,0.0,1e-08,95.0,1440,1.20131,8622.5,475.036,2.487694
r04371,2.0,1000,16,1,1,0,2048,1,0.1,1e-08,180.0,1800,2.14638,16201.0,2022.585,2.333047
r04372,2.0,1000,16,1,2,1,1024,1,0.1,1e-06,95.0,1440,1.83658,11607.3,1411.523,2.416458
r04373,1.0,200,4,4,2,1,1024,0,0.0,1e-06,100.0,1410,1.12697,7659.1,2139.141,2.515093
r04374,1.0,1000,16,2,2,1,2048,1,0.1,1e-08,180.0,1800,1.53071,12394.4,5287.533,2.346242
r04375,0.5,200,8,1,2,1,1024,0,0.0,1e-06,95.0,1410,0.89735,10825.2,756.752,2.526154
r04376,0.5,1000,4,2,2,1,1024,1,0.0,1e-08,180.0,1755,1.02189,8104.1,1010.844,2.499787
r04377,0.5,200,8,1,1,0,1024,0,0.1,1e-06,180.0,1755,1.15358,15916.9,514.673,2.482171
r04378,1.0,1000,8,2,1,0,2048,0,0.0,1e-08,180.0,1755,1.39798,13320.0,2460.063,2.333329
r04379,1.0,1000,16,2,1,0,2048,1,0.1,1e-08,180.0,1800,1.54446,15278.4,4289.46,2.34011
r04380,2.0,1000,16,1,1,0,1024,1,0.1,1e-06,95.0,1410,1.90906,13893.9,1179.221,2.4217
r04381,2.0,1000,16,2,2,1,1024,1,0.0,1e-08,190.0,1800,2.07117,16686.7,1963.718,2.342594
r04382,2.0,1000,16,4,1,0,2048,1,0.0,1e-08,180.0,1755,2.09816,14574.2,8993.408,2.285624
r04383,2.0,1000,4,4,1,0,1024,0,0.0,1e-08,100.0,1410,1.68772,8566.9,1912.472,2.443483
r04384,2.0,200,16,2,2,1,2048,1,0.1,1e-08,190.0,1800,2.08175,13709.2,4780.427,2.418571
r04385,1.0,1000,4,1,2,1,1024,0,0.1,1e-08,100.0,1440,1.20598,7588.7,539.751,2.529698
r04386,1.0,1000,16,2,2,1,2048,1,0.1,1e-08,180.0,1800,1.4548,13146.0,4985.241,2.341146
r04387,2.0,200,8,1,1,0,1024,0,0.0,1e-08,100.0,1410,1.69798,11290.0,725.598,2.511899
r04388,2.0,1000,8,2,2,1,1024,0,0.0,1e-08,95.0,1440,1.78101,10441.9,1569.07,2.390787
r04389,2.0,200,16,1,2,1,2048,1,0.1,1e-08,180.0,1755,2.09095,12717.4,2576.63,2.440897
r04390,0.5,200,16,2,1,0,2048,1,0.0,1e-08,190.0,1755,1.18906,14841.6,4415.695,2.394417
r04391,1.0,1000,8,2,1,0,2048,1,0.1,1e-08,95.0,1410,1.22185,7915.8,4139.575,2.397277
r04392,0.5,1000,4,1,2,1,1024,0,0.0,1e-06,95.0,1440,0.84903,7037.9,581.995,2.565868
r04393,1.0,1000,16,4,1,0,1024,0,0.0,1e-08,100.0,1440,1.29263,16725.1,3918.427,2.398714
r04394,1.0,1000,4,1,2,1,1024,0,0.0,1e-08,100.0,1440,1.1868,7435.3,550.888,2.515233
r04395,1.0,1000,4,1,2,1,1024,1,0.1,1e-08,105.0,1410,1.22874,5984.8,684.401,2.536645
r04396,1.0,1000,8,1,2,1,1024,0,0.1,1e-08,95.0,1410,1.21884,9979.8,820.861,2.466754
r04397,2.0,1000,4,1,2,1,1024,0,0.1,1e-08,190.0,1800,1.99297,10041.8,407.896,2.464879
r04398,2.0,1000,8,1,1,0,2048,1,0.0,1e-08,190.0,1755,2.03246,10391.1,1576.733,2.335795
r04399,1.0,200,8,1,2,1,2048,1,0.1,1e-08,180.0,1800,1.4011,9386.3,1745.527,2.404661
r04400,1.0,1000,4,4,1,0,2048,0,0.0,1e-08,95.0,1440,1.17199,6762.0,4845.926,2.418679
r04401,1.0,200,4,1,1,0,1024,1,0.0,1e-08,180.0,1800,1.31314,9523.6,430.089,2.468685
r04402,1.0,200,16,4,1,0,1024,1,0.0,1e-08,95.0,1440,1.28666,13836.4,4736.493,2.428719
r04403,1.0,200,8,1,1,0,1024,0,0.0,1e-06,105.0,1410,1.20871,11682.2,701.238,2.469564
r04404,2.0,1000,16,1,1,0,1024,1,0.0,1e-08,190.0,1755,2.1014,18551.3,883.174,2.359189
r04405,1.0,200,16,4,2,1,1024,1,0.0,1e-08,100.0,1440,1.25105,11668.1,5616.671,2.433604
r04406,2.0,200,4,2,2,1,1024,0,0.0,1e-08,105.0,1440,1.59736,7099.1,1153.948,2.574233
r04407,2.0,1000,16,4,1,0,2048,1,0.1,1e-08,190.0,1800,2.13869,14481.5,9051.0,2.299115
r04408,2.0,1000,8,4,1,0,1024,1,0.0,1e-08,95.0,1440,1.69758,10102.2,3243.652,2.386865
r04409,1.0,200,16,1,2,1,2048,1,0.1,1e-08,190.0,1755,1.48589,12497.2,2622.019,2.392701
r04410,2.0,1000,16,4,2,1,1024,1,0.0,1e-08,180.0,1800,2.08842,15855.5,4133.342,2.338497
r04411,2.0,1000,8,4,1,0,2048,1,0.0,1e-08,180.0,1800,1.96287,10979.9,5968.713,2.300884
r04412,1.0,200,4,2,2,1,1024,0,0.0,1e-06,100.0,1410,1.24713,7350.0,1114.555,2.530024
r04413,0.5,1000,16,2,2,1,1024,1,0.1,1e-06,180.0,1755,1.35158,15734.6,2082.547,2.436174
r04414,1.0,1000,16,1,2,1,1024,0,0.0,1e-08,190.0,1800,1.51188,19934.8,821.88,2.386901
r04415,1.0,200,4,1,2,1,2048,0,0.0,1e-08,180.0,1800,1.42152,8208.9,997.939,2.461739
r04416,0.5,1000,16,4,2,1,2048,1,0.1,1e-08,180.0,1800,1.26405,12810.3,10231.796,2.393817
r04417,0.5,1000,8,4,1,0,1024,1,0.1,1e-06,105.0,1440,0.96181,9560.9,3427.296,2.472056
r04418,1.0,1000,4,2,1,0,1024,0,0.0,1e-06,100.0,1440,1.19403,8569.1,955.995,2.461495
r04419,0.5,1000,4,4,1,0,1024,0,0.1,1e-06,95.0,1410,0.9263,7859.7,2084.57,2.518324
r04420,2.0,200,8,2,1,0,1024,0,0.1,1e-06,95.0,1410,1.82296,11626.8,1409.158,2.503053
r04421,2.0,1000,4,4,1,0,2048,1,0.1,1e-08,95.0,1410,1.72085,5576.9,5875.671,2.407562
r04422,0.5,1000,4,2,1,0,1024,0,0.1,1e-08,95.0,1410,0.83516,8622.3,950.096,2.533753
r04423,0.5,200,8,4,2,1,2048,1,0.1,1e-08,180.0,1800,1.22049,9070.7,7225.0,2.433049
r04424,1.0,200,16,2,2,1,1024,1,0.0,1e-08,180.0,1755,1.5172,15713.7,2085.314,2.402345
r04425,0.5,1000,8,1,1,0,2048,1,0.0,1e-08,180.0,1800,1.22114,10492.8,1561.444,2.406715
r04426,0.5,200,8,1,1,0,1024,0,0.0,1e-06,100.0,1440,0.87993,11876.6,689.76,2.520917
r04427,0.5,200,4,4,1,0,1024,0,0.1,1e-08,105.0,1440,0.84607,8438.6,1941.558,2.552638
r04428,1.0,1000,4,2,1,0,1024,0,0.0,1e-08,105.0,1440,1.23128,8125.3,1008.204,2.472918
r04429,1.0,1000,16,4,2,1,1024,1,0.0,1e-06,105.0,1410,1.24817,11716.5,5593.476,2.396269
r04430,1.0,200,4,2,1,0,1024,0,0.1,1e-08,105.0,1410,1.212,8796.0,931.332,2.508857
r04431,2.0,1000,4,4,2,1,2048,1,0.0,1e-08,105.0,1410,1.75341,4525.6,7240.552,2.427331
r04432,1.0,200,16,1,1,0,2048,1,0.0,1e-08,190.0,1755,1.53402,15386.3,2129.693,2.369085
r04433,2.0,1000,16,1,2,1,2048,0,0.0,1e-08,190.0,1755,2.14189,16903.1,1938.584,2.319257
r04434,0.5,1000,16,2,1,0,2048,0,0.0,1e-08,190.0,1800,1.19528,18115.0,3617.776,2.368167
r04435,1.0,200,8,1,1,0,1024,0,0.1,1e-08,105.0,1440,1.20761,11644.4,703.511,2.493597
r04436,1.0,1000,8,1,2,1,1024,0,0.0,1e-08,105.0,1410,1.20113,10094.8,811.51,2.449843
r04437,0.5,1000,16,1,2,1,1024,1,0.0,1e-06,105.0,1410,1.01123,11957.2,1370.218,2.477425
r04438,2.0,1000,4,2,2,1,1024,0,0.1,1e-08,95.0,1440,1.72864,7174.5,1141.829,2.48639
r04439,2.0,1000,4,1,1,0,2048,1,0.1,1e-08,180.0,1800,1.95093,7749.8,1057.057,2.392182
r04440,0.5,200,8,1,2,1,2048,1,0.0,1e-08,180.0,1755,1.12007,9167.4,1787.195,2.444821
r04441,1.0,1000,8,2,2,1,1024,0,0.1,1e-08,95.0,1440,1.24144,10499.0,1560.523,2.445762
r04442,1.0,200,8,1,1,0,2048,1,0.1,1e-08,190.0,1800,1.46535,10900.5,1503.048,2.402386
r04443,1.0,1000,16,1,2,1,1024,0,0.0,1e-06,100.0,1410,1.22814,14851.4,1103.196,2.425069
r04444,0.5,200,8,2,2,1,1024,0,0.0,1e-08,190.0,1755,1.26517,14398.0,1137.936,2.47601
r04445,1.0,1000,16,2,1,0,2048,1,0.0,1e-08,180.0,1755,1.45475,14499.4,4519.905,2.312758
r04446,1.0,1000,16,2,1,0,1024,1,0.1,1e-06,190.0,1800,1.55889,18498.8,1771.354,2.371214
r04447,0.5,1000,16,2,2,1,2048,1,0.0,1e-08,180.0,1755,1.2163,13202.6,4963.858,2.377912
r04448,2.0,200,16,1,2,1,1024,1,0.1,1e-08,180.0,1755,2.07659,16167.5,1013.391,2.472616
r04449,1.0,1000,8,1,1,0,1024,0,0.1,1e-08,105.0,1410,1.16982,12077.8,678.27,2.456869
r04450,1.0,200,16,2,2,1,2048,1,0.0,1e-08,190.0,1755,1.56843,12842.3,5103.12,2.353733
r04451,2.0,1000,8,2,1,0,2048,1,0.0,1e-08,180.0,1755,1.91641,10261.6,3193.25,2.301517
r04452,1.0,1000,8,2,2,1,1024,0,0.1,1e-08,180.0,1755,1.4111,13930.3,1176.141,2.39667
r04453,1.0,1000,8,2,2,1,1024,0,0.0,1e-06,190.0,1800,1.49757,15055.7,1088.223,2.37387
r04454,2.0,1000,4,1,2,1,1024,0,0.0,1e-08,100.0,1410,1.76886,7582.4,540.201,2.500715
r04455,0.5,200,8,1,2,1,2048,1,0.1,1e-08,95.0,1410,0.92858,6387.4,2565.039,2.511543
r04456,1.0,200,4,1,1,0,1024,0,0.0,1e-08,100.0,1440,1.15632,8504.7,481.617,2.524933
r04457,1.0,1000,16,4,1,0,1024,0,0.1,1e-08,95.0,1440,1.3449,17193.7,3811.62,2.418419
r04458,1.0,200,8,2,2,1,2048,0,0.0,1e-08,190.0,1800,1.54544,11854.8,2764.109,2.381187
r04459,0.5,1000,4,2,1,0,2048,1,0.1,1e-08,100.0,1410,0.80821,5554.1,2949.895,2.490075
r04460,1.0,1000,16,2,2,1,1024,1,0.0,1e-06,190.0,1800,1.51468,16333.0,2006.242,2.350424
r04461,1.0,1000,16,4,2,1,1024,1,0.0,1e-08,100.0,1410,1.29703,12403.9,5283.503,2.411492
r04462,1.0,200,8,1,2,1,1024,0,0.1,1e-08,100.0,1440,1.17931,9953.5,823.029,2.496204
r04463,2.0,1000,4,4,1,0,1024,0,0.1,1e-08,95.0,1410,1.6822,8289.6,1976.452,2.457542
r04464,0.5,200,16,4,2,1,2048,1,0.0,1e-08,190.0,1800,1.17107,12487.4,10496.347,2.399796
r04465,1.0,1000,16,2,1,0,1024,1,0.0,1e-06,180.0,1800,1.57888,18302.9,1790.314,2.360736
r04466,1.0,1000,4,2,2,1,2048,1,0.0,1e-08,180.0,1800,1.48148,6115.4,2679.116,2.415972
r04467,1.0,200,16,2,1,0,1024,1,0.0,1e-08,100.0,1440,1.23139,14134.1,2318.373,2.42819
r04468,1.0,1000,8,2,1,0,2048,1,0.1,1e-08,100.0,1410,1.16593,7605.0,4308.758,2.395668
r04469,0.5,1000,16,1,1,0,2048,1,0.1,1e-08,180.0,1800,1.33434,14876.7,2202.638,2.400934
r04470,1.0,1000,16,1,2,1,1024,0,0.1,1e-08,100.0,1440,1.31473,14709.6,1113.833,2.456274
r04471,0.5,200,16,2,1,0,2048,1,0.0,1e-08,180.0,1800,1.26809,15136.5,4329.663,2.397916
r04472,2.0,1000,4,2,1,0,1024,0,0.0,1e-06,100.0,1410,1.70287,8541.7,959.061,2.444372
r04473,1.0,200,4,4,2,1,1024,1,0.1,1e-08,100.0,1410,1.08205,6076.4,2696.344,2.527542
r04474,2.0,200,4,4,1,0,1024,0,0.1,1e-08,105.0,1410,1.69616,8322.2,1968.703,2.547771
r04475,2.0,1000,16,4,2,1,2048,0,0.1,1e-08,105.0,1410,1.79797,12091.4,10840.105,2.356542
r04476,2.0,1000,16,1,1,0,2048,1,0.0,1e-08,190.0,1800,2.11104,15548.2,2107.509,2.309023
r04477,1.0,1000,16,1,2,1,2048,1,0.0,1e-08,190.0,1755,1.50467,12567.2,2607.416,2.347208
r04478,1.0,1000,4,4,2,1,1024,0,0.0,1e-08,100.0,1440,1.14807,7063.0,2319.687,2.492667
r04479,1.0,1000,16,2,1,0,2048,1,0.1,1e-08,180.0,1800,1.55078,15086.2,4344.088,2.334677
r04480,1.0,1000,16,1,1,0,2048,1,0.1,1e-08,180.0,1755,1.47803,15708.8,2085.969,2.359849
r04481,2.0,1000,8,4,1,0,2048,1,0.0,1e-08,95.0,1440,1.70989,7753.5,8452.395,2.349037
r04482,2.0,1000,8,1,1,0,2048,1,0.0,1e-08,105.0,1440,1.74507,7916.2,2069.691,2.377781
r04483,1.0,200,8,1,2,1,1024,1,0.0,1e-06,100.0,1410,1.15237,8785.5,932.444,2.47917
r04484,2.0,200,8,2,2,1,1024,0,0.0,1e-08,100.0,1440,1.78544,9952.4,1646.244,2.510575
r04485,1.0,1000,4,2,2,1,1024,0,0.1,1e-08,105.0,1410,1.19046,7423.0,1103.603,2.510791
r04486,1.0,1000,8,4,2,1,1024,1,0.1,1e-08,100.0,1440,1.21326,8882.5,3689.062,2.440996
r04487,1.0,1000,4,2,2,1,2048,1,0.1,1e-08,100.0,1410,1.02911,4801.7,3412.143,2.47065
r04488,0.5,1000,16,2,1,0,2048,1,0.1,1e-08,180.0,1755,1.17218,15463.0,4238.249,2.375742
r04489,0.5,200,4,2,1,0,1024,0,0.0,1e-08,100.0,1410,0.9271,8495.8,964.236,2.545526
r04490,1.0,200,8,4,1,0,2048,1,0.0,1e-08,180.0,1755,1.44307,10653.2,6151.788,2.355686
r04491,0.5,200,16,1,2,1,1024,0,0.1,1e-06,180.0,1800,1.24685,19976.3,820.174,2.487645
r04492,2.0,200,16,4,1,0,1024,0,0.0,1e-08,105.0,1440,1.85123,17806.5,3680.461,2.470718
r04493,2.0,1000,4,2,2,1,2048,0,0.1,1e-08,100.0,1410,1.73067,6337.2,2585.353,2.449862
r04494,1.0,1000,4,1,2,1,1024,0,0.1,1e-08,100.0,1410,1.15339,7580.5,540.331,2.534392
r04495,0.5,1000,4,1,1,0,1024,0,0.0,1e-06,105.0,1410,0.95023,8557.8,478.628,2.539069
r04496,0.5,200,8,2,1,0,1024,0,0.1,1e-08,95.0,1440,0.95739,12137.9,1349.82,2.509911
r04497,0.5,1000,16,2,1,0,2048,1,0.1,1e-08,180.0,1755,1.31157,15266.1,4292.898,2.387085
r04498,1.0,200,16,2,1,0,1024,1,0.1,1e-08,100.0,1410,1.32862,13270.6,2469.223,2.454633
r04499,2.0,1000,8,4,1,0,1024,0,0.0,1e-08,95.0,1440,1.79735,12060.5,2716.959,2.382908
r04500,2.0,1000,16,2,2,1,1024,1,0.0,1e-06,105.0,1410,1.77183,11640.2,2815.077,2.385494
r04501,1.0,1000,16,4,1,0,2048,1,0.0,1e-08,190.0,1755,1.48678,14780.2,8868.072,2.302884
r04502,2.0,1000,16,2,2,1,1024,1,0.0,1e-08,180.0,1800,2.04412,15469.9,2118.177,2.346333
r04503,1.0,1000,8,1,1,0,1024,1,0.0,1e-08,105.0,1440,1.15732,9525.6,859.995,2.438805
r04504,1.0,1000,4,4,2,1,1024,0,0.0,1e-06,100.0,1440,1.17292,7752.5,2113.373,2.485283
r04505,1.0,200,4,1,1,0,1024,0,0.1,1e-08,100.0,1440,1.14098,8202.8,499.341,2.535688
r04506,0.5,200,8,1,1,0,2048,1,0.0,1e-08,95.0,1410,0.87152,7222.7,2268.404,2.4857
r04507,0.5,200,8,1,1,0,2048,1,0.0,1e-08,190.0,1755,1.16577,10622.4,1542.397,2.427569
r04508,2.0,200,8,4,1,0,2048,1,0.1,1e-08,180.0,1755,2.02813,10960.3,5979.412,2.415207
r04509,2.0,200,8,1,1,0,1024,0,0.0,1e-08,100.0,1410,1.70397,11765.7,696.262,2.512708
r04510,1.0,1000,8,1,1,0,2048,1,0.1,1e-08,180.0,1755,1.50534,11183.9,1464.962,2.36943
r04511,0.5,1000,8,1,2,1,1024,1,0.1,1e-08,105.0,1440,0.9338,8488.0,965.129,2.513709
r04512,0.5,1000,4,1,1,0,1024,0,0.1,1e-08,105.0,1440,0.87732,8801.0,465.403,2.554308
r04513,1.0,1000,4,2,1,0,2048,1,0.0,1e-08,95.0,1410,1.15095,5433.1,3015.599,2.428939
r04514,1.0,200,8,2,1,0,2048,1,0.0,1e-08,95.0,1410,1.1623,8292.7,3951.446,2.407189
r04515,1.0,1000,4,4,1,0,1024,0,0.1,1e-08,105.0,1410,1.20178,9041.1,1812.175,2.478295
r04516,2.0,200,8,1,2,1,1024,0,0.1,1e-08,105.0,1410,1.78898,10918.2,750.304,2.541501
r04517,2.0,200,16,4,1,0,2048,1,0.0,1e-08,190.0,1755,1.99778,15030.1,8720.657,2.385323
r04518,2.0,1000,16,4,2,1,1024,1,0.0,1e-06,190.0,1755,2.11332,16394.1,3997.538,2.330157
r04519,2.0,1000,8,1,1,0,1024,0,0.0,1e-06,100.0,1440,1.67397,11848.0,691.426,2.410064
r04520,2.0,1000,4,2,1,0,2048,1,0.1,1e-08,190.0,1755,1.9188,7679.4,2133.495,2.36206
r04521,2.0,1000,16,2,1,0,2048,1,0.0,1e-08,180.0,1755,2.00576,15002.4,4368.374,2.289762
r04522,2.0,200,16,1,1,0,1024,1,0.1,1e-08,190.0,1755,2.03739,18151.4,902.633,2.469063
r04523,0.5,200,16,2,1,0,1024,1,0.0,1e-06,180.0,1755,1.23382,17721.4,1849.062,2.439216
r04524,1.0,1000,4,1,2,1,2048,1,0.1,1e-08,180.0,1755,1.36547,5925.1,1382.594,2.451989
r04525,1.0,200,4,2,1,0,1024,0,0.0,1e-08,100.0,1410,1.19272,8386.8,976.772,2.502049
r04526,1.0,1000,8,1,2,1,2048,1,0.1,1e-08,180.0,1755,1.34737,8853.0,1850.682,2.384227
r04527,1.0,1000,8,1,1,0,2048,1,0.0,1e-08,180.0,1755,1.40351,10488.6,1562.075,2.353555
r04528,1.0,1000,16,2,2,1,1024,1,0.0,1e-08,190.0,1755,1.50349,16254.8,2015.901,2.370056
r04529,1.0,200,16,1,2,1,2048,1,0.0,1e-08,190.0,1800,1.52395,12883.5,2543.417,2.374402
r04530,0.5,1000,4,4,1,0,1024,0,0.0,1e-06,95.0,1410,0.92096,8415.1,1946.982,2.505058
r04531,1.0,1000,8,4,2,1,2048,1,0.0,1e-08,190.0,1755,1.43127,8512.2,7699.095,2.332292
r04532,2.0,200,4,2,2,1,1024,0,0.0,1e-08,100.0,1410,1.68489,6853.6,1195.281,2.576652
r04533,1.0,1000,8,2,1,0,1024,0,0.0,1e-06,95.0,1440,1.19418,11748.2,1394.592,2.414466
r04534,2.0,200,16,2,2,1,1024,0,0.1,1e-08,190.0,1800,2.10265,20453.4,1602.081,2.456049
r04535,1.0,200,4,2,1,0,2048,1,0.0,1e-08,105.0,1410,1.16782,5455.7,3003.113,2.460917
r04536,2.0,1000,4,4,2,1,1024,0,0.0,1e-08,95.0,1410,1.6948,7037.6,2328.052,2.458812
r04537,2.0,1000,4,4,1,0,1024,1,0.1,1e-08,100.0,1440,1.74226,6739.1,2431.179,2.455366
r04538,2.0,200,8,1,2,1,2048,1,0.0,1e-08,190.0,1800,1.87661,9034.7,1813.449,2.440218
r04539,1.0,200,8,2,1,0,1024,0,0.0,1e-06,100.0,1410,1.17689,12362.1,1325.346,2.4482
r04540,2.0,1000,16,4,1,0,2048,1,0.1,1e-08,105.0,1440,1.88746,11436.7,11460.621,2.351754
r04541,1.0,200,16,4,2,1,2048,1,0.1,1e-08,100.0,1440,1.1882,9509.6,13783.119,2.409581
r04542,1.0,200,4,2,1,0,1024,0,0.0,1e-08,105.0,1440,1.17086,8188.7,1000.402,2.505355
r04543,1.0,1000,16,1,1,0,2048,0,0.0,1e-08,190.0,1755,1.499,18863.7,1737.095,2.33685
r04544,1.0,200,4,4,2,1,1024,1,0.0,1e-08,100.0,1410,1.10315,5724.4,2862.112,2.528988
r04545,1.0,200,8,2,1,0,2048,0,0.0,1e-08,180.0,1800,1.39392,13656.4,2399.457,2.36048
r04546,2.0,200,4,1,1,0,1024,1,0.0,1e-08,100.0,1410,1.73658,6732.3,608.409,2.566016
r04547,2.0,1000,4,1,1,0,1024,1,0.0,1e-08,105.0,1440,1.65217,6467.9,633.276,2.457248
r04548,1.0,200,16,4,1,0,2048,0,0.0,1e-08,180.0,1800,1.5635,17793.6,7366.261,2.351506
r04549,1.0,200,16,2,1,0,2048,0,0.0,1e-08,180.0,1800,1.52331,18985.2,3451.952,2.351545
r04550,1.0,1000,16,1,2,1,2048,1,0.0,1e-08,190.0,1755,1.4923,12695.7,2581.034,2.345504
r04551,1.0,200,16,1,2,1,2048,1,0.1,1e-08,190.0,1800,1.53406,12725.7,2574.937,2.39792
r04552,2.0,200,4,2,1,0,1024,0,0.1,1e-06,105.0,1410,1.73364,8522.6,961.205,2.557844
r04553,1.0,200,16,1,2,1,2048,1,0.0,1e-08,180.0,1755,1.4987,12938.4,2532.623,2.385088
r04554,0.5,1000,16,2,1,0,2048,1,0.0,1e-08,95.0,1410,0.96932,11263.7,5818.359,2.417667
r04555,1.0,200,8,2,1,0,1024,0,0.0,1e-08,105.0,1440,1.24962,12153.1,1348.128,2.454862
r04556,1.0,200,16,1,1,0,1024,0,0.0,1e-06,95.0,1440,1.33117,16427.1,997.378,2.448427
r04557,1.0,1000,4,2,2,1,1024,0,0.0,1e-08,100.0,1410,1.14812,7286.6,1124.258,2.49204
r04558,0.5,200,8,1,1,0,1024,0,0.1,1e-08,100.0,1440,0.93124,11855.0,691.018,2.543293
r04559,1.0,200,16,4,2,1,2048,0,0.0,1e-08,100.0,1410,1.3179,11856.9,11054.532,2.396012
r04560,0.5,1000,16,4,2,1,2048,1,0.1,1e-08,180.0,1755,1.26509,12251.9,10698.099,2.383708
r04561,1.0,1000,8,2,1,0,2048,1,0.0,1e-08,180.0,1755,1.47455,10731.9,3053.331,2.332289
r04562,0.5,200,16,2,1,0,1024,1,0.0,1e-08,190.0,1800,1.25107,18441.1,1776.9,2.435528
r04563,1.0,200,16,1,2,1,1024,1,0.0,1e-06,190.0,1800,1.54323,15882.2,1031.592,2.416752
r04564,1.0,200,16,1,2,1,1024,1,0.1,1e-08,190.0,1800,1.45824,14698.7,1114.656,2.43457
r04565,1.0,200,8,2,1,0,1024,0,0.1,1e-08,105.0,1410,1.20938,11963.6,1369.488,2.465823
r04566,1.0,1000,8,4,1,0,1024,0,0.1,1e-08,95.0,1440,1.1872,11898.6,2753.934,2.426294
r04567,2.0,200,4,2,1,0,1024,0,0.0,1e-06,100.0,1410,1.6451,8577.8,955.026,2.534837
r04568,0.5,1000,16,2,1,0,2048,1,0.0,1e-08,180.0,1800,1.26296,15165.5,4321.394,2.363152
r04569,0.5,1000,4,2,1,0,1024,0,0.1,1e-08,105.0,1410,0.88426,8733.5,938.001,2.535973
r04570,2.0,1000,16,1,1,0,2048,1,0.1,1e-08,180.0,1800,2.02136,15089.3,2171.602,2.331926
r04571,1.0,1000,8,1,2,1,1024,1,0.0,1e-08,105.0,1410,1.23742,8279.1,989.481,2.451076
r04572,2.0,1000,4,2,2,1,1024,0,0.1,1e-08,105.0,1410,1.7084,7561.9,1083.319,2.481477
r04573,1.0,200,16,2,1,0,2048,1,0.0,1e-08,190.0,1755,1.51694,14439.7,4538.603,2.357436
r04574,0.5,200,8,4,2,1,1024,1,0.0,1e-08,180.0,1800,1.17039,10457.4,3133.469,2.455771
r04575,1.0,200,8,1,1,0,1024,0,0.0,1e-08,180.0,1755,1.45505,16256.5,503.922,2.424151
r04576,2.0,1000,16,4,2,1,2048,1,0.0,1e-08,105.0,1440,1.89735,9171.0,14292.011,2.34643
r04577,1.0,1000,8,4,2,1,2048,0,0.0,1e-08,180.0,1800,1.41496,11182.7,5860.46,2.332521
r04578,1.0,1000,4,2,2,1,2048,0,0.1,1e-08,180.0,1800,1.44103,8018.4,2043.294,2.434656
r04579,2.0,1000,4,1,1,0,1024,0,0.1,1e-08,100.0,1440,1.71507,8107.7,505.199,2.487086
r04580,1.0,1000,4,2,2,1,1024,0,0.0,1e-08,95.0,1410,1.1477,7133.1,1148.456,2.498666
r04581,1.0,200,4,1,1,0,2048,1,0.0,1e-08,100.0,1410,1.15451,5393.8,1518.791,2.48112
r04582,2.0,1000,8,1,2,1,1024,1,0.1,1e-06,95.0,1440,1.77413,8796.2,931.315,2.438387
r04583,1.0,200,8,2,1,0,2048,0,0.1,1e-08,105.0,1440,1.18476,9957.2,3290.886,2.426407
r04584,1.0,1000,16,4,2,1,2048,1,0.0,1e-08,180.0,1800,1.46309,13232.5,9905.339,2.3119
r04585,2.0,200,8,1,2,1,1024,0,0.1,1e-08,100.0,1440,1.7413,10685.4,766.653,2.542767
r04586,1.0,1000,8,2,2,1,1024,1,0.0,1e-08,100.0,1440,1.31224,8177.1,2003.652,2.431459
r04587,2.0,1000,4,1,1,0,1024,0,0.0,1e-08,100.0,1410,1.71444,8436.5,485.511,2.467715
r04588,1.0,1000,16,1,1,0,2048,0,0.0,1e-08,180.0,1755,1.54192,17228.4,1901.98,2.340158
r04589,1.0,200,16,4,2,1,2048,1,0.1,1e-08,190.0,1800,1.54195,13303.5,9852.477,2.364402
r04590,2.0,200,16,4,1,0,2048,1,0.0,1e-08,180.0,1800,2.05667,14703.0,8914.621,2.385267
r04591,1.0,1000,8,2,2,1,1024,0,0.0,1e-08,190.0,1755,1.33637,14578.1,1123.881,2.37483
r04592,1.0,200,4,2,2,1,2048,1,0.1,1e-08,100.0,1440,1.01859,4948.6,3310.827,2.495367
r04593,0.5,1000,8,4,2,1,1024,1,0.0,1e-08,100.0,1440,0.97097,8345.2,3926.58,2.468768
r04594,1.0,1000,16,2,2,1,2048,1,0.0,1e-08,190.0,1800,1.58812,12745.3,5141.958,2.32506
r04595,0.5,1000,8,4,2,1,1024,0,0.1,1e-08,100.0,1410,0.98,10825.1,3027.053,2.487943
r04596,0.5,1000,8,4,2,1,2048,1,0.0,1e-08,95.0,1440,0.92551,6653.8,9849.356,2.426084
r04597,2.0,200,4,1,1,0,1024,0,0.1,1e-06,95.0,1440,1.77275,8455.2,484.438,2.581084
r04598,1.0,1000,4,1,1,0,2048,1,0.0,1e-08,105.0,1440,1.08309,5569.4,1470.906,2.448989
r04599,0.5,1000,16,4,1,0,2048,1,0.1,1e-08,95.0,1440,1.0562,10379.4,12628.094,2.423619
r04600,0.5,200,4,4,1,0,1024,0,0.0,1e-08,100.0,1440,0.95644,8330.5,1966.753,2.543378
r04601,1.0,1000,16,2,2,1,1024,1,0.1,1e-08,100.0,1410,1.29121,11652.2,2812.167,2.430192
r04602,2.0,1000,16,4,2,1,2048,1,0.0,1e-08,105.0,1410,1.84069,9707.2,13502.521,2.341229
r04603,0.5,1000,8,1,2,1,2048,1,0.1,1e-08,190.0,1800,1.15245,9110.9,1798.294,2.424423
r04604,1.0,200,16,2,2,1,2048,1,0.0,1e-08,190.0,1800,1.49508,13314.0,4922.347,2.358381
r04605,1.0,1000,8,4,1,0,2048,1,0.0,1e-08,105.0,1410,1.1725,7746.4,8460.175,2.366022
r04606,0.5,200,8,2,1,0,1024,1,0.1,1e-08,105.0,1410,0.9354,9213.7,1778.215,2.517699
r04607,2.0,200,8,1,1,0,1024,0,0.1,1e-06,180.0,1800,1.95223,16024.1,511.229,2.479436
r04608,2.0,200,8,4,1,0,1024,0,0.0,1e-08,95.0,1410,1.76983,12024.9,2725.01,2.481897
r04609,0.5,200,8,1,1,0,1024,0,0.0,1e-06,105.0,1440,0.86398,11922.5,687.105,2.513577
r04610,1.0,1000,16,1,2,1,1024,1,0.0,1e-08,190.0,1755,1.5496,16758.5,977.652,2.389061
r04611,0.5,1000,4,2,2,1,1024,0,0.0,1e-06,105.0,1410,0.91668,7243.2,1130.992,2.549954
r04612,1.0,1000,16,2,1,0,2048,1,0.1,1e-08,190.0,1755,1.54111,14979.7,4374.983,2.329067
r04613,2.0,1000,16,2,2,1,2048,0,0.1,1e-08,190.0,1800,2.13911,15632.3,4192.346,2.317958
r04614,1.0,1000,8,1,1,0,1024,0,0.1,1e-08,190.0,1755,1.51867,16751.2,489.039,2.413976
r04615,2.0,1000,16,4,1,0,1024,0,0.1,1e-08,190.0,1755,2.11714,22735.5,2882.537,2.339578
r04616,2.0,1000,8,1,2,1,2048,1,0.0,1e-08,190.0,1755,1.9862,9215.5,1777.882,2.343924
r04617,0.5,1000,4,2,2,1,1024,0,0.1,1e-08,100.0,1410,0.81906,7076.4,1157.652,2.556875
r04618,1.0,200,4,4,2,1,1024,0,0.1,1e-08,100.0,1440,1.16909,7478.2,2190.893,2.539643
r04619,1.0,200,4,2,1,0,1024,0,0.1,1e-06,95.0,1410,1.20821,8636.8,948.502,2.510979
r04620,1.0,200,16,1,2,1,1024,0,0.1,1e-08,100.0,1410,1.28676,14739.0,1111.611,2.48116
r04621,2.0,1000,4,4,2,1,1024,0,0.0,1e-08,100.0,1410,1.79674,7509.2,2181.847,2.467272
r04622,1.0,1000,8,1,2,1,1024,0,0.1,1e-06,190.0,1755,1.45235,13302.3,615.833,2.416011
r04623,1.0,200,4,2,2,1,2048,0,0.1,1e-08,180.0,1755,1.34094,8017.4,2043.545,2.457128
r04624,1.0,200,16,1,1,0,2048,1,0.1,1e-08,180.0,1800,1.45925,14066.5,2329.506,2.386368
r04625,1.0,1000,16,2,1,0,2048,1,0.0,1e-08,190.0,1755,1.53598,14245.4,4600.503,2.309018
r04626,1.0,200,8,1,2,1,2048,1,0.1,1e-08,190.0,1800,1.49028,9375.7,1747.489,2.411241
r04627,2.0,200,16,1,2,1,1024,1,0.0,1e-08,180.0,1800,2.10589,15412.8,1063.012,2.468887
r04628,1.0,200,16,2,1,0,2048,1,0.0,1e-08,180.0,1755,1.5295,15486.3,4231.856,2.348401
r04629,2.0,1000,8,4,1,0,2048,1,0.1,1e-08,95.0,1440,1.73114,7853.4,8344.894,2.36387
r04630,2.0,1000,8,1,1,0,2048,0,0.1,1e-08,190.0,1755,2.07668,13034.6,1256.96,2.350136
r04631,1.0,1000,4,1,2,1,1024,0,0.1,1e-06,105.0,1410,1.11889,7097.8,577.079,2.52983
r04632,1.0,1000,8,2,2,1,2048,1,0.1,1e-08,190.0,1800,1.4962,9145.5,3582.968,2.354453
r04633,1.0,1000,4,4,1,0,2048,1,0.0,1e-08,100.0,1410,1.19948,5388.7,6080.839,2.410834
r04634,1.0,1000,4,2,2,1,1024,1,0.0,1e-08,95.0,1440,1.06942,5908.8,1386.399,2.499084
r04635,0.5,200,4,4,1,0,1024,0,0.1,1e-08,190.0,1755,1.13817,10984.5,1491.559,2.513164
r04636,1.0,1000,16,1,1,0,2048,1,0.1,1e-08,190.0,1800,1.56647,15235.4,2150.782,2.364676
r04637,2.0,1000,8,1,2,1,2048,1,0.0,1e-08,95.0,1440,1.76727,6532.5,2508.078,2.394172
r04638,2.0,1000,4,1,1,0,1024,0,0.1,1e-06,105.0,1410,1.73339,8329.8,491.73,2.475344
r04639,2.0,200,16,2,2,1,1024,1,0.1,1e-06,105.0,1410,1.85346,11676.3,2806.377,2.498645
r04640,0.5,1000,16,4,1,0,2048,0,0.1,1e-08,190.0,1800,1.26348,18484.7,7090.835,2.369403
r04641,2.0,200,8,1,2,1,1024,1,0.0,1e-08,95.0,1410,1.65115,8345.5,981.604,2.519016
r04642,1.0,1000,8,1,1,0,2048,1,0.0,1e-08,105.0,1440,1.34076,7327.4,2235.994,2.401082
r04643,0.5,1000,8,1,1,0,2048,1,0.1,1e-08,190.0,1755,1.24746,10391.1,1576.73,2.423641
r04644,2.0,200,4,4,1,0,1024,0,0.1,1e-06,95.0,1440,1.61152,7926.8,2066.911,2.543396
r04645,1.0,200,8,1,2,1,2048,1,0.1,1e-08,190.0,1800,1.46282,9282.6,1765.029,2.411236
r04646,2.0,200,8,1,1,0,1024,0,0.0,1e-08,95.0,1440,1.80156,11739.9,697.789,2.513721
r04647,2.0,1000,16,4,1,0,2048,1,0.1,1e-08,190.0,1800,2.05409,15022.9,8724.823,2.299717
r04648,2.0,1000,4,2,2,1,1024,0,0.0,1e-08,95.0,1440,1.71597,7321.9,1118.833,2.474965
r04649,0.5,1000,4,1,2,1,1024,0,0.0,1e-08,105.0,1440,0.83836,7377.3,555.218,2.565351
r04650,0.5,1000,4,1,2,1,1024,0,0.0,1e-06,95.0,1410,0.88027,7387.6,554.441,2.568868
r04651,1.0,1000,4,1,2,1,1024,0,0.1,1e-08,100.0,1410,1.29497,6989.6,586.017,2.538604
r04652,0.5,1000,4,1,1,0,1024,0,0.0,1e-08,180.0,1800,1.14568,12032.5,340.412,2.491778
r04653,2.0,200,16,1,1,0,2048,1,0.1,1e-08,180.0,1800,2.0449,14145.2,2316.553,2.425935
r04654,0.5,1000,16,4,1,0,1024,1,0.0,1e-06,95.0,1440,1.00997,13359.3,4905.634,2.432443
r04655,0.5,200,16,1,1,0,2048,1,0.1,1e-08,180.0,1800,1.21683,14349.4,2283.575,2.42973
r04656,1.0,1000,16,1,2,1,2048,1,0.0,1e-08,190.0,1800,1.50534,13343.2,2455.779,2.348223
r04657,0.5,200,8,4,2,1,1024,1,0.0,1e-06,105.0,1410,0.92285,8385.6,3907.649,2.497164
r04658,1.0,200,16,1,1,0,2048,1,0.0,1e-08,180.0,1755,1.57246,14940.2,2193.275,2.378498
r04659,2.0,1000,16,4,1,0,2048,1,0.0,1e-08,180.0,1755,2.05019,15168.0,8641.362,2.287342
r04660,2.0,1000,8,1,1,0,2048,1,0.1,1e-08,180.0,1800,1.95718,10775.5,1520.487,2.342245
r04661,0.5,200,16,1,1,0,2048,0,0.0,1e-08,190.0,1800,1.21535,18159.2,1804.483,2.419739
r04662,2.0,200,4,4,2,1,2048,0,0.1,1e-08,105.0,1410,1.64535,5868.7,5583.508,2.537692
r04663,2.0,200,8,1,1,0,2048,1,0.0,1e-08,95.0,1440,1.76048,8067.1,2030.976,2.482883
r04664,1.0,1000,4,1,2,1,1024,1,0.1,1e-08,95.0,1440,1.19107,5917.1,692.235,2.534879
r04665,1.0,1000,16,2,1,0,1024,1,0.0,1e-08,190.0,1755,1.61111,17973.0,1823.18,2.364486
r04666,0.5,1000,16,1,2,1,2048,1,0.0,1e-08,180.0,1800,1.25583,12769.3,2566.159,2.395405
r04667,1.0,200,4,1,2,1,2048,0,0.0,1e-08,190.0,1800,1.34483,8114.6,1009.54,2.461735
r04668,1.0,200,8,2,2,1,2048,1,0.0,1e-08,100.0,1440,1.14922,6502.2,5039.502,2.410362
r04669,0.5,1000,8,2,1,0,2048,1,0.1,1e-08,180.0,1755,1.13797,9848.8,3327.116,2.403282
r04670,2.0,200,8,2,1,0,2048,1,0.0,1e-08,95.0,1440,1.82229,7987.6,4102.348,2.456729
r04671,2.0,1000,16,1,1,0,2048,1,0.1,1e-08,190.0,1800,2.10124,14782.8,2216.632,2.320882
r04672,1.0,1000,16,2,1,0,1024,0,0.1,1e-06,180.0,1755,1.57706,23949.2,1368.232,2.366924
r04673,1.0,200,4,1,1,0,2048,1,0.0,1e-08,190.0,1755,1.29755,7540.4,1086.415,2.43337
r04674,2.0,1000,4,4,1,0,2048,1,0.0,1e-08,180.0,1755,1.99151,7651.2,4282.718,2.349943
r04675,0.5,1000,8,2,1,0,2048,1,0.0,1e-08,180.0,1755,1.20881,9798.6,3344.155,2.386915
r04676,0.5,1000,16,2,2,1,1024,1,0.0,1e-08,100.0,1440,1.07681,11165.4,2934.789,2.466056
r04677,2.0,1000,16,1,1,0,1024,1,0.1,1e-06,180.0,1800,2.08627,18179.2,901.249,2.364565
r04678,1.0,1000,8,2,2,1,2048,1,0.1,1e-08,190.0,1800,1.51047,9627.1,3403.726,2.367579
r04679,1.0,200,4,1,1,0,2048,1,0.0,1e-08,105.0,1440,1.15748,5621.1,1457.362,2.480851
r04680,1.0,1000,16,1,1,0,1024,1,0.0,1e-06,180.0,1800,1.59215,18871.1,868.207,2.379839
r04681,0.5,1000,8,1,2,1,2048,1,0.0,1e-08,180.0,1755,1.16643,8994.4,1821.572,2.419856
r04682,2.0,200,8,4,1,0,1024,0,0.0,1e-08,180.0,1800,1.99578,15612.6,2098.824,2.442559
r04683,0.5,1000,4,1,2,1,2048,1,0.0,1e-08,95.0,1410,0.88665,4807.3,1704.071,2.534378
r04684,1.0,200,4,1,1,0,1024,0,0.0,1e-08,100.0,1410,1.15336,8567.6,478.078,2.513738
r04685,0.5,1000,8,2,2,1,2048,1,0.0,1e-08,100.0,1410,1.00011,6931.7,4727.261,2.446757
r04686,0.5,1000,8,4,1,0,2048,1,0.0,1e-08,190.0,1755,1.24766,10130.4,6469.252,2.373704
r04687,1.0,1000,4,2,1,0,1024,0,0.0,1e-08,95.0,1440,1.2412,8141.8,1006.163,2.469528
r04688,2.0,1000,8,1,1,0,1024,0,0.0,1e-08,95.0,1410,1.7374,12103.4,676.836,2.420917
r04689,2.0,1000,16,2,1,0,1024,1,0.0,1e-08,190.0,1755,2.13091,17957.4,1824.76,2.340796
r04690,0.5,1000,8,2,1,0,1024,0,0.0,1e-08,105.0,1410,0.93231,11717.5,1398.251,2.479495
r04691,0.5,1000,8,2,2,1,1024,0,0.0,1e-08,190.0,1800,1.26057,14349.2,1141.808,2.43552
r04692,1.0,1000,4,1,2,1,1024,0,0.1,1e-08,95.0,1440,1.11495,7109.3,576.147,2.534019
r04693,1.0,200,8,2,1,0,1024,1,0.0,1e-06,100.0,1440,1.1513,9080.2,1804.364,2.442659
r04694,0.5,1000,16,1,1,0,1024,1,0.0,1e-08,105.0,1440,0.95373,13845.7,1183.328,2.471247
r04695,1.0,1000,16,1,2,1,2048,1,0.1,1e-08,190.0,1800,1.47383,13554.1,2417.565,2.363619
r04696,0.5,1000,8,2,2,1,2048,0,0.0,1e-08,105.0,1410,0.96773,8662.8,3782.626,2.444055
r04697,1.0,1000,8,2,2,1,1024,0,0.1,1e-08,105.0,1410,1.10453,10706.1,1530.336,2.439894
r04698,0.5,1000,8,2,2,1,1024,0,0.0,1e-08,100.0,1410,0.94058,10060.9,1628.484,2.477652
r04699,0.5,200,16,4,1,0,1024,1,0.1,1e-08,180.0,1755,1.25675,18571.7,3528.813,2.449984
r04700,1.0,200,4,2,2,1,1024,0,0.0,1e-08,105.0,1440,1.18784,7478.8,1095.363,2.533431
r04701,2.0,1000,8,2,1,0,1024,0,0.0,1e-08,190.0,1800,2.00415,16676.5,982.458,2.345184
r04702,0.5,1000,8,1,2,1,1024,1,0.0,1e-08,180.0,1800,1.15359,10741.8,762.628,2.447107
r04703,1.0,1000,4,1,1,0,1024,1,0.1,1e-06,180.0,1755,1.35434,9424.9,434.594,2.452481
r04704,2.0,1000,16,2,2,1,2048,1,0.0,1e-08,190.0,1755,2.0022,13029.7,5029.72,2.294637
r04705,0.5,200,16,4,2,1,2048,0,0.1,1e-08,180.0,1755,1.27118,16258.0,8062.0,2.417738
r04706,1.0,1000,4,4,1,0,1024,0,0.1,1e-06,190.0,1755,1.43919,10827.2,1513.221,2.429984
r04707,1.0,1000,8,4,2,1,2048,1,0.1,1e-08,190.0,1755,1.43339,8875.2,7384.132,2.351441
r04708,0.5,1000,4,2,2,1,1024,0,0.1,1e-08,100.0,1410,0.80176,7226.5,1133.608,2.558352
r04709,1.0,1000,16,2,1,0,2048,0,0.1,1e-08,190.0,1800,1.48475,18730.6,3498.867,2.326079
r04710,0.5,1000,4,4,1,0,1024,0,0.0,1e-08,100.0,1440,0.88553,8335.5,1965.559,2.510725
r04711,1.0,200,16,1,2,1,1024,1,0.0,1e-06,190.0,1755,1.58411,16340.1,1002.689,2.420399
r04712,2.0,1000,16,2,1,0,2048,1,0.0,1e-08,105.0,1410,1.88727,11185.0,5859.256,2.341929
r04713,0.5,1000,16,1,1,0,2048,0,0.0,1e-08,180.0,1755,1.24401,17492.9,1873.217,2.389323
r04714,0.5,200,16,1,1,0,2048,1,0.1,1e-08,180.0,1755,1.24811,14794.2,2214.924,2.432
r04715,2.0,1000,8,1,1,0,1024,0,0.1,1e-06,100.0,1440,1.65173,11343.8,722.154,2.433148
r04716,2.0,200,16,1,1,0,2048,1,0.1,1e-08,180.0,1800,1.94428,15552.1,2106.982,2.418875
r04717,1.0,1000,16,1,2,1,2048,1,0.1,1e-08,100.0,1410,1.29316,9659.0,3392.482,2.411648
r04718,0.5,1000,8,1,1,0,1024,1,0.0,1e-08,100.0,1440,0.93817,9947.8,823.499,2.490153
r04719,0.5,1000,8,2,2,1,2048,1,0.0,1e-08,190.0,1755,1.15919,9096.6,3602.229,2.392084
r04720,1.0,200,8,2,2,1,2048,1,0.0,1e-08,105.0,1440,1.2782,7095.7,4618.029,2.417839
r04721,1.0,1000,8,2,1,0,2048,1,0.0,1e-08,190.0,1755,1.47435,10288.8,3184.831,2.331588
r04722,1.0,1000,8,1,1,0,2048,1,0.0,1e-08,180.0,1755,1.46324,10734.1,1526.346,2.359182
r04723,1.0,200,16,1,2,1,2048,1,0.1,1e-08,180.0,1800,1.52694,13021.5,2516.458,2.397128
r04724,2.0,200,16,2,1,0,1024,1,0.0,1e-06,190.0,1800,2.12483,18924.6,1731.5,2.429017
r04725,2.0,1000,16,2,1,0,1024,1,0.0,1e-08,105.0,1440,1.84527,13880.3,2360.76,2.382402
r04726,0.5,1000,4,2,1,0,1024,0,0.1,1e-06,95.0,1410,0.88899,8541.4,959.095,2.524133
r04727,1.0,1000,8,1,1,0,2048,1,0.1,1e-08,180.0,1755,1.5369,10172.1,1610.676,2.367057
r04728,2.0,1000,8,2,1,0,2048,1,0.1,1e-08,105.0,1440,1.72165,7948.3,4122.664,2.363267
r04729,0.5,1000,16,4,1,0,1024,1,0.0,1e-06,95.0,1440,0.95864,13116.1,4996.621,2.444335
r04730,0.5,200,4,4,1,0,1024,0,0.1,1e-08,100.0,1410,0.90017,8370.5,1957.341,2.55668
r04731,2.0,200,4,4,1,0,2048,0,0.0,1e-08,190.0,1755,1.8898,9709.3,3374.914,2.448741
r04732,2.0,1000,4,2,1,0,2048,0,0.0,1e-08,190.0,1755,1.98471,8756.4,1871.093,2.356403
r04733,2.0,200,8,2,2,1,1024,1,0.1,1e-06,100.0,1440,1.81811,8363.5,1958.978,2.518503
r04734,0.5,200,16,4,2,1,1024,1,0.1,1e-08,190.0,1755,1.22774,15878.8,4127.261,2.460232
r04735,0.5,1000,4,1,1,0,2048,1,0.0,1e-08,180.0,1800,1.10058,7577.1,1081.153,2.458546
r04736,0.5,1000,8,4,2,1,2048,1,0.1,1e-08,190.0,1800,1.24466,9203.7,7120.644,2.404901
r04737,0.5,200,8,2,1,0,1024,1,0.0,1e-08,105.0,1440,0.95012,9846.3,1663.98,2.502356
r04738,2.0,200,4,1,2,1,1024,0,0.0,1e-08,105.0,1410,1.70879,7236.0,566.057,2.589968
r04739,0.5,1000,8,2,1,0,2048,1,0.1,1e-08,100.0,1440,0.85575,7680.6,4266.316,2.447177
r04740,0.5,200,16,4,1,0,1024,1,0.0,1e-08,100.0,1410,0.93573,14197.7,4615.963,2.477356
r04741,2.0,200,8,1,2,1,1024,1,0.0,1e-08,180.0,1755,2.03197,10967.9,746.906,2.47864
r04742,1.0,200,16,1,2,1,1024,1,0.1,1e-08,180.0,1800,1.53346,16386.2,999.867,2.436648
r04743,2.0,1000,8,1,1,0,1024,0,0.0,1e-06,95.0,1440,1.83024,12733.5,643.34,2.41903
r04744,1.0,1000,16,2,1,0,2048,0,0.0,1e-08,180.0,1800,1.50651,18186.9,3603.479,2.318439
r04745,2.0,200,4,4,1,0,2048,1,0.1,1e-08,190.0,1755,1.95191,7201.3,4550.292,2.46498
r04746,1.0,200,16,1,2,1,2048,1,0.0,1e-08,190.0,1800,1.47145,12800.5,2559.893,2.376551
r04747,0.5,1000,4,2,2,1,1024,0,0.0,1e-08,100.0,1440,0.92999,7154.0,1145.086,2.550265
r04748,2.0,200,4,1,1,0,2048,1,0.1,1e-08,100.0,1440,1.6451,5577.3,1468.804,2.540681
r04749,1.0,1000,4,4,1,0,2048,0,0.0,1e-08,105.0,1410,1.13267,6750.5,4854.169,2.417363
r04750,2.0,200,4,1,2,1,2048,0,0.1,1e-08,190.0,1755,1.94057,8125.4,1008.198,2.5236
r04751,0.5,200,8,1,1,0,1024,0,0.1,1e-06,190.0,1800,1.14065,15607.4,524.881,2.492603
r04752,1.0,200,8,2,1,0,1024,0,0.0,1e-08,105.0,1410,1.20549,11616.9,1410.364,2.450129
r04753,2.0,1000,16,4,2,1,2048,1,0.0,1e-08,180.0,1800,2.13919,12846.5,10202.973,2.290046
r04754,2.0,200,16,1,1,0,2048,1,0.1,1e-08,180.0,1755,2.09697,15537.4,2108.976,2.423895
r04755,1.0,1000,16,2,1,0,2048,1,0.0,1e-08,180.0,1755,1.58527,14983.4,4373.914,2.316811
r04756,1.0,1000,16,1,1,0,2048,1,0.0,1e-08,100.0,1410,1.2783,10977.5,2985.005,2.392484
r04757,1.0,1000,4,2,2,1,2048,1,0.0,1e-08,95.0,1410,1.15691,4774.3,3431.684,2.455573
r04758,2.0,200,8,2,2,1,1024,0,0.1,1e-08,95.0,1410,1.69032,10781.2,1519.685,2.514549
r04759,2.0,1000,8,1,2,1,1024,0,0.0,1e-08,95.0,1410,1.77533,10422.2,786.017,2.432351
r04760,1.0,1000,8,4,2,1,1024,0,0.1,1e-08,105.0,1410,1.20126,10514.3,3116.513,2.440566
r04761,0.5,200,8,2,2,1,1024,0,0.0,1e-06,95.0,1440,0.87815,10659.5,1537.039,2.502059
r04762,0.5,1000,4,2,1,0,1024,0,0.0,1e-06,180.0,1800,1.21159,11364.7,720.826,2.465332
r04763,2.0,1000,16,1,2,1,2048,1,0.0,1e-08,190.0,1755,2.15418,12688.3,2582.536,2.327509
r04764,1.0,200,4,2,2,1,1024,0,0.0,1e-08,105.0,1440,1.15077,7215.7,1135.307,2.520932
r04765,1.0,200,8,1,1,0,2048,1,0.1,1e-08,180.0,1800,1.4912,10650.7,1538.299,2.400782
r04766,1.0,200,16,1,1,0,2048,0,0.1,1e-08,180.0,1800,1.57597,18584.6,1763.181,2.386492
r04767,0.5,200,16,2,1,0,1024,0,0.1,1e-08,100.0,1410,1.05523,16888.3,1940.275,2.504649
r04768,2.0,200,4,1,2,1,2048,1,0.0,1e-08,100.0,1440,1.6351,4733.9,1730.492,2.553973
r04769,1.0,1000,8,1,2,1,1024,0,0.0,1e-06,190.0,1755,1.53533,13850.7,591.449,2.401981
r04770,2.0,1000,16,2,1,0,2048,1,0.1,1e-08,180.0,1755,2.08784,14212.6,4611.128,2.311407
r04771,1.0,1000,16,1,1,0,1024,1,0.1,1e-08,100.0,1440,1.25209,13437.8,1219.244,2.441293
r04772,1.0,200,16,1,2,1,1024,1,0.0,1e-06,190.0,1800,1.53376,16054.1,1020.552,2.413675
r04773,1.0,1000,16,1,2,1,2048,1,0.0,1e-08,190.0,1755,1.50329,12210.2,2683.65,2.34073
r04774,2.0,1000,16,1,1,0,2048,1,0.1,1e-08,100.0,1440,1.75023,10574.3,3098.828,2.373701
r04775,1.0,200,16,1,1,0,2048,1,0.1,1e-08,190.0,1755,1.49844,15352.1,2134.424,2.381998
r04776,1.0,200,16,1,1,0,2048,0,0.1,1e-08,95.0,1410,1.27746,13358.7,2452.928,2.437001
r04777,0.5,1000,8,4,1,0,1024,0,0.1,1e-06,190.0,1755,1.17946,16055.2,2040.959,2.424167
r04778,0.5,1000,4,1,2,1,1024,0,0.1,1e-06,95.0,1440,0.90471,7451.9,549.662,2.581088
r04779,0.5,200,8,4,1,0,2048,1,0.0,1e-08,180.0,1800,1.09361,10743.6,6100.027,2.412174
r04780,2.0,1000,8,4,1,0,1024,0,0.1,1e-06,95.0,1440,1.72725,11654.3,2811.657,2.396343
r04781,1.0,200,4,1,1,0,1024,0,0.1,1e-08,105.0,1440,1.09404,8226.8,497.882,2.53016
r04782,0.5,200,4,2,1,0,2048,0,0.1,1e-08,95.0,1440,0.8142,7020.1,2333.858,2.520429
r04783,2.0,200,8,1,2,1,1024,0,0.0,1e-08,180.0,1755,2.06197,13913.6,588.777,2.481374
r04784,1.0,1000,16,2,2,1,2048,1,0.1,1e-08,180.0,1755,1.49247,13328.3,4917.052,2.347908
r04785,1.0,200,8,2,1,0,2048,1,0.1,1e-08,180.0,1755,1.46801,10493.3,3122.743,2.382358
r04786,0.5,200,4,4,1,0,1024,0,0.1,1e-08,105.0,1410,0.84992,8223.2,1992.406,2.557331
r04787,1.0,1000,4,1,1,0,2048,0,0.0,1e-08,180.0,1755,1.41897,9360.5,875.168,2.407497
r04788,1.0,200,8,1,1,0,1024,0,0.0,1e-08,100.0,1410,1.21136,12363.0,662.622,2.474892
r04789,2.0,1000,16,2,2,1,1024,1,0.0,1e-06,95.0,1410,1.93276,11818.4,2772.627,2.385607
r04790,0.5,1000,16,2,2,1,2048,1,0.0,1e-08,100.0,1410,1.04585,9581.4,6839.931,2.425738
r04791,1.0,1000,8,2,1,0,1024,0,0.1,1e-06,100.0,1440,1.1785,11883.7,1378.69,2.427654
r04792,0.5,200,16,4,1,0,2048,1,0.1,1e-08,190.0,1800,1.2815,14452.4,9069.24,2.410516
r04793,1.0,1000,16,2,2,1,1024,1,0.0,1e-08,190.0,1800,1.51549,16269.1,2014.128,2.37172
r04794,1.0,200,4,2,1,0,1024,0,0.1,1e-08,95.0,1410,1.23886,8899.2,920.537,2.511604
r04795,2.0,200,4,4,2,1,2048,1,0.0,1e-08,105.0,1410,1.68149,5023.4,6523.012,2.529563
r04796,0.5,1000,8,4,2,1,2048,1,0.0,1e-08,190.0,1800,1.11201,8874.2,7384.99,2.385331
r04797,1.0,200,16,1,2,1,2048,1,0.0,1e-08,190.0,1800,1.4919,12544.2,2612.206,2.379887
r04798,0.5,200,8,1,2,1,2048,1,0.0,1e-08,180.0,1755,1.16364,9284.0,1764.764,2.444669
r04799,0.5,1000,8,4,1,0,2048,1,0.0,1e-08,190.0,1755,1.12518,10361.0,6325.276,2.378029
r04800,1.0,1000,8,1,2,1,2048,1,0.1,1e-08,95.0,1440,1.14405,6858.3,2388.926,2.433581
r04801,0.5,1000,4,1,2,1,1024,0,0.1,1e-08,95.0,1410,0.91034,7621.8,537.408,2.590034
r04802,1.0,1000,4,1,2,1,1024,1,0.0,1e-08,95.0,1440,1.13805,5669.9,722.417,2.517363
r04803,1.0,1000,8,2,2,1,1024,0,0.0,1e-08,95.0,1410,1.33194,10764.2,1522.077,2.430101
r04804,1.0,200,16,1,1,0,2048,0,0.1,1e-08,190.0,1800,1.57239,18718.4,1750.579,2.384695
r04805,1.0,200,8,4,1,0,2048,0,0.1,1e-08,190.0,1755,1.49957,13167.0,4977.301,2.370764
r04806,1.0,1000,16,1,2,1,2048,1,0.0,1e-08,180.0,1755,1.56958,12872.7,2545.538,2.351302
r04807,0.5,200,4,2,2,1,1024,0,0.0,1e-06,105.0,1440,0.76433,7165.3,1143.287,2.572586
r04808,2.0,200,8,2,2,1,1024,0,0.0,1e-06,105.0,1440,1.76384,11214.1,1461.015,2.49946
r04809,1.0,200,4,4,2,1,1024,1,0.0,1e-08,95.0,1410,1.09086,6060.5,2703.392,2.511391
r04810,2.0,1000,8,2,1,0,2048,0,0.1,1e-08,180.0,1755,2.00167,13348.7,2454.768,2.321981
r04811,1.0,200,16,4,1,0,1024,1,0.0,1e-08,180.0,1755,1.48395,19055.5,3439.226,2.380983
r04812,1.0,200,8,1,2,1,2048,1,0.0,1e-08,180.0,1800,1.46288,9143.6,1791.863,2.396248
r04813,1.0,1000,8,4,2,1,1024,0,0.1,1e-06,190.0,1755,1.50049,14630.5,2239.712,2.391843
r04814,1.0,200,4,1,1,0,1024,0,0.1,1e-08,105.0,1410,1.24115,8631.6,474.537,2.531812
r04815,2.0,1000,4,2,1,0,1024,0,0.1,1e-06,100.0,1410,1.73282,8307.1,986.14,2.462161
r04816,1.0,1000,8,4,2,1,1024,0,0.0,1e-08,190.0,1800,1.49861,14069.5,2329.016,2.37717
r04817,2.0,1000,4,2,2,1,2048,1,0.0,1e-08,105.0,1440,1.7471,4773.6,3432.207,2.431455
r04818,2.0,200,16,2,2,1,1024,1,0.1,1e-08,180.0,1755,1.96702,16377.8,2000.755,2.45051
r04819,2.0,200,16,2,2,1,2048,0,0.0,1e-08,180.0,1800,1.9826,16333.9,4012.279,2.399338
r04820,2.0,1000,16,1,1,0,1024,1,0.0,1e-06,100.0,1440,1.86197,14070.7,1164.403,2.398754
r04821,1.0,1000,4,1,1,0,2048,1,0.0,1e-08,100.0,1410,1.15228,5311.6,1542.282,2.45064
r04822,1.0,1000,16,1,1,0,2048,1,0.0,1e-08,190.0,1800,1.4811,14799.8,2214.086,2.334223
r04823,1.0,200,8,1,2,1,2048,1,0.1,1e-08,190.0,1800,1.48932,9619.1,1703.274,2.400106
r04824,2.0,200,4,4,1,0,2048,1,0.0,1e-08,105.0,1440,1.6752,5567.0,5886.075,2.489192
r04825,1.0,200,4,1,1,0,2048,1,0.0,1e-08,180.0,1755,1.44901,7543.6,1085.957,2.432559
r04826,1.0,1000,4,2,2,1,1024,0,0.1,1e-08,100.0,1410,1.17544,7166.4,1143.115,2.518046
r04827,2.0,1000,4,2,2,1,1024,0,0.0,1e-06,95.0,1440,1.80994,7266.3,1127.402,2.47161
r04828,2.0,200,8,1,2,1,1024,0,0.0,1e-08,95.0,1440,1.68209,10766.5,760.879,2.515899
r04829,2.0,200,8,1,1,0,1024,0,0.0,1e-06,100.0,1440,1.72803,12016.5,681.729,2.514872
r04830,0.5,1000,4,1,1,0,1024,0,0.0,1e-08,105.0,1440,0.90191,8365.4,489.638,2.538027
r04831,0.5,1000,4,2,2,1,2048,1,0.1,1e-08,105.0,1440,0.83467,4780.1,3427.566,2.517203
r04832,0.5,1000,8,4,2,1,1024,0,0.1,1e-06,180.0,1755,1.24716,13858.2,2364.529,2.446319
r04833,1.0,200,8,2,1,0,1024,0,0.0,1e-08,105.0,1440,1.24183,11831.2,1384.814,2.45282
r04834,1.0,1000,4,2,1,0,1024,0,0.0,1e-08,100.0,1440,1.11904,8496.6,964.146,2.470174
r04835,1.0,1000,16,2,1,0,2048,1,0.1,1e-08,180.0,1755,1.5386,15378.9,4261.415,2.330711
r04836,0.5,1000,8,1,2,1,1024,0,0.1,1e-06,180.0,1800,1.22439,14232.1,575.599,2.458856
r04837,0.5,1000,16,2,2,1,2048,1,0.1,1e-08,180.0,1755,1.28301,13343.9,4911.29,2.396283
r04838,1.0,1000,8,1,2,1,1024,0,0.0,1e-06,180.0,1800,1.39183,13932.5,587.977,2.404814
r04839,1.0,1000,4,1,1,0,1024,0,0.0,1e-08,105.0,1440,1.07612,8509.8,481.327,2.493832
r04840,1.0,1000,4,2,2,1,1024,1,0.0,1e-06,105.0,1440,1.18131,5725.2,1430.876,2.493647
r04841,1.0,1000,8,2,1,0,1024,0,0.0,1e-08,95.0,1410,1.12007,12043.4,1360.413,2.416786
r04842,2.0,1000,4,4,1,0,1024,0,0.0,1e-08,105.0,1410,1.66384,8557.6,1914.551,2.434408
r04843,1.0,1000,8,4,2,1,2048,1,0.1,1e-08,100.0,1440,1.28066,6963.8,9411.001,2.400146
r04844,0.5,1000,8,4,2,1,2048,1,0.0,1e-08,95.0,1440,0.93398,6942.5,9439.88,2.43633
r04845,2.0,1000,8,2,2,1,2048,1,0.1,1e-08,105.0,1440,1.68005,6464.4,5068.974,2.374895
r04846,0.5,1000,4,1,2,1,1024,0,0.0,1e-08,100.0,1410,0.9459,7413.0,552.546,2.568308
r04847,1.0,1000,16,2,2,1,2048,1,0.0,1e-08,180.0,1755,1.49409,12384.2,5291.906,2.325837
r04848,1.0,1000,8,2,2,1,1024,0,0.0,1e-06,100.0,1440,1.14018,10402.6,1574.992,2.423518
r04849,1.0,1000,4,1,1,0,1024,0,0.0,1e-06,95.0,1440,1.17629,8260.2,495.869,2.493011
r04850,1.0,1000,4,2,2,1,2048,0,0.0,1e-08,105.0,1410,1.16328,6221.2,2633.561,2.452892
r04851,1.0,1000,16,2,1,0,2048,0,0.0,1e-08,190.0,1800,1.57214,18685.7,3507.274,2.321141
r04852,2.0,1000,16,2,1,0,2048,0,0.0,1e-08,105.0,1440,1.89623,13786.2,4753.746,2.34317
r04853,2.0,200,16,4,1,0,2048,1,0.0,1e-08,105.0,1410,1.74439,11478.0,11419.412,2.428827
r04854,1.0,1000,4,2,1,0,1024,0,0.1,1e-08,180.0,1755,1.35886,11082.9,739.154,2.44294
r04855,2.0,200,8,4,2,1,1024,0,0.0,1e-08,105.0,1440,1.73156,10007.4,3274.391,2.49334
r04856,1.0,200,16,2,2,1,2048,1,0.0,1e-08,190.0,1755,1.5107,12524.8,5232.483,2.352654
r04857,0.5,200,8,2,1,0,1024,0,0.0,1e-06,95.0,1410,0.97943,11485.3,1426.516,2.493737
r04858,1.0,200,4,4,1,0,1024,0,0.1,1e-08,100.0,1440,1.2209,8441.0,1941.004,2.507941
r04859,1.0,1000,8,1,1,0,1024,1,0.0,1e-08,180.0,1755,1.48768,13450.5,609.046,2.402774
r04860,0.5,1000,4,1,1,0,1024,1,0.1,1e-08,100.0,1410,0.84046,6780.7,604.065,2.552874
r04861,2.0,200,4,4,2,1,1024,0,0.1,1e-06,105.0,1440,1.68794,7073.0,2316.403,2.575877
r04862,1.0,200,4,2,1,0,2048,1,0.1,1e-08,100.0,1440,1.06061,5424.8,3020.222,2.466048
r04863,0.5,1000,4,1,2,1,1024,0,0.0,1e-08,95.0,1410,0.94721,7368.9,555.846,2.571475
r04864,1.0,1000,16,2,2,1,1024,1,0.0,1e-06,95.0,1410,1.30212,11341.2,2889.28,2.41468
r04865,1.0,200,16,2,2,1,2048,0,0.1,1e-08,190.0,1755,1.5366,15460.7,4238.878,2.376882
r04866,0.5,1000,8,2,1,0,1024,1,0.1,1e-08,105.0,1440,0.96289,9123.8,1795.751,2.486779
r04867,2.0,200,8,4,1,0,1024,0,0.1,1e-08,190.0,1755,2.07565,16474.7,1988.986,2.463326
r04868,2.0,1000,4,2,1,0,1024,0,0.0,1e-06,105.0,1410,1.67686,8255.4,992.321,2.444088
r04869,1.0,200,8,4,2,1,1024,0,0.0,1e-06,190.0,1755,1.44262,14213.8,2305.36,2.404737
r04870,2.0,1000,8,1,2,1,2048,1,0.0,1e-08,190.0,1755,2.00563,9342.4,1753.721,2.33642
r04871,1.0,200,4,1,1,0,1024,0,0.0,1e-06,105.0,1440,1.08576,8334.8,491.432,2.510382
r04872,2.0,200,16,2,2,1,2048,1,0.1,1e-08,190.0,1755,2.06076,13467.6,4866.204,2.411102
r04873,1.0,200,8,1,2,1,1024,0,0.0,1e-08,105.0,1410,1.24913,10154.8,806.71,2.483691
r04874,2.0,200,16,1,2,1,2048,1,0.1,1e-08,100.0,1440,1.84828,9631.3,3402.257,2.48224
r04875,1.0,1000,4,1,1,0,2048,1,0.1,1e-08,95.0,1410,1.16625,5498.2,1489.932,2.464471
r04876,1.0,1000,4,1,2,1,2048,1,0.0,1e-08,95.0,1410,1.14526,4521.9,1811.639,2.47923
r04877,2.0,1000,8,4,1,0,1024,0,0.1,1e-08,105.0,1440,1.77306,12093.0,2709.661,2.397283
r04878,2.0,200,8,4,2,1,2048,1,0.1,1e-08,190.0,1755,1.95626,9011.2,7272.734,2.420056
r04879,2.0,200,8,4,2,1,1024,0,0.1,1e-08,105.0,1410,1.7933,10406.2,3148.892,2.507791
r04880,1.0,1000,16,2,2,1,2048,1,0.0,1e-08,180.0,1800,1.53951,12413.8,5279.266,2.332517
r04881,1.0,1000,4,1,1,0,2048,1,0.1,1e-08,190.0,1755,1.4324,7614.3,1075.864,2.417391
r04882,1.0,200,8,2,2,1,2048,0,0.0,1e-08,190.0,1755,1.43085,10698.4,3062.877,2.373733
r04883,1.0,1000,16,2,1,0,2048,1,0.1,1e-08,180.0,1755,1.57498,15455.3,4240.364,2.334766
r04884,2.0,1000,16,1,2,1,1024,0,0.1,1e-06,180.0,1755,2.08256,20298.5,807.152,2.374561
r04885,1.0,200,4,2,2,1,1024,0,0.1,1e-08,105.0,1410,1.0492,7285.0,1124.508,2.546424
r04886,1.0,1000,8,4,1,0,2048,0,0.1,1e-08,180.0,1755,1.4186,13162.2,4979.093,2.343065
r04887,0.5,200,8,2,2,1,1024,0,0.1,1e-08,190.0,1800,1.19991,13174.2,1243.646,2.477131
r04888,0.5,200,8,1,2,1,2048,0,0.0,1e-08,180.0,1755,1.10046,11570.8,1415.972,2.444936
r04889,2.0,1000,8,1,2,1,1024,1,0.0,1e-06,100.0,1410,1.71386,7971.8,1027.628,2.415439
r04890,2.0,1000,4,1,1,0,1024,0,0.0,1e-08,95.0,1440,1.71402,8566.8,478.123,2.460008
r04891,1.0,200,4,1,2,1,1024,0,0.1,1e-08,105.0,1410,1.14547,6868.2,596.374,2.559901
r04892,2.0,200,8,2,2,1,1024,0,0.1,1e-06,180.0,1755,2.01197,13611.2,1203.714,2.479715
r04893,0.5,1000,16,1,2,1,1024,1,0.0,1e-08,190.0,1800,1.2563,15840.2,1034.331,2.444651
r04894,2.0,1000,8,1,1,0,2048,1,0.1,1e-08,190.0,1755,2.04535,10311.3,1588.931,2.343815
r04895,0.5,200,8,1,2,1,2048,1,0.1,1e-08,100.0,1410,1.04314,6829.8,2398.897,2.514216
r04896,1.0,200,4,2,2,1,1024,0,0.0,1e-06,190.0,1755,1.43203,10050.1,815.12,2.483937
r04897,1.0,1000,8,4,1,0,1024,0,0.0,1e-06,100.0,1410,1.21431,12002.2,2730.171,2.402729
r04898,2.0,200,4,4,2,1,1024,0,0.0,1e-08,100.0,1440,1.6903,7346.0,2230.34,2.560244
r04899,2.0,200,16,2,1,0,1024,1,0.1,1e-08,180.0,1755,2.0309,18276.4,1792.918,2.454532
r04900,1.0,1000,4,1,1,0,2048,1,0.0,1e-08,105.0,1440,1.21547,5619.4,1457.806,2.452707
r04901,2.0,1000,16,1,1,0,1024,0,0.0,1e-08,180.0,1755,2.0653,22827.3,717.736,2.355326
r04902,0.5,200,8,2,2,1,1024,0,0.0,1e-08,105.0,1440,0.99216,10496.5,1560.904,2.508092
r04903,2.0,200,8,1,2,1,1024,1,0.1,1e-08,100.0,1440,1.73765,8286.8,988.562,2.544525
r04904,2.0,200,4,2,1,0,1024,0,0.0,1e-06,105.0,1410,1.75505,8411.3,973.922,2.540457
r04905,1.0,1000,16,2,2,1,2048,1,0.1,1e-08,190.0,1755,1.59001,13086.4,5007.948,2.346461
r04906,0.5,200,16,4,1,0,2048,1,0.1,1e-08,190.0,1755,1.24673,14706.7,8912.374,2.397687
r04907,1.0,200,8,2,1,0,2048,1,0.0,1e-08,180.0,1800,1.43581,10584.0,3096.004,2.365174
r04908,0.5,200,4,4,1,0,2048,1,0.1,1e-08,105.0,1410,0.80334,5170.6,6337.315,2.515228
r04909,1.0,200,4,2,1,0,2048,1,0.0,1e-08,95.0,1410,1.15472,5784.6,2832.333,2.460079
r04910,1.0,200,16,2,2,1,1024,1,0.1,1e-08,180.0,1755,1.51245,15367.7,2132.266,2.412824
r04911,0.5,200,16,2,1,0,2048,1,0.0,1e-08,180.0,1800,1.20337,15267.9,4292.414,2.406164
r04912,0.5,1000,4,1,2,1,1024,1,0.1,1e-08,95.0,1410,0.89235,5914.1,692.584,2.584797
r04913,1.0,1000,4,1,1,0,2048,0,0.1,1e-08,95.0,1440,1.13961,7157.9,1144.471,2.462311
r04914,1.0,1000,4,2,1,0,2048,1,0.1,1e-08,100.0,1440,1.22205,5403.3,3032.241,2.442314
r04915,2.0,200,8,2,1,0,1024,0,0.0,1e-08,190.0,1755,1.98221,15833.4,1034.775,2.447911
r04916,1.0,1000,16,2,2,1,2048,1,0.1,1e-08,180.0,1755,1.47898,13411.2,4886.651,2.34362
r04917,1.0,1000,4,2,1,0,2048,1,0.0,1e-08,100.0,1440,1.16577,5629.6,2910.34,2.430182
r04918,2.0,1000,16,2,1,0,2048,1,0.0,1e-08,180.0,1755,2.16964,14866.8,4408.204,2.299673
r04919,0.5,1000,4,4,1,0,2048,1,0.0,1e-08,180.0,1755,1.15208,7200.7,4550.657,2.426852
r04920,0.5,1000,16,4,1,0,1024,0,0.0,1e-06,190.0,1800,1.20101,22374.1,2929.104,2.398186
r04921,1.0,200,16,4,2,1,1024,0,0.0,1e-06,190.0,1755,1.53721,20171.5,3248.936,2.384143
r04922,1.0,200,16,4,1,0,1024,1,0.1,1e-08,180.0,1800,1.62276,19290.5,3397.317,2.396614
r04923,1.0,1000,8,4,2,1,1024,0,0.1,1e-08,100.0,1410,1.27116,9964.4,3288.522,2.428697
r04924,0.5,1000,16,1,2,1,2048,1,0.0,1e-08,180.0,1755,1.23376,13021.9,2516.372,2.395712
r04925,2.0,1000,4,4,1,0,1024,0,0.1,1e-06,105.0,1410,1.80899,8251.0,1985.696,2.454185
r04926,0.5,200,4,2,1,0,1024,0,0.0,1e-08,95.0,1410,0.85319,8471.4,967.019,2.546421
r04927,1.0,200,16,4,1,0,2048,1,0.1,1e-08,95.0,1440,1.32713,11256.7,11643.956,2.406626
r04928,2.0,1000,8,1,1,0,1024,0,0.1,1e-08,105.0,1410,1.74781,11942.6,685.948,2.429727
r04929,1.0,200,16,1,1,0,1024,1,0.1,1e-06,95.0,1410,1.25215,13990.6,1171.075,2.466066
r04930,2.0,200,16,4,1,0,1024,1,0.0,1e-06,105.0,1440,1.87489,12906.3,5077.839,2.461861
r04931,0.5,1000,4,4,1,0,1024,0,0.0,1e-08,95.0,1410,0.84302,8498.1,1927.964,2.510481
r04932,0.5,1000,4,4,2,1,1024,0,0.0,1e-08,100.0,1410,0.80937,7549.6,2170.191,2.545507
r04933,0.5,200,16,1,1,0,2048,1,0.0,1e-08,180.0,1755,1.23211,15727.0,2083.547,2.419843
r04934,1.0,1000,16,1,2,1,1024,0,0.0,1e-06,105.0,1440,1.34341,14771.1,1109.196,2.439528
r04935,1.0,1000,8,4,2,1,1024,1,0.0,1e-06,95.0,1440,1.18808,8415.4,3893.816,2.417457
r04936,0.5,200,4,2,1,0,2048,1,0.0,1e-08,180.0,1800,1.04615,7460.1,2196.223,2.461429
r04937,1.0,1000,8,1,2,1,1024,0,0.1,1e-06,100.0,1440,1.20549,11011.0,743.981,2.470117
r04938,0.5,200,4,4,1,0,1024,0,0.0,1e-06,95.0,1440,0.90377,8196.3,1998.951,2.53679
r04939,2.0,200,8,2,1,0,1024,1,0.0,1e-06,95.0,1440,1.67321,9789.6,1673.621,2.484775
r04940,0.5,1000,4,4,2,1,1024,0,0.0,1e-08,95.0,1440,0.84086,7284.8,2249.072,2.536461
r04941,1.0,200,16,1,1,0,2048,1,0.1,1e-08,105.0,1410,1.26062,10339.8,3169.108,2.4314
r04942,0.5,1000,8,1,1,0,1024,0,0.1,1e-08,190.0,1800,1.15023,16824.7,486.903,2.461226
r04943,2.0,200,4,4,2,1,2048,1,0.0,1e-08,95.0,1440,1.63097,4992.0,6564.078,2.52522
r04944,0.5,1000,8,4,1,0,2048,1,0.0,1e-08,105.0,1440,1.02476,7861.2,8336.601,2.430106
r04945,2.0,200,4,2,1,0,1024,0,0.0,1e-08,105.0,1440,1.76715,8459.2,968.41,2.548825
r04946,0.5,1000,8,1,1,0,2048,1,0.0,1e-08,105.0,1410,0.83059,7894.5,2075.359,2.442652
r04947,2.0,200,8,2,2,1,2048,0,0.0,1e-08,180.0,1800,2.07846,10952.4,2991.86,2.420631
r04948,0.5,1000,4,1,2,1,2048,0,0.0,1e-08,100.0,1440,0.82455,5741.9,1426.696,2.525656
r04949,2.0,1000,4,1,1,0,1024,0,0.1,1e-08,100.0,1440,1.70438,8483.5,482.819,2.474756
r04950,2.0,1000,16,2,2,1,1024,0,0.1,1e-08,180.0,1755,2.11876,19584.4,1673.167,2.35279
r04951,1.0,1000,16,1,1,0,2048,0,0.1,1e-08,180.0,1755,1.50792,18601.3,1761.598,2.359108
r04952,2.0,200,4,1,1,0,1024,0,0.0,1e-08,190.0,1800,1.96462,11690.2,350.379,2.518518
r04953,1.0,200,4,1,2,1,1024,0,0.0,1e-08,105.0,1410,1.18294,7434.5,550.948,2.554211
r04954,2.0,1000,16,1,2,1,1024,1,0.1,1e-06,95.0,1440,1.82364,12311.5,1330.785,2.426983
r04955,2.0,1000,4,1,2,1,1024,0,0.1,1e-06,100.0,1410,1.773,7128.1,574.624,2.507392
r04956,1.0,1000,16,4,1,0,1024,1,0.1,1e-08,105.0,1440,1.32175,13743.8,4768.402,2.410779
r04957,1.0,1000,16,4,1,0,2048,1,0.0,1e-08,190.0,1800,1.57921,14368.7,9122.029,2.31306
r04958,0.5,1000,4,2,2,1,2048,0,0.1,1e-08,95.0,1440,0.8581,6196.6,2644.028,2.528112
r04959,1.0,1000,16,1,2,1,1024,1,0.1,1e-08,100.0,1410,1.29027,11880.9,1379.022,2.45725
r04960,1.0,1000,4,2,2,1,1024,0,0.0,1e-08,95.0,1410,1.13739,7547.9,1085.328,2.50149
r04961,2.0,1000,8,1,2,1,2048,0,0.0,1e-08,105.0,1440,1.79085,8590.8,1907.153,2.389388
r04962,2.0,1000,16,4,2,1,1024,1,0.0,1e-08,180.0,1800,2.01593,15942.0,4110.906,2.328424
r04963,2.0,1000,4,4,1,0,1024,0,0.0,1e-08,100.0,1410,1.63962,8722.4,1878.374,2.435185
r04964,1.0,200,8,1,2,1,1024,0,0.1,1e-08,180.0,1800,1.49892,13967.0,586.526,2.451138
r04965,1.0,1000,16,1,1,0,2048,1,0.1,1e-08,180.0,1755,1.57883,14885.7,2201.315,2.357838
r04966,0.5,1000,8,2,1,0,1024,0,0.1,1e-06,95.0,1440,0.95109,11901.8,1376.599,2.483195
r04967,1.0,1000,16,2,2,1,2048,1,0.1,1e-08,180.0,1800,1.53284,12504.9,5240.843,2.346009
r04968,2.0,1000,4,1,2,1,2048,1,0.0,1e-08,95.0,1410,1.67133,4694.4,1745.046,2.453102
r04969,1.0,200,4,2,2,1,1024,0,0.1,1e-08,100.0,1410,1.14829,7748.8,1057.193,2.545625
r04970,1.0,1000,16,1,2,1,2048,1,0.1,1e-08,180.0,1800,1.50321,13222.1,2478.27,2.364259
r04971,0.5,1000,8,4,1,0,2048,1,0.1,1e-08,190.0,1755,1.07186,10784.3,6077.01,2.391024
r04972,1.0,200,16,2,2,1,2048,0,0.0,1e-08,95.0,1410,1.28181,11402.3,5747.592,2.402937
r04973,0.5,200,4,2,1,0,1024,0,0.0,1e-06,105.0,1410,0.94327,8304.4,986.462,2.548226
r04974,1.0,1000,16,2,2,1,2048,1,0.0,1e-08,180.0,1755,1.48058,13399.3,4890.994,2.330802
r04975,0.5,1000,8,2,1,0,2048,1,0.1,1e-08,190.0,1755,1.25541,10480.4,3126.606,2.402048
r04976,1.0,1000,4,4,1,0,1024,0,0.1,1e-06,105.0,1440,1.1504,8566.9,1912.478,2.479543
r04977,1.0,200,4,1,1,0,2048,1,0.1,1e-08,190.0,1800,1.37467,7442.0,1100.779,2.444572
r04978,0.5,1000,16,2,1,0,1024,1,0.1,1e-06,105.0,1440,0.98306,13815.1,2371.897,2.461844
r04979,1.0,200,4,1,2,1,1024,0,0.0,1e-06,105.0,1410,1.08973,7290.8,561.803,2.546912
r04980,1.0,200,8,2,2,1,2048,1,0.1,1e-08,180.0,1800,1.42597,9032.3,3627.858,2.391475
r04981,0.5,1000,16,4,2,1,1024,1,0.1,1e-08,105.0,1440,0.90924,11728.2,5587.877,2.475777
r04982,1.0,1000,16,1,2,1,1024,1,0.1,1e-08,105.0,1440,1.46569,12056.7,1358.916,2.45102
r04983,0.5,1000,4,1,2,1,2048,0,0.1,1e-08,105.0,1410,0.81935,5876.3,1394.064,2.540117
r04984,0.5,1000,16,4,1,0,1024,1,0.1,1e-08,95.0,1410,1.06206,13875.3,4723.22,2.464337
r04985,1.0,200,4,2,2,1,1024,0,0.1,1e-08,105.0,1410,1.1427,7431.8,1102.287,2.540196
r04986,1.0,1000,8,4,1,0,1024,0,0.0,1e-06,95.0,1440,1.21212,11667.9,2808.393,2.414149
r04987,0.5,200,4,1,2,1,2048,1,0.0,1e-08,100.0,1440,0.90561,4732.1,1731.139,2.557754
r04988,1.0,1000,4,1,2,1,1024,0,0.0,1e-06,100.0,1410,1.15185,7625.2,537.163,2.524051
r04989,1.0,1000,8,1,2,1,1024,1,0.0,1e-08,190.0,1800,1.42339,11572.2,707.903,2.406835
r04990,0.5,1000,16,4,1,0,1024,1,0.0,1e-08,180.0,1755,1.23165,17869.3,3667.524,2.400049
r04991,1.0,200,4,1,2,1,1024,0,0.0,1e-08,105.0,1440,1.135,7362.5,556.331,2.54678
r04992,1.0,200,8,4,1,0,1024,0,0.1,1e-06,105.0,1440,1.26648,12281.6,2668.059,2.453021
r04993,2.0,1000,16,2,1,0,2048,1,0.0,1e-08,190.0,1800,2.07282,14142.6,4633.936,2.295406
r04994,1.0,1000,4,2,2,1,1024,0,0.0,1e-06,105.0,1410,1.15059,7713.2,1062.076,2.497239
r04995,1.0,200,4,2,1,0,2048,1,0.1,1e-08,105.0,1410,1.1412,5668.2,2890.523,2.467495
r04996,2.0,1000,16,2,2,1,1024,1,0.0,1e-06,95.0,1440,1.88532,11387.3,2877.595,2.394695
r04997,0.5,200,16,2,1,0,2048,1,0.1,1e-08,190.0,1800,1.2352,14312.4,4578.963,2.4186
r04998,0.5,200,4,2,2,1,1024,0,0.1,1e-08,105.0,1440,1.02313,7580.5,1080.674,2.599783
r04999,1.0,1000,8,1,1,0,1024,0,0.1,1e-08,100.0,1410,1.22222,13322.8,614.887,2.454773
r05000,0.5,1000,16,1,2,1,1024,1,0.1,1e-08,180.0,1755,1.20271,15875.2,1032.053,2.45962
r05001,1.0,200,8,4,2,1,1024,0,0.0,1e-08,100.0,1440,1.25681,10506.2,3118.912,2.456067
r05002,0.5,200,8,2,1,0,2048,1,0.1,1e-08,190.0,1800,1.16601,10643.6,3078.651,2.428741
r05003,1.0,1000,8,4,2,1,1024,0,0.0,1e-06,95.0,1440,1.21767,10406.5,3148.797,2.425971
r05004,1.0,1000,8,1,1,0,2048,1,0.0,1e-08,100.0,1440,1.23433,8190.8,2000.294,2.406756
r05005,0.5,1000,16,4,1,0,2048,0,0.0,1e-08,105.0,1440,0.98536,13292.5,9860.624,2.40976
r05006,1.0,1000,4,4,1,0,2048,1,0.1,1e-08,190.0,1755,1.42023,7512.9,4361.557,2.388143
r05007,1.0,1000,16,2,2,1,1024,1,0.0,1e-08,180.0,1755,1.53836,15563.7,2105.416,2.368254
r05008,2.0,200,16,2,2,1,1024,1,0.0,1e-06,95.0,1410,1.83103,12099.4,2708.234,2.480491
r05009,1.0,1000,8,4,1,0,1024,0,0.1,1e-08,105.0,1440,1.13689,12703.8,2579.378,2.43019
r05010,1.0,200,4,4,1,0,1024,0,0.1,1e-08,105.0,1440,1.1702,8920.3,1836.71,2.503914
r05011,1.0,1000,4,1,2,1,1024,1,0.0,1e-06,100.0,1410,1.1835,5931.5,690.553,2.516327
r05012,1.0,1000,16,1,1,0,1024,1,0.1,1e-08,100.0,1440,1.26239,14049.8,1166.139,2.433879
r05013,1.0,1000,4,4,2,1,1024,1,0.1,1e-08,105.0,1440,1.13239,5792.3,2828.578,2.506475
r05014,1.0,1000,4,4,1,0,1024,0,0.0,1e-08,100.0,1410,1.18971,8415.8,1946.809,2.461971
r05015,1.0,200,4,4,2,1,1024,0,0.0,1e-06,105.0,1410,1.26822,7123.7,2299.916,2.526828
r05016,2.0,200,16,1,1,0,2048,1,0.0,1e-08,180.0,1800,2.01615,15429.6,2123.71,2.409236
r05017,0.5,1000,8,1,1,0,2048,1,0.0,1e-08,95.0,1410,0.9015,7919.2,2068.903,2.452471
r05018,2.0,200,16,2,1,0,2048,1,0.0,1e-08,190.0,1800,2.12721,15372.2,4263.292,2.40276
r05019,0.5,200,16,1,1,0,1024,1,0.1,1e-08,180.0,1800,1.25595,18146.8,902.858,2.463143
r05020,1.0,200,16,2,1,0,1024,1,0.1,1e-06,105.0,1440,1.25123,14174.7,2311.717,2.441036
r05021,1.0,200,4,1,2,1,1024,0,0.1,1e-08,105.0,1440,1.11331,7360.3,556.5,2.567418
r05022,0.5,200,16,1,1,0,1024,1,0.0,1e-06,180.0,1755,1.24709,17743.7,923.371,2.456438
r05023,0.5,1000,8,4,1,0,1024,0,0.0,1e-06,100.0,1440,0.92485,11440.9,2864.102,2.458555
r05024,0.5,1000,4,1,1,0,1024,0,0.1,1e-08,100.0,1440,0.95095,8493.0,482.279,2.562655
r05025,2.0,1000,4,2,1,0,1024,1,0.0,1e-06,105.0,1410,1.78954,6662.1,1229.638,2.446555
r05026,1.0,1000,8,4,1,0,1024,0,0.1,1e-08,100.0,1440,1.15613,12329.2,2657.75,2.427472
r05027,1.0,1000,8,1,1,0,1024,0,0.0,1e-08,100.0,1440,1.19572,12017.3,681.685,2.443691
r05028,2.0,200,4,2,1,0,1024,0,0.0,1e-06,95.0,1440,1.78218,8407.4,974.38,2.54434
r05029,2.0,200,4,1,1,0,1024,0,0.0,1e-06,105.0,1410,1.70788,8136.9,503.386,2.562117
r05030,0.5,1000,16,1,2,1,2048,1,0.0,1e-08,190.0,1800,1.24357,13211.4,2480.286,2.401169
r05031,1.0,200,8,4,1,0,1024,0,0.0,1e-08,95.0,1440,1.12135,11452.5,2861.202,2.44492
r05032,1.0,200,4,1,1,0,1024,1,0.1,1e-08,105.0,1410,1.14088,6872.2,596.025,2.538793
r05033,2.0,200,4,1,2,1,2048,1,0.1,1e-08,105.0,1410,1.79524,4835.6,1694.094,2.571351
r05034,1.0,1000,4,1,1,0,1024,0,0.0,1e-06,95.0,1440,1.16214,8306.6,493.102,2.488107
r05035,1.0,200,16,2,1,0,1024,1,0.0,1e-08,95.0,1410,1.3604,13819.1,2371.219,2.443105
r05036,1.0,1000,4,1,1,0,1024,0,0.1,1e-08,95.0,1440,1.12037,8734.9,468.925,2.497059
r05037,2.0,1000,8,4,2,1,1024,1,0.0,1e-08,95.0,1440,1.75644,8604.6,3808.213,2.396734
r05038,0.5,1000,8,1,1,0,2048,0,0.0,1e-08,190.0,1755,1.23474,12779.9,1282.009,2.406511
r05039,1.0,200,4,4,2,1,1024,0,0.1,1e-06,105.0,1440,1.17461,6928.4,2364.758,2.534553
r05040,0.5,1000,4,2,2,1,1024,0,0.1,1e-06,100.0,1440,0.85765,7145.2,1146.498,2.553542
r05041,1.0,1000,16,2,2,1,1024,1,0.1,1e-08,100.0,1440,1.25592,11670.7,2807.724,2.431258
r05042,1.0,1000,4,2,2,1,2048,1,0.0,1e-08,180.0,1800,1.42799,6475.4,2530.205,2.417432
r05043,2.0,1000,8,2,2,1,1024,1,0.1,1e-08,100.0,1410,1.7256,8582.4,1909.021,2.416155
r05044,0.5,200,16,1,2,1,2048,0,0.0,1e-08,180.0,1800,1.22162,16080.4,2037.757,2.430011
r05045,2.0,200,16,1,1,0,2048,1,0.1,1e-08,190.0,1755,2.01947,14979.5,2187.519,2.424634
r05046,2.0,1000,8,1,2,1,1024,0,0.0,1e-06,95.0,1410,1.84514,10472.4,782.244,2.425173
r05047,1.0,1000,8,2,1,0,1024,0,0.1,1e-08,100.0,1410,1.17225,12323.4,1329.5,2.442746
r05048,0.5,200,8,4,1,0,1024,0,0.0,1e-08,180.0,1755,1.06858,17326.3,1891.227,2.439916
r05049,0.5,1000,16,2,2,1,1024,1,0.1,1e-06,190.0,1755,1.27543,16198.3,2022.93,2.43532
r05050,1.0,1000,4,1,2,1,1024,0,0.0,1e-08,190.0,1800,1.43749,10359.0,395.405,2.47747
r05051,2.0,200,8,1,2,1,2048,1,0.1,1e-08,190.0,1755,1.99302,9249.7,1771.304,2.456145
r05052,1.0,200,4,1,2,1,1024,0,0.1,1e-08,95.0,1440,1.22535,7417.4,552.212,2.576612
r05053,1.0,1000,16,1,2,1,1024,1,0.0,1e-06,190.0,1800,1.47423,15571.9,1052.149,2.384136
r05054,2.0,1000,16,1,2,1,1024,1,0.1,1e-08,180.0,1755,2.08009,16563.5,989.162,2.382301
r05055,0.5,1000,16,1,2,1,2048,0,0.0,1e-08,180.0,1800,1.31613,16596.2,1974.432,2.407699
r05056,1.0,200,4,4,1,0,1024,0,0.0,1e-06,100.0,1440,1.17332,8069.4,2030.39,2.487769
r05057,0.5,1000,4,4,2,1,1024,0,0.1,1e-06,100.0,1410,0.82424,7315.9,2239.521,2.546645
r05058,0.5,200,8,2,2,1,2048,1,0.0,1e-08,95.0,1440,0.91783,7080.7,4627.793,2.474614
r05059,0.5,200,16,2,1,0,1024,0,0.0,1e-06,105.0,1440,1.03813,17234.6,1901.294,2.491406
r05060,1.0,200,4,1,1,0,1024,0,0.1,1e-06,95.0,1410,1.18751,8581.7,477.295,2.534882
r05061,1.0,1000,4,1,1,0,2048,1,0.0,1e-08,105.0,1440,1.16293,5551.5,1475.644,2.452185
r05062,2.0,1000,16,2,1,0,2048,0,0.1,1e-08,95.0,1440,1.85103,14296.8,4583.965,2.351083
r05063,1.0,1000,8,2,2,1,1024,0,0.1,1e-08,105.0,1440,1.20612,10094.2,1623.115,2.45034
r05064,0.5,1000,8,1,1,0,2048,0,0.1,1e-08,180.0,1800,1.11187,13539.4,1210.097,2.425856
r05065,1.0,1000,8,4,1,0,1024,0,0.1,1e-08,100.0,1410,1.1851,12302.8,2663.467,2.429781
r05066,0.5,1000,8,1,1,0,1024,1,0.0,1e-08,100.0,1410,0.94827,9124.2,897.835,2.496764
r05067,2.0,200,16,1,2,1,2048,1,0.0,1e-08,180.0,1755,2.05664,12371.3,2648.72,2.423663
r05068,1.0,1000,4,1,2,1,1024,0,0.1,1e-08,180.0,1800,1.40096,9966.8,410.966,2.493255
r05069,1.0,200,16,2,2,1,1024,1,0.0,1e-08,105.0,1440,1.3092,12126.7,2702.141,2.446358
r05070,0.5,1000,16,2,2,1,2048,1,0.0,1e-08,180.0,1755,1.24381,12220.3,5362.9,2.372009
r05071,1.0,200,4,1,1,0,2048,1,0.1,1e-08,105.0,1410,1.1586,5287.2,1549.403,2.49434
r05072,0.5,1000,16,2,1,0,2048,1,0.0,1e-08,190.0,1800,1.26784,13875.9,4722.999,2.369519
r05073,0.5,200,16,1,1,0,2048,1,0.1,1e-08,180.0,1800,1.2222,15014.0,2182.489,2.432242
r05074,1.0,1000,16,2,2,1,2048,0,0.0,1e-08,190.0,1800,1.47099,15503.7,4227.121,2.328281
r05075,1.0,200,4,1,1,0,1024,0,0.1,1e-08,95.0,1440,1.05728,8544.0,479.4,2.528242
r05076,1.0,1000,16,2,2,1,2048,0,0.1,1e-08,190.0,1800,1.5115,16289.8,4023.137,2.347505
r05077,2.0,200,8,1,2,1,1024,0,0.0,1e-08,105.0,1410,1.75155,10425.9,785.733,2.516926
r05078,2.0,1000,16,2,2,1,1024,1,0.0,1e-08,180.0,1755,2.02309,16467.4,1989.871,2.342523
r05079,1.0,200,16,2,2,1,1024,1,0.0,1e-06,100.0,1440,1.22384,12305.2,2662.94,2.434199
r05080,1.0,1000,8,2,1,0,1024,0,0.0,1e-08,105.0,1440,1.08657,11782.0,1390.6,2.413249
r05081,1.0,200,4,1,1,0,1024,0,0.0,1e-06,100.0,1440,1.13763,8140.8,503.142,2.50943
r05082,2.0,1000,4,1,1,0,1024,0,0.0,1e-08,180.0,1800,1.87187,11650.8,351.564,2.411643
r05083,0.5,200,8,2,2,1,2048,1,0.0,1e-08,100.0,1440,0.89205,7120.4,4602.017,2.468904
r05084,1.0,1000,4,2,2,1,1024,0,0.0,1e-08,105.0,1440,1.13573,7574.0,1081.591,2.504208
r05085,0.5,200,16,1,1,0,1024,1,0.1,1e-08,95.0,1440,1.04073,13347.3,1227.517,2.523249
r05086,1.0,1000,8,4,2,1,2048,1,0.1,1e-08,95.0,1440,1.19159,6549.0,10007.073,2.403797
r05087,2.0,1000,16,1,2,1,2048,0,0.0,1e-08,190.0,1800,2.07298,15978.8,2050.723,2.320357
r05088,2.0,1000,4,1,1,0,1024,0,0.1,1e-08,95.0,1440,1.71957,8053.3,508.611,2.478615
r05089,2.0,1000,16,1,1,0,1024,1,0.1,1e-08,105.0,1410,1.79378,13186.5,1242.485,2.407134
r05090,1.0,1000,16,1,2,1,1024,1,0.1,1e-08,180.0,1755,1.5429,15037.6,1089.536,2.405574
r05091,1.0,1000,4,4,2,1,1024,0,0.0,1e-06,100.0,1410,1.16278,7162.2,2287.577,2.480819
r05092,1.0,200,8,2,1,0,1024,1,0.1,1e-08,105.0,1440,1.27774,10285.2,1592.974,2.471468
r05093,2.0,200,4,4,2,1,1024,0,0.0,1e-08,100.0,1440,1.71968,7502.9,2183.696,2.573598
r05094,1.0,200,4,2,2,1,2048,1,0.1,1e-08,180.0,1800,1.36971,6471.3,2531.813,2.454357
r05095,1.0,1000,4,4,2,1,2048,1,0.1,1e-08,95.0,1410,1.16721,4654.2,7040.521,2.465239
r05096,1.0,1000,4,1,2,1,1024,1,0.1,1e-06,100.0,1410,1.22029,5922.0,691.663,2.534927
r05097,0.5,200,8,2,2,1,2048,0,0.1,1e-08,190.0,1800,1.15382,11006.9,2977.035,2.439089
r05098,1.0,200,16,2,2,1,1024,1,0.1,1e-08,190.0,1800,1.53003,15023.1,2181.182,2.418173
r05099,1.0,1000,16,2,1,0,2048,1,0.0,1e-08,180.0,1755,1.48842,14743.0,4445.227,2.314941
r05100,0.5,200,16,4,1,0,1024,1,0.0,1e-08,190.0,1755,1.23369,18783.6,3489.006,2.427559
r05101,2.0,1000,16,1,1,0,2048,1,0.1,1e-08,95.0,1440,1.79961,11158.1,2936.688,2.369596
r05102,2.0,1000,4,2,1,0,2048,1,0.1,1e-08,105.0,1410,1.73328,5325.5,3076.524,2.415932
r05103,1.0,200,16,1,2,1,2048,1,0.1,1e-08,180.0,1755,1.58484,13269.2,2469.475,2.400612
r05104,1.0,1000,16,4,1,0,2048,1,0.1,1e-08,190.0,1755,1.49313,14606.1,8973.757,2.323875
r05105,1.0,1000,16,2,1,0,1024,1,0.0,1e-08,190.0,1755,1.56187,18015.0,1818.933,2.357065
r05106,0.5,200,4,2,1,0,2048,1,0.1,1e-08,95.0,1410,0.88764,5312.2,3084.211,2.522025
r05107,1.0,1000,4,4,2,1,1024,0,0.1,1e-06,100.0,1440,1.05921,7190.2,2278.642,2.496656
r05108,1.0,1000,8,4,1,0,1024,0,0.0,1e-06,95.0,1410,1.21062,11867.2,2761.234,2.401685
r05109,1.0,1000,8,1,1,0,1024,0,0.0,1e-08,95.0,1410,1.09201,11646.9,703.363,2.435171
r05110,2.0,200,8,1,1,0,1024,0,0.0,1e-08,105.0,1410,1.76833,12120.9,675.859,2.515765
r05111,0.5,200,16,2,2,1,2048,0,0.0,1e-08,190.0,1755,1.36061,16148.3,4058.374,2.414929
r05112,2.0,1000,4,4,2,1,1024,0,0.0,1e-08,100.0,1410,1.81919,7276.3,2251.7,2.472509
r05113,2.0,1000,4,1,2,1,1024,0,0.1,1e-06,95.0,1440,1.74134,7428.2,551.414,2.506393
r05114,1.0,1000,4,1,2,1,1024,0,0.0,1e-08,95.0,1410,1.16313,7560.2,541.782,2.521673
r05115,2.0,200,8,4,1,0,1024,0,0.0,1e-06,95.0,1410,1.755,11848.9,2765.498,2.477313
r05116,1.0,1000,16,1,1,0,2048,0,0.1,1e-08,180.0,1755,1.57627,17354.0,1888.209,2.352319
r05117,1.0,1000,8,2,2,1,1024,0,0.1,1e-06,100.0,1440,1.18905,10932.4,1498.664,2.438417
r05118,1.0,200,4,1,1,0,2048,1,0.0,1e-08,180.0,1800,1.43073,7102.3,1153.435,2.432655
r05119,2.0,1000,4,1,1,0,1024,0,0.1,1e-06,105.0,1410,1.72946,8328.2,491.825,2.471246
r05120,2.0,1000,8,1,2,1,2048,1,0.1,1e-08,190.0,1755,1.90879,9435.9,1736.355,2.349968
r05121,2.0,200,4,1,2,1,2048,0,0.0,1e-08,180.0,1800,1.94803,7980.1,1026.548,2.5163
r05122,1.0,200,8,2,1,0,1024,0,0.1,1e-08,95.0,1410,1.18794,12118.1,1352.032,2.469068
r05123,1.0,1000,16,1,2,1,2048,0,0.0,1e-08,180.0,1755,1.54537,16563.3,1978.353,2.357072
r05124,1.0,1000,8,4,2,1,2048,0,0.0,1e-08,190.0,1755,1.44434,11369.2,5764.331,2.329462
r05125,0.5,200,4,1,2,1,2048,1,0.0,1e-08,100.0,1440,0.90107,4589.6,1784.92,2.557849
r05126,0.5,1000,4,1,2,1,1024,0,0.1,1e-08,95.0,1440,0.90834,7588.2,539.787,2.588845
r05127,2.0,200,16,4,1,0,1024,1,0.1,1e-08,95.0,1410,1.81792,13604.4,4817.266,2.481811
r05128,0.5,1000,16,2,1,0,1024,1,0.0,1e-08,190.0,1755,1.22013,18645.9,1757.383,2.41099
r05129,1.0,200,4,1,1,0,2048,1,0.0,1e-08,190.0,1755,1.34838,7292.0,1123.43,2.433589
r05130,0.5,1000,8,1,1,0,1024,0,0.0,1e-08,100.0,1410,0.92028,12458.4,657.55,2.494135
r05131,1.0,1000,4,2,1,0,2048,0,0.0,1e-08,190.0,1755,1.41355,9344.7,1753.297,2.377759
r05132,1.0,1000,4,1,1,0,1024,0,0.1,1e-06,105.0,1440,1.17498,8296.4,493.708,2.499182
r05133,2.0,1000,4,1,1,0,1024,0,0.0,1e-08,95.0,1410,1.71404,8014.3,511.084,2.463564
r05134,1.0,1000,4,1,2,1,1024,0,0.1,1e-08,95.0,1410,1.09383,7285.9,562.181,2.534418
r05135,1.0,200,16,4,2,1,1024,0,0.1,1e-08,100.0,1410,1.25714,15583.1,4205.581,2.451603
r05136,2.0,1000,8,4,2,1,1024,0,0.0,1e-08,95.0,1440,1.81268,10239.4,3200.189,2.402994
r05137,0.5,1000,8,2,1,0,2048,1,0.0,1e-08,105.0,1410,0.96644,7550.7,4339.753,2.432009
r05138,1.0,1000,8,4,2,1,1024,0,0.0,1e-06,105.0,1410,1.19457,10851.0,3019.819,2.413858
r05139,0.5,1000,8,1,1,0,2048,1,0.0,1e-08,180.0,1800,1.20595,10525.2,1556.641,2.419018
r05140,1.0,200,4,2,1,0,1024,0,0.0,1e-06,95.0,1410,1.16963,8672.3,944.614,2.493147
r05141,2.0,1000,16,4,2,1,2048,0,0.1,1e-08,180.0,1800,2.01596,15305.7,8563.626,2.312499
r05142,2.0,1000,8,2,1,0,2048,1,0.1,1e-08,100.0,1410,1.88348,7656.4,4279.843,2.372403
r05143,1.0,200,16,2,1,0,2048,0,0.1,1e-08,190.0,1800,1.52317,18386.6,3564.333,2.368514
r05144,2.0,1000,8,2,1,0,1024,0,0.1,1e-08,95.0,1410,1.79152,11653.6,1405.914,2.413931
r05145,0.5,1000,8,1,1,0,1024,0,0.1,1e-08,100.0,1410,0.86918,11333.7,722.8,2.503452
r05146,0.5,1000,8,4,2,1,2048,1,0.1,1e-08,100.0,1440,0.95403,6699.0,9783.023,2.441366
r05147,1.0,1000,8,1,1,0,2048,1,0.0,1e-08,180.0,1800,1.38824,10635.2,1540.545,2.34977
r05148,1.0,1000,4,4,1,0,1024,0,0.0,1e-08,105.0,1410,1.12094,8165.1,2006.598,2.455655
r05149,1.0,200,4,1,1,0,1024,0,0.1,1e-06,95.0,1410,1.14368,8275.5,494.952,2.532639
r05150,1.0,200,16,1,2,1,1024,1,0.0,1e-08,100.0,1410,1.2884,11440.0,1432.164,2.465018
r05151,0.5,1000,8,2,1,0,1024,0,0.0,1e-08,100.0,1440,0.86628,12262.4,1336.117,2.466843
r05152,0.5,1000,4,4,2,1,1024,0,0.0,1e-08,95.0,1440,0.87944,7615.8,2151.305,2.539712
r05153,2.0,1000,16,4,2,1,1024,0,0.0,1e-08,95.0,1410,1.84867,13913.4,4710.291,2.383074
r05154,0.5,1000,16,4,2,1,2048,0,0.1,1e-08,190.0,1800,1.26538,15568.0,8419.33,2.387579
r05155,0.5,1000,8,1,2,1,1024,0,0.0,1e-08,100.0,1440,0.96056,10810.7,757.767,2.503045
r05156,1.0,1000,4,1,2,1,1024,0,0.1,1e-06,95.0,1440,1.15113,7197.9,569.055,2.528592
r05157,2.0,200,16,1,2,1,1024,1,0.1,1e-08,100.0,1410,1.79741,11956.2,1370.332,2.532487
r05158,0.5,1000,4,4,2,1,2048,1,0.1,1e-08,105.0,1440,0.82387,4700.6,6971.095,2.511791
r05159,1.0,1000,4,1,2,1,1024,0,0.0,1e-08,100.0,1410,1.14644,7233.4,566.259,2.521465
r05160,0.5,200,8,2,2,1,1024,0,0.0,1e-08,105.0,1410,0.89608,10249.9,1598.447,2.512159
r05161,1.0,1000,16,2,2,1,2048,1,0.0,1e-08,180.0,1755,1.54809,12315.6,5321.384,2.327235
r05162,1.0,1000,16,1,2,1,1024,1,0.0,1e-08,105.0,1410,1.27858,11300.6,1449.838,2.43809
r05163,2.0,200,16,1,1,0,2048,1,0.0,1e-08,190.0,1755,2.07089,14888.5,2200.887,2.413611
r05164,0.5,200,4,1,2,1,1024,0,0.1,1e-08,95.0,1440,1.00908,7537.1,543.442,2.61613
r05165,1.0,1000,8,1,1,0,1024,1,0.0,1e-06,95.0,1410,1.22379,9738.0,841.242,2.442196
r05166,2.0,200,4,4,1,0,1024,1,0.1,1e-06,105.0,1440,1.6817,7079.1,2314.43,2.544558
r05167,0.5,200,16,4,1,0,2048,1,0.0,1e-08,180.0,1800,1.28859,14916.9,8786.811,2.392065
r05168,2.0,1000,16,1,2,1,2048,0,0.1,1e-08,100.0,1440,1.75933,12079.6,2712.665,2.384938
r05169,1.0,200,4,2,2,1,2048,0,0.0,1e-08,95.0,1410,1.2167,5903.8,2775.157,2.484146
r05170,2.0,200,4,2,2,1,1024,1,0.1,1e-08,105.0,1410,1.6871,6029.1,1358.75,2.589781
r05171,0.5,1000,4,4,1,0,2048,1,0.0,1e-08,180.0,1800,1.15218,6970.6,4700.884,2.428298
r05172,1.0,1000,8,1,2,1,2048,0,0.1,1e-08,190.0,1800,1.50261,11279.4,1452.556,2.378715
r05173,1.0,1000,4,4,2,1,1024,0,0.0,1e-08,100.0,1440,1.16754,7354.6,2227.707,2.488894
r05174,1.0,200,16,1,1,0,2048,1,0.0,1e-08,190.0,1755,1.5519,14812.4,2212.194,2.372771
r05175,1.0,200,16,4,1,0,1024,1,0.0,1e-06,105.0,1410,1.34422,13976.7,4688.962,2.424451
r05176,2.0,200,8,1,2,1,1024,0,0.1,1e-06,95.0,1410,1.7658,10362.2,790.567,2.542389
r05177,1.0,200,8,4,2,1,2048,0,0.0,1e-08,180.0,1800,1.45172,11339.9,5779.253,2.359865
r05178,1.0,200,16,1,2,1,2048,1,0.1,1e-08,180.0,1755,1.52059,13412.7,2443.058,2.401164
r05179,2.0,1000,8,2,2,1,2048,1,0.0,1e-08,100.0,1410,1.82608,6920.3,4735.079,2.3596
r05180,0.5,200,8,4,1,0,1024,1,0.1,1e-08,105.0,1440,0.88695,10060.0,3257.255,2.509379
r05181,2.0,1000,8,2,2,1,1024,0,0.0,1e-08,95.0,1440,1.87183,10399.5,1575.464,2.410951
r05182,2.0,1000,4,1,2,1,1024,0,0.0,1e-08,105.0,1440,1.7028,7400.4,553.481,2.491514
r05183,1.0,1000,8,2,2,1,2048,1,0.1,1e-08,190.0,1755,1.48147,8724.3,3755.957,2.358821
r05184,2.0,1000,4,2,1,0,1024,1,0.0,1e-06,105.0,1440,1.78754,6614.3,1238.531,2.440299
r05185,0.5,200,8,4,2,1,1024,1,0.0,1e-08,105.0,1410,0.84624,8653.8,3786.55,2.500709
r05186,1.0,1000,4,2,1,0,2048,1,0.1,1e-08,95.0,1410,1.17642,5478.5,2990.594,2.442506
r05187,0.5,1000,8,2,2,1,2048,1,0.0,1e-08,190.0,1800,1.14916,8950.0,3661.21,2.39469
r05188,2.0,1000,8,1,1,0,1024,0,0.0,1e-08,100.0,1410,1.79459,11767.7,696.146,2.4125
r05189,1.0,200,4,1,1,0,2048,1,0.0,1e-08,105.0,1410,1.12944,5793.2,1414.073,2.478592
r05190,1.0,200,16,4,2,1,1024,1,0.0,1e-08,105.0,1410,1.27167,11692.1,5605.165,2.43414
r05191,1.0,1000,4,4,1,0,2048,1,0.1,1e-08,100.0,1440,1.11637,5560.7,5892.82,2.431896
r05192,2.0,1000,4,2,1,0,1024,0,0.0,1e-08,105.0,1410,1.73718,8628.0,949.466,2.442681
r05193,1.0,200,8,4,1,0,2048,1,0.0,1e-08,105.0,1440,1.2301,7881.9,8314.781,2.40281
r05194,0.5,200,8,2,1,0,2048,1,0.0,1e-08,180.0,1800,1.07654,10701.6,3061.968,2.411593
r05195,1.0,1000,8,1,1,0,1024,0,0.1,1e-08,95.0,1440,1.21936,11926.1,686.898,2.453312
r05196,1.0,1000,16,4,1,0,1024,1,0.0,1e-06,105.0,1440,1.34592,13511.0,4850.55,2.394014
r05197,0.5,1000,4,4,1,0,1024,0,0.0,1e-08,95.0,1440,0.94744,8537.2,1919.131,2.514768
r05198,2.0,200,4,2,2,1,2048,1,0.0,1e-08,95.0,1410,1.68958,4700.2,3485.774,2.528794
r05199,1.0,200,8,1,2,1,2048,1,0.0,1e-08,190.0,1755,1.40085,9049.0,1810.584,2.392896
r05200,1.0,1000,16,1,1,0,2048,1,0.0,1e-08,190.0,1755,1.54089,15103.8,2169.526,2.344078
r05201,0.5,1000,16,2,2,1,2048,1,0.0,1e-08,180.0,1800,1.23924,12685.8,5166.105,2.383431
r05202,2.0,200,16,4,2,1,2048,1,0.0,1e-08,180.0,1755,2.14773,13268.7,9878.269,2.393733
r05203,2.0,1000,8,2,1,0,1024,0,0.1,1e-08,100.0,1410,1.78174,12062.7,1358.24,2.409928
r05204,2.0,1000,8,2,2,1,2048,1,0.1,1e-08,100.0,1440,1.70346,6880.8,4762.221,2.381352
r05205,0.5,1000,4,2,2,1,1024,0,0.0,1e-08,190.0,1800,1.20977,10286.1,796.415,2.500778
r05206,2.0,1000,4,2,1,0,1024,0,0.0,1e-06,100.0,1410,1.76877,8442.8,970.298,2.439787
r05207,0.5,200,4,2,1,0,1024,0,0.0,1e-08,100.0,1440,0.80799,8388.8,976.541,2.542271
r05208,0.5,200,8,2,2,1,1024,0,0.1,1e-06,95.0,1440,0.88467,10467.7,1565.191,2.517643
r05209,1.0,1000,4,1,2,1,2048,0,0.0,1e-08,105.0,1410,1.11979,5841.6,1402.352,2.486606
r05210,2.0,200,4,1,2,1,1024,0,0.1,1e-08,105.0,1410,1.6363,7284.0,562.326,2.61422
r05211,1.0,200,8,2,2,1,1024,0,0.1,1e-08,105.0,1410,1.24468,10069.7,1627.055,2.480107
r05212,1.0,200,8,1,1,0,2048,1,0.0,1e-08,180.0,1800,1.42495,10187.3,1608.28,2.381533
r05213,1.0,1000,4,4,1,0,1024,0,0.0,1e-08,100.0,1440,1.15599,8397.1,1951.143,2.469749
r05214,2.0,1000,16,2,1,0,1024,0,0.1,1e-08,105.0,1410,1.9243,16873.2,1942.019,2.392197
r05215,0.5,1000,4,4,1,0,2048,1,0.1,1e-08,100.0,1440,0.84051,5441.6,6021.775,2.483151
r05216,2.0,200,4,2,2,1,1024,0,0.0,1e-08,105.0,1410,1.75643,7495.9,1092.87,2.57261
r05217,2.0,1000,4,1,1,0,2048,1,0.0,1e-08,180.0,1800,1.95344,7286.2,1124.323,2.37423
r05218,1.0,1000,16,2,1,0,2048,1,0.0,1e-08,190.0,1800,1.52272,14724.3,4450.876,2.319733
r05219,2.0,200,16,2,1,0,2048,0,0.1,1e-08,180.0,1800,2.14029,19217.8,3410.167,2.410185
r05220,2.0,200,8,1,2,1,2048,0,0.0,1e-08,190.0,1755,2.05233,11351.2,1443.366,2.443545
r05221,0.5,1000,16,2,1,0,2048,1,0.1,1e-08,190.0,1800,1.2867,15104.3,4338.902,2.383021
r05222,1.0,200,16,4,1,0,1024,1,0.1,1e-08,95.0,1410,1.31375,14042.4,4666.996,2.44462
r05223,1.0,200,4,1,1,0,1024,0,0.0,1e-06,100.0,1440,1.18605,8688.2,471.443,2.522047
r05224,2.0,1000,16,4,1,0,2048,1,0.0,1e-08,190.0,1755,2.1045,14349.6,9134.191,2.288532
r05225,2.0,200,16,4,2,1,1024,1,0.0,1e-06,95.0,1440,1.74947,11824.0,5542.608,2.473215
r05226,2.0,1000,4,4,1,0,2048,0,0.1,1e-08,180.0,1800,1.90149,9383.0,3492.264,2.360374
r05227,1.0,200,16,1,1,0,2048,1,0.0,1e-08,190.0,1800,1.53502,13946.1,2349.623,2.366848
r05228,0.5,1000,8,1,2,1,2048,1,0.1,1e-08,180.0,1755,1.1247,9184.3,1783.912,2.432066
r05229,1.0,200,4,1,2,1,2048,1,0.1,1e-08,95.0,1440,1.23216,4827.2,1697.055,2.530773
r05230,1.0,200,4,2,1,0,1024,1,0.1,1e-08,190.0,1800,1.35072,9285.6,882.228,2.463966
r05231,0.5,1000,16,4,1,0,1024,1,0.0,1e-08,190.0,1755,1.18631,18563.3,3530.4,2.39735
r05232,1.0,200,8,2,1,0,1024,0,0.0,1e-08,100.0,1410,1.18237,12317.2,1330.176,2.447731
r05233,2.0,1000,16,2,1,0,2048,1,0.0,1e-08,190.0,1800,2.12131,15079.5,4346.038,2.299854
r05234,1.0,1000,4,4,1,0,2048,1,0.0,1e-08,105.0,1440,1.14864,5488.4,5970.404,2.424231
r05235,1.0,1000,4,1,1,0,1024,0,0.0,1e-08,105.0,1410,1.15033,8899.3,460.262,2.490491
r05236,2.0,200,4,2,1,0,1024,0,0.0,1e-08,100.0,1410,1.68977,8075.0,1014.483,2.53553
r05237,2.0,200,16,4,2,1,2048,1,0.0,1e-08,190.0,1800,2.13594,13980.8,9375.143,2.391923
r05238,1.0,200,8,2,1,0,2048,1,0.1,1e-08,190.0,1800,1.5045,10476.5,3127.749,2.376038
r05239,1.0,200,16,1,2,1,2048,0,0.0,1e-08,190.0,1755,1.50917,16078.2,2038.036,2.371719
r05240,1.0,200,8,4,1,0,2048,1,0.1,1e-08,100.0,1410,1.26482,7491.5,8748.106,2.421988
r05241,1.0,200,16,2,1,0,2048,1,0.0,1e-08,190.0,1800,1.44521,14596.8,4489.766,2.346527
r05242,1.0,1000,8,1,2,1,2048,0,0.1,1e-08,190.0,1755,1.50511,11240.1,1457.639,2.387665
r05243,0.5,200,8,2,2,1,1024,0,0.0,1e-06,190.0,1800,1.3076,14385.1,1138.958,2.467512
r05244,2.0,200,16,2,2,1,1024,0,0.0,1e-08,180.0,1755,2.09787,21020.6,1558.85,2.44816
r05245,1.0,200,4,1,2,1,1024,0,0.0,1e-06,180.0,1755,1.385,9333.0,438.874,2.495739
r05246,1.0,1000,16,1,2,1,2048,0,0.0,1e-08,180.0,1800,1.52355,15717.2,2084.855,2.351834
r05247,1.0,1000,16,1,2,1,1024,1,0.0,1e-08,95.0,1410,1.30243,12061.9,1358.322,2.435071
r05248,1.0,1000,4,1,2,1,1024,0,0.1,1e-06,95.0,1440,1.18391,7766.7,527.378,2.523797
r05249,0.5,200,4,1,2,1,2048,1,0.0,1e-08,190.0,1755,1.19998,6674.4,1227.372,2.522238
r05250,1.0,1000,4,4,2,1,2048,1,0.0,1e-08,95.0,1440,1.20911,4783.7,6849.95,2.454103
r05251,2.0,1000,8,1,1,0,2048,1,0.0,1e-08,180.0,1755,1.99018,9976.9,1642.194,2.331921
r05252,2.0,1000,16,2,1,0,2048,1,0.0,1e-08,190.0,1800,2.06069,14482.9,4525.069,2.288539
r05253,0.5,1000,8,1,1,0,1024,0,0.1,1e-08,100.0,1410,0.92406,12082.2,678.023,2.508124
r05254,1.0,1000,16,4,1,0,1024,1,0.1,1e-06,95.0,1440,1.30151,13719.5,4776.861,2.408368
r05255,2.0,200,8,4,1,0,1024,0,0.0,1e-06,95.0,1440,1.77426,12003.0,2729.983,2.482001
r05256,1.0,1000,4,4,2,1,1024,0,0.1,1e-06,95.0,1410,1.21684,7205.2,2273.9,2.507218
r05257,0.5,1000,8,2,2,1,2048,1,0.0,1e-08,180.0,1800,1.10075,9252.8,3541.412,2.387355
r05258,1.0,200,8,2,2,1,1024,1,0.1,1e-08,105.0,1410,1.25651,8549.5,1916.363,2.474768
r05259,2.0,200,4,4,2,1,1024,0,0.0,1e-08,100.0,1410,1.66385,7474.4,2192.023,2.561632
r05260,2.0,200,8,1,2,1,2048,1,0.0,1e-08,180.0,1755,1.98261,9097.3,1800.983,2.433119
r05261,2.0,200,16,1,1,0,1024,1,0.1,1e-08,190.0,1800,2.10636,17725.3,924.331,2.476013
r05262,2.0,1000,8,2,1,0,2048,0,0.1,1e-08,180.0,1755,2.03413,13587.2,2411.675,2.327036
r05263,2.0,200,16,4,2,1,1024,1,0.1,1e-08,180.0,1800,2.07883,15759.6,4158.478,2.44931
r05264,1.0,1000,8,4,2,1,1024,0,0.0,1e-08,100.0,1440,1.13543,10565.7,3101.363,2.422713
r05265,2.0,1000,16,4,2,1,1024,1,0.1,1e-06,95.0,1410,1.8035,11766.1,5569.884,2.392578
r05266,0.5,1000,8,2,2,1,1024,0,0.0,1e-08,100.0,1410,0.94199,10689.0,1532.794,2.482679
r05267,1.0,1000,8,4,1,0,1024,0,0.0,1e-08,180.0,1800,1.44815,16012.8,2046.365,2.372572
r05268,0.5,200,16,2,2,1,1024,1,0.0,1e-08,190.0,1755,1.25484,15944.8,2055.089,2.446211
r05269,2.0,200,4,2,1,0,1024,0,0.0,1e-08,105.0,1440,1.75593,8452.3,969.207,2.551264
r05270,0.5,200,16,1,2,1,1024,1,0.0,1e-08,95.0,1410,0.93902,11667.3,1404.267,2.519275
r05271,2.0,200,4,4,2,1,1024,0,0.1,1e-06,95.0,1410,1.71236,7066.7,2318.492,2.582928
r05272,1.0,200,16,2,1,0,2048,1,0.0,1e-08,190.0,1800,1.5747,15111.6,4336.805,2.353169
r05273,1.0,1000,4,1,1,0,1024,1,0.0,1e-06,95.0,1410,1.24792,6650.5,615.896,2.497398
r05274,1.0,200,4,4,2,1,1024,0,0.0,1e-08,105.0,1440,1.20938,7306.3,2242.459,2.525537
r05275,2.0,200,8,2,1,0,2048,0,0.0,1e-08,180.0,1800,2.00594,13065.2,2508.046,2.408187
r05276,0.5,1000,16,1,2,1,2048,1,0.0,1e-08,180.0,1800,1.19504,12458.0,2630.283,2.401763
r05277,1.0,1000,16,2,2,1,2048,1,0.0,1e-08,190.0,1800,1.52973,13263.2,4941.191,2.33061
r05278,1.0,200,4,2,1,0,2048,1,0.1,1e-08,190.0,1800,1.4531,7371.6,2222.57,2.432258
r05279,2.0,200,16,1,2,1,2048,1,0.1,1e-08,190.0,1800,2.10193,13078.7,2505.453,2.441096
r05280,2.0,200,8,4,1,0,1024,1,0.0,1e-08,180.0,1755,2.03319,13137.8,2494.169,2.437376
r05281,1.0,200,8,1,1,0,1024,1,0.0,1e-08,95.0,1410,1.14831,9298.6,880.995,2.468346
r05282,0.5,1000,4,1,1,0,1024,0,0.1,1e-08,180.0,1755,1.14242,11909.6,343.925,2.507418
r05283,2.0,200,16,4,1,0,1024,0,0.0,1e-08,190.0,1800,2.04201,23049.4,2843.284,2.426127
r05284,1.0,200,4,4,2,1,2048,0,0.0,1e-08,100.0,1410,1.15619,6048.5,5417.515,2.480737
r05285,0.5,1000,16,4,2,1,2048,1,0.1,1e-08,180.0,1755,1.12299,12660.2,10353.091,2.381184
r05286,2.0,200,16,1,1,0,2048,1,0.1,1e-08,190.0,1755,2.09138,15295.0,2142.4,2.435266
r05287,1.0,200,8,2,2,1,1024,0,0.1,1e-08,105.0,1410,1.21817,10417.1,1572.801,2.472723
r05288,2.0,200,8,2,2,1,1024,0,0.0,1e-08,105.0,1410,1.80002,10760.3,1522.64,2.502386
r05289,1.0,200,8,4,2,1,2048,1,0.1,1e-08,180.0,1755,1.42011,9369.6,6994.526,2.380036
r05290,2.0,200,16,2,2,1,1024,1,0.0,1e-08,100.0,1440,1.79533,11756.8,2787.155,2.490935
r05291,2.0,1000,8,4,1,0,2048,1,0.0,1e-08,105.0,1440,1.77627,8034.6,8156.737,2.339574
r05292,2.0,1000,8,4,2,1,2048,1,0.1,1e-08,95.0,1440,1.73844,6992.6,9372.136,2.372124
r05293,1.0,1000,8,2,1,0,1024,0,0.1,1e-06,105.0,1440,1.21557,12509.4,1309.74,2.42616
r05294,1.0,200,16,1,2,1,1024,1,0.0,1e-06,190.0,1800,1.56381,15496.1,1057.299,2.425881
r05295,1.0,200,16,4,1,0,1024,0,0.0,1e-06,105.0,1410,1.1761,17200.7,3810.086,2.41593
r05296,2.0,1000,16,2,2,1,2048,1,0.1,1e-08,190.0,1800,2.11621,13862.1,4727.701,2.319196
r05297,1.0,200,8,4,2,1,1024,0,0.0,1e-06,180.0,1755,1.43477,13975.9,2344.613,2.404752
r05298,2.0,1000,4,2,1,0,2048,1,0.0,1e-08,100.0,1410,1.6774,5352.8,3060.801,2.409451
r05299,2.0,200,4,2,1,0,1024,0,0.1,1e-08,100.0,1440,1.71529,8597.2,952.866,2.562128
r05300,1.0,200,4,2,2,1,1024,0,0.0,1e-08,105.0,1410,1.08969,7157.2,1144.579,2.530779
r05301,1.0,200,4,2,2,1,1024,0,0.0,1e-06,100.0,1440,1.15072,7207.2,1136.638,2.523809
r05302,1.0,200,16,2,2,1,2048,1,0.0,1e-08,190.0,1755,1.50501,12704.9,5158.328,2.358721
r05303,0.5,1000,8,4,2,1,2048,1,0.0,1e-08,105.0,1410,0.96971,6849.9,9567.481,2.438855
r05304,2.0,1000,16,1,2,1,2048,1,0.0,1e-08,190.0,1755,2.14484,12959.9,2528.413,2.324252
r05305,2.0,1000,4,1,1,0,1024,0,0.0,1e-08,95.0,1440,1.66873,8475.7,483.267,2.468786
r05306,0.5,1000,16,2,2,1,1024,1,0.1,1e-08,190.0,1755,1.23779,14979.4,2187.541,2.430639
r05307,0.5,200,8,2,1,0,2048,1,0.0,1e-08,190.0,1755,1.20919,10494.0,3122.54,2.414782
r05308,1.0,1000,4,4,1,0,1024,1,0.0,1e-08,105.0,1440,1.22269,6586.4,2487.554,2.467031
r05309,1.0,1000,16,4,1,0,1024,0,0.0,1e-08,180.0,1755,1.50783,22752.9,2880.332,2.347334
r05310,2.0,1000,8,1,1,0,1024,0,0.0,1e-08,180.0,1755,2.00447,16721.2,489.918,2.370923
r05311,2.0,1000,16,1,2,1,2048,1,0.1,1e-08,190.0,1800,2.07777,12862.0,2547.667,2.335976
r05312,1.0,1000,4,2,1,0,2048,1,0.0,1e-08,105.0,1410,1.22052,5640.1,2904.938,2.433089
r05313,1.0,200,16,2,2,1,2048,1,0.1,1e-08,190.0,1800,1.52215,13385.9,4895.902,2.375507
r05314,1.0,1000,4,4,2,1,2048,1,0.1,1e-08,105.0,1440,1.09494,4746.5,6903.629,2.470157
r05315,0.5,1000,4,1,2,1,2048,1,0.0,1e-08,100.0,1410,0.7872,4927.8,1662.421,2.520095
r05316,1.0,200,8,2,2,1,1024,0,0.1,1e-08,190.0,1800,1.4774,13614.9,1203.385,2.428964
r05317,0.5,200,4,2,1,0,2048,1,0.1,1e-08,100.0,1440,0.82914,5302.0,3090.166,2.524897
r05318,0.5,1000,8,2,1,0,2048,1,0.0,1e-08,100.0,1410,0.95914,7627.8,4295.865,2.426474
r05319,1.0,200,16,4,2,1,1024,1,0.0,1e-06,190.0,1755,1.50572,16240.3,4035.393,2.382913
r05320,0.5,1000,16,1,2,1,1024,1,0.0,1e-08,190.0,1755,1.22229,16322.8,1003.75,2.439804
r05321,2.0,200,4,2,2,1,1024,0,0.0,1e-08,105.0,1410,1.65173,7205.1,1136.978,2.575577
r05322,1.0,1000,4,2,1,0,1024,1,0.0,1e-08,180.0,1755,1.41381,9468.6,865.178,2.416897
r05323,0.5,1000,8,4,1,0,2048,1,0.1,1e-08,180.0,1755,1.10641,10502.5,6240.01,2.395488
r05324,2.0,1000,4,2,2,1,1024,0,0.1,1e-08,100.0,1440,1.75869,7027.2,1165.764,2.493887
r05325,1.0,1000,8,1,1,0,1024,1,0.0,1e-06,180.0,1800,1.35947,12971.2,631.553,2.392128
r05326,2.0,200,16,1,1,0,2048,1,0.1,1e-08,180.0,1800,2.17983,14613.1,2242.37,2.427094
r05327,1.0,200,16,2,1,0,1024,0,0.0,1e-08,100.0,1440,1.26949,16685.2,1963.894,2.432117
r05328,0.5,1000,16,4,2,1,1024,1,0.1,1e-08,180.0,1755,1.28353,16297.2,4021.301,2.421559
r05329,0.5,1000,4,2,1,0,1024,0,0.0,1e-06,100.0,1440,0.86112,8296.8,987.363,2.510549
r05330,1.0,1000,16,4,1,0,2048,0,0.1,1e-08,190.0,1755,1.62063,19162.0,6840.197,2.322028
r05331,1.0,200,4,1,2,1,2048,1,0.1,1e-08,95.0,1440,1.17811,4599.0,1781.259,2.522715
r05332,0.5,1000,16,2,1,0,2048,1,0.1,1e-08,190.0,1800,1.20829,14890.7,4401.149,2.377271
r05333,0.5,1000,8,2,1,0,2048,1,0.0,1e-08,190.0,1755,1.22587,11030.8,2970.594,2.388755
r05334,0.5,1000,8,1,1,0,1024,1,0.0,1e-06,180.0,1800,1.2732,12251.2,668.668,2.447196
r05335,1.0,1000,8,1,1,0,1024,1,0.1,1e-08,100.0,1410,1.21573,9398.3,871.65,2.452062
r05336,2.0,1000,16,4,2,1,1024,1,0.1,1e-08,100.0,1410,1.82396,11467.9,5714.745,2.38755
r05337,1.0,1000,16,1,2,1,2048,0,0.0,1e-08,180.0,1755,1.5979,16529.3,1982.419,2.348779
r05338,0.5,200,4,2,2,1,1024,0,0.0,1e-08,100.0,1440,0.87595,7691.4,1065.086,2.575156
r05339,1.0,1000,16,2,2,1,1024,1,0.0,1e-08,190.0,1755,1.47566,15936.5,2056.165,2.36898
r05340,1.0,200,8,4,2,1,2048,1,0.0,1e-08,100.0,1410,1.14225,6594.7,9937.688,2.410082
r05341,2.0,1000,16,2,2,1,2048,1,0.0,1e-08,180.0,1800,1.97431,13501.2,4854.076,2.298662
r05342,1.0,200,8,1,2,1,1024,0,0.1,1e-08,100.0,1440,1.23626,10120.8,809.422,2.50376
r05343,0.5,1000,8,1,1,0,2048,1,0.0,1e-08,190.0,1800,1.24947,10599.5,1545.735,2.406797
r05344,1.0,1000,8,1,1,0,2048,1,0.0,1e-08,95.0,1440,1.20964,8161.7,2007.418,2.405282
r05345,2.0,200,16,1,1,0,2048,1,0.1,1e-08,190.0,1755,2.17743,15059.2,2175.941,2.428922
r05346,1.0,1000,16,4,1,0,1024,1,0.0,1e-08,180.0,1755,1.54327,17110.4,3830.181,2.346662
r05347,0.5,1000,16,2,2,1,2048,1,0.1,1e-08,180.0,1800,1.20569,12680.3,5168.317,2.391501
r05348,2.0,1000,8,2,2,1,1024,0,0.1,1e-08,100.0,1440,1.78754,10599.0,1545.807,2.425379
r05349,1.0,1000,4,2,1,0,1024,0,0.1,1e-08,105.0,1440,1.15076,8149.1,1005.269,2.480041
r05350,0.5,1000,16,1,2,1,2048,1,0.0,1e-08,190.0,1800,1.27159,13688.4,2393.847,2.407899
r05351,1.0,200,4,1,1,0,2048,1,0.1,1e-08,190.0,1755,1.3998,7338.3,1116.342,2.456299
r05352,2.0,1000,4,2,1,0,1024,0,0.0,1e-06,190.0,1800,1.96786,11654.9,702.882,2.39623
r05353,1.0,1000,16,4,1,0,2048,1,0.0,1e-08,190.0,1755,1.57743,14551.4,9007.495,2.318507
r05354,1.0,200,4,2,2,1,1024,0,0.0,1e-08,100.0,1410,1.20218,7552.1,1084.735,2.53651
r05355,1.0,1000,16,1,2,1,1024,1,0.0,1e-06,180.0,1800,1.55358,15746.3,1040.497,2.391257
r05356,2.0,200,8,1,1,0,1024,0,0.1,1e-06,190.0,1800,1.95245,15826.3,517.619,2.477854
r05357,0.5,1000,4,4,2,1,1024,0,0.1,1e-08,105.0,1410,0.8746,7287.6,2248.211,2.556608
r05358,2.0,200,4,4,2,1,2048,1,0.0,1e-08,95.0,1440,1.70536,4926.8,6651.013,2.533294
r05359,2.0,200,4,1,1,0,1024,1,0.0,1e-06,105.0,1440,1.74452,6678.7,613.29,2.566181
r05360,2.0,200,8,1,1,0,1024,0,0.0,1e-08,105.0,1410,1.60905,11606.5,705.81,2.513913
r05361,1.0,1000,16,1,1,0,2048,1,0.1,1e-08,190.0,1800,1.52432,15410.0,2126.407,2.35001
r05362,1.0,1000,16,2,2,1,1024,1,0.0,1e-06,180.0,1800,1.57437,15676.7,2090.236,2.360383
r05363,1.0,1000,16,4,2,1,2048,1,0.0,1e-08,190.0,1755,1.51099,13321.8,9838.88,2.324616
r05364,2.0,1000,4,1,2,1,1024,0,0.1,1e-08,100.0,1440,1.79214,7398.8,553.605,2.513152
r05365,2.0,200,8,4,2,1,1024,0,0.0,1e-08,95.0,1440,1.71898,10605.6,3089.69,2.490373
r05366,2.0,200,8,1,2,1,1024,0,0.0,1e-08,180.0,1800,2.06671,14591.9,561.407,2.482827
r05367,1.0,1000,4,1,2,1,2048,1,0.1,1e-08,190.0,1800,1.41496,6378.6,1284.299,2.448422
r05368,2.0,200,8,4,1,0,1024,0,0.0,1e-06,95.0,1440,1.76465,11905.7,2752.304,2.488865
r05369,0.5,1000,8,4,2,1,1024,0,0.1,1e-08,100.0,1410,0.9364,10488.5,3124.174,2.484834
r05370,1.0,1000,16,1,1,0,2048,1,0.0,1e-08,190.0,1755,1.56833,14689.1,2230.77,2.336146
r05371,0.5,200,16,1,1,0,1024,1,0.0,1e-08,100.0,1410,1.07795,13318.9,1230.136,2.51649
r05372,0.5,1000,8,4,1,0,1024,0,0.0,1e-08,190.0,1800,1.19825,16638.5,1969.41,2.40717
r05373,1.0,1000,8,1,2,1,2048,1,0.0,1e-08,190.0,1800,1.5096,9369.2,1748.709,2.356415
r05374,2.0,1000,16,4,2,1,1024,0,0.0,1e-08,180.0,1800,2.06246,19841.9,3302.916,2.335083
r05375,1.0,1000,4,2,2,1,1024,0,0.1,1e-08,190.0,1755,1.43394,9615.2,851.987,2.468649
r05376,0.5,1000,4,4,2,1,1024,0,0.1,1e-06,100.0,1410,0.80195,7333.2,2234.217,2.548512
r05377,2.0,1000,8,1,2,1,1024,0,0.0,1e-06,105.0,1440,1.80674,10037.4,816.144,2.428586
r05378,0.5,1000,16,2,2,1,2048,1,0.0,1e-08,180.0,1755,1.3168,13264.1,4940.851,2.379027
r05379,2.0,200,16,2,2,1,2048,1,0.0,1e-08,180.0,1800,2.05024,13097.4,5003.755,2.407162
r05380,2.0,200,8,1,2,1,1024,0,0.0,1e-08,105.0,1410,1.75526,10411.4,786.829,2.524522
r05381,2.0,1000,4,1,2,1,2048,1,0.0,1e-08,180.0,1755,1.97218,6596.1,1241.941,2.412905
r05382,2.0,200,16,4,2,1,1024,1,0.1,1e-08,105.0,1440,1.88047,11888.5,5512.538,2.49779
r05383,2.0,1000,4,1,1,0,2048,1,0.0,1e-08,95.0,1440,1.77447,5429.6,1508.771,2.427011
r05384,2.0,1000,16,2,2,1,2048,1,0.1,1e-08,190.0,1755,2.09039,12413.7,5279.318,2.317382
r05385,0.5,1000,4,1,1,0,1024,0,0.1,1e-08,95.0,1410,0.85707,8463.8,483.942,2.55775
r05386,1.0,1000,8,2,1,0,2048,1,0.1,1e-08,95.0,1410,1.27372,8265.5,3964.424,2.401062
r05387,0.5,1000,8,2,1,0,2048,1,0.0,1e-08,100.0,1410,0.86536,8261.6,3966.306,2.433671
r05388,1.0,1000,16,2,1,0,1024,1,0.0,1e-08,190.0,1755,1.58508,18699.6,1752.334,2.358712
r05389,1.0,1000,4,4,1,0,2048,1,0.0,1e-08,105.0,1440,1.19598,5705.5,5743.259,2.420908
r05390,1.0,1000,16,4,2,1,2048,0,0.1,1e-08,190.0,1800,1.5316,15234.0,8603.918,2.334531
r05391,0.5,200,4,4,2,1,1024,0,0.1,1e-08,105.0,1440,0.95199,7681.0,2133.054,2.589682
r05392,0.5,200,4,4,1,0,1024,0,0.0,1e-08,105.0,1410,0.9358,8648.9,1894.348,2.543295
r05393,1.0,200,4,1,2,1,1024,0,0.0,1e-08,100.0,1410,1.20609,7723.7,530.313,2.55482
r05394,1.0,1000,4,4,2,1,2048,1,0.1,1e-08,180.0,1800,1.43735,6743.2,4859.45,2.414422
r05395,1.0,1000,8,1,2,1,1024,0,0.1,1e-08,100.0,1440,1.19047,10674.0,767.474,2.467366
r05396,1.0,200,16,1,2,1,1024,1,0.1,1e-06,100.0,1440,1.35372,11669.1,1404.045,2.483459
r05397,1.0,1000,4,4,1,0,2048,0,0.1,1e-08,105.0,1410,1.19215,7201.5,4550.193,2.43118
r05398,0.5,200,8,1,2,1,1024,0,0.0,1e-06,95.0,1440,0.90299,10731.4,763.37,2.525693
r05399,1.0,200,8,4,1,0,1024,1,0.1,1e-06,100.0,1440,1.21412,9828.0,3334.16,2.445104
r05400,0.5,200,4,2,2,1,1024,0,0.0,1e-08,100.0,1440,0.92762,7168.6,1142.758,2.58271
r05401,1.0,1000,16,1,1,0,2048,0,0.0,1e-08,180.0,1755,1.57587,18483.9,1772.782,2.344033
r05402,2.0,1000,4,1,2,1,1024,0,0.1,1e-08,190.0,1800,1.98551,9886.5,414.303,2.46154
r05403,2.0,200,16,2,1,0,2048,1,0.0,1e-08,190.0,1755,2.01804,15162.1,4322.358,2.386563
r05404,2.0,1000,8,2,1,0,2048,1,0.0,1e-08,180.0,1755,2.02688,10419.0,3145.015,2.311794
r05405,2.0,1000,16,1,2,1,2048,1,0.0,1e-08,95.0,1440,1.85401,9483.3,3455.331,2.373412
r05406,2.0,1000,8,4,2,1,1024,0,0.1,1e-06,190.0,1800,2.03496,14050.2,2332.209,2.363718
r05407,1.0,200,16,2,1,0,2048,1,0.1,1e-08,180.0,1755,1.54341,14454.4,4533.985,2.365059
r05408,1.0,1000,8,2,2,1,2048,1,0.0,1e-08,180.0,1800,1.39164,9206.7,3559.164,2.342991
r05409,1.0,200,4,2,2,1,1024,0,0.1,1e-08,105.0,1410,1.23855,7214.9,1135.421,2.540249
r05410,1.0,1000,16,1,2,1,2048,1,0.1,1e-08,190.0,1755,1.57724,12490.9,2623.359,2.364705
r05411,0.5,1000,16,1,2,1,2048,1,0.0,1e-08,190.0,1755,1.174,12939.5,2532.401,2.397363
r05412,1.0,1000,4,1,1,0,1024,0,0.1,1e-08,95.0,1410,1.15775,8327.1,491.89,2.507025
r05413,1.0,200,8,2,2,1,2048,1,0.0,1e-08,190.0,1755,1.44645,9294.5,3525.528,2.376332
r05414,1.0,1000,4,2,2,1,1024,0,0.1,1e-08,100.0,1410,1.10547,7347.2,1114.985,2.515048
r05415,1.0,200,16,1,2,1,2048,0,0.0,1e-08,190.0,1800,1.45821,16412.6,1996.513,2.377559
r05416,2.0,200,4,4,1,0,1024,1,0.0,1e-06,180.0,1755,1.96253,9215.6,1777.861,2.485062
r05417,0.5,1000,8,2,2,1,1024,1,0.0,1e-06,95.0,1440,0.92526,7701.0,2127.521,2.476022
r05418,0.5,1000,4,2,1,0,1024,0,0.0,1e-06,95.0,1410,0.99193,8638.6,948.299,2.515452
r05419,0.5,1000,4,1,1,0,1024,0,0.1,1e-08,180.0,1755,1.19333,11102.9,368.911,2.507383
r05420,1.0,200,8,2,1,0,1024,0,0.1,1e-06,95.0,1410,1.20171,12171.2,1346.127,2.460295
r05421,1.0,200,4,2,2,1,1024,0,0.0,1e-08,105.0,1410,1.11541,7293.9,1123.131,2.534428
r05422,0.5,200,8,4,1,0,1024,0,0.1,1e-08,105.0,1440,0.96085,11911.0,2751.082,2.509921
r05423,2.0,200,4,2,2,1,1024,1,0.0,1e-08,180.0,1800,1.82101,7928.8,1033.199,2.523455
r05424,1.0,200,16,1,1,0,2048,1,0.1,1e-08,180.0,1800,1.51647,15796.1,2074.442,2.378707
r05425,2.0,1000,4,2,2,1,1024,0,0.0,1e-08,100.0,1410,1.73646,7453.2,1099.132,2.469679
r05426,0.5,1000,8,2,2,1,2048,1,0.1,1e-08,95.0,1440,0.8635,6715.0,4879.793,2.460184
r05427,1.0,1000,16,2,1,0,2048,0,0.1,1e-08,190.0,1755,1.4235,18920.9,3463.682,2.326841
r05428,1.0,200,16,2,1,0,1024,1,0.0,1e-08,95.0,1440,1.32181,13707.2,2390.572,2.43479
r05429,1.0,1000,16,1,2,1,1024,1,0.1,1e-08,190.0,1755,1.46452,16565.0,989.074,2.400291
r05430,0.5,200,8,4,2,1,1024,0,0.1,1e-06,100.0,1440,0.87859,10253.2,3195.893,2.509237
r05431,2.0,1000,16,4,2,1,1024,1,0.0,1e-06,180.0,1800,2.03704,16272.6,4027.373,2.322126
r05432,0.5,1000,4,1,1,0,1024,0,0.0,1e-08,105.0,1410,0.88909,8631.0,474.566,2.541108
r05433,2.0,200,16,2,1,0,1024,1,0.0,1e-08,95.0,1410,1.87583,13879.8,2360.839,2.484775
r05434,1.0,200,8,1,2,1,1024,0,0.0,1e-06,180.0,1800,1.33072,14348.0,570.952,2.428768
r05435,1.0,200,4,1,1,0,2048,1,0.1,1e-08,105.0,1440,1.15245,5217.7,1570.048,2.49786
r05436,1.0,1000,4,4,1,0,1024,0,0.1,1e-06,105.0,1410,1.12258,8319.5,1969.353,2.466345
r05437,1.0,200,4,1,1,0,1024,0,0.1,1e-08,95.0,1410,1.15806,8390.5,488.173,2.533666
r05438,1.0,200,16,1,1,0,1024,1,0.1,1e-08,190.0,1755,1.53426,18089.4,905.725,2.431679
r05439,2.0,200,4,2,1,0,1024,0,0.0,1e-08,100.0,1440,1.68983,8834.1,927.319,2.548216
r05440,1.0,1000,16,1,2,1,2048,1,0.0,1e-08,180.0,1755,1.48404,12957.2,2528.947,2.34821
r05441,2.0,200,8,2,2,1,2048,1,0.0,1e-08,105.0,1440,1.80975,7344.8,4461.405,2.466216
r05442,0.5,1000,8,2,1,0,1024,0,0.1,1e-06,95.0,1440,0.85086,12394.2,1321.905,2.483019
r05443,2.0,1000,8,2,1,0,2048,1,0.0,1e-08,190.0,1755,1.98674,10245.5,3198.289,2.312969
r05444,1.0,1000,8,1,1,0,2048,1,0.0,1e-08,180.0,1755,1.46135,10416.1,1572.955,2.358718
r05445,1.0,200,16,2,2,1,1024,1,0.1,1e-08,95.0,1410,1.31372,10686.7,3066.232,2.462547
r05446,0.5,1000,16,2,2,1,2048,1,0.1,1e-08,180.0,1800,1.38692,13291.4,4930.725,2.403381
r05447,2.0,200,16,2,2,1,1024,1,0.0,1e-06,95.0,1410,1.83057,11856.9,2763.622,2.48392
r05448,2.0,1000,4,1,1,0,2048,1,0.1,1e-08,105.0,1410,1.71796,5558.5,1473.777,2.442579
r05449,2.0,1000,16,1,1,0,2048,1,0.0,1e-08,180.0,1755,2.05659,14521.2,2256.556,2.318897
r05450,0.5,1000,8,2,1,0,1024,0,0.1,1e-08,190.0,1755,1.14845,16430.2,997.188,2.438611
r05451,2.0,1000,4,1,1,0,1024,0,0.1,1e-08,95.0,1410,1.67822,8594.5,476.584,2.477142
r05452,1.0,1000,4,2,1,0,1024,0,0.1,1e-06,105.0,1410,1.17884,8479.9,966.044,2.483364
r05453,0.5,1000,8,2,1,0,2048,1,0.0,1e-08,105.0,1410,0.97865,7768.1,4218.28,2.431324
r05454,2.0,1000,4,2,1,0,2048,1,0.0,1e-08,105.0,1440,1.62097,5426.8,3019.094,2.401907
r05455,0.5,200,8,4,1,0,2048,0,0.1,1e-08,190.0,1755,1.09102,13822.5,4741.265,2.421302
r05456,1.0,1000,4,4,1,0,1024,0,0.0,1e-06,100.0,1440,1.16994,8339.4,1964.661,2.457348
r05457,1.0,200,4,4,2,1,2048,0,0.0,1e-08,105.0,1410,1.16992,5941.5,5515.134,2.484157
r05458,1.0,1000,16,4,1,0,1024,1,0.0,1e-08,95.0,1440,1.32787,12903.7,5078.87,2.393067
r05459,2.0,1000,4,1,1,0,1024,0,0.1,1e-08,105.0,1410,1.70349,8584.4,477.145,2.474597
r05460,1.0,200,16,1,2,1,1024,1,0.0,1e-06,190.0,1755,1.52004,16181.6,1012.505,2.413622
r05461,1.0,1000,4,2,2,1,1024,0,0.0,1e-06,100.0,1440,1.19505,7590.5,1079.242,2.498022
r05462,2.0,200,8,1,1,0,1024,0,0.1,1e-08,100.0,1440,1.65441,12041.2,680.332,2.5233
r05463,1.0,200,4,1,2,1,1024,0,0.1,1e-06,105.0,1440,1.16485,7510.7,545.356,2.56325
r05464,1.0,1000,4,4,1,0,2048,0,0.1,1e-08,180.0,1755,1.3323,9257.0,3539.801,2.387917
r05465,0.5,1000,4,2,1,0,2048,1,0.1,1e-08,95.0,1410,0.91492,5532.2,2961.561,2.494316
r05466,0.5,1000,4,2,2,1,2048,1,0.0,1e-08,100.0,1410,0.94872,4949.5,3310.262,2.510941
r05467,1.0,1000,8,2,1,0,1024,0,0.0,1e-08,100.0,1410,1.18113,11998.6,1365.487,2.424212
r05468,2.0,200,8,4,2,1,2048,1,0.0,1e-08,190.0,1800,2.03071,9147.6,7164.291,2.407875
r05469,2.0,1000,4,1,2,1,1024,1,0.0,1e-06,105.0,1440,1.75402,5672.2,722.122,2.486001
r05470,1.0,200,4,1,2,1,1024,0,0.0,1e-08,105.0,1410,1.15231,7712.5,531.083,2.556626
r05471,1.0,200,16,4,1,0,2048,1,0.0,1e-08,190.0,1800,1.50943,15202.7,8621.636,2.340283
r05472,2.0,200,4,2,2,1,2048,0,0.1,1e-08,100.0,1410,1.65053,5845.9,2802.649,2.545412
r05473,1.0,1000,8,1,1,0,2048,1,0.0,1e-08,105.0,1440,1.17287,7856.0,2085.539,2.402237
r05474,1.0,200,16,2,2,1,2048,0,0.0,1e-08,180.0,1755,1.59116,16818.5,3896.671,2.364502
r05475,2.0,200,16,2,2,1,2048,0,0.1,1e-08,180.0,1800,2.01442,16471.4,3978.782,2.42225
r05476,0.5,1000,4,2,1,0,2048,1,0.0,1e-08,100.0,1410,0.86949,5574.1,2939.327,2.482449
r05477,1.0,200,4,1,1,0,2048,1,0.1,1e-08,95.0,1410,1.03655,5193.1,1577.492,2.495042
r05478,1.0,1000,4,1,2,1,1024,0,0.0,1e-08,105.0,1410,1.23208,7218.0,567.473,2.524804
r05479,2.0,1000,4,1,2,1,1024,0,0.0,1e-08,105.0,1410,1.72049,7742.6,529.019,2.502241
r05480,1.0,200,16,2,1,0,1024,1,0.1,1e-08,105.0,1440,1.20727,14255.8,2298.578,2.449788
r05481,1.0,1000,8,2,1,0,1024,0,0.0,1e-08,105.0,1440,1.17027,11606.2,1411.66,2.422621
r05482,1.0,1000,8,2,2,1,2048,1,0.1,1e-08,190.0,1755,1.40517,8916.1,3675.164,2.349526
r05483,1.0,1000,8,2,1,0,1024,0,0.0,1e-06,100.0,1410,1.15767,11728.9,1396.896,2.413549
r05484,1.0,1000,16,1,1,0,2048,0,0.1,1e-08,180.0,1800,1.53974,18560.4,1765.481,2.36126
r05485,1.0,1000,8,2,1,0,1024,0,0.0,1e-08,100.0,1440,1.1868,11906.0,1376.109,2.415994
r05486,0.5,1000,16,1,1,0,2048,1,0.0,1e-08,180.0,1755,1.23783,14884.8,2201.447,2.385626
r05487,2.0,1000,16,1,2,1,1024,1,0.0,1e-08,105.0,1440,1.81947,11641.6,1407.364,2.409092
r05488,2.0,200,8,2,1,0,1024,0,0.0,1e-08,180.0,1800,2.07593,16281.4,1006.302,2.449396
r05489,0.5,1000,16,2,1,0,2048,1,0.0,1e-08,190.0,1800,1.22665,14725.7,4450.447,2.362167
r05490,0.5,1000,16,1,2,1,1024,1,0.0,1e-08,180.0,1755,1.29237,15712.0,1042.771,2.447611
r05491,1.0,1000,4,1,1,0,1024,0,0.1,1e-06,100.0,1410,1.11464,8593.3,476.648,2.495269
r05492,2.0,1000,4,2,2,1,1024,0,0.0,1e-08,100.0,1440,1.68528,7336.8,1116.565,2.476662
r05493,2.0,200,4,4,2,1,1024,0,0.0,1e-08,95.0,1440,1.74916,7332.6,2234.398,2.56026
r05494,2.0,200,16,4,1,0,2048,0,0.1,1e-08,190.0,1755,2.03428,19200.3,6826.552,2.393546
r05495,1.0,1000,8,2,2,1,2048,1,0.0,1e-08,190.0,1800,1.47223,9178.2,3570.191,2.344948
r05496,1.0,200,8,4,2,1,2048,1,0.1,1e-08,190.0,1800,1.43985,8949.0,7323.272,2.385854
r05497,2.0,200,4,2,1,0,1024,0,0.0,1e-06,95.0,1410,1.74547,8372.8,978.411,2.538991
r05498,0.5,200,16,2,2,1,1024,1,0.0,1e-06,190.0,1755,1.26742,15504.1,2113.506,2.44716
r05499,2.0,200,8,2,1,0,1024,0,0.0,1e-08,100.0,1410,1.70087,11518.0,1422.474,2.495014
r05500,1.0,1000,16,4,2,1,1024,1,0.1,1e-06,100.0,1410,1.2252,11882.6,5515.287,2.420357
r05501,1.0,200,8,1,2,1,1024,0,0.1,1e-06,105.0,1440,1.21275,10125.4,809.054,2.492962
r05502,2.0,1000,8,2,2,1,2048,1,0.0,1e-08,190.0,1755,2.10181,9329.5,3512.317,2.319155
r05503,0.5,1000,4,1,2,1,1024,0,0.0,1e-06,105.0,1410,0.97029,7546.3,542.779,2.568013
r05504,1.0,1000,16,2,1,0,2048,1,0.0,1e-08,190.0,1755,1.51563,14570.1,4497.99,2.322345
r05505,2.0,1000,4,1,2,1,2048,1,0.1,1e-08,95.0,1410,1.69958,4716.6,1736.833,2.474767
r05506,0.5,1000,16,4,2,1,1024,1,0.1,1e-08,180.0,1755,1.24442,15102.7,4339.357,2.418282
r05507,2.0,200,16,1,2,1,2048,1,0.0,1e-08,180.0,1755,2.08151,12341.6,2655.09,2.427083
r05508,2.0,200,8,2,1,0,2048,0,0.0,1e-08,190.0,1755,1.99804,13332.2,2457.801,2.405072
r05509,1.0,1000,4,1,2,1,1024,0,0.1,1e-08,105.0,1440,1.13642,7750.4,528.49,2.534444
r05510,0.5,1000,8,1,2,1,1024,0,0.0,1e-08,95.0,1410,0.9261,10503.3,779.948,2.507092
r05511,0.5,200,8,2,2,1,2048,1,0.1,1e-08,100.0,1440,0.8382,7120.0,4602.275,2.4831
r05512,1.0,1000,16,4,1,0,1024,1,0.0,1e-06,190.0,1800,1.45829,18795.6,3486.771,2.348055
r05513,0.5,1000,16,4,2,1,2048,1,0.0,1e-08,190.0,1800,1.25101,13051.4,10042.743,2.378365
r05514,1.0,1000,8,1,1,0,2048,1,0.0,1e-08,190.0,1755,1.48475,10886.1,1505.039,2.361259
r05515,0.5,1000,4,1,2,1,2048,1,0.0,1e-08,190.0,1755,1.12528,6490.7,1262.112,2.483933
r05516,1.0,1000,4,2,1,0,2048,1,0.1,1e-08,100.0,1440,1.13727,5649.5,2900.084,2.441025
r05517,1.0,1000,16,2,1,0,2048,1,0.0,1e-08,180.0,1755,1.4659,15050.1,4354.534,2.317589
r05518,1.0,1000,16,2,1,0,2048,1,0.1,1e-08,180.0,1755,1.4534,14626.8,4480.541,2.323721
r05519,2.0,1000,8,4,1,0,2048,1,0.0,1e-08,180.0,1800,2.04543,10288.7,6369.73,2.300044
r05520,1.0,200,16,4,1,0,1024,1,0.0,1e-08,105.0,1410,1.29411,13657.4,4798.567,2.423804
r05521,1.0,1000,4,2,2,1,2048,1,0.0,1e-08,180.0,1800,1.49455,6256.1,2618.901,2.413709
r05522,2.0,1000,8,1,2,1,1024,0,0.1,1e-08,100.0,1440,1.78218,9828.7,833.48,2.437535
r05523,1.0,1000,8,1,1,0,2048,1,0.1,1e-08,105.0,1440,1.28001,8050.2,2035.217,2.426362
r05524,1.0,200,16,4,1,0,2048,0,0.1,1e-08,190.0,1755,1.53007,18805.3,6969.936,2.356971
r05525,0.5,200,4,2,1,0,2048,1,0.1,1e-08,105.0,1440,0.85021,5408.7,3029.183,2.51608
r05526,0.5,200,16,2,1,0,2048,1,0.0,1e-08,190.0,1800,1.224,15130.4,4331.412,2.401886
r05527,2.0,1000,16,1,1,0,2048,1,0.0,1e-08,190.0,1755,2.0118,15336.7,2136.572,2.313778
r05528,1.0,1000,8,2,1,0,2048,1,0.0,1e-08,180.0,1755,1.46618,10413.2,3146.775,2.344935
r05529,0.5,1000,4,2,1,0,1024,0,0.0,1e-08,105.0,1440,0.90538,8134.7,1007.043,2.525574
r05530,2.0,1000,8,1,1,0,2048,1,0.1,1e-08,180.0,1800,2.01213,10759.8,1522.711,2.34229
r05531,0.5,200,8,4,2,1,1024,1,0.0,1e-06,105.0,1410,0.9259,8815.0,3717.305,2.506554
r05532,1.0,1000,8,1,2,1,1024,0,0.1,1e-08,105.0,1410,1.20264,10135.5,808.244,2.469066
r05533,0.5,200,16,4,2,1,1024,1,0.1,1e-08,190.0,1755,1.12011,16168.4,4053.333,2.450652
r05534,1.0,200,16,2,1,0,1024,1,0.0,1e-06,190.0,1755,1.62415,18495.6,1771.665,2.381009
r05535,2.0,200,16,4,2,1,1024,1,0.1,1e-06,180.0,1755,2.07372,16408.2,3994.093,2.442992
r05536,2.0,1000,4,1,2,1,1024,0,0.1,1e-08,105.0,1410,1.72521,7797.7,525.286,2.513556
r05537,1.0,1000,8,4,1,0,1024,0,0.0,1e-06,95.0,1440,1.16868,11437.2,2865.027,2.407504
r05538,2.0,1000,8,1,2,1,1024,0,0.0,1e-08,95.0,1410,1.75091,10663.7,768.215,2.413698
r05539,1.0,1000,8,4,2,1,2048,1,0.1,1e-08,180.0,1755,1.4109,8990.6,7289.426,2.350727
r05540,1.0,1000,4,4,2,1,1024,0,0.0,1e-08,180.0,1755,1.43469,9846.0,1664.027,2.440552
r05541,1.0,1000,8,1,1,0,1024,0,0.0,1e-06,190.0,1800,1.31424,16480.1,497.084,2.389295
r05542,2.0,1000,16,1,1,0,1024,1,0.1,1e-06,105.0,1440,1.8523,13193.2,1241.856,2.41055
r05543,2.0,200,16,4,2,1,2048,0,0.0,1e-08,100.0,1440,1.95664,11503.1,11394.48,2.445518
r05544,1.0,1000,8,2,1,0,1024,0,0.1,1e-08,105.0,1440,1.18854,12297.8,1332.274,2.436499
r05545,0.5,1000,4,2,1,0,1024,1,0.0,1e-06,100.0,1410,0.86198,6976.3,1174.263,2.507646
r05546,0.5,200,8,2,1,0,1024,0,0.0,1e-08,95.0,1440,0.94673,12500.8,1310.634,2.498415
r05547,1.0,1000,8,2,2,1,1024,0,0.1,1e-06,105.0,1440,1.18428,9983.7,1641.08,2.441688
r05548,0.5,1000,8,2,2,1,2048,1,0.1,1e-08,100.0,1440,0.95962,7058.8,4642.157,2.450927
r05549,1.0,200,4,4,1,0,1024,0,0.1,1e-06,105.0,1410,1.29361,8738.6,1874.907,2.506705
r05550,2.0,1000,16,2,2,1,1024,0,0.0,1e-06,95.0,1440,1.95683,14328.1,2286.978,2.386641
r05551,1.0,1000,4,1,1,0,1024,0,0.1,1e-06,100.0,1410,1.14025,8465.6,483.84,2.49776
r05552,1.0,1000,16,4,2,1,2048,0,0.1,1e-08,190.0,1800,1.5011,16174.5,8103.595,2.335607
r05553,1.0,1000,8,2,2,1,1024,1,0.0,1e-08,95.0,1410,1.20301,8420.7,1945.684,2.423711
r05554,2.0,1000,8,1,2,1,1024,0,0.0,1e-06,105.0,1410,1.67424,10614.3,771.789,2.422866
r05555,0.5,200,16,1,2,1,2048,1,0.1,1e-08,190.0,1800,1.20078,13448.8,2436.508,2.447679
r05556,2.0,1000,16,2,2,1,2048,1,0.0,1e-08,190.0,1755,2.0213,13552.5,4835.716,2.307133
r05557,0.5,1000,4,4,2,1,1024,0,0.1,1e-08,95.0,1410,0.80275,7417.1,2208.949,2.55261
r05558,0.5,200,8,4,2,1,2048,0,0.1,1e-08,190.0,1800,1.13489,11452.8,5722.25,2.43224
r05559,1.0,200,16,1,1,0,2048,1,0.0,1e-08,180.0,1755,1.54895,14983.2,2186.976,2.37467
r05560,1.0,200,16,4,2,1,1024,1,0.0,1e-06,100.0,1410,1.24323,11919.5,5498.233,2.429511
r05561,1.0,200,4,1,1,0,2048,1,0.0,1e-08,100.0,1440,1.20428,5664.9,1446.106,2.487422
r05562,1.0,200,8,2,2,1,1024,0,0.0,1e-08,95.0,1440,1.24887,10233.4,1601.039,2.457434
r05563,0.5,1000,8,2,2,1,2048,1,0.1,1e-08,190.0,1800,1.14519,8574.4,3821.626,2.414692
r05564,2.0,200,16,2,1,0,2048,1,0.1,1e-08,180.0,1800,1.96337,14588.0,4492.446,2.402536
r05565,1.0,200,16,4,2,1,2048,1,0.1,1e-08,180.0,1800,1.53317,13002.8,10080.296,2.362847
r05566,2.0,1000,8,1,1,0,1024,0,0.1,1e-06,95.0,1410,1.76088,12276.4,667.298,2.431665
r05567,2.0,200,16,4,2,1,2048,1,0.0,1e-08,180.0,1800,2.02815,12942.8,10127.046,2.39269
r05568,1.0,1000,16,4,2,1,1024,1,0.0,1e-06,180.0,1755,1.55711,16378.9,4001.242,2.356461
r05569,1.0,1000,8,1,2,1,1024,0,0.0,1e-06,180.0,1755,1.57025,13725.6,596.841,2.412249
r05570,1.0,200,4,1,1,0,1024,0,0.1,1e-06,100.0,1410,1.16403,8357.9,490.077,2.528723
r05571,0.5,1000,8,2,2,1,1024,0,0.0,1e-08,95.0,1410,0.96303,10521.4,1557.21,2.484703
r05572,0.5,1000,8,4,2,1,1024,0,0.0,1e-06,105.0,1440,0.89385,10363.5,3161.868,2.466739
r05573,1.0,200,4,2,1,0,2048,0,0.0,1e-08,100.0,1440,1.14075,6617.1,2476.025,2.465755
r05574,1.0,1000,16,2,2,1,2048,1,0.1,1e-08,180.0,1800,1.44742,12860.5,5095.902,2.344279
r05575,1.0,200,8,1,2,1,2048,1,0.0,1e-08,180.0,1755,1.30795,8958.0,1828.977,2.395191
r05576,2.0,1000,4,4,2,1,1024,0,0.1,1e-08,95.0,1440,1.76221,7249.6,2259.979,2.483524
r05577,2.0,1000,8,1,2,1,2048,1,0.1,1e-08,105.0,1440,1.73742,6905.3,2372.668,2.400922
r05578,1.0,1000,4,1,1,0,2048,1,0.0,1e-08,100.0,1410,1.1297,5521.0,1483.779,2.452832
r05579,1.0,1000,4,1,2,1,1024,0,0.0,1e-08,100.0,1440,1.16847,7582.2,540.211,2.521034
r05580,1.0,200,4,4,2,1,2048,0,0.1,1e-08,95.0,1410,1.05226,5792.1,5657.406,2.486871
r05581,0.5,200,4,4,2,1,2048,1,0.0,1e-08,95.0,1410,0.90235,4777.2,6859.271,2.533222
r05582,1.0,200,8,1,2,1,1024,0,0.0,1e-08,100.0,1440,1.25437,10512.5,779.266,2.484652
r05583,0.5,1000,16,2,1,0,2048,1,0.1,1e-08,180.0,1755,1.24419,14889.7,4401.437,2.381149
r05584,2.0,1000,4,4,2,1,1024,0,0.0,1e-08,95.0,1410,1.72398,7548.3,2170.555,2.471663
r05585,2.0,1000,8,2,1,0,2048,1,0.1,1e-08,105.0,1440,1.79505,7822.5,4188.93,2.373064
r05586,0.5,200,4,4,2,1,1024,0,0.1,1e-08,105.0,1410,0.86804,7246.6,2260.935,2.585844
r05587,2.0,200,4,1,1,0,1024,1,0.1,1e-08,100.0,1440,1.68202,6952.1,589.172,2.579285
r05588,1.0,200,4,1,2,1,1024,0,0.1,1e-06,105.0,1440,1.11885,7390.0,554.265,2.555343
r05589,1.0,200,4,4,1,0,1024,0,0.0,1e-08,100.0,1410,1.16978,8189.5,2000.62,2.491664
r05590,1.0,1000,8,4,2,1,1024,1,0.1,1e-08,180.0,1800,1.42176,11249.1,2912.936,2.396149
r05591,0.5,200,8,2,2,1,2048,1,0.0,1e-08,180.0,1800,1.31082,8978.1,3649.775,2.422687
r05592,1.0,1000,8,4,1,0,1024,0,0.0,1e-08,100.0,1410,1.14881,12540.5,2612.966,2.407331
r05593,2.0,200,8,1,1,0,1024,0,0.1,1e-08,180.0,1755,2.04239,16972.5,482.664,2.486252
r05594,2.0,200,16,4,2,1,2048,1,0.0,1e-08,105.0,1410,1.89762,9511.9,13779.743,2.447261
r05595,2.0,1000,4,2,2,1,1024,1,0.1,1e-08,95.0,1440,1.64519,6019.0,1361.032,2.489565
r05596,1.0,1000,8,2,2,1,2048,1,0.1,1e-08,95.0,1440,1.21125,6695.8,4893.817,2.403171
r05597,2.0,1000,4,1,1,0,1024,0,0.1,1e-08,95.0,1440,1.64411,8596.1,476.497,2.479848
r05598,0.5,200,4,2,1,0,2048,0,0.1,1e-08,100.0,1440,0.84552,6456.5,2537.597,2.519907
r05599,0.5,1000,8,1,2,1,1024,1,0.1,1e-08,105.0,1440,0.97239,8795.6,931.373,2.529941
r05600,0.5,1000,8,1,1,0,1024,0,0.1,1e-06,105.0,1410,0.91932,11864.2,690.479,2.496286
r05601,1.0,1000,4,1,1,0,2048,1,0.1,1e-08,190.0,1800,1.37944,7666.9,1068.495,2.409182
r05602,1.0,1000,4,1,2,1,1024,0,0.0,1e-08,100.0,1440,1.24356,7332.8,558.583,2.521944
r05603,2.0,1000,8,2,1,0,1024,0,0.0,1e-08,190.0,1800,1.96329,16901.7,969.369,2.358282
r05604,1.0,200,16,2,2,1,1024,1,0.0,1e-06,105.0,1440,1.30114,11987.8,2733.454,2.439969
r05605,1.0,1000,16,2,2,1,1024,1,0.0,1e-08,190.0,1800,1.48664,16319.8,2007.865,2.365747
r05606,0.5,1000,16,1,2,1,2048,0,0.0,1e-08,180.0,1755,1.25349,16800.0,1950.479,2.400945
r05607,1.0,1000,16,2,2,1,2048,1,0.1,1e-08,190.0,1755,1.5356,12647.9,5181.551,2.351146
r05608,0.5,200,16,2,1,0,2048,0,0.0,1e-08,180.0,1800,1.28482,18831.2,3480.188,2.39808
r05609,1.0,1000,16,4,2,1,2048,1,0.1,1e-08,190.0,1755,1.45282,12924.4,10141.465,2.331563
r05610,1.0,1000,8,4,2,1,2048,1,0.0,1e-08,105.0,1440,1.15712,6873.9,9533.997,2.385281
r05611,0.5,1000,8,2,2,1,1024,0,0.0,1e-08,95.0,1410,0.90467,10145.4,1614.925,2.481989
r05612,1.0,1000,8,2,2,1,2048,1,0.0,1e-08,190.0,1800,1.44439,9003.3,3639.549,2.336938
r05613,2.0,1000,16,2,2,1,2048,1,0.0,1e-08,190.0,1755,2.01979,12910.5,5076.192,2.302934
r05614,1.0,200,16,1,2,1,2048,1,0.0,1e-08,190.0,1800,1.57057,12727.7,2574.551,2.38627
r05615,1.0,1000,4,1,2,1,1024,1,0.1,1e-08,105.0,1410,1.0952,5686.3,720.328,2.532863
r05616,1.0,1000,8,2,2,1,2048,1,0.1,1e-08,180.0,1800,1.42256,8754.4,3743.018,2.358348
r05617,2.0,1000,16,2,2,1,1024,1,0.0,1e-06,95.0,1410,1.84098,12185.0,2689.203,2.384558
r05618,0.5,1000,4,4,1,0,1024,1,0.0,1e-08,100.0,1410,0.94975,7096.6,2308.722,2.511507
r05619,2.0,1000,8,4,2,1,2048,1,0.1,1e-08,95.0,1410,1.64276,7107.3,9220.941,2.368336
r05620,0.5,200,4,4,2,1,1024,0,0.0,1e-08,95.0,1440,0.82947,7325.0,2236.726,2.56715
r05621,1.0,1000,16,1,2,1,2048,1,0.1,1e-08,190.0,1755,1.46295,13587.8,2411.569,2.362073
r05622,0.5,1000,8,2,2,1,2048,0,0.0,1e-08,105.0,1440,0.92111,8585.1,3816.867,2.44351
r05623,1.0,200,16,1,1,0,2048,1,0.1,1e-08,95.0,1410,1.21811,10789.1,3037.153,2.427251
r05624,1.0,200,8,1,2,1,2048,0,0.1,1e-08,100.0,1410,1.23838,8933.4,1834.023,2.465361
r05625,2.0,200,16,2,2,1,2048,1,0.1,1e-08,180.0,1800,2.12218,13026.1,5031.143,2.42037
r05626,1.0,1000,16,2,2,1,2048,1,0.1,1e-08,180.0,1800,1.47359,12256.2,5347.15,2.345501
r05627,0.5,1000,4,1,2,1,2048,1,0.0,1e-08,190.0,1755,1.14621,6270.0,1306.54,2.488525
r05628,0.5,200,8,1,1,0,2048,1,0.1,1e-08,190.0,1755,1.10372,10367.7,1580.296,2.449066
r05629,2.0,1000,16,1,1,0,2048,1,0.1,1e-08,100.0,1410,1.80721,10888.1,3009.53,2.377979
r05630,0.5,200,4,4,2,1,1024,0,0.1,1e-08,95.0,1440,0.90679,7403.8,2212.918,2.583256
r05631,0.5,200,4,1,1,0,2048,1,0.0,1e-08,105.0,1410,0.87608,5353.6,1530.184,2.527095
r05632,2.0,200,4,4,1,0,2048,0,0.1,1e-08,100.0,1440,1.77773,6943.3,4719.362,2.508205
r05633,0.5,200,4,2,2,1,1024,0,0.1,1e-08,105.0,1440,0.87577,8047.5,1017.958,2.593781
r05634,2.0,1000,4,2,2,1,1024,0,0.0,1e-08,95.0,1440,1.62419,7464.4,1097.477,2.471697
r05635,0.5,1000,16,2,1,0,1024,1,0.0,1e-08,190.0,1755,1.24377,18216.7,1798.794,2.408906
r05636,0.5,200,8,1,1,0,2048,0,0.1,1e-08,190.0,1755,1.16134,12800.9,1279.905,2.455975
r05637,1.0,1000,16,1,2,1,1024,1,0.0,1e-08,95.0,1440,1.21412,11963.0,1369.555,2.435911
r05638,1.0,200,8,2,1,0,2048,0,0.1,1e-08,100.0,1410,1.17985,9374.2,3495.566,2.421615
r05639,0.5,1000,4,1,2,1,1024,0,0.0,1e-08,95.0,1410,0.95983,7261.8,564.045,2.575445
r05640,1.0,200,16,1,1,0,2048,1,0.1,1e-08,190.0,1800,1.59246,14964.1,2189.775,2.385039
r05641,2.0,200,4,1,1,0,1024,0,0.0,1e-08,95.0,1410,1.69683,8414.2,486.798,2.569425
r05642,1.0,1000,8,4,1,0,2048,1,0.1,1e-08,95.0,1440,1.21405,8416.6,7786.504,2.391182
r05643,2.0,1000,16,1,1,0,1024,1,0.0,1e-08,105.0,1440,1.78001,13186.6,1242.47,2.39438
r05644,1.0,200,8,1,2,1,2048,0,0.0,1e-08,100.0,1410,1.20212,8524.9,1921.908,2.449439
r05645,1.0,1000,4,4,1,0,1024,0,0.0,1e-08,190.0,1755,1.4257,11753.5,1393.962,2.413859
r05646,1.0,1000,16,4,2,1,2048,1,0.0,1e-08,180.0,1755,1.56455,12912.9,10150.436,2.315719
r05647,0.5,1000,16,2,1,0,2048,0,0.1,1e-08,180.0,1800,1.21817,19622.7,3339.8,2.38014
r05648,1.0,1000,16,1,2,1,2048,1,0.1,1e-08,180.0,1755,1.55987,13360.8,2452.55,2.367646
r05649,1.0,200,16,4,2,1,2048,1,0.0,1e-08,190.0,1755,1.49792,12568.5,10428.637,2.354645
r05650,2.0,200,16,2,1,0,2048,0,0.0,1e-08,180.0,1755,2.12621,17337.1,3780.101,2.39505
r05651,2.0,1000,8,1,1,0,1024,0,0.0,1e-06,95.0,1440,1.76067,11632.4,704.238,2.407332
r05652,0.5,200,16,1,2,1,1024,0,0.0,1e-06,95.0,1410,0.92026,14826.1,1105.082,2.513977
r05653,0.5,200,8,1,2,1,1024,0,0.1,1e-08,95.0,1410,0.90282,10626.8,770.88,2.545556
r05654,0.5,1000,16,1,2,1,1024,0,0.0,1e-08,190.0,1755,1.22043,20462.0,800.704,2.44513
r05655,1.0,200,4,1,1,0,1024,0,0.0,1e-08,100.0,1440,1.17683,8860.8,462.261,2.522752
r05656,1.0,1000,8,4,2,1,1024,0,0.0,1e-06,105.0,1410,1.14336,10838.6,3023.273,2.410796
r05657,0.5,1000,8,2,2,1,1024,1,0.1,1e-08,105.0,1410,0.9329,8423.9,1944.949,2.502706
r05658,0.5,1000,8,4,1,0,2048,1,0.0,1e-08,190.0,1800,1.17211,10275.9,6377.659,2.373998
r05659,1.0,1000,16,1,2,1,1024,1,0.1,1e-06,95.0,1410,1.28163,11782.3,1390.563,2.442563
r05660,1.0,200,8,1,1,0,1024,0,0.0,1e-08,105.0,1440,1.25316,12242.8,669.13,2.470951
r05661,2.0,1000,16,1,1,0,1024,1,0.0,1e-06,105.0,1440,1.79771,13667.2,1198.783,2.396791
r05662,2.0,1000,4,1,2,1,1024,0,0.0,1e-08,100.0,1440,1.77818,7134.1,574.143,2.49935
r05663,1.0,1000,4,2,2,1,2048,1,0.1,1e-08,105.0,1410,1.17408,4960.2,3303.11,2.47156
r05664,1.0,1000,8,4,2,1,1024,0,0.1,1e-08,100.0,1440,1.22776,10150.7,3228.166,2.438775
r05665,1.0,200,16,1,1,0,2048,1,0.0,1e-08,180.0,1755,1.60391,14915.7,2196.877,2.373195
r05666,1.0,200,16,2,2,1,2048,0,0.0,1e-08,190.0,1755,1.46316,15633.8,4191.937,2.357177
r05667,2.0,1000,4,4,2,1,1024,0,0.0,1e-08,100.0,1440,1.85215,7553.8,2168.975,2.476346
r05668,1.0,200,4,2,2,1,1024,0,0.0,1e-06,100.0,1410,1.14942,7235.5,1132.202,2.520598
r05669,0.5,200,8,2,1,0,2048,0,0.0,1e-08,180.0,1755,1.11376,13432.9,2439.382,2.410026
r05670,0.5,200,16,1,2,1,1024,1,0.1,1e-06,100.0,1410,1.02819,12340.2,1327.697,2.525354
r05671,2.0,200,4,1,2,1,1024,0,0.0,1e-06,105.0,1410,1.79884,7488.1,547.002,2.592025
r05672,0.5,200,4,1,2,1,1024,1,0.0,1e-08,105.0,1440,0.82816,6030.4,679.221,2.601896
r05673,0.5,1000,16,2,1,0,2048,1,0.1,1e-08,190.0,1800,1.25388,14692.8,4460.422,2.389236
r05674,2.0,1000,8,1,2,1,2048,1,0.0,1e-08,190.0,1755,2.043,9294.8,1762.699,2.341104
r05675,0.5,1000,8,4,2,1,2048,1,0.0,1e-08,190.0,1800,1.1412,9062.8,7231.318,2.387585
r05676,1.0,1000,16,1,1,0,2048,1,0.0,1e-08,180.0,1800,1.52043,14613.0,2242.387,2.343998
r05677,1.0,200,16,4,2,1,1024,1,0.1,1e-06,95.0,1440,1.26246,11197.3,5852.818,2.45084
r05678,2.0,1000,16,4,2,1,1024,1,0.0,1e-08,190.0,1755,2.06597,15213.0,4307.881,2.331912
r05679,1.0,1000,8,4,2,1,1024,0,0.1,1e-08,100.0,1410,1.14947,10865.0,3015.91,2.43991
r05680,1.0,200,4,2,1,0,2048,1,0.0,1e-08,95.0,1440,1.18071,5520.5,2967.831,2.454041
r05681,0.5,1000,8,4,2,1,1024,0,0.0,1e-08,100.0,1410,0.95147,10487.2,3124.584,2.482317
r05682,2.0,200,8,1,2,1,1024,0,0.1,1e-08,100.0,1410,1.73639,9806.5,835.365,2.543327
r05683,0.5,200,16,2,1,0,2048,1,0.1,1e-08,190.0,1800,1.29441,15781.2,4152.781,2.415394
r05684,1.0,1000,4,2,1,0,1024,0,0.0,1e-08,100.0,1440,1.13618,8568.9,956.019,2.469824
r05685,1.0,200,8,2,2,1,2048,1,0.0,1e-08,180.0,1800,1.4517,9097.9,3601.706,2.380114
r05686,1.0,200,4,2,2,1,1024,0,0.1,1e-08,105.0,1410,1.1234,7535.4,1087.133,2.542662
r05687,1.0,1000,16,1,1,0,2048,1,0.0,1e-08,180.0,1755,1.46764,14295.9,2292.127,2.331987
r05688,1.0,1000,16,2,2,1,2048,0,0.0,1e-08,190.0,1800,1.56651,16700.0,3924.315,2.334499
r05689,2.0,200,8,1,1,0,2048,0,0.0,1e-08,180.0,1755,1.96832,12558.0,1304.667,2.429292
r05690,0.5,1000,4,2,2,1,2048,1,0.1,1e-08,95.0,1440,1.00813,4856.5,3373.625,2.521975
r05691,0.5,200,16,1,2,1,1024,1,0.1,1e-08,100.0,1440,0.94782,11589.6,1413.678,2.533958
r05692,0.5,200,16,2,1,0,1024,1,0.1,1e-08,190.0,1800,1.27809,19492.5,1681.054,2.453297
r05693,2.0,1000,16,2,1,0,2048,1,0.1,1e-08,100.0,1410,1.85913,11181.6,5861.054,2.353115
r05694,2.0,200,16,1,1,0,1024,1,0.0,1e-08,180.0,1755,2.07422,17470.3,937.822,2.45351
r05695,1.0,1000,8,1,1,0,2048,1,0.0,1e-08,190.0,1800,1.49304,10354.7,1582.272,2.366894
r05696,1.0,1000,8,4,1,0,2048,0,0.0,1e-08,95.0,1440,1.29244,9732.4,6733.797,2.378829
r05697,2.0,1000,8,2,1,0,2048,1,0.0,1e-08,95.0,1440,1.75218,7682.5,4265.289,2.351278
r05698,1.0,200,16,2,1,0,1024,1,0.0,1e-08,180.0,1755,1.61045,17086.3,1917.797,2.387481
r05699,1.0,1000,8,1,1,0,1024,0,0.0,1e-08,95.0,1410,1.27338,11584.1,707.179,2.455444
r05700,2.0,1000,4,1,2,1,1024,0,0.1,1e-08,100.0,1440,1.67335,7174.3,570.927,2.507231
r05701,2.0,200,8,2,1,0,1024,0,0.0,1e-08,95.0,1440,1.81772,12342.0,1327.497,2.501698
r05702,0.5,200,16,1,1,0,2048,1,0.0,1e-08,180.0,1755,1.26613,14535.6,2254.325,2.420669
r05703,2.0,200,16,2,1,0,1024,1,0.1,1e-06,190.0,1755,2.06417,19564.8,1674.847,2.443577
r05704,0.5,200,4,2,1,0,2048,1,0.1,1e-08,100.0,1410,0.93082,5403.6,3032.026,2.52319
r05705,2.0,1000,16,4,1,0,2048,1,0.1,1e-08,190.0,1800,2.12133,15141.1,8656.703,2.298832
r05706,2.0,200,16,1,1,0,2048,0,0.1,1e-08,180.0,1755,2.02751,18699.6,1752.341,2.42775
r05707,0.5,1000,4,1,1,0,1024,0,0.0,1e-08,105.0,1440,0.83775,8655.9,473.205,2.541271
r05708,1.0,1000,16,1,2,1,2048,1,0.0,1e-08,190.0,1755,1.54825,13155.1,2490.905,2.349504
r05709,0.5,1000,16,4,1,0,1024,1,0.0,1e-08,190.0,1755,1.27175,18160.0,3608.804,2.397759
r05710,1.0,1000,16,1,1,0,2048,1,0.1,1e-08,190.0,1800,1.47913,15462.1,2119.241,2.358866
r05711,0.5,200,4,1,2,1,1024,0,0.1,1e-08,105.0,1440,0.89043,7135.5,574.03,2.615297
r05712,1.0,1000,8,2,1,0,2048,0,0.0,1e-08,180.0,1755,1.44684,13900.9,2357.264,2.33268
r05713,1.0,200,4,4,2,1,1024,0,0.1,1e-08,105.0,1440,1.14757,7221.8,2268.675,2.533295
r05714,0.5,1000,4,2,2,1,1024,0,0.0,1e-08,95.0,1440,0.79377,7577.4,1081.108,2.546015
r05715,0.5,200,8,2,1,0,1024,0,0.0,1e-06,100.0,1410,0.8858,12175.2,1345.686,2.498613
r05716,1.0,200,8,1,2,1,2048,1,0.0,1e-08,180.0,1755,1.4038,8903.8,1840.115,2.397309
r05717,2.0,1000,4,4,1,0,2048,1,0.1,1e-08,190.0,1800,1.98289,7492.8,4373.236,2.368899
r05718,1.0,1000,16,1,1,0,2048,1,0.1,1e-08,190.0,1800,1.50433,15247.5,2149.067,2.354071
r05719,2.0,200,16,2,2,1,2048,1,0.0,1e-08,180.0,1755,2.03742,13206.5,4962.418,2.404729
r05720,2.0,200,8,2,2,1,1024,0,0.0,1e-08,100.0,1410,1.77421,10553.9,1552.411,2.507419
r05721,2.0,200,4,1,2,1,1024,0,0.0,1e-06,100.0,1410,1.75994,6970.2,587.644,2.587866
r05722,1.0,1000,16,2,1,0,2048,1,0.0,1e-08,190.0,1800,1.49171,14571.3,4497.606,2.312648
r05723,0.5,1000,16,4,2,1,2048,1,0.0,1e-08,190.0,1800,1.21976,12729.6,10296.591,2.372483
r05724,0.5,200,16,2,1,0,1024,1,0.0,1e-08,190.0,1755,1.21494,17870.5,1833.641,2.429457
r05725,0.5,1000,8,2,2,1,2048,1,0.0,1e-08,105.0,1410,0.9453,6475.5,5060.3,2.44066
r05726,2.0,200,16,2,2,1,2048,1,0.0,1e-08,190.0,1800,2.14084,13665.7,4795.652,2.403839
r05727,2.0,200,16,1,1,0,2048,1,0.0,1e-08,180.0,1800,2.09044,15289.1,2143.227,2.421029
r05728,1.0,200,16,1,1,0,1024,1,0.1,1e-06,95.0,1410,1.25547,12955.3,1264.652,2.469944
r05729,1.0,200,8,2,2,1,2048,1,0.1,1e-08,190.0,1800,1.38305,9409.9,3482.296,2.386571
r05730,0.5,1000,8,2,2,1,1024,0,0.0,1e-08,100.0,1410,0.88575,9506.5,1723.449,2.479881
r05731,2.0,1000,8,2,2,1,1024,0,0.0,1e-08,95.0,1440,1.81334,10156.7,1613.125,2.410487
r05732,1.0,200,4,1,2,1,2048,0,0.1,1e-08,100.0,1440,1.27392,6140.8,1334.028,2.5272
r05733,0.5,200,8,4,2,1,1024,0,0.0,1e-08,105.0,1410,0.87925,10827.3,3026.423,2.510904
r05734,0.5,200,8,2,1,0,1024,0,0.0,1e-08,180.0,1755,1.19705,15938.2,1027.971,2.462994
r05735,1.0,1000,4,1,2,1,1024,0,0.0,1e-08,105.0,1410,1.14041,7392.1,554.104,2.518963
r05736,2.0,1000,8,1,1,0,1024,0,0.0,1e-08,105.0,1410,1.6606,11881.7,689.464,2.415494
r05737,0.5,1000,4,4,2,1,2048,1,0.0,1e-08,105.0,1440,0.94991,4523.1,7244.585,2.508662
r05738,0.5,200,8,4,2,1,2048,1,0.1,1e-08,190.0,1800,1.21096,8916.9,7349.611,2.431878
r05739,2.0,1000,4,2,2,1,1024,1,0.0,1e-06,100.0,1440,1.73815,5899.0,1388.714,2.465953
r05740,1.0,200,16,4,2,1,1024,1,0.0,1e-08,190.0,1755,1.59364,16564.7,3956.374,2.393261
r05741,0.5,1000,8,4,1,0,1024,0,0.1,1e-06,95.0,1410,0.85625,11452.1,2861.314,2.468994
r05742,1.0,1000,16,4,1,0,2048,1,0.1,1e-08,180.0,1800,1.55279,14484.5,9049.141,2.320521
r05743,1.0,1000,4,4,1,0,1024,0,0.0,1e-08,105.0,1410,1.2592,8600.6,1904.992,2.467004
r05744,1.0,1000,8,2,2,1,2048,0,0.0,1e-08,190.0,1800,1.49752,11304.4,2898.694,2.347415
r05745,0.5,1000,16,1,2,1,2048,1,0.1,1e-08,190.0,1755,1.25118,12594.3,2601.817,2.411194
r05746,2.0,1000,4,1,2,1,1024,0,0.1,1e-06,95.0,1440,1.68509,7231.6,566.404,2.501558
r05747,1.0,200,4,2,2,1,1024,0,0.0,1e-06,105.0,1440,1.21783,7688.3,1065.511,2.529441
r05748,0.5,1000,8,1,1,0,1024,0,0.0,1e-08,95.0,1410,0.79578,12390.0,661.179,2.48542
r05749,1.0,1000,4,2,2,1,1024,0,0.0,1e-08,95.0,1410,1.1678,7528.5,1088.137,2.497612
r05750,2.0,1000,16,2,1,0,1024,1,0.1,1e-08,190.0,1800,2.08932,18644.5,1757.519,2.35194
r05751,1.0,1000,8,2,2,1,2048,1,0.0,1e-08,190.0,1800,1.45448,9082.1,3607.96,2.338835
r05752,0.5,1000,4,4,2,1,1024,0,0.1,1e-08,105.0,1410,0.88627,7748.5,2114.466,2.560012
r05753,1.0,200,4,4,1,0,2048,1,0.0,1e-08,190.0,1800,1.40287,6940.6,4721.175,2.399352
r05754,0.5,200,16,4,1,0,2048,1,0.0,1e-08,180.0,1755,1.22633,15388.6,8517.464,2.3907
r05755,2.0,200,16,2,1,0,2048,1,0.1,1e-08,95.0,1440,1.80663,10986.8,5964.951,2.453613
r05756,1.0,1000,8,4,2,1,1024,0,0.1,1e-08,180.0,1755,1.4184,14672.3,2233.321,2.386266
r05757,1.0,1000,16,1,1,0,2048,1,0.0,1e-08,180.0,1755,1.50471,14273.1,2295.792,2.340333
r05758,1.0,200,4,2,2,1,1024,0,0.0,1e-06,95.0,1440,1.10252,7470.4,1096.597,2.526909
r05759,1.0,1000,16,4,1,0,2048,1,0.1,1e-08,190.0,1755,1.50927,16009.3,8187.226,2.324039
r05760,2.0,1000,16,1,1,0,1024,0,0.1,1e-08,180.0,1755,2.05955,22507.0,727.951,2.36337
r05761,1.0,200,16,1,1,0,1024,1,0.0,1e-08,180.0,1755,1.58071,17502.3,936.105,2.423836
r05762,0.5,200,16,2,2,1,2048,1,0.1,1e-08,190.0,1800,1.26661,12498.1,5243.684,2.427823
r05763,0.5,1000,16,4,1,0,2048,0,0.0,1e-08,180.0,1755,1.21183,18664.5,7022.523,2.354691
r05764,1.0,200,4,4,1,0,1024,0,0.1,1e-08,105.0,1440,1.11559,8545.7,1917.23,2.50928
r05765,2.0,200,8,1,2,1,1024,1,0.1,1e-08,95.0,1410,1.73242,8085.2,1013.204,2.539555
r05766,0.5,1000,16,4,1,0,2048,0,0.1,1e-08,190.0,1800,1.3181,18980.7,6905.536,2.369104
r05767,1.0,1000,16,2,2,1,2048,1,0.1,1e-08,100.0,1440,1.33496,9484.1,6910.065,2.38902
r05768,0.5,1000,8,4,1,0,1024,0,0.0,1e-06,105.0,1410,0.90608,11981.2,2734.949,2.461667
r05769,2.0,1000,8,4,1,0,1024,0,0.0,1e-06,100.0,1440,1.7697,12273.7,2669.774,2.384229
r05770,2.0,200,4,2,2,1,2048,1,0.1,1e-08,100.0,1440,1.62138,4395.2,3727.682,2.542545
r05771,1.0,1000,16,1,1,0,2048,1,0.0,1e-08,190.0,1755,1.4742,16413.5,1996.411,2.348704
r05772,1.0,1000,4,2,2,1,2048,1,0.1,1e-08,180.0,1755,1.34976,6511.8,2516.039,2.422836
r05773,1.0,200,4,1,1,0,1024,1,0.1,1e-08,100.0,1410,1.11374,6645.8,616.329,2.52639
r05774,0.5,200,4,2,1,0,1024,0,0.0,1e-06,105.0,1410,0.9077,8490.8,964.813,2.550307
r05775,2.0,1000,4,1,1,0,2048,1,0.0,1e-08,105.0,1410,1.72924,5566.2,1471.751,2.421316
r05776,2.0,1000,8,1,1,0,1024,1,0.0,1e-08,180.0,1800,1.98732,13395.2,611.563,2.374631
r05777,2.0,1000,16,4,2,1,2048,1,0.1,1e-08,190.0,1755,2.06793,13212.1,9920.586,2.31989
r05778,0.5,200,16,2,1,0,2048,1,0.1,1e-08,190.0,1800,1.26525,15494.2,4229.715,2.415707
r05779,1.0,200,8,1,2,1,1024,0,0.0,1e-08,190.0,1755,1.46738,14597.1,561.208,2.444647
r05780,0.5,200,16,1,1,0,2048,1,0.0,1e-08,190.0,1800,1.26866,14883.6,2201.614,2.418138
r05781,1.0,1000,8,1,2,1,1024,0,0.1,1e-08,95.0,1410,1.1362,10666.0,768.051,2.471029
r05782,0.5,1000,8,2,2,1,2048,1,0.1,1e-08,105.0,1440,0.90847,6930.5,4728.06,2.454931
r05783,1.0,1000,16,4,2,1,2048,1,0.0,1e-08,190.0,1755,1.57143,12289.4,10665.449,2.322806
r05784,0.5,1000,4,1,1,0,1024,0,0.0,1e-06,105.0,1440,0.94469,8077.2,507.104,2.538851
r05785,2.0,1000,16,1,1,0,1024,1,0.1,1e-08,190.0,1755,2.0797,18537.4,883.835,2.376672
r05786,2.0,200,4,1,1,0,2048,1,0.1,1e-08,95.0,1440,1.66513,5284.5,1550.208,2.534921
r05787,1.0,200,16,1,2,1,1024,0,0.0,1e-08,95.0,1410,1.26938,14375.7,1139.698,2.45979
r05788,2.0,200,8,2,1,0,2048,0,0.0,1e-08,105.0,1410,1.78721,10411.6,3147.269,2.449607
r05789,2.0,1000,4,2,1,0,2048,0,0.0,1e-08,105.0,1440,1.68276,6547.2,2502.442,2.402121
r05790,1.0,200,16,4,1,0,2048,1,0.0,1e-08,180.0,1800,1.57835,14748.7,8887.006,2.333905
r05791,2.0,200,8,1,2,1,2048,1,0.0,1e-08,180.0,1800,1.9187,9107.0,1799.059,2.436317
r05792,1.0,1000,8,2,1,0,1024,0,0.0,1e-06,95.0,1410,1.04827,11672.7,1403.619,2.418755
r05793,2.0,1000,8,1,2,1,1024,0,0.1,1e-08,190.0,1755,1.98766,14360.1,570.471,2.393902
r05794,1.0,200,8,1,1,0,1024,0,0.0,1e-06,105.0,1410,1.18922,12409.3,660.151,2.463273
r05795,1.0,1000,16,1,2,1,1024,0,0.0,1e-06,190.0,1755,1.54253,20761.2,789.165,2.385139
r05796,2.0,200,8,2,1,0,2048,1,0.0,1e-08,190.0,1800,2.01291,10565.7,3101.345,2.409863
r05797,0.5,1000,8,1,1,0,2048,1,0.0,1e-08,180.0,1755,1.16612,10272.1,1594.997,2.400214
r05798,0.5,200,16,1,1,0,1024,0,0.0,1e-08,100.0,1410,0.91776,17822.3,919.298,2.503868
r05799,1.0,1000,4,1,2,1,2048,1,0.1,1e-08,95.0,1410,1.14299,4726.3,1733.267,2.497233
r05800,1.0,200,4,2,1,0,1024,0,0.1,1e-06,100.0,1410,1.18179,8549.7,958.163,2.512964
r05801,1.0,200,8,4,2,1,1024,0,0.1,1e-06,95.0,1410,1.2268,10186.3,3216.881,2.472611
r05802,2.0,200,16,4,2,1,1024,0,0.0,1e-06,190.0,1800,2.08574,20106.3,3259.473,2.433539
r05803,1.0,1000,8,1,2,1,1024,0,0.0,1e-06,100.0,1440,1.19236,10116.2,809.792,2.449735
r05804,1.0,1000,4,2,2,1,1024,0,0.1,1e-06,95.0,1410,1.16373,7267.2,1127.258,2.509776
r05805,2.0,1000,4,2,1,0,1024,0,0.0,1e-06,100.0,1440,1.72295,8660.9,945.862,2.437234
r05806,0.5,1000,8,2,2,1,2048,0,0.0,1e-08,190.0,1800,1.22156,11383.5,2878.557,2.395745
r05807,1.0,1000,16,1,1,0,1024,1,0.0,1e-08,190.0,1755,1.47456,19052.5,859.938,2.379291
r05808,1.0,1000,16,2,1,0,2048,1,0.0,1e-08,190.0,1800,1.48682,15236.8,4301.155,2.318655
r05809,0.5,1000,4,1,2,1,1024,0,0.0,1e-06,100.0,1410,0.91785,7677.6,533.5,2.571256
r05810,1.0,1000,16,2,2,1,2048,1,0.0,1e-08,180.0,1800,1.5853,12807.9,5116.837,2.329357
r05811,1.0,200,4,1,2,1,2048,0,0.1,1e-08,190.0,1755,1.52306,7646.7,1071.317,2.479726
r05812,0.5,1000,4,1,1,0,1024,0,0.1,1e-08,100.0,1440,0.87723,8554.2,478.826,2.557531
r05813,1.0,1000,4,2,1,0,2048,0,0.0,1e-08,190.0,1800,1.39709,9308.6,1760.098,2.385346
r05814,1.0,1000,4,2,1,0,2048,0,0.1,1e-08,95.0,1440,1.19398,7066.3,2318.611,2.440762
r05815,1.0,200,4,1,1,0,1024,0,0.0,1e-06,105.0,1440,1.16441,8507.8,481.442,2.514729
r05816,1.0,1000,8,4,1,0,2048,1,0.0,1e-08,180.0,1800,1.48324,10347.4,6333.596,2.328596
r05817,2.0,1000,4,2,1,0,1024,0,0.1,1e-06,95.0,1410,1.67474,8258.2,991.979,2.449286
r05818,2.0,1000,4,4,2,1,2048,0,0.0,1e-08,95.0,1410,1.64506,5959.7,5498.266,2.416396
r05819,1.0,200,16,2,2,1,2048,1,0.1,1e-08,190.0,1800,1.48913,12823.8,5110.48,2.374303
r05820,0.5,200,16,1,1,0,2048,1,0.0,1e-08,190.0,1800,1.27377,14921.7,2195.999,2.41573
r05821,0.5,1000,4,1,1,0,1024,1,0.1,1e-08,95.0,1440,0.87142,6659.7,615.04,2.558663
r05822,1.0,200,8,2,2,1,1024,0,0.0,1e-08,95.0,1440,1.23179,10426.6,1571.359,2.465563
r05823,1.0,1000,4,4,2,1,1024,0,0.1,1e-06,105.0,1410,1.21174,7654.5,2140.452,2.500277
r05824,2.0,200,4,4,2,1,2048,1,0.0,1e-08,95.0,1440,1.68618,4707.6,6960.591,2.527485
r05825,0.5,1000,16,1,2,1,2048,1,0.0,1e-08,180.0,1800,1.19479,13276.7,2468.078,2.399018
r05826,2.0,1000,16,1,1,0,1024,1,0.1,1e-08,180.0,1755,2.07141,18053.8,907.508,2.367285
r05827,2.0,200,16,1,2,1,2048,1,0.1,1e-08,180.0,1755,2.08596,12415.0,2639.383,2.440717
r05828,0.5,1000,16,2,1,0,2048,1,0.0,1e-08,95.0,1410,0.951,11123.0,5891.93,2.40712
r05829,0.5,1000,16,2,2,1,2048,0,0.0,1e-08,180.0,1755,1.31203,16542.8,3961.593,2.383213
r05830,0.5,1000,16,4,2,1,2048,1,0.1,1e-08,105.0,1440,1.04577,9414.1,13922.878,2.437387
r05831,2.0,200,8,1,1,0,2048,1,0.0,1e-08,190.0,1800,1.96855,10594.4,1546.484,2.423785
r05832,2.0,1000,16,2,2,1,1024,0,0.0,1e-08,190.0,1755,2.19254,18924.4,1731.52,2.34732
r05833,1.0,200,8,1,1,0,1024,0,0.0,1e-08,105.0,1410,1.17349,12242.3,669.155,2.4751
r05834,0.5,1000,8,4,2,1,1024,0,0.0,1e-08,105.0,1410,0.89597,10727.0,3054.725,2.470352
r05835,1.0,1000,8,4,1,0,1024,0,0.1,1e-06,105.0,1440,1.25286,11742.0,2790.677,2.429147
r05836,1.0,200,4,1,2,1,1024,0,0.1,1e-08,95.0,1410,1.07478,7372.2,555.601,2.564704
r05837,0.5,1000,16,2,1,0,2048,1,0.0,1e-08,180.0,1800,1.20367,15203.0,4310.72,2.362631
r05838,1.0,1000,8,1,2,1,2048,1,0.1,1e-08,190.0,1800,1.41033,9391.9,1744.475,2.375752
r05839,0.5,1000,8,1,1,0,2048,1,0.0,1e-08,180.0,1755,1.23534,10389.2,1577.025,2.408796
r05840,0.5,1000,4,2,1,0,1024,1,0.0,1e-08,95.0,1410,0.86248,6549.3,1250.814,2.516702
r05841,1.0,200,4,1,1,0,1024,0,0.0,1e-08,100.0,1410,1.1608,8430.1,485.879,2.519827
r05842,0.5,1000,16,2,2,1,2048,1,0.1,1e-08,180.0,1800,1.24737,13366.9,4902.862,2.384074
r05843,0.5,1000,4,2,1,0,1024,0,0.0,1e-08,105.0,1440,0.90793,8401.1,975.114,2.51946
r05844,1.0,1000,16,2,1,0,2048,1,0.0,1e-08,190.0,1755,1.49483,14931.8,4389.022,2.320258
r05845,1.0,1000,4,4,1,0,1024,0,0.1,1e-06,95.0,1440,1.08626,8264.9,1982.367,2.473043
r05846,2.0,200,8,2,2,1,2048,1,0.0,1e-08,180.0,1755,2.10354,9003.1,3639.619,2.419361
r05847,0.5,1000,4,2,2,1,2048,1,0.1,1e-08,105.0,1440,0.84665,4576.9,3579.68,2.520472
r05848,0.5,1000,4,1,1,0,1024,0,0.0,1e-08,95.0,1440,0.88376,8550.5,479.035,2.543125
r05849,0.5,1000,8,1,1,0,2048,1,0.1,1e-08,180.0,1800,1.22575,10448.7,1568.044,2.422175
r05850,1.0,1000,16,4,2,1,1024,1,0.0,1e-08,105.0,1440,1.30741,11638.1,5631.181,2.410126
r05851,2.0,200,8,1,1,0,1024,0,0.0,1e-06,105.0,1440,1.6692,12120.1,675.901,2.512335
r05852,1.0,200,16,2,2,1,1024,0,0.1,1e-08,100.0,1410,1.33469,14581.9,2247.162,2.456276
r05853,1.0,1000,4,1,1,0,1024,0,0.1,1e-08,105.0,1410,1.18454,8594.8,476.569,2.502825
r05854,1.0,1000,16,1,2,1,2048,1,0.0,1e-08,180.0,1755,1.48789,13310.4,2461.833,2.347823
r05855,0.5,200,16,4,2,1,2048,1,0.0,1e-08,190.0,1800,1.25186,13630.9,9615.787,2.402567
r05856,1.0,1000,8,4,1,0,1024,0,0.1,1e-08,100.0,1410,1.18246,12274.9,2669.515,2.421348
r05857,0.5,200,4,4,1,0,1024,0,0.1,1e-08,100.0,1440,0.83185,8904.0,1840.078,2.559077
r05858,0.5,1000,16,4,1,0,1024,0,0.0,1e-06,190.0,1800,1.28694,22520.5,2910.066,2.395919
r05859,2.0,200,16,1,1,0,2048,1,0.1,1e-08,180.0,1755,2.0834,14926.9,2195.227,2.418141
r05860,1.0,1000,16,1,1,0,2048,0,0.1,1e-08,180.0,1755,1.56696,18701.2,1752.187,2.35449
r05861,1.0,200,16,1,2,1,1024,1,0.1,1e-06,105.0,1440,1.35627,12368.9,1324.613,2.484393
r05862,0.5,200,8,1,2,1,2048,0,0.0,1e-08,180.0,1755,1.21335,11376.8,1440.121,2.447305
r05863,0.5,1000,4,1,2,1,1024,0,0.1,1e-06,100.0,1440,0.90346,7435.4,550.88,2.583136
r05864,0.5,200,8,2,2,1,2048,1,0.0,1e-08,105.0,1410,0.87895,6710.0,4883.488,2.474634
r05865,1.0,1000,16,1,1,0,2048,1,0.1,1e-08,180.0,1755,1.58707,14628.7,2239.979,2.357751
r05866,2.0,1000,8,2,1,0,1024,0,0.1,1e-08,180.0,1755,2.00026,15999.3,1024.042,2.360448
r05867,1.0,1000,4,1,1,0,1024,0,0.0,1e-08,95.0,1440,1.06524,8705.2,470.525,2.481983
r05868,2.0,1000,8,4,2,1,2048,0,0.0,1e-08,95.0,1410,1.78222,8772.0,7471.039,2.353607
r05869,2.0,1000,8,1,2,1,1024,1,0.0,1e-08,95.0,1440,1.69469,8504.7,963.228,2.420094
r05870,1.0,1000,8,2,2,1,1024,0,0.1,1e-08,180.0,1755,1.51193,14202.1,1153.636,2.40103
r05871,1.0,1000,16,4,2,1,1024,1,0.0,1e-08,100.0,1410,1.26588,11652.8,5624.044,2.403428
r05872,0.5,1000,8,4,2,1,1024,0,0.0,1e-08,95.0,1410,0.8543,10204.6,3211.086,2.469186
r05873,1.0,200,16,4,2,1,2048,1,0.1,1e-08,180.0,1755,1.559,12973.7,10102.933,2.36563
r05874,0.5,1000,8,4,1,0,1024,1,0.0,1e-08,100.0,1410,0.86684,9621.7,3405.645,2.464407
r05875,2.0,1000,16,2,2,1,2048,1,0.0,1e-08,100.0,1440,1.81704,9639.0,6799.055,2.352702
r05876,1.0,1000,16,1,1,0,2048,0,0.0,1e-08,180.0,1800,1.45944,17253.1,1899.248,2.33288
r05877,1.0,200,16,1,2,1,2048,1,0.0,1e-08,190.0,1800,1.5037,12888.2,2542.482,2.379599
r05878,2.0,200,4,2,1,0,1024,0,0.1,1e-08,95.0,1440,1.6849,8407.7,974.349,2.553024
r05879,0.5,1000,16,1,1,0,1024,1,0.0,1e-06,190.0,1755,1.22881,18439.3,888.536,2.422184
r05880,2.0,200,8,2,1,0,2048,1,0.1,1e-08,180.0,1755,2.06503,11062.8,2961.988,2.423904
r05881,1.0,1000,4,1,2,1,1024,0,0.0,1e-06,105.0,1410,1.27178,7360.4,556.49,2.515792
r05882,1.0,200,16,1,2,1,1024,1,0.0,1e-06,180.0,1800,1.56039,16021.7,1022.61,2.42039
r05883,2.0,1000,8,2,1,0,2048,1,0.1,1e-08,180.0,1755,1.99285,11044.8,2966.817,2.328647
r05884,1.0,200,16,4,1,0,1024,1,0.0,1e-06,180.0,1800,1.59698,18272.0,3586.687,2.374931
r05885,1.0,1000,4,1,1,0,1024,0,0.0,1e-08,105.0,1410,1.10193,8194.9,499.821,2.484197
r05886,2.0,1000,16,4,2,1,2048,0,0.1,1e-08,180.0,1800,2.09755,16430.3,7977.467,2.311228
r05887,2.0,200,4,4,2,1,2048,0,0.1,1e-08,95.0,1440,1.75736,6046.5,5419.313,2.542112
r05888,0.5,1000,4,2,1,0,2048,1,0.0,1e-08,100.0,1410,0.84473,5653.1,2898.219,2.476664
r05889,1.0,200,16,2,1,0,1024,1,0.0,1e-06,105.0,1410,1.31865,13429.4,2440.017,2.43773
r05890,0.5,200,4,1,1,0,1024,0,0.1,1e-08,100.0,1410,0.85598,8620.6,475.142,2.584075
r05891,2.0,1000,16,2,2,1,2048,1,0.1,1e-08,95.0,1410,1.85964,9535.4,6872.894,2.36839
r05892,1.0,200,16,2,2,1,2048,1,0.1,1e-08,180.0,1755,1.58873,12531.1,5229.874,2.376955
r05893,2.0,1000,8,4,2,1,1024,0,0.1,1e-06,190.0,1755,1.93893,14115.2,2321.468,2.362147
r05894,2.0,1000,16,2,2,1,1024,0,0.0,1e-08,180.0,1800,2.0477,20257.8,1617.554,2.339143
r05895,1.0,1000,16,1,1,0,2048,1,0.0,1e-08,190.0,1755,1.46246,15167.4,2160.421,2.342258
r05896,0.5,1000,4,2,2,1,1024,0,0.0,1e-08,190.0,1800,1.11502,9834.0,833.031,2.503625
r05897,1.0,1000,16,1,2,1,2048,0,0.0,1e-08,180.0,1755,1.52969,16100.3,2035.239,2.34975
r05898,0.5,200,16,1,2,1,2048,1,0.0,1e-08,180.0,1800,1.30649,13029.5,2514.905,2.427473
r05899,1.0,200,8,4,1,0,1024,0,0.0,1e-08,105.0,1440,1.24843,12359.0,2651.348,2.436367
r05900,1.0,1000,16,4,1,0,1024,1,0.0,1e-08,100.0,1410,1.3553,13117.9,4995.935,2.397315
r05901,2.0,200,16,2,2,1,2048,1,0.1,1e-08,180.0,1755,2.12981,13369.5,4901.916,2.416112
r05902,0.5,200,16,1,1,0,1024,1,0.1,1e-08,95.0,1440,1.01224,14074.5,1164.087,2.525476
r05903,0.5,1000,16,4,2,1,1024,0,0.1,1e-08,190.0,1800,1.24011,19747.4,3318.71,2.425164
r05904,1.0,200,16,1,2,1,1024,0,0.1,1e-08,95.0,1410,1.20725,14239.2,1150.628,2.476886
r05905,0.5,200,8,2,1,0,2048,0,0.0,1e-08,180.0,1755,1.25288,13015.4,2517.625,2.420547
r05906,1.0,1000,8,1,1,0,2048,1,0.0,1e-08,95.0,1410,1.17867,7420.9,2207.805,2.402668
r05907,1.0,1000,8,1,2,1,1024,1,0.1,1e-08,190.0,1755,1.4254,11686.4,700.984,2.426842
r05908,2.0,1000,8,1,2,1,1024,0,0.0,1e-08,180.0,1755,2.06294,13420.7,610.402,2.384095
r05909,0.5,1000,8,4,1,0,1024,0,0.1,1e-08,100.0,1410,0.90005,11228.5,2918.277,2.472795
r05910,1.0,1000,4,4,1,0,1024,1,0.0,1e-08,95.0,1410,1.15346,6670.1,2456.343,2.46312
r05911,2.0,1000,8,2,2,1,1024,0,0.1,1e-08,105.0,1440,1.81243,10725.6,1527.562,2.419049
r05912,1.0,200,16,2,2,1,2048,1,0.1,1e-08,190.0,1755,1.50903,12867.8,5093.025,2.369202
r05913,1.0,200,16,2,1,0,1024,1,0.0,1e-08,180.0,1800,1.50491,18091.6,1811.224,2.388885
r05914,2.0,1000,4,1,2,1,1024,0,0.1,1e-08,95.0,1440,1.79645,7248.9,565.05,2.510676
r05915,0.5,1000,16,1,2,1,1024,0,0.0,1e-06,105.0,1410,1.00903,15311.0,1070.08,2.488591
r05916,1.0,200,16,1,2,1,1024,1,0.1,1e-08,100.0,1440,1.25114,11609.3,1411.285,2.478331
r05917,0.5,1000,4,2,1,0,1024,0,0.0,1e-06,95.0,1440,0.91924,8693.6,942.298,2.508873
r05918,1.0,200,16,1,2,1,2048,0,0.0,1e-08,190.0,1755,1.55525,16786.2,1952.075,2.390577
r05919,0.5,1000,16,1,2,1,1024,1,0.0,1e-08,190.0,1800,1.2745,15849.2,1033.744,2.443222
r05920,2.0,200,8,1,1,0,1024,0,0.0,1e-08,105.0,1410,1.70323,12347.3,663.464,2.516663
r05921,2.0,1000,8,1,1,0,2048,1,0.1,1e-08,190.0,1755,2.00099,10370.6,1579.847,2.350688
r05922,1.0,200,4,1,1,0,1024,0,0.1,1e-06,95.0,1440,1.05357,8755.4,467.824,2.528474
r05923,2.0,1000,8,2,1,0,1024,0,0.1,1e-06,105.0,1410,1.7444,11911.1,1375.521,2.402629
r05924,0.5,1000,8,4,2,1,2048,1,0.1,1e-08,105.0,1440,0.83353,7018.2,9338.026,2.441923
r05925,1.0,1000,16,2,1,0,1024,1,0.0,1e-06,180.0,1755,1.52659,18801.4,1742.85,2.34675
r05926,0.5,1000,8,1,2,1,1024,0,0.0,1e-06,100.0,1410,0.98766,10347.9,791.661,2.501733
r05927,1.0,1000,8,2,2,1,2048,1,0.1,1e-08,190.0,1755,1.49663,9408.9,3482.656,2.369176
r05928,1.0,200,16,2,2,1,2048,1,0.0,1e-08,190.0,1800,1.49446,13428.3,4880.443,2.35594
r05929,2.0,1000,16,2,1,0,2048,0,0.0,1e-08,180.0,1800,2.1206,18590.7,3525.199,2.292334
r05930,0.5,1000,4,2,1,0,1024,0,0.1,1e-08,105.0,1410,0.85316,8364.4,979.393,2.522179
r05931,2.0,1000,16,1,2,1,1024,0,0.1,1e-06,180.0,1800,2.09258,18921.5,865.895,2.375451
r05932,0.5,200,8,1,2,1,1024,0,0.0,1e-08,190.0,1755,1.19349,14147.2,579.054,2.487974
r05933,2.0,200,8,1,2,1,1024,0,0.1,1e-08,105.0,1410,1.74491,9907.9,826.816,2.542659
r05934,0.5,200,16,2,2,1,1024,0,0.0,1e-08,190.0,1800,1.30887,19497.5,1680.628,2.448058
r05935,1.0,200,4,4,1,0,2048,1,0.0,1e-08,190.0,1800,1.45998,7291.1,4494.226,2.40284
r05936,2.0,200,8,2,2,1,2048,1,0.0,1e-08,180.0,1800,1.99264,9523.8,3440.631,2.420028
r05937,2.0,200,16,1,1,0,1024,1,0.0,1e-06,100.0,1440,1.81637,14313.1,1144.687,2.493282
r05938,1.0,1000,4,1,2,1,1024,0,0.1,1e-08,105.0,1410,1.12386,7278.8,562.728,2.541964
r05939,1.0,1000,4,1,2,1,1024,0,0.1,1e-08,180.0,1755,1.42872,9859.1,415.454,2.488397
r05940,0.5,200,8,4,2,1,1024,0,0.0,1e-06,105.0,1410,0.90345,10236.5,3201.097,2.497294
r05941,0.5,200,16,2,2,1,1024,1,0.1,1e-08,105.0,1440,1.06318,11369.5,2882.1,2.512921
r05942,0.5,1000,16,1,2,1,2048,1,0.1,1e-08,180.0,1755,1.27757,12717.2,2576.665,2.418075
r05943,1.0,200,8,2,1,0,1024,0,0.1,1e-08,190.0,1755,1.47962,15903.8,1030.195,2.428503
r05944,0.5,200,8,1,2,1,2048,1,0.1,1e-08,105.0,1410,0.8855,6716.6,2439.342,2.50248
r05945,1.0,1000,16,4,1,0,2048,1,0.0,1e-08,190.0,1800,1.49007,15832.0,8278.949,2.306921
r05946,2.0,1000,16,1,1,0,2048,1,0.0,1e-08,190.0,1800,2.07819,15211.5,2154.153,2.312556
r05947,0.5,1000,8,4,1,0,2048,1,0.0,1e-08,100.0,1440,0.91854,7889.3,8306.92,2.416585
r05948,0.5,1000,4,2,1,0,2048,1,0.0,1e-08,95.0,1410,0.89413,5668.9,2890.176,2.486062
r05949,1.0,1000,8,1,1,0,2048,1,0.0,1e-08,95.0,1410,1.14747,7531.3,2175.468,2.397391
r05950,1.0,1000,16,1,2,1,2048,1,0.1,1e-08,190.0,1800,1.49383,12709.5,2578.231,2.36695
r05951,2.0,1000,16,1,2,1,1024,0,0.1,1e-08,190.0,1755,1.97392,20520.5,798.42,2.374587
r05952,2.0,1000,16,1,1,0,1024,0,0.1,1e-08,190.0,1755,2.16367,24037.7,681.596,2.376307
r05953,0.5,200,8,4,1,0,2048,1,0.1,1e-08,190.0,1755,1.13702,10470.6,6259.072,2.421622
r05954,0.5,200,8,1,1,0,2048,1,0.0,1e-08,190.0,1800,1.2568,11255.3,1455.676,2.437324
r05955,2.0,1000,4,4,1,0,1024,0,0.0,1e-08,95.0,1440,1.64993,8586.0,1908.221,2.432559
r05956,0.5,200,16,2,1,0,2048,1,0.1,1e-08,180.0,1755,1.20578,14121.9,4640.748,2.414421
r05957,1.0,1000,16,2,1,0,2048,1,0.0,1e-08,180.0,1800,1.50692,14443.4,4537.448,2.324731
r05958,2.0,200,4,2,2,1,1024,0,0.1,1e-08,105.0,1410,1.65694,7471.6,1096.419,2.59296
r05959,1.0,200,16,4,2,1,2048,0,0.0,1e-08,180.0,1800,1.44824,16296.6,8042.895,2.346071
r05960,2.0,1000,16,1,1,0,2048,1,0.1,1e-08,190.0,1755,2.06957,14450.0,2267.685,2.330704
r05961,1.0,1000,8,1,2,1,1024,1,0.0,1e-08,105.0,1440,1.19641,8240.5,994.115,2.454925
r05962,1.0,1000,8,1,1,0,1024,0,0.0,1e-08,190.0,1800,1.43634,16040.3,510.714,2.396802
r05963,2.0,1000,4,1,2,1,1024,0,0.0,1e-06,100.0,1410,1.73598,7256.6,564.449,2.496918
r05964,2.0,1000,8,1,2,1,1024,1,0.1,1e-08,105.0,1440,1.76216,8366.9,979.093,2.433922
r05965,0.5,200,8,1,1,0,1024,1,0.1,1e-08,100.0,1410,0.91321,9246.3,885.976,2.534676
r05966,2.0,1000,16,2,1,0,1024,1,0.1,1e-08,95.0,1410,1.85526,13320.0,2460.065,2.397808
r05967,0.5,1000,8,4,1,0,2048,1,0.0,1e-08,190.0,1755,1.18152,10381.3,6312.914,2.38064
r05968,1.0,1000,16,4,1,0,1024,1,0.0,1e-06,190.0,1755,1.54759,18557.2,3531.564,2.344544
r05969,1.0,200,8,2,2,1,2048,1,0.1,1e-08,190.0,1800,1.44873,9250.7,3542.224,2.385977
r05970,2.0,1000,4,2,1,0,1024,0,0.0,1e-06,100.0,1410,1.73391,8716.6,939.818,2.440946
r05971,0.5,200,8,2,2,1,2048,1,0.0,1e-08,180.0,1800,1.237,9122.2,3592.112,2.432278
r05972,0.5,1000,16,1,2,1,2048,1,0.0,1e-08,190.0,1800,1.24381,12222.0,2681.065,2.392073
r05973,2.0,200,16,4,2,1,1024,1,0.0,1e-08,100.0,1410,1.91684,11172.4,5865.868,2.483277
r05974,2.0,200,16,2,2,1,2048,1,0.0,1e-08,180.0,1755,2.1372,12795.3,5121.876,2.406383
r05975,1.0,200,8,4,2,1,1024,1,0.1,1e-08,190.0,1755,1.46422,11244.6,2914.117,2.420185
r05976,2.0,200,16,1,1,0,1024,1,0.0,1e-08,190.0,1755,2.12057,19629.4,834.666,2.46462
r05977,0.5,1000,8,1,1,0,2048,0,0.1,1e-08,100.0,1440,0.91122,9951.2,1646.427,2.472765
r05978,1.0,1000,8,2,1,0,1024,0,0.1,1e-08,100.0,1410,1.23697,12145.7,1348.959,2.431188
r05979,1.0,1000,8,4,2,1,1024,0,0.1,1e-06,95.0,1410,1.14038,10649.6,3076.924,2.435009
r05980,1.0,200,8,1,1,0,2048,0,0.1,1e-08,100.0,1440,1.16299,10029.4,1633.595,2.44403
r05981,2.0,1000,4,4,2,1,1024,0,0.0,1e-08,180.0,1800,2.00367,9727.9,1684.23,2.424152
r05982,0.5,200,4,4,2,1,2048,1,0.1,1e-08,190.0,1800,1.0914,6533.4,5015.496,2.497306
r05983,1.0,200,4,2,2,1,2048,1,0.0,1e-08,105.0,1440,1.13894,4912.1,3335.427,2.4773
r05984,1.0,200,8,2,2,1,2048,1,0.0,1e-08,105.0,1440,1.11955,6651.0,4926.785,2.416419
r05985,1.0,1000,16,2,1,0,1024,1,0.0,1e-06,100.0,1410,1.20718,13879.1,2360.968,2.39797
r05986,0.5,1000,4,4,2,1,1024,0,0.0,1e-06,105.0,1410,0.94201,7567.4,2165.078,2.540388
r05987,2.0,1000,16,4,2,1,2048,1,0.1,1e-08,190.0,1800,2.11117,12724.2,10301.009,2.318799
r05988,0.5,1000,16,1,2,1,1024,1,0.0,1e-08,100.0,1410,0.99775,11647.6,1406.642,2.482851
r05989,0.5,200,8,1,2,1,1024,0,0.1,1e-06,95.0,1440,0.91133,10232.6,800.575,2.539214
r05990,2.0,200,4,1,2,1,2048,0,0.0,1e-08,105.0,1410,1.77683,6293.3,1301.695,2.558627
r05991,0.5,1000,4,1,2,1,1024,0,0.0,1e-06,190.0,1755,1.22014,10041.8,407.894,2.5253
r05992,2.0,1000,4,4,1,0,1024,0,0.1,1e-06,95.0,1410,1.61568,8539.2,1918.67,2.441779
r05993,2.0,1000,8,4,2,1,2048,0,0.0,1e-08,190.0,1755,1.94837,11301.6,5798.847,2.309019
r05994,0.5,1000,4,4,1,0,1024,1,0.1,1e-06,105.0,1410,0.83832,6669.0,2456.756,2.509593
r05995,0.5,200,8,4,2,1,1024,1,0.0,1e-08,100.0,1410,0.85645,7999.1,4096.458,2.502845
r05996,0.5,200,8,4,1,0,2048,1,0.1,1e-08,190.0,1800,1.27804,10741.7,6101.106,2.423332
r05997,1.0,1000,16,1,1,0,2048,0,0.0,1e-08,180.0,1755,1.59497,18297.9,1790.803,2.345178
r05998,1.0,200,16,1,2,1,2048,1,0.0,1e-08,190.0,1755,1.50099,12546.0,2611.831,2.383467
r05999,2.0,1000,8,2,1,0,2048,1,0.0,1e-08,105.0,1410,1.74342,7974.1,4109.3,2.357046
