run_id,suite,curriculum,retrieval,decoder,planned_start
r00001,arc_lite,c0,none,greedy,2026-06-27T15:19:36Z
r00002,arc_lite,c0,none,greedy,2026-06-22T02:28:09Z
r00003,arc_lite,c0,none,greedy,2026-07-08T07:25:15Z
r00004,arc_lite,c0,none,greedy,2026-06-25T08:25:31Z
r00005,arc_lite,c0,none,greedy,2026-06-21T15:51:17Z
r00006,arc_lite,c0,none,greedy,2026-06-23T11:51:01Z
r00007,arc_lite,c0,none,greedy,2026-06-23T20:45:53Z
r00008,arc_lite,c0,none,greedy,2026-07-02T08:25:05Z
r00009,arc_lite,c0,none,greedy,2026-07-03T00:58:53Z
r00010,arc_lite,c0,none,greedy,2026-06-25T07:30:20Z
r00011,arc_lite,c0,none,greedy,2026-06-22T19:23:08Z
r00012,arc_lite,c0,none,greedy,2026-07-08T22:45:05Z
r00013,arc_lite,c0,none,greedy,2026-06-25T22:55:48Z
r00014,arc_lite,c0,none,greedy,2026-07-01T04:06:41Z
r00015,arc_lite,c0,none,greedy,2026-07-04T19:20:35Z
r00016,arc_lite,c0,none,greedy,2026-06-25T02:00:25Z
r00017,arc_lite,c0,none,greedy,2026-07-03T08:01:04Z
r00018,arc_lite,c0,none,greedy,2026-06-27T15:12:07Z
r00019,arc_lite,c0,none,greedy,2026-07-02T11:38:41Z
r00020,arc_lite,c0,none,greedy,2026-06-22T17:05:18Z
r00021,arc_lite,c0,none,greedy,2026-06-28T16:32:11Z
r00022,arc_lite,c0,none,greedy,2026-07-08T10:48:19Z
r00023,arc_lite,c0,none,greedy,2026-06-28T11:09:41Z
r00024,arc_lite,c0,none,greedy,2026-06-27T12:53:53Z
r00025,arc_lite,c0,none,greedy,2026-06-25T05:02:23Z
r00026,arc_lite,c0,none,greedy,2026-06-21T13:58:30Z
r00027,arc_lite,c0,none,greedy,2026-07-08T16:10:49Z
r00028,arc_lite,c0,none,greedy,2026-07-07T00:26:46Z
r00029,arc_lite,c0,none,greedy,2026-07-07T05:22:10Z
r00030,arc_lite,c0,none,greedy,2026-06-23T21:14:33Z
r00031,arc_lite,c0,none,greedy,2026-06-22T19:36:02Z
r00032,arc_lite,c0,none,greedy,2026-06-22T12:26:57Z
r00033,arc_lite,c0,none,greedy,2026-07-01T10:11:52Z
r00034,arc_lite,c0,none,greedy,2026-06-22T03:51:41Z
r00035,arc_lite,c0,none,greedy,2026-07-03T00:19:12Z
r00036,arc_lite,c0,none,greedy,2026-06-28T10:28:09Z
r00037,arc_lite,c0,none,sample,2026-06-24T01:05:55Z
r00038,arc_lite,c0,none,sample,2026-07-02T01:07:30Z
r00039,arc_lite,c0,none,sample,2026-07-01T04:51:01Z
r00040,arc_lite,c0,none,sample,2026-06-25T17:53:37Z
r00041,arc_lite,c0,none,sample,2026-07-07T05:05:53Z
r00042,arc_lite,c0,none,sample,2026-06-23T02:10:05Z
r00043,arc_lite,c0,none,sample,2026-06-23T07:07:48Z
r00044,arc_lite,c0,none,sample,2026-06-21T01:20:18Z
r00045,arc_lite,c0,none,sample,2026-07-04T11:25:31Z
r00046,arc_lite,c0,none,sample,2026-06-30T07:07:28Z
r00047,arc_lite,c0,none,sample,2026-06-25T23:48:54Z
r00048,arc_lite,c0,none,sample,2026-06-30T03:30:28Z
r00049,arc_lite,c0,none,sample,2026-07-05T03:05:47Z
r00050,arc_lite,c0,none,sample,2026-07-06T06:56:19Z
r00051,arc_lite,c0,none,sample,2026-06-30T13:01:42Z
r00052,arc_lite,c0,none,sample,2026-07-08T18:25:34Z
r00053,arc_lite,c0,none,sample,2026-06-27T12:44:09Z
r00054,arc_lite,c0,none,sample,2026-06-24T17:49:07Z
r00055,arc_lite,c0,none,sample,2026-07-07T01:02:30Z
r00056,arc_lite,c0,none,sample,2026-07-02T08:39:19Z
r00057,arc_lite,c0,none,sample,2026-07-07T11:26:31Z
r00058,arc_lite,c0,none,sample,2026-07-03T10:48:58Z
r00059,arc_lite,c0,none,sample,2026-07-06T09:03:08Z
r00060,arc_lite,c0,none,sample,2026-07-05T15:22:20Z
r00061,arc_lite,c0,none,sample,2026-06-22T13:20:30Z
r00062,arc_lite,c0,none,sample,2026-07-02T16:52:22Z
r00063,arc_lite,c0,none,sample,2026-07-02T04:47:11Z
r00064,arc_lite,c0,none,sample,2026-06-28T20:35:42Z
r00065,arc_lite,c0,none,sample,2026-06-25T00:13:41Z
r00066,arc_lite,c0,none,sample,2026-06-22T13:25:27Z
r00067,arc_lite,c0,none,sample,2026-07-02T00:19:07Z
r00068,arc_lite,c0,none,sample,2026-06-24T19:08:54Z
r00069,arc_lite,c0,none,sample,2026-06-22T09:45:35Z
r00070,arc_lite,c0,none,sample,2026-06-21T10:14:43Z
r00071,arc_lite,c0,none,sample,2026-06-29T23:10:55Z
r00072,arc_lite,c0,none,sample,2026-06-23T23:17:49Z
r00073,arc_lite,c0,bm25,greedy,2026-06-22T05:24:55Z
r00074,arc_lite,c0,bm25,greedy,2026-06-30T14:45:00Z
r00075,arc_lite,c0,bm25,greedy,2026-07-02T16:57:34Z
r00076,arc_lite,c0,bm25,greedy,2026-07-07T07:30:06Z
r00077,arc_lite,c0,bm25,greedy,2026-07-08T17:04:50Z
r00078,arc_lite,c0,bm25,greedy,2026-06-21T19:37:30Z
r00079,arc_lite,c0,bm25,greedy,2026-06-21T13:55:59Z
r00080,arc_lite,c0,bm25,greedy,2026-06-24T20:00:45Z
r00081,arc_lite,c0,bm25,greedy,2026-07-07T17:52:44Z
r00082,arc_lite,c0,bm25,greedy,2026-06-28T11:37:30Z
r00083,arc_lite,c0,bm25,greedy,2026-06-21T21:02:54Z
r00084,arc_lite,c0,bm25,greedy,2026-06-30T20:40:15Z
r00085,arc_lite,c0,bm25,greedy,2026-07-05T22:15:25Z
r00086,arc_lite,c0,bm25,greedy,2026-06-26T10:02:40Z
r00087,arc_lite,c0,bm25,greedy,2026-07-04T10:35:22Z
r00088,arc_lite,c0,bm25,greedy,2026-06-29T16:39:48Z
r00089,arc_lite,c0,bm25,greedy,2026-06-22T08:21:49Z
r00090,arc_lite,c0,bm25,greedy,2026-07-04T05:14:45Z
r00091,arc_lite,c0,bm25,greedy,2026-06-28T00:20:25Z
r00092,arc_lite,c0,bm25,greedy,2026-07-06T10:17:50Z
r00093,arc_lite,c0,bm25,greedy,2026-06-30T13:45:05Z
r00094,arc_lite,c0,bm25,greedy,2026-06-27T06:15:15Z
r00095,arc_lite,c0,bm25,greedy,2026-06-21T11:20:57Z
r00096,arc_lite,c0,bm25,greedy,2026-06-23T15:39:58Z
r00097,arc_lite,c0,bm25,greedy,2026-07-03T11:43:09Z
r00098,arc_lite,c0,bm25,greedy,2026-06-26T17:47:20Z
r00099,arc_lite,c0,bm25,greedy,2026-06-23T04:21:05Z
r00100,arc_lite,c0,bm25,greedy,2026-07-08T19:27:18Z
r00101,arc_lite,c0,bm25,greedy,2026-06-27T07:23:52Z
r00102,arc_lite,c0,bm25,greedy,2026-07-03T07:46:22Z
r00103,arc_lite,c0,bm25,greedy,2026-07-04T03:20:57Z
r00104,arc_lite,c0,bm25,greedy,2026-07-05T05:31:35Z
r00105,arc_lite,c0,bm25,greedy,2026-06-24T19:50:32Z
r00106,arc_lite,c0,bm25,greedy,2026-06-23T10:19:53Z
r00107,arc_lite,c0,bm25,greedy,2026-06-21T04:38:09Z
r00108,arc_lite,c0,bm25,greedy,2026-07-02T23:36:16Z
r00109,arc_lite,c0,bm25,sample,2026-07-02T16:51:20Z
r00110,arc_lite,c0,bm25,sample,2026-07-02T08:21:20Z
r00111,arc_lite,c0,bm25,sample,2026-07-04T02:18:56Z
r00112,arc_lite,c0,bm25,sample,2026-06-30T01:36:12Z
r00113,arc_lite,c0,bm25,sample,2026-07-05T01:12:56Z
r00114,arc_lite,c0,bm25,sample,2026-06-23T20:24:05Z
r00115,arc_lite,c0,bm25,sample,2026-07-04T00:59:18Z
r00116,arc_lite,c0,bm25,sample,2026-07-08T18:47:56Z
r00117,arc_lite,c0,bm25,sample,2026-06-25T17:47:58Z
r00118,arc_lite,c0,bm25,sample,2026-07-06T04:09:39Z
r00119,arc_lite,c0,bm25,sample,2026-07-01T23:40:42Z
r00120,arc_lite,c0,bm25,sample,2026-07-02T12:22:23Z
r00121,arc_lite,c0,bm25,sample,2026-07-03T08:16:35Z
r00122,arc_lite,c0,bm25,sample,2026-06-23T06:40:30Z
r00123,arc_lite,c0,bm25,sample,2026-07-01T18:33:09Z
r00124,arc_lite,c0,bm25,sample,2026-07-06T08:20:53Z
r00125,arc_lite,c0,bm25,sample,2026-07-06T21:15:07Z
r00126,arc_lite,c0,bm25,sample,2026-06-21T13:19:43Z
r00127,arc_lite,c0,bm25,sample,2026-07-08T19:13:00Z
r00128,arc_lite,c0,bm25,sample,2026-06-25T16:15:39Z
r00129,arc_lite,c0,bm25,sample,2026-06-27T04:39:45Z
r00130,arc_lite,c0,bm25,sample,2026-06-27T17:19:27Z
r00131,arc_lite,c0,bm25,sample,2026-07-05T21:02:08Z
r00132,arc_lite,c0,bm25,sample,2026-07-03T14:54:12Z
r00133,arc_lite,c0,bm25,sample,2026-06-24T10:26:42Z
r00134,arc_lite,c0,bm25,sample,2026-06-27T13:45:05Z
r00135,arc_lite,c0,bm25,sample,2026-07-04T08:27:17Z
r00136,arc_lite,c0,bm25,sample,2026-07-01T04:03:25Z
r00137,arc_lite,c0,bm25,sample,2026-07-06T16:57:06Z
r00138,arc_lite,c0,bm25,sample,2026-06-28T09:20:00Z
r00139,arc_lite,c0,bm25,sample,2026-06-27T00:27:56Z
r00140,arc_lite,c0,bm25,sample,2026-07-01T07:39:39Z
r00141,arc_lite,c0,bm25,sample,2026-06-28T07:30:35Z
r00142,arc_lite,c0,bm25,sample,2026-06-26T00:11:24Z
r00143,arc_lite,c0,bm25,sample,2026-07-02T08:52:53Z
r00144,arc_lite,c0,bm25,sample,2026-06-27T17:54:22Z
r00145,arc_lite,c0,dense,greedy,2026-07-03T07:23:35Z
r00146,arc_lite,c0,dense,greedy,2026-07-07T05:50:51Z
r00147,arc_lite,c0,dense,greedy,2026-06-22T19:16:37Z
r00148,arc_lite,c0,dense,greedy,2026-07-05T19:26:52Z
r00149,arc_lite,c0,dense,greedy,2026-07-05T05:53:30Z
r00150,arc_lite,c0,dense,greedy,2026-06-21T23:27:19Z
r00151,arc_lite,c0,dense,greedy,2026-07-06T17:08:10Z
r00152,arc_lite,c0,dense,greedy,2026-06-30T10:11:46Z
r00153,arc_lite,c0,dense,greedy,2026-07-06T19:01:00Z
r00154,arc_lite,c0,dense,greedy,2026-07-08T12:39:28Z
r00155,arc_lite,c0,dense,greedy,2026-07-02T06:11:55Z
r00156,arc_lite,c0,dense,greedy,2026-07-08T04:07:00Z
r00157,arc_lite,c0,dense,greedy,2026-06-28T19:42:56Z
r00158,arc_lite,c0,dense,greedy,2026-07-03T01:32:26Z
r00159,arc_lite,c0,dense,greedy,2026-07-08T11:55:43Z
r00160,arc_lite,c0,dense,greedy,2026-07-04T05:20:38Z
r00161,arc_lite,c0,dense,greedy,2026-06-25T15:10:41Z
r00162,arc_lite,c0,dense,greedy,2026-07-04T06:44:08Z
r00163,arc_lite,c0,dense,greedy,2026-06-27T07:06:03Z
r00164,arc_lite,c0,dense,greedy,2026-06-30T03:07:56Z
r00165,arc_lite,c0,dense,greedy,2026-06-23T16:59:32Z
r00166,arc_lite,c0,dense,greedy,2026-06-21T21:33:35Z
r00167,arc_lite,c0,dense,greedy,2026-07-05T01:15:18Z
r00168,arc_lite,c0,dense,greedy,2026-06-30T20:57:47Z
r00169,arc_lite,c0,dense,greedy,2026-06-30T04:58:27Z
r00170,arc_lite,c0,dense,greedy,2026-06-26T18:03:37Z
r00171,arc_lite,c0,dense,greedy,2026-06-26T11:24:15Z
r00172,arc_lite,c0,dense,greedy,2026-07-03T11:50:14Z
r00173,arc_lite,c0,dense,greedy,2026-06-21T09:21:40Z
r00174,arc_lite,c0,dense,greedy,2026-07-05T15:39:58Z
r00175,arc_lite,c0,dense,greedy,2026-07-03T20:45:22Z
r00176,arc_lite,c0,dense,greedy,2026-06-26T03:10:35Z
r00177,arc_lite,c0,dense,greedy,2026-06-27T02:58:32Z
r00178,arc_lite,c0,dense,greedy,2026-07-04T09:19:46Z
r00179,arc_lite,c0,dense,greedy,2026-07-04T00:15:21Z
r00180,arc_lite,c0,dense,greedy,2026-06-29T08:46:43Z
r00181,arc_lite,c0,dense,sample,2026-06-28T01:17:01Z
r00182,arc_lite,c0,dense,sample,2026-07-01T19:31:46Z
r00183,arc_lite,c0,dense,sample,2026-07-06T06:28:06Z
r00184,arc_lite,c0,dense,sample,2026-06-27T01:36:48Z
r00185,arc_lite,c0,dense,sample,2026-06-25T13:16:30Z
r00186,arc_lite,c0,dense,sample,2026-07-01T04:25:35Z
r00187,arc_lite,c0,dense,sample,2026-07-03T19:01:16Z
r00188,arc_lite,c0,dense,sample,2026-06-29T20:57:56Z
r00189,arc_lite,c0,dense,sample,2026-07-02T04:13:48Z
r00190,arc_lite,c0,dense,sample,2026-06-28T10:34:14Z
r00191,arc_lite,c0,dense,sample,2026-07-03T04:16:32Z
r00192,arc_lite,c0,dense,sample,2026-07-01T10:11:04Z
r00193,arc_lite,c0,dense,sample,2026-06-28T16:54:22Z
r00194,arc_lite,c0,dense,sample,2026-07-05T21:30:35Z
r00195,arc_lite,c0,dense,sample,2026-06-26T14:00:59Z
r00196,arc_lite,c0,dense,sample,2026-07-07T03:06:14Z
r00197,arc_lite,c0,dense,sample,2026-06-24T03:08:46Z
r00198,arc_lite,c0,dense,sample,2026-06-28T19:47:25Z
r00199,arc_lite,c0,dense,sample,2026-06-27T05:17:09Z
r00200,arc_lite,c0,dense,sample,2026-06-22T05:46:16Z
r00201,arc_lite,c0,dense,sample,2026-06-27T15:10:30Z
r00202,arc_lite,c0,dense,sample,2026-07-09T00:07:46Z
r00203,arc_lite,c0,dense,sample,2026-06-23T08:54:17Z
r00204,arc_lite,c0,dense,sample,2026-06-23T16:49:32Z
r00205,arc_lite,c0,dense,sample,2026-07-01T04:19:23Z
r00206,arc_lite,c0,dense,sample,2026-07-04T14:39:47Z
r00207,arc_lite,c0,dense,sample,2026-06-30T15:22:43Z
r00208,arc_lite,c0,dense,sample,2026-06-24T17:50:09Z
r00209,arc_lite,c0,dense,sample,2026-06-22T11:35:50Z
r00210,arc_lite,c0,dense,sample,2026-06-23T10:53:29Z
r00211,arc_lite,c0,dense,sample,2026-07-04T18:11:38Z
r00212,arc_lite,c0,dense,sample,2026-07-02T15:37:53Z
r00213,arc_lite,c0,dense,sample,2026-06-23T21:24:02Z
r00214,arc_lite,c0,dense,sample,2026-06-24T21:37:18Z
r00215,arc_lite,c0,dense,sample,2026-06-27T20:34:18Z
r00216,arc_lite,c0,dense,sample,2026-07-06T22:39:58Z
r00217,arc_lite,c1,none,greedy,2026-06-30T19:09:44Z
r00218,arc_lite,c1,none,greedy,2026-06-29T07:19:39Z
r00219,arc_lite,c1,none,greedy,2026-06-22T01:12:00Z
r00220,arc_lite,c1,none,greedy,2026-06-28T05:17:25Z
r00221,arc_lite,c1,none,greedy,2026-06-28T13:26:45Z
r00222,arc_lite,c1,none,greedy,2026-07-03T20:24:14Z
r00223,arc_lite,c1,none,greedy,2026-07-04T04:40:00Z
r00224,arc_lite,c1,none,greedy,2026-07-07T07:13:56Z
r00225,arc_lite,c1,none,greedy,2026-06-22T14:34:33Z
r00226,arc_lite,c1,none,greedy,2026-06-30T13:29:53Z
r00227,arc_lite,c1,none,greedy,2026-06-24T21:45:32Z
r00228,arc_lite,c1,none,greedy,2026-06-30T17:35:20Z
r00229,arc_lite,c1,none,greedy,2026-07-03T01:38:56Z
r00230,arc_lite,c1,none,greedy,2026-07-02T14:17:09Z
r00231,arc_lite,c1,none,greedy,2026-07-07T01:40:10Z
r00232,arc_lite,c1,none,greedy,2026-06-23T22:51:09Z
r00233,arc_lite,c1,none,greedy,2026-06-26T04:40:55Z
r00234,arc_lite,c1,none,greedy,2026-06-23T05:42:42Z
r00235,arc_lite,c1,none,greedy,2026-07-07T19:02:57Z
r00236,arc_lite,c1,none,greedy,2026-07-08T09:16:16Z
r00237,arc_lite,c1,none,greedy,2026-06-23T07:04:44Z
r00238,arc_lite,c1,none,greedy,2026-07-06T16:48:00Z
r00239,arc_lite,c1,none,greedy,2026-07-04T18:24:52Z
r00240,arc_lite,c1,none,greedy,2026-07-05T04:01:43Z
r00241,arc_lite,c1,none,greedy,2026-06-26T00:49:17Z
r00242,arc_lite,c1,none,greedy,2026-07-08T05:27:38Z
r00243,arc_lite,c1,none,greedy,2026-06-24T18:39:22Z
r00244,arc_lite,c1,none,greedy,2026-07-08T22:40:46Z
r00245,arc_lite,c1,none,greedy,2026-07-04T19:37:30Z
r00246,arc_lite,c1,none,greedy,2026-07-03T12:09:12Z
r00247,arc_lite,c1,none,greedy,2026-06-23T15:57:47Z
r00248,arc_lite,c1,none,greedy,2026-07-02T21:14:12Z
r00249,arc_lite,c1,none,greedy,2026-07-02T03:00:13Z
r00250,arc_lite,c1,none,greedy,2026-07-05T15:28:32Z
r00251,arc_lite,c1,none,greedy,2026-06-29T00:34:37Z
r00252,arc_lite,c1,none,greedy,2026-07-04T22:54:42Z
r00253,arc_lite,c1,none,sample,2026-07-08T01:03:47Z
r00254,arc_lite,c1,none,sample,2026-07-01T12:19:23Z
r00255,arc_lite,c1,none,sample,2026-07-08T17:19:52Z
r00256,arc_lite,c1,none,sample,2026-07-05T21:46:13Z
r00257,arc_lite,c1,none,sample,2026-06-25T11:57:31Z
r00258,arc_lite,c1,none,sample,2026-06-28T20:53:42Z
r00259,arc_lite,c1,none,sample,2026-06-21T23:56:29Z
r00260,arc_lite,c1,none,sample,2026-07-01T18:05:41Z
r00261,arc_lite,c1,none,sample,2026-07-08T20:22:17Z
r00262,arc_lite,c1,none,sample,2026-06-23T21:50:56Z
r00263,arc_lite,c1,none,sample,2026-06-30T18:04:31Z
r00264,arc_lite,c1,none,sample,2026-06-25T19:55:13Z
r00265,arc_lite,c1,none,sample,2026-07-04T19:03:51Z
r00266,arc_lite,c1,none,sample,2026-06-27T20:26:35Z
r00267,arc_lite,c1,none,sample,2026-07-04T19:01:26Z
r00268,arc_lite,c1,none,sample,2026-06-26T01:41:43Z
r00269,arc_lite,c1,none,sample,2026-06-21T21:20:32Z
r00270,arc_lite,c1,none,sample,2026-06-29T10:06:21Z
r00271,arc_lite,c1,none,sample,2026-06-26T17:18:12Z
r00272,arc_lite,c1,none,sample,2026-06-25T15:24:38Z
r00273,arc_lite,c1,none,sample,2026-07-06T14:26:43Z
r00274,arc_lite,c1,none,sample,2026-06-23T21:13:26Z
r00275,arc_lite,c1,none,sample,2026-06-30T01:38:56Z
r00276,arc_lite,c1,none,sample,2026-06-27T12:59:15Z
r00277,arc_lite,c1,none,sample,2026-07-03T01:46:04Z
r00278,arc_lite,c1,none,sample,2026-07-04T13:45:00Z
r00279,arc_lite,c1,none,sample,2026-06-22T06:00:57Z
r00280,arc_lite,c1,none,sample,2026-06-25T09:35:52Z
r00281,arc_lite,c1,none,sample,2026-06-23T10:38:31Z
r00282,arc_lite,c1,none,sample,2026-06-30T06:48:36Z
r00283,arc_lite,c1,none,sample,2026-07-02T16:00:56Z
r00284,arc_lite,c1,none,sample,2026-06-23T08:03:42Z
r00285,arc_lite,c1,none,sample,2026-06-29T14:39:50Z
r00286,arc_lite,c1,none,sample,2026-07-07T03:38:35Z
r00287,arc_lite,c1,none,sample,2026-06-23T15:24:06Z
r00288,arc_lite,c1,none,sample,2026-07-04T02:35:20Z
r00289,arc_lite,c1,bm25,greedy,2026-06-21T00:15:07Z
r00290,arc_lite,c1,bm25,greedy,2026-07-07T21:41:41Z
r00291,arc_lite,c1,bm25,greedy,2026-06-27T03:45:55Z
r00292,arc_lite,c1,bm25,greedy,2026-07-01T01:52:44Z
r00293,arc_lite,c1,bm25,greedy,2026-06-23T00:15:38Z
r00294,arc_lite,c1,bm25,greedy,2026-07-08T04:03:11Z
r00295,arc_lite,c1,bm25,greedy,2026-06-25T22:54:21Z
r00296,arc_lite,c1,bm25,greedy,2026-07-01T21:00:38Z
r00297,arc_lite,c1,bm25,greedy,2026-06-26T00:44:31Z
r00298,arc_lite,c1,bm25,greedy,2026-06-26T14:42:27Z
r00299,arc_lite,c1,bm25,greedy,2026-07-01T16:06:43Z
r00300,arc_lite,c1,bm25,greedy,2026-06-21T02:41:52Z
r00301,arc_lite,c1,bm25,greedy,2026-07-03T13:26:25Z
r00302,arc_lite,c1,bm25,greedy,2026-07-07T02:36:51Z
r00303,arc_lite,c1,bm25,greedy,2026-06-22T10:07:54Z
r00304,arc_lite,c1,bm25,greedy,2026-07-07T17:53:34Z
r00305,arc_lite,c1,bm25,greedy,2026-07-07T13:53:50Z
r00306,arc_lite,c1,bm25,greedy,2026-07-06T07:18:00Z
r00307,arc_lite,c1,bm25,greedy,2026-06-25T09:22:38Z
r00308,arc_lite,c1,bm25,greedy,2026-07-05T17:24:27Z
r00309,arc_lite,c1,bm25,greedy,2026-06-24T17:02:15Z
r00310,arc_lite,c1,bm25,greedy,2026-06-21T00:27:04Z
r00311,arc_lite,c1,bm25,greedy,2026-06-21T06:00:55Z
r00312,arc_lite,c1,bm25,greedy,2026-06-23T16:59:40Z
r00313,arc_lite,c1,bm25,greedy,2026-07-02T03:18:15Z
r00314,arc_lite,c1,bm25,greedy,2026-07-08T08:16:14Z
r00315,arc_lite,c1,bm25,greedy,2026-06-26T07:17:31Z
r00316,arc_lite,c1,bm25,greedy,2026-07-02T15:09:48Z
r00317,arc_lite,c1,bm25,greedy,2026-06-24T14:15:00Z
r00318,arc_lite,c1,bm25,greedy,2026-06-28T10:42:22Z
r00319,arc_lite,c1,bm25,greedy,2026-06-28T07:42:37Z
r00320,arc_lite,c1,bm25,greedy,2026-06-23T04:28:45Z
r00321,arc_lite,c1,bm25,greedy,2026-07-04T11:04:47Z
r00322,arc_lite,c1,bm25,greedy,2026-07-05T00:10:34Z
r00323,arc_lite,c1,bm25,greedy,2026-07-08T12:55:44Z
r00324,arc_lite,c1,bm25,greedy,2026-07-03T19:04:14Z
r00325,arc_lite,c1,bm25,sample,2026-07-01T06:29:41Z
r00326,arc_lite,c1,bm25,sample,2026-06-28T20:48:36Z
r00327,arc_lite,c1,bm25,sample,2026-06-27T03:21:54Z
r00328,arc_lite,c1,bm25,sample,2026-07-03T11:41:30Z
r00329,arc_lite,c1,bm25,sample,2026-06-23T22:40:25Z
r00330,arc_lite,c1,bm25,sample,2026-07-04T03:41:28Z
r00331,arc_lite,c1,bm25,sample,2026-06-21T01:45:39Z
r00332,arc_lite,c1,bm25,sample,2026-06-25T03:39:13Z
r00333,arc_lite,c1,bm25,sample,2026-07-06T02:32:53Z
r00334,arc_lite,c1,bm25,sample,2026-06-28T08:06:08Z
r00335,arc_lite,c1,bm25,sample,2026-07-04T14:35:15Z
r00336,arc_lite,c1,bm25,sample,2026-06-22T13:17:02Z
r00337,arc_lite,c1,bm25,sample,2026-07-04T00:58:14Z
r00338,arc_lite,c1,bm25,sample,2026-07-02T02:15:32Z
r00339,arc_lite,c1,bm25,sample,2026-07-02T11:00:50Z
r00340,arc_lite,c1,bm25,sample,2026-07-02T19:24:38Z
r00341,arc_lite,c1,bm25,sample,2026-06-27T18:51:24Z
r00342,arc_lite,c1,bm25,sample,2026-07-07T15:42:05Z
r00343,arc_lite,c1,bm25,sample,2026-06-24T08:13:03Z
r00344,arc_lite,c1,bm25,sample,2026-07-04T01:01:51Z
r00345,arc_lite,c1,bm25,sample,2026-07-02T20:45:50Z
r00346,arc_lite,c1,bm25,sample,2026-07-07T09:17:32Z
r00347,arc_lite,c1,bm25,sample,2026-06-26T16:09:00Z
r00348,arc_lite,c1,bm25,sample,2026-06-24T03:07:48Z
r00349,arc_lite,c1,bm25,sample,2026-06-25T00:16:53Z
r00350,arc_lite,c1,bm25,sample,2026-07-08T23:28:03Z
r00351,arc_lite,c1,bm25,sample,2026-07-04T07:36:58Z
r00352,arc_lite,c1,bm25,sample,2026-06-28T12:30:21Z
r00353,arc_lite,c1,bm25,sample,2026-06-29T00:14:00Z
r00354,arc_lite,c1,bm25,sample,2026-06-28T06:16:41Z
r00355,arc_lite,c1,bm25,sample,2026-06-24T06:33:01Z
r00356,arc_lite,c1,bm25,sample,2026-06-22T12:28:41Z
r00357,arc_lite,c1,bm25,sample,2026-07-04T00:37:43Z
r00358,arc_lite,c1,bm25,sample,2026-06-28T10:48:56Z
r00359,arc_lite,c1,bm25,sample,2026-07-01T16:43:39Z
r00360,arc_lite,c1,bm25,sample,2026-07-03T12:37:19Z
r00361,arc_lite,c1,dense,greedy,2026-07-07T09:16:52Z
r00362,arc_lite,c1,dense,greedy,2026-06-24T10:38:30Z
r00363,arc_lite,c1,dense,greedy,2026-07-07T05:07:29Z
r00364,arc_lite,c1,dense,greedy,2026-07-06T00:03:54Z
r00365,arc_lite,c1,dense,greedy,2026-06-23T17:17:55Z
r00366,arc_lite,c1,dense,greedy,2026-06-29T21:30:55Z
r00367,arc_lite,c1,dense,greedy,2026-06-27T17:31:03Z
r00368,arc_lite,c1,dense,greedy,2026-06-25T18:12:40Z
r00369,arc_lite,c1,dense,greedy,2026-07-06T03:57:45Z
r00370,arc_lite,c1,dense,greedy,2026-06-27T14:45:12Z
r00371,arc_lite,c1,dense,greedy,2026-06-22T00:13:34Z
r00372,arc_lite,c1,dense,greedy,2026-07-02T16:00:46Z
r00373,arc_lite,c1,dense,greedy,2026-07-06T02:57:25Z
r00374,arc_lite,c1,dense,greedy,2026-07-08T17:29:35Z
r00375,arc_lite,c1,dense,greedy,2026-07-01T19:08:10Z
r00376,arc_lite,c1,dense,greedy,2026-06-22T23:40:39Z
r00377,arc_lite,c1,dense,greedy,2026-07-01T01:47:27Z
r00378,arc_lite,c1,dense,greedy,2026-07-08T00:01:39Z
r00379,arc_lite,c1,dense,greedy,2026-07-03T22:54:16Z
r00380,arc_lite,c1,dense,greedy,2026-07-06T17:19:20Z
r00381,arc_lite,c1,dense,greedy,2026-06-26T11:01:14Z
r00382,arc_lite,c1,dense,greedy,2026-07-02T07:22:20Z
r00383,arc_lite,c1,dense,greedy,2026-06-28T06:27:53Z
r00384,arc_lite,c1,dense,greedy,2026-06-28T00:21:09Z
r00385,arc_lite,c1,dense,greedy,2026-06-24T14:27:00Z
r00386,arc_lite,c1,dense,greedy,2026-07-04T16:44:50Z
r00387,arc_lite,c1,dense,greedy,2026-06-28T20:04:39Z
r00388,arc_lite,c1,dense,greedy,2026-07-04T05:45:07Z
r00389,arc_lite,c1,dense,greedy,2026-07-07T10:56:17Z
r00390,arc_lite,c1,dense,greedy,2026-06-26T05:15:21Z
r00391,arc_lite,c1,dense,greedy,2026-06-21T06:53:22Z
r00392,arc_lite,c1,dense,greedy,2026-06-26T04:12:34Z
r00393,arc_lite,c1,dense,greedy,2026-07-01T06:54:09Z
r00394,arc_lite,c1,dense,greedy,2026-07-03T14:00:29Z
r00395,arc_lite,c1,dense,greedy,2026-06-26T16:32:59Z
r00396,arc_lite,c1,dense,greedy,2026-07-02T10:17:13Z
r00397,arc_lite,c1,dense,sample,2026-07-04T07:42:44Z
r00398,arc_lite,c1,dense,sample,2026-06-27T00:19:29Z
r00399,arc_lite,c1,dense,sample,2026-06-23T15:34:18Z
r00400,arc_lite,c1,dense,sample,2026-07-07T13:19:11Z
r00401,arc_lite,c1,dense,sample,2026-06-24T06:37:44Z
r00402,arc_lite,c1,dense,sample,2026-07-04T22:59:16Z
r00403,arc_lite,c1,dense,sample,2026-06-22T04:35:51Z
r00404,arc_lite,c1,dense,sample,2026-07-05T10:09:33Z
r00405,arc_lite,c1,dense,sample,2026-06-26T19:06:33Z
r00406,arc_lite,c1,dense,sample,2026-07-04T15:44:05Z
r00407,arc_lite,c1,dense,sample,2026-07-02T09:38:51Z
r00408,arc_lite,c1,dense,sample,2026-07-08T21:38:03Z
r00409,arc_lite,c1,dense,sample,2026-06-30T10:51:02Z
r00410,arc_lite,c1,dense,sample,2026-06-28T22:40:38Z
r00411,arc_lite,c1,dense,sample,2026-06-27T03:35:27Z
r00412,arc_lite,c1,dense,sample,2026-07-05T02:48:22Z
r00413,arc_lite,c1,dense,sample,2026-07-06T19:50:10Z
r00414,arc_lite,c1,dense,sample,2026-07-02T21:15:51Z
r00415,arc_lite,c1,dense,sample,2026-06-25T02:17:47Z
r00416,arc_lite,c1,dense,sample,2026-06-21T04:40:42Z
r00417,arc_lite,c1,dense,sample,2026-06-26T02:08:39Z
r00418,arc_lite,c1,dense,sample,2026-06-21T02:28:43Z
r00419,arc_lite,c1,dense,sample,2026-07-03T17:05:51Z
r00420,arc_lite,c1,dense,sample,2026-06-22T11:32:32Z
r00421,arc_lite,c1,dense,sample,2026-06-30T17:23:09Z
r00422,arc_lite,c1,dense,sample,2026-06-24T17:47:06Z
r00423,arc_lite,c1,dense,sample,2026-06-28T10:07:01Z
r00424,arc_lite,c1,dense,sample,2026-06-29T07:23:38Z
r00425,arc_lite,c1,dense,sample,2026-07-01T19:11:44Z
r00426,arc_lite,c1,dense,sample,2026-06-22T20:11:41Z
r00427,arc_lite,c1,dense,sample,2026-07-03T22:59:46Z
r00428,arc_lite,c1,dense,sample,2026-06-23T03:16:46Z
r00429,arc_lite,c1,dense,sample,2026-07-02T09:37:45Z
r00430,arc_lite,c1,dense,sample,2026-06-24T09:22:41Z
r00431,arc_lite,c1,dense,sample,2026-06-29T11:24:21Z
r00432,arc_lite,c1,dense,sample,2026-07-08T21:30:34Z
r00433,arc_lite,c2,none,greedy,2026-07-03T00:30:33Z
r00434,arc_lite,c2,none,greedy,2026-06-21T21:04:24Z
r00435,arc_lite,c2,none,greedy,2026-06-30T13:32:44Z
r00436,arc_lite,c2,none,greedy,2026-07-01T13:44:15Z
r00437,arc_lite,c2,none,greedy,2026-06-21T21:38:53Z
r00438,arc_lite,c2,none,greedy,2026-06-26T03:53:31Z
r00439,arc_lite,c2,none,greedy,2026-06-27T09:24:59Z
r00440,arc_lite,c2,none,greedy,2026-06-22T17:00:46Z
r00441,arc_lite,c2,none,greedy,2026-07-01T17:52:43Z
r00442,arc_lite,c2,none,greedy,2026-07-08T04:18:48Z
r00443,arc_lite,c2,none,greedy,2026-07-02T21:05:49Z
r00444,arc_lite,c2,none,greedy,2026-07-08T04:44:57Z
r00445,arc_lite,c2,none,greedy,2026-06-25T00:45:59Z
r00446,arc_lite,c2,none,greedy,2026-07-03T17:15:23Z
r00447,arc_lite,c2,none,greedy,2026-07-06T03:40:54Z
r00448,arc_lite,c2,none,greedy,2026-06-26T14:20:51Z
r00449,arc_lite,c2,none,greedy,2026-06-23T03:08:25Z
r00450,arc_lite,c2,none,greedy,2026-07-07T07:13:40Z
r00451,arc_lite,c2,none,greedy,2026-07-07T02:42:00Z
r00452,arc_lite,c2,none,greedy,2026-07-08T07:59:05Z
r00453,arc_lite,c2,none,greedy,2026-06-28T07:57:29Z
r00454,arc_lite,c2,none,greedy,2026-07-02T06:37:39Z
r00455,arc_lite,c2,none,greedy,2026-07-03T10:10:01Z
r00456,arc_lite,c2,none,greedy,2026-06-29T08:03:03Z
r00457,arc_lite,c2,none,greedy,2026-07-03T00:56:59Z
r00458,arc_lite,c2,none,greedy,2026-07-03T19:16:44Z
r00459,arc_lite,c2,none,greedy,2026-06-25T20:23:36Z
r00460,arc_lite,c2,none,greedy,2026-07-01T09:32:22Z
r00461,arc_lite,c2,none,greedy,2026-07-08T19:56:53Z
r00462,arc_lite,c2,none,greedy,2026-07-02T19:47:22Z
r00463,arc_lite,c2,none,greedy,2026-06-26T17:48:56Z
r00464,arc_lite,c2,none,greedy,2026-07-05T19:31:13Z
r00465,arc_lite,c2,none,greedy,2026-07-08T18:15:34Z
r00466,arc_lite,c2,none,greedy,2026-07-04T00:05:31Z
r00467,arc_lite,c2,none,greedy,2026-06-26T05:08:03Z
r00468,arc_lite,c2,none,greedy,2026-07-03T19:34:55Z
r00469,arc_lite,c2,none,sample,2026-07-08T18:10:19Z
r00470,arc_lite,c2,none,sample,2026-07-02T23:25:01Z
r00471,arc_lite,c2,none,sample,2026-06-30T03:04:46Z
r00472,arc_lite,c2,none,sample,2026-07-08T20:06:23Z
r00473,arc_lite,c2,none,sample,2026-07-04T08:38:53Z
r00474,arc_lite,c2,none,sample,2026-06-21T21:20:41Z
r00475,arc_lite,c2,none,sample,2026-06-21T05:49:35Z
r00476,arc_lite,c2,none,sample,2026-07-07T18:25:36Z
r00477,arc_lite,c2,none,sample,2026-06-26T15:21:36Z
r00478,arc_lite,c2,none,sample,2026-06-25T16:31:00Z
r00479,arc_lite,c2,none,sample,2026-06-28T11:16:33Z
r00480,arc_lite,c2,none,sample,2026-06-21T04:40:54Z
r00481,arc_lite,c2,none,sample,2026-06-28T08:39:11Z
r00482,arc_lite,c2,none,sample,2026-07-08T08:15:03Z
r00483,arc_lite,c2,none,sample,2026-06-22T13:23:58Z
r00484,arc_lite,c2,none,sample,2026-07-03T16:30:10Z
r00485,arc_lite,c2,none,sample,2026-06-21T22:31:11Z
r00486,arc_lite,c2,none,sample,2026-06-25T22:59:45Z
r00487,arc_lite,c2,none,sample,2026-07-06T15:13:31Z
r00488,arc_lite,c2,none,sample,2026-07-07T21:08:58Z
r00489,arc_lite,c2,none,sample,2026-07-05T05:37:38Z
r00490,arc_lite,c2,none,sample,2026-07-02T12:53:48Z
r00491,arc_lite,c2,none,sample,2026-06-26T10:44:02Z
r00492,arc_lite,c2,none,sample,2026-06-29T06:07:53Z
r00493,arc_lite,c2,none,sample,2026-07-08T07:58:02Z
r00494,arc_lite,c2,none,sample,2026-07-01T05:11:40Z
r00495,arc_lite,c2,none,sample,2026-07-08T13:18:21Z
r00496,arc_lite,c2,none,sample,2026-07-01T20:01:24Z
r00497,arc_lite,c2,none,sample,2026-07-05T19:19:45Z
r00498,arc_lite,c2,none,sample,2026-07-07T21:17:44Z
r00499,arc_lite,c2,none,sample,2026-06-25T19:34:47Z
r00500,arc_lite,c2,none,sample,2026-06-25T05:13:49Z
r00501,arc_lite,c2,none,sample,2026-07-04T19:41:31Z
r00502,arc_lite,c2,none,sample,2026-07-03T04:47:18Z
r00503,arc_lite,c2,none,sample,2026-06-24T12:50:02Z
r00504,arc_lite,c2,none,sample,2026-07-04T21:11:08Z
r00505,arc_lite,c2,bm25,greedy,2026-06-24T00:40:40Z
r00506,arc_lite,c2,bm25,greedy,2026-06-29T15:44:35Z
r00507,arc_lite,c2,bm25,greedy,2026-07-04T01:29:25Z
r00508,arc_lite,c2,bm25,greedy,2026-07-02T21:44:08Z
r00509,arc_lite,c2,bm25,greedy,2026-07-04T02:12:49Z
r00510,arc_lite,c2,bm25,greedy,2026-06-24T19:48:11Z
r00511,arc_lite,c2,bm25,greedy,2026-07-03T08:24:04Z
r00512,arc_lite,c2,bm25,greedy,2026-07-02T13:35:58Z
r00513,arc_lite,c2,bm25,greedy,2026-07-08T16:44:16Z
r00514,arc_lite,c2,bm25,greedy,2026-06-25T16:40:48Z
r00515,arc_lite,c2,bm25,greedy,2026-06-22T23:27:13Z
r00516,arc_lite,c2,bm25,greedy,2026-07-03T23:01:05Z
r00517,arc_lite,c2,bm25,greedy,2026-06-23T08:34:55Z
r00518,arc_lite,c2,bm25,greedy,2026-07-08T19:09:58Z
r00519,arc_lite,c2,bm25,greedy,2026-07-02T05:42:38Z
r00520,arc_lite,c2,bm25,greedy,2026-06-26T05:47:58Z
r00521,arc_lite,c2,bm25,greedy,2026-07-08T07:37:26Z
r00522,arc_lite,c2,bm25,greedy,2026-07-07T08:35:28Z
r00523,arc_lite,c2,bm25,greedy,2026-07-03T14:12:54Z
r00524,arc_lite,c2,bm25,greedy,2026-07-08T15:40:37Z
r00525,arc_lite,c2,bm25,greedy,2026-06-25T12:51:17Z
r00526,arc_lite,c2,bm25,greedy,2026-06-21T22:25:20Z
r00527,arc_lite,c2,bm25,greedy,2026-07-01T23:36:57Z
r00528,arc_lite,c2,bm25,greedy,2026-06-23T18:50:49Z
r00529,arc_lite,c2,bm25,greedy,2026-06-26T06:36:36Z
r00530,arc_lite,c2,bm25,greedy,2026-07-02T21:56:03Z
r00531,arc_lite,c2,bm25,greedy,2026-07-06T01:47:22Z
r00532,arc_lite,c2,bm25,greedy,2026-07-03T03:17:16Z
r00533,arc_lite,c2,bm25,greedy,2026-07-05T02:31:06Z
r00534,arc_lite,c2,bm25,greedy,2026-06-23T08:14:51Z
r00535,arc_lite,c2,bm25,greedy,2026-07-06T06:03:10Z
r00536,arc_lite,c2,bm25,greedy,2026-07-04T19:04:01Z
r00537,arc_lite,c2,bm25,greedy,2026-06-23T10:42:48Z
r00538,arc_lite,c2,bm25,greedy,2026-06-30T21:37:01Z
r00539,arc_lite,c2,bm25,greedy,2026-07-08T00:52:22Z
r00540,arc_lite,c2,bm25,greedy,2026-07-02T08:56:25Z
r00541,arc_lite,c2,bm25,sample,2026-06-25T05:03:06Z
r00542,arc_lite,c2,bm25,sample,2026-07-08T07:33:29Z
r00543,arc_lite,c2,bm25,sample,2026-06-22T20:21:38Z
r00544,arc_lite,c2,bm25,sample,2026-06-22T03:17:33Z
r00545,arc_lite,c2,bm25,sample,2026-06-30T03:50:00Z
r00546,arc_lite,c2,bm25,sample,2026-07-08T23:04:19Z
r00547,arc_lite,c2,bm25,sample,2026-06-27T20:15:37Z
r00548,arc_lite,c2,bm25,sample,2026-07-05T15:55:47Z
r00549,arc_lite,c2,bm25,sample,2026-06-24T13:23:05Z
r00550,arc_lite,c2,bm25,sample,2026-07-07T08:52:53Z
r00551,arc_lite,c2,bm25,sample,2026-06-25T18:49:07Z
r00552,arc_lite,c2,bm25,sample,2026-07-06T13:42:12Z
r00553,arc_lite,c2,bm25,sample,2026-06-21T07:14:10Z
r00554,arc_lite,c2,bm25,sample,2026-06-21T00:47:32Z
r00555,arc_lite,c2,bm25,sample,2026-06-24T12:53:11Z
r00556,arc_lite,c2,bm25,sample,2026-07-01T02:53:02Z
r00557,arc_lite,c2,bm25,sample,2026-06-22T08:36:11Z
r00558,arc_lite,c2,bm25,sample,2026-06-22T07:32:23Z
r00559,arc_lite,c2,bm25,sample,2026-07-06T06:52:55Z
r00560,arc_lite,c2,bm25,sample,2026-06-22T22:08:56Z
r00561,arc_lite,c2,bm25,sample,2026-07-04T12:50:53Z
r00562,arc_lite,c2,bm25,sample,2026-06-24T04:33:30Z
r00563,arc_lite,c2,bm25,sample,2026-06-28T14:11:58Z
r00564,arc_lite,c2,bm25,sample,2026-07-06T21:17:57Z
r00565,arc_lite,c2,bm25,sample,2026-07-02T00:55:28Z
r00566,arc_lite,c2,bm25,sample,2026-06-25T01:44:21Z
r00567,arc_lite,c2,bm25,sample,2026-06-26T02:46:39Z
r00568,arc_lite,c2,bm25,sample,2026-06-27T17:42:56Z
r00569,arc_lite,c2,bm25,sample,2026-07-08T04:33:20Z
r00570,arc_lite,c2,bm25,sample,2026-07-06T01:56:56Z
r00571,arc_lite,c2,bm25,sample,2026-06-23T01:13:29Z
r00572,arc_lite,c2,bm25,sample,2026-06-27T07:22:55Z
r00573,arc_lite,c2,bm25,sample,2026-06-27T14:53:54Z
r00574,arc_lite,c2,bm25,sample,2026-07-07T02:56:07Z
r00575,arc_lite,c2,bm25,sample,2026-07-02T00:26:56Z
r00576,arc_lite,c2,bm25,sample,2026-06-28T00:43:27Z
r00577,arc_lite,c2,dense,greedy,2026-06-29T07:01:13Z
r00578,arc_lite,c2,dense,greedy,2026-06-27T10:10:33Z
r00579,arc_lite,c2,dense,greedy,2026-07-01T12:55:27Z
r00580,arc_lite,c2,dense,greedy,2026-06-28T22:50:25Z
r00581,arc_lite,c2,dense,greedy,2026-06-28T22:52:15Z
r00582,arc_lite,c2,dense,greedy,2026-07-02T07:57:50Z
r00583,arc_lite,c2,dense,greedy,2026-06-29T13:38:59Z
r00584,arc_lite,c2,dense,greedy,2026-06-29T03:39:51Z
r00585,arc_lite,c2,dense,greedy,2026-06-27T22:38:34Z
r00586,arc_lite,c2,dense,greedy,2026-06-29T08:19:15Z
r00587,arc_lite,c2,dense,greedy,2026-07-02T17:47:19Z
r00588,arc_lite,c2,dense,greedy,2026-07-02T02:26:45Z
r00589,arc_lite,c2,dense,greedy,2026-07-02T12:54:14Z
r00590,arc_lite,c2,dense,greedy,2026-07-03T01:10:26Z
r00591,arc_lite,c2,dense,greedy,2026-06-28T01:17:03Z
r00592,arc_lite,c2,dense,greedy,2026-06-30T22:11:54Z
r00593,arc_lite,c2,dense,greedy,2026-06-30T20:16:45Z
r00594,arc_lite,c2,dense,greedy,2026-07-01T17:54:01Z
r00595,arc_lite,c2,dense,greedy,2026-07-01T07:41:04Z
r00596,arc_lite,c2,dense,greedy,2026-07-02T21:51:19Z
r00597,arc_lite,c2,dense,greedy,2026-06-30T05:19:17Z
r00598,arc_lite,c2,dense,greedy,2026-07-01T17:08:07Z
r00599,arc_lite,c2,dense,greedy,2026-06-30T04:26:49Z
r00600,arc_lite,c2,dense,greedy,2026-06-28T04:16:45Z
r00601,arc_lite,c2,dense,greedy,2026-06-29T18:22:41Z
r00602,arc_lite,c2,dense,greedy,2026-06-28T18:23:50Z
r00603,arc_lite,c2,dense,greedy,2026-06-28T21:09:36Z
r00604,arc_lite,c2,dense,greedy,2026-07-03T03:12:01Z
r00605,arc_lite,c2,dense,greedy,2026-06-27T18:05:15Z
r00606,arc_lite,c2,dense,greedy,2026-06-28T18:56:50Z
r00607,arc_lite,c2,dense,greedy,2026-06-28T07:16:05Z
r00608,arc_lite,c2,dense,greedy,2026-07-03T00:46:40Z
r00609,arc_lite,c2,dense,greedy,2026-06-30T20:40:53Z
r00610,arc_lite,c2,dense,greedy,2026-06-27T06:07:10Z
r00611,arc_lite,c2,dense,greedy,2026-07-01T04:26:54Z
r00612,arc_lite,c2,dense,greedy,2026-07-01T17:50:57Z
r00613,arc_lite,c2,dense,sample,2026-06-27T13:45:13Z
r00614,arc_lite,c2,dense,sample,2026-07-08T02:06:20Z
r00615,arc_lite,c2,dense,sample,2026-06-26T21:16:26Z
r00616,arc_lite,c2,dense,sample,2026-07-03T20:05:39Z
r00617,arc_lite,c2,dense,sample,2026-07-03T04:38:39Z
r00618,arc_lite,c2,dense,sample,2026-07-08T11:16:16Z
r00619,arc_lite,c2,dense,sample,2026-07-07T12:06:30Z
r00620,arc_lite,c2,dense,sample,2026-07-02T16:12:51Z
r00621,arc_lite,c2,dense,sample,2026-06-24T05:45:34Z
r00622,arc_lite,c2,dense,sample,2026-07-02T23:40:26Z
r00623,arc_lite,c2,dense,sample,2026-06-29T10:25:38Z
r00624,arc_lite,c2,dense,sample,2026-07-04T04:18:58Z
r00625,arc_lite,c2,dense,sample,2026-07-06T11:27:47Z
r00626,arc_lite,c2,dense,sample,2026-07-01T03:23:21Z
r00627,arc_lite,c2,dense,sample,2026-07-08T00:53:42Z
r00628,arc_lite,c2,dense,sample,2026-07-05T03:26:59Z
r00629,arc_lite,c2,dense,sample,2026-07-05T06:40:19Z
r00630,arc_lite,c2,dense,sample,2026-06-22T10:54:50Z
r00631,arc_lite,c2,dense,sample,2026-06-30T23:38:16Z
r00632,arc_lite,c2,dense,sample,2026-07-06T17:39:35Z
r00633,arc_lite,c2,dense,sample,2026-06-29T13:55:27Z
r00634,arc_lite,c2,dense,sample,2026-07-04T17:39:57Z
r00635,arc_lite,c2,dense,sample,2026-07-07T16:05:20Z
r00636,arc_lite,c2,dense,sample,2026-06-21T19:37:39Z
r00637,arc_lite,c2,dense,sample,2026-07-05T04:37:38Z
r00638,arc_lite,c2,dense,sample,2026-06-22T19:59:27Z
r00639,arc_lite,c2,dense,sample,2026-07-05T22:35:58Z
r00640,arc_lite,c2,dense,sample,2026-06-23T03:15:34Z
r00641,arc_lite,c2,dense,sample,2026-06-29T04:20:30Z
r00642,arc_lite,c2,dense,sample,2026-07-01T00:07:42Z
r00643,arc_lite,c2,dense,sample,2026-06-22T06:57:25Z
r00644,arc_lite,c2,dense,sample,2026-06-24T08:07:51Z
r00645,arc_lite,c2,dense,sample,2026-07-03T10:25:07Z
r00646,arc_lite,c2,dense,sample,2026-06-22T05:38:35Z
r00647,arc_lite,c2,dense,sample,2026-07-05T12:48:39Z
r00648,arc_lite,c2,dense,sample,2026-07-03T18:54:33Z
r00649,arc_lite,c3,none,greedy,2026-07-06T06:28:05Z
r00650,arc_lite,c3,none,greedy,2026-06-28T08:42:21Z
r00651,arc_lite,c3,none,greedy,2026-06-30T05:17:58Z
r00652,arc_lite,c3,none,greedy,2026-07-01T19:53:53Z
r00653,arc_lite,c3,none,greedy,2026-07-02T10:24:52Z
r00654,arc_lite,c3,none,greedy,2026-07-03T06:08:31Z
r00655,arc_lite,c3,none,greedy,2026-06-27T18:22:24Z
r00656,arc_lite,c3,none,greedy,2026-06-29T21:24:22Z
r00657,arc_lite,c3,none,greedy,2026-07-05T19:32:11Z
r00658,arc_lite,c3,none,greedy,2026-06-29T11:00:32Z
r00659,arc_lite,c3,none,greedy,2026-07-06T19:43:08Z
r00660,arc_lite,c3,none,greedy,2026-07-03T03:02:21Z
r00661,arc_lite,c3,none,greedy,2026-06-23T12:56:14Z
r00662,arc_lite,c3,none,greedy,2026-06-22T00:48:02Z
r00663,arc_lite,c3,none,greedy,2026-07-04T12:16:32Z
r00664,arc_lite,c3,none,greedy,2026-06-29T15:43:26Z
r00665,arc_lite,c3,none,greedy,2026-07-07T11:56:41Z
r00666,arc_lite,c3,none,greedy,2026-06-28T23:02:43Z
r00667,arc_lite,c3,none,greedy,2026-07-02T13:36:31Z
r00668,arc_lite,c3,none,greedy,2026-06-25T00:03:39Z
r00669,arc_lite,c3,none,greedy,2026-06-26T09:03:52Z
r00670,arc_lite,c3,none,greedy,2026-06-29T05:11:15Z
r00671,arc_lite,c3,none,greedy,2026-06-28T11:27:51Z
r00672,arc_lite,c3,none,greedy,2026-06-26T20:17:07Z
r00673,arc_lite,c3,none,greedy,2026-06-23T00:30:44Z
r00674,arc_lite,c3,none,greedy,2026-06-23T03:40:36Z
r00675,arc_lite,c3,none,greedy,2026-06-30T17:16:13Z
r00676,arc_lite,c3,none,greedy,2026-06-28T14:47:10Z
r00677,arc_lite,c3,none,greedy,2026-06-30T05:54:15Z
r00678,arc_lite,c3,none,greedy,2026-07-02T04:27:22Z
r00679,arc_lite,c3,none,greedy,2026-06-24T23:51:45Z
r00680,arc_lite,c3,none,greedy,2026-07-02T22:31:02Z
r00681,arc_lite,c3,none,greedy,2026-06-27T00:01:52Z
r00682,arc_lite,c3,none,greedy,2026-06-27T11:14:14Z
r00683,arc_lite,c3,none,greedy,2026-06-23T09:44:40Z
r00684,arc_lite,c3,none,greedy,2026-06-21T00:52:35Z
r00685,arc_lite,c3,none,sample,2026-06-24T02:24:20Z
r00686,arc_lite,c3,none,sample,2026-07-07T07:56:15Z
r00687,arc_lite,c3,none,sample,2026-06-29T17:26:49Z
r00688,arc_lite,c3,none,sample,2026-06-22T22:48:39Z
r00689,arc_lite,c3,none,sample,2026-07-01T04:27:55Z
r00690,arc_lite,c3,none,sample,2026-07-04T04:48:46Z
r00691,arc_lite,c3,none,sample,2026-06-23T12:07:49Z
r00692,arc_lite,c3,none,sample,2026-07-04T16:46:43Z
r00693,arc_lite,c3,none,sample,2026-06-30T03:39:26Z
r00694,arc_lite,c3,none,sample,2026-06-27T14:06:33Z
r00695,arc_lite,c3,none,sample,2026-06-26T11:19:10Z
r00696,arc_lite,c3,none,sample,2026-06-23T03:39:50Z
r00697,arc_lite,c3,none,sample,2026-06-29T10:03:05Z
r00698,arc_lite,c3,none,sample,2026-06-26T17:04:07Z
r00699,arc_lite,c3,none,sample,2026-07-02T18:12:57Z
r00700,arc_lite,c3,none,sample,2026-07-08T23:50:07Z
r00701,arc_lite,c3,none,sample,2026-06-26T06:35:48Z
r00702,arc_lite,c3,none,sample,2026-06-23T03:59:56Z
r00703,arc_lite,c3,none,sample,2026-06-25T01:30:42Z
r00704,arc_lite,c3,none,sample,2026-06-26T18:09:44Z
r00705,arc_lite,c3,none,sample,2026-06-23T14:05:04Z
r00706,arc_lite,c3,none,sample,2026-06-27T03:08:59Z
r00707,arc_lite,c3,none,sample,2026-07-07T05:43:40Z
r00708,arc_lite,c3,none,sample,2026-06-21T02:52:48Z
r00709,arc_lite,c3,none,sample,2026-07-05T03:20:16Z
r00710,arc_lite,c3,none,sample,2026-07-03T20:19:19Z
r00711,arc_lite,c3,none,sample,2026-06-25T14:22:41Z
r00712,arc_lite,c3,none,sample,2026-06-30T22:07:47Z
r00713,arc_lite,c3,none,sample,2026-07-05T11:03:53Z
r00714,arc_lite,c3,none,sample,2026-07-02T11:41:25Z
r00715,arc_lite,c3,none,sample,2026-07-06T07:48:57Z
r00716,arc_lite,c3,none,sample,2026-06-27T07:45:54Z
r00717,arc_lite,c3,none,sample,2026-07-04T11:49:09Z
r00718,arc_lite,c3,none,sample,2026-06-21T08:07:55Z
r00719,arc_lite,c3,none,sample,2026-07-03T14:24:29Z
r00720,arc_lite,c3,none,sample,2026-06-27T07:30:44Z
r00721,arc_lite,c3,bm25,greedy,2026-07-02T02:33:58Z
r00722,arc_lite,c3,bm25,greedy,2026-06-28T18:26:15Z
r00723,arc_lite,c3,bm25,greedy,2026-07-01T18:46:14Z
r00724,arc_lite,c3,bm25,greedy,2026-06-28T06:37:07Z
r00725,arc_lite,c3,bm25,greedy,2026-07-07T19:40:39Z
r00726,arc_lite,c3,bm25,greedy,2026-06-30T18:15:36Z
r00727,arc_lite,c3,bm25,greedy,2026-07-01T23:00:55Z
r00728,arc_lite,c3,bm25,greedy,2026-07-04T03:59:30Z
r00729,arc_lite,c3,bm25,greedy,2026-07-03T09:59:06Z
r00730,arc_lite,c3,bm25,greedy,2026-06-25T07:35:26Z
r00731,arc_lite,c3,bm25,greedy,2026-06-29T05:24:46Z
r00732,arc_lite,c3,bm25,greedy,2026-07-05T16:32:29Z
r00733,arc_lite,c3,bm25,greedy,2026-07-08T21:42:04Z
r00734,arc_lite,c3,bm25,greedy,2026-07-05T10:49:16Z
r00735,arc_lite,c3,bm25,greedy,2026-06-28T03:57:54Z
r00736,arc_lite,c3,bm25,greedy,2026-06-28T21:57:23Z
r00737,arc_lite,c3,bm25,greedy,2026-06-30T11:06:43Z
r00738,arc_lite,c3,bm25,greedy,2026-06-28T16:52:08Z
r00739,arc_lite,c3,bm25,greedy,2026-07-03T01:08:36Z
r00740,arc_lite,c3,bm25,greedy,2026-06-28T23:38:34Z
r00741,arc_lite,c3,bm25,greedy,2026-06-23T09:00:11Z
r00742,arc_lite,c3,bm25,greedy,2026-06-28T03:38:10Z
r00743,arc_lite,c3,bm25,greedy,2026-07-08T19:44:14Z
r00744,arc_lite,c3,bm25,greedy,2026-06-22T15:02:45Z
r00745,arc_lite,c3,bm25,greedy,2026-06-30T08:34:42Z
r00746,arc_lite,c3,bm25,greedy,2026-07-05T16:51:27Z
r00747,arc_lite,c3,bm25,greedy,2026-07-08T09:35:34Z
r00748,arc_lite,c3,bm25,greedy,2026-06-25T00:10:51Z
r00749,arc_lite,c3,bm25,greedy,2026-07-02T23:45:36Z
r00750,arc_lite,c3,bm25,greedy,2026-07-02T00:40:56Z
r00751,arc_lite,c3,bm25,greedy,2026-07-04T02:56:10Z
r00752,arc_lite,c3,bm25,greedy,2026-07-01T12:51:22Z
r00753,arc_lite,c3,bm25,greedy,2026-07-02T01:22:56Z
r00754,arc_lite,c3,bm25,greedy,2026-07-07T12:02:38Z
r00755,arc_lite,c3,bm25,greedy,2026-06-30T10:09:56Z
r00756,arc_lite,c3,bm25,greedy,2026-07-01T07:42:54Z
r00757,arc_lite,c3,bm25,sample,2026-07-04T09:16:00Z
r00758,arc_lite,c3,bm25,sample,2026-07-05T23:17:41Z
r00759,arc_lite,c3,bm25,sample,2026-07-03T20:59:55Z
r00760,arc_lite,c3,bm25,sample,2026-06-29T04:09:00Z
r00761,arc_lite,c3,bm25,sample,2026-07-02T08:05:18Z
r00762,arc_lite,c3,bm25,sample,2026-07-06T17:38:14Z
r00763,arc_lite,c3,bm25,sample,2026-06-27T17:44:38Z
r00764,arc_lite,c3,bm25,sample,2026-06-29T23:30:50Z
r00765,arc_lite,c3,bm25,sample,2026-07-04T18:55:04Z
r00766,arc_lite,c3,bm25,sample,2026-06-21T10:01:13Z
r00767,arc_lite,c3,bm25,sample,2026-06-29T19:19:25Z
r00768,arc_lite,c3,bm25,sample,2026-06-24T15:14:36Z
r00769,arc_lite,c3,bm25,sample,2026-06-22T04:21:43Z
r00770,arc_lite,c3,bm25,sample,2026-07-01T14:12:30Z
r00771,arc_lite,c3,bm25,sample,2026-07-02T09:16:01Z
r00772,arc_lite,c3,bm25,sample,2026-06-23T06:24:22Z
r00773,arc_lite,c3,bm25,sample,2026-07-05T19:13:27Z
r00774,arc_lite,c3,bm25,sample,2026-06-29T16:06:28Z
r00775,arc_lite,c3,bm25,sample,2026-07-05T07:51:07Z
r00776,arc_lite,c3,bm25,sample,2026-06-26T10:58:53Z
r00777,arc_lite,c3,bm25,sample,2026-06-29T11:35:03Z
r00778,arc_lite,c3,bm25,sample,2026-07-01T23:47:18Z
r00779,arc_lite,c3,bm25,sample,2026-07-07T09:43:35Z
r00780,arc_lite,c3,bm25,sample,2026-06-29T12:06:30Z
r00781,arc_lite,c3,bm25,sample,2026-06-21T14:16:38Z
r00782,arc_lite,c3,bm25,sample,2026-06-22T22:23:50Z
r00783,arc_lite,c3,bm25,sample,2026-06-27T04:29:59Z
r00784,arc_lite,c3,bm25,sample,2026-06-30T03:08:31Z
r00785,arc_lite,c3,bm25,sample,2026-07-04T11:38:31Z
r00786,arc_lite,c3,bm25,sample,2026-07-05T04:29:42Z
r00787,arc_lite,c3,bm25,sample,2026-06-23T11:53:02Z
r00788,arc_lite,c3,bm25,sample,2026-06-23T11:46:21Z
r00789,arc_lite,c3,bm25,sample,2026-07-08T07:11:40Z
r00790,arc_lite,c3,bm25,sample,2026-07-08T02:36:01Z
r00791,arc_lite,c3,bm25,sample,2026-07-03T10:07:11Z
r00792,arc_lite,c3,bm25,sample,2026-06-30T07:39:56Z
r00793,arc_lite,c3,dense,greedy,2026-06-30T22:40:45Z
r00794,arc_lite,c3,dense,greedy,2026-06-29T08:31:36Z
r00795,arc_lite,c3,dense,greedy,2026-06-21T20:44:43Z
r00796,arc_lite,c3,dense,greedy,2026-06-23T19:31:49Z
r00797,arc_lite,c3,dense,greedy,2026-06-26T06:04:20Z
r00798,arc_lite,c3,dense,greedy,2026-07-04T02:07:10Z
r00799,arc_lite,c3,dense,greedy,2026-07-04T07:03:11Z
r00800,arc_lite,c3,dense,greedy,2026-07-02T01:04:33Z
r00801,arc_lite,c3,dense,greedy,2026-07-03T00:38:31Z
r00802,arc_lite,c3,dense,greedy,2026-06-25T21:00:26Z
r00803,arc_lite,c3,dense,greedy,2026-06-30T00:38:41Z
r00804,arc_lite,c3,dense,greedy,2026-06-27T12:37:37Z
r00805,arc_lite,c3,dense,greedy,2026-06-26T09:01:23Z
r00806,arc_lite,c3,dense,greedy,2026-06-21T18:22:17Z
r00807,arc_lite,c3,dense,greedy,2026-07-01T09:11:02Z
r00808,arc_lite,c3,dense,greedy,2026-06-21T11:31:44Z
r00809,arc_lite,c3,dense,greedy,2026-07-04T03:16:15Z
r00810,arc_lite,c3,dense,greedy,2026-07-02T13:19:15Z
r00811,arc_lite,c3,dense,greedy,2026-07-02T17:12:30Z
r00812,arc_lite,c3,dense,greedy,2026-06-27T16:04:30Z
r00813,arc_lite,c3,dense,greedy,2026-06-29T15:58:57Z
r00814,arc_lite,c3,dense,greedy,2026-06-22T06:28:49Z
r00815,arc_lite,c3,dense,greedy,2026-07-02T11:22:15Z
r00816,arc_lite,c3,dense,greedy,2026-07-03T10:41:00Z
r00817,arc_lite,c3,dense,greedy,2026-07-01T20:06:16Z
r00818,arc_lite,c3,dense,greedy,2026-07-01T18:11:43Z
r00819,arc_lite,c3,dense,greedy,2026-07-01T22:01:07Z
r00820,arc_lite,c3,dense,greedy,2026-07-07T10:33:58Z
r00821,arc_lite,c3,dense,greedy,2026-06-23T08:20:45Z
r00822,arc_lite,c3,dense,greedy,2026-07-05T03:44:34Z
r00823,arc_lite,c3,dense,greedy,2026-06-23T18:51:55Z
r00824,arc_lite,c3,dense,greedy,2026-07-02T15:18:00Z
r00825,arc_lite,c3,dense,greedy,2026-07-03T22:30:40Z
r00826,arc_lite,c3,dense,greedy,2026-07-07T14:54:10Z
r00827,arc_lite,c3,dense,greedy,2026-06-29T09:39:12Z
r00828,arc_lite,c3,dense,greedy,2026-07-01T21:46:57Z
r00829,arc_lite,c3,dense,sample,2026-07-08T16:10:56Z
r00830,arc_lite,c3,dense,sample,2026-06-23T18:42:53Z
r00831,arc_lite,c3,dense,sample,2026-06-28T20:18:35Z
r00832,arc_lite,c3,dense,sample,2026-06-21T20:09:16Z
r00833,arc_lite,c3,dense,sample,2026-06-21T06:59:34Z
r00834,arc_lite,c3,dense,sample,2026-06-30T16:27:13Z
r00835,arc_lite,c3,dense,sample,2026-07-04T06:44:23Z
r00836,arc_lite,c3,dense,sample,2026-06-27T19:22:04Z
r00837,arc_lite,c3,dense,sample,2026-06-25T19:09:40Z
r00838,arc_lite,c3,dense,sample,2026-06-27T21:25:22Z
r00839,arc_lite,c3,dense,sample,2026-06-29T14:30:23Z
r00840,arc_lite,c3,dense,sample,2026-07-05T11:56:16Z
r00841,arc_lite,c3,dense,sample,2026-06-30T11:50:57Z
r00842,arc_lite,c3,dense,sample,2026-06-29T01:46:55Z
r00843,arc_lite,c3,dense,sample,2026-07-01T09:09:15Z
r00844,arc_lite,c3,dense,sample,2026-07-02T19:06:47Z
r00845,arc_lite,c3,dense,sample,2026-07-06T19:51:47Z
r00846,arc_lite,c3,dense,sample,2026-06-24T06:45:05Z
r00847,arc_lite,c3,dense,sample,2026-07-03T10:20:03Z
r00848,arc_lite,c3,dense,sample,2026-07-04T19:06:04Z
r00849,arc_lite,c3,dense,sample,2026-06-21T21:05:34Z
r00850,arc_lite,c3,dense,sample,2026-07-01T01:50:33Z
r00851,arc_lite,c3,dense,sample,2026-06-30T11:40:45Z
r00852,arc_lite,c3,dense,sample,2026-07-01T21:59:48Z
r00853,arc_lite,c3,dense,sample,2026-07-02T03:10:19Z
r00854,arc_lite,c3,dense,sample,2026-07-02T08:00:12Z
r00855,arc_lite,c3,dense,sample,2026-06-22T22:14:05Z
r00856,arc_lite,c3,dense,sample,2026-06-25T00:22:41Z
r00857,arc_lite,c3,dense,sample,2026-07-01T06:25:52Z
r00858,arc_lite,c3,dense,sample,2026-06-21T16:46:50Z
r00859,arc_lite,c3,dense,sample,2026-07-01T21:38:54Z
r00860,arc_lite,c3,dense,sample,2026-06-23T13:07:13Z
r00861,arc_lite,c3,dense,sample,2026-06-29T04:41:50Z
r00862,arc_lite,c3,dense,sample,2026-07-08T05:11:09Z
r00863,arc_lite,c3,dense,sample,2026-07-01T14:32:08Z
r00864,arc_lite,c3,dense,sample,2026-06-26T19:23:21Z
r00865,gsm_plus,c0,none,greedy,2026-06-24T13:11:01Z
r00866,gsm_plus,c0,none,greedy,2026-07-03T17:57:28Z
r00867,gsm_plus,c0,none,greedy,2026-07-08T15:18:46Z
r00868,gsm_plus,c0,none,greedy,2026-07-01T20:10:11Z
r00869,gsm_plus,c0,none,greedy,2026-06-24T16:18:56Z
r00870,gsm_plus,c0,none,greedy,2026-06-23T20:26:15Z
r00871,gsm_plus,c0,none,greedy,2026-06-28T15:34:59Z
r00872,gsm_plus,c0,none,greedy,2026-06-27T17:32:54Z
r00873,gsm_plus,c0,none,greedy,2026-06-25T06:01:26Z
r00874,gsm_plus,c0,none,greedy,2026-06-23T08:48:04Z
r00875,gsm_plus,c0,none,greedy,2026-07-01T10:08:41Z
r00876,gsm_plus,c0,none,greedy,2026-06-24T11:19:53Z
r00877,gsm_plus,c0,none,greedy,2026-06-27T06:27:10Z
r00878,gsm_plus,c0,none,greedy,2026-07-08T11:11:26Z
r00879,gsm_plus,c0,none,greedy,2026-07-08T10:49:54Z
r00880,gsm_plus,c0,none,greedy,2026-07-04T14:21:35Z
r00881,gsm_plus,c0,none,greedy,2026-06-30T03:08:24Z
r00882,gsm_plus,c0,none,greedy,2026-07-04T13:17:15Z
r00883,gsm_plus,c0,none,greedy,2026-07-07T01:41:22Z
r00884,gsm_plus,c0,none,greedy,2026-07-08T03:13:40Z
r00885,gsm_plus,c0,none,greedy,2026-07-08T01:11:10Z
r00886,gsm_plus,c0,none,greedy,2026-06-22T22:41:09Z
r00887,gsm_plus,c0,none,greedy,2026-07-08T22:42:09Z
r00888,gsm_plus,c0,none,greedy,2026-07-04T17:45:51Z
r00889,gsm_plus,c0,none,greedy,2026-07-08T02:20:03Z
r00890,gsm_plus,c0,none,greedy,2026-07-08T22:19:35Z
r00891,gsm_plus,c0,none,greedy,2026-06-28T18:03:16Z
r00892,gsm_plus,c0,none,greedy,2026-06-26T08:11:58Z
r00893,gsm_plus,c0,none,greedy,2026-06-25T04:43:14Z
r00894,gsm_plus,c0,none,greedy,2026-06-30T08:16:37Z
r00895,gsm_plus,c0,none,greedy,2026-06-26T16:48:33Z
r00896,gsm_plus,c0,none,greedy,2026-06-28T12:46:55Z
r00897,gsm_plus,c0,none,greedy,2026-06-27T14:16:29Z
r00898,gsm_plus,c0,none,greedy,2026-06-23T17:07:22Z
r00899,gsm_plus,c0,none,greedy,2026-07-02T09:48:53Z
r00900,gsm_plus,c0,none,greedy,2026-07-07T10:48:03Z
r00901,gsm_plus,c0,none,sample,2026-06-27T16:02:12Z
r00902,gsm_plus,c0,none,sample,2026-07-08T11:57:15Z
r00903,gsm_plus,c0,none,sample,2026-07-07T13:58:04Z
r00904,gsm_plus,c0,none,sample,2026-07-02T14:12:32Z
r00905,gsm_plus,c0,none,sample,2026-07-03T02:21:24Z
r00906,gsm_plus,c0,none,sample,2026-07-08T16:20:24Z
r00907,gsm_plus,c0,none,sample,2026-07-04T09:07:10Z
r00908,gsm_plus,c0,none,sample,2026-06-28T12:55:49Z
r00909,gsm_plus,c0,none,sample,2026-06-27T14:12:18Z
r00910,gsm_plus,c0,none,sample,2026-06-30T21:57:08Z
r00911,gsm_plus,c0,none,sample,2026-07-08T06:09:32Z
r00912,gsm_plus,c0,none,sample,2026-06-26T02:57:17Z
r00913,gsm_plus,c0,none,sample,2026-06-28T16:04:26Z
r00914,gsm_plus,c0,none,sample,2026-07-04T21:46:46Z
r00915,gsm_plus,c0,none,sample,2026-06-21T18:06:13Z
r00916,gsm_plus,c0,none,sample,2026-06-25T12:12:11Z
r00917,gsm_plus,c0,none,sample,2026-06-24T05:42:31Z
r00918,gsm_plus,c0,none,sample,2026-06-21T21:10:24Z
r00919,gsm_plus,c0,none,sample,2026-07-08T20:04:04Z
r00920,gsm_plus,c0,none,sample,2026-07-07T08:47:03Z
r00921,gsm_plus,c0,none,sample,2026-06-28T13:37:51Z
r00922,gsm_plus,c0,none,sample,2026-06-24T15:30:27Z
r00923,gsm_plus,c0,none,sample,2026-07-07T03:18:08Z
r00924,gsm_plus,c0,none,sample,2026-06-28T18:44:14Z
r00925,gsm_plus,c0,none,sample,2026-07-01T18:58:24Z
r00926,gsm_plus,c0,none,sample,2026-07-06T05:25:35Z
r00927,gsm_plus,c0,none,sample,2026-07-05T07:56:06Z
r00928,gsm_plus,c0,none,sample,2026-07-01T12:03:39Z
r00929,gsm_plus,c0,none,sample,2026-06-29T04:11:32Z
r00930,gsm_plus,c0,none,sample,2026-07-06T14:35:32Z
r00931,gsm_plus,c0,none,sample,2026-07-04T19:10:42Z
r00932,gsm_plus,c0,none,sample,2026-07-08T11:51:27Z
r00933,gsm_plus,c0,none,sample,2026-06-24T07:44:40Z
r00934,gsm_plus,c0,none,sample,2026-06-23T16:17:22Z
r00935,gsm_plus,c0,none,sample,2026-07-02T11:50:09Z
r00936,gsm_plus,c0,none,sample,2026-07-03T08:28:13Z
r00937,gsm_plus,c0,bm25,greedy,2026-06-21T02:35:02Z
r00938,gsm_plus,c0,bm25,greedy,2026-07-05T13:47:47Z
r00939,gsm_plus,c0,bm25,greedy,2026-06-26T21:17:16Z
r00940,gsm_plus,c0,bm25,greedy,2026-06-27T16:35:24Z
r00941,gsm_plus,c0,bm25,greedy,2026-06-21T14:06:13Z
r00942,gsm_plus,c0,bm25,greedy,2026-07-08T14:48:19Z
r00943,gsm_plus,c0,bm25,greedy,2026-06-27T09:09:31Z
r00944,gsm_plus,c0,bm25,greedy,2026-07-07T11:15:19Z
r00945,gsm_plus,c0,bm25,greedy,2026-07-06T18:31:50Z
r00946,gsm_plus,c0,bm25,greedy,2026-06-21T03:36:11Z
r00947,gsm_plus,c0,bm25,greedy,2026-07-07T19:12:31Z
r00948,gsm_plus,c0,bm25,greedy,2026-07-02T04:50:12Z
r00949,gsm_plus,c0,bm25,greedy,2026-07-03T20:42:21Z
r00950,gsm_plus,c0,bm25,greedy,2026-07-05T04:53:46Z
r00951,gsm_plus,c0,bm25,greedy,2026-06-28T22:14:01Z
r00952,gsm_plus,c0,bm25,greedy,2026-07-08T23:58:01Z
r00953,gsm_plus,c0,bm25,greedy,2026-07-01T10:06:32Z
r00954,gsm_plus,c0,bm25,greedy,2026-07-05T15:00:00Z
r00955,gsm_plus,c0,bm25,greedy,2026-07-06T13:22:35Z
r00956,gsm_plus,c0,bm25,greedy,2026-06-26T16:37:41Z
r00957,gsm_plus,c0,bm25,greedy,2026-06-30T07:32:34Z
r00958,gsm_plus,c0,bm25,greedy,2026-06-26T05:48:12Z
r00959,gsm_plus,c0,bm25,greedy,2026-06-22T04:13:04Z
r00960,gsm_plus,c0,bm25,greedy,2026-07-07T01:08:24Z
r00961,gsm_plus,c0,bm25,greedy,2026-06-25T08:51:12Z
r00962,gsm_plus,c0,bm25,greedy,2026-06-24T12:07:03Z
r00963,gsm_plus,c0,bm25,greedy,2026-07-08T17:47:56Z
r00964,gsm_plus,c0,bm25,greedy,2026-07-01T07:59:21Z
r00965,gsm_plus,c0,bm25,greedy,2026-06-24T07:27:28Z
r00966,gsm_plus,c0,bm25,greedy,2026-07-06T09:22:48Z
r00967,gsm_plus,c0,bm25,greedy,2026-07-01T21:52:06Z
r00968,gsm_plus,c0,bm25,greedy,2026-06-26T10:50:49Z
r00969,gsm_plus,c0,bm25,greedy,2026-06-25T00:06:33Z
r00970,gsm_plus,c0,bm25,greedy,2026-06-27T21:21:19Z
r00971,gsm_plus,c0,bm25,greedy,2026-07-05T00:57:08Z
r00972,gsm_plus,c0,bm25,greedy,2026-07-08T02:08:45Z
r00973,gsm_plus,c0,bm25,sample,2026-06-27T11:32:31Z
r00974,gsm_plus,c0,bm25,sample,2026-06-22T03:04:00Z
r00975,gsm_plus,c0,bm25,sample,2026-07-05T08:39:22Z
r00976,gsm_plus,c0,bm25,sample,2026-06-27T22:20:45Z
r00977,gsm_plus,c0,bm25,sample,2026-06-22T00:56:29Z
r00978,gsm_plus,c0,bm25,sample,2026-06-24T18:58:59Z
r00979,gsm_plus,c0,bm25,sample,2026-06-28T09:55:12Z
r00980,gsm_plus,c0,bm25,sample,2026-07-06T23:03:50Z
r00981,gsm_plus,c0,bm25,sample,2026-06-24T13:41:17Z
r00982,gsm_plus,c0,bm25,sample,2026-06-25T00:46:35Z
r00983,gsm_plus,c0,bm25,sample,2026-07-07T20:18:35Z
r00984,gsm_plus,c0,bm25,sample,2026-06-25T13:38:41Z
r00985,gsm_plus,c0,bm25,sample,2026-07-02T17:09:04Z
r00986,gsm_plus,c0,bm25,sample,2026-06-21T16:02:52Z
r00987,gsm_plus,c0,bm25,sample,2026-07-03T04:12:33Z
r00988,gsm_plus,c0,bm25,sample,2026-06-27T08:49:45Z
r00989,gsm_plus,c0,bm25,sample,2026-06-26T09:46:51Z
r00990,gsm_plus,c0,bm25,sample,2026-06-25T18:53:17Z
r00991,gsm_plus,c0,bm25,sample,2026-06-28T15:33:52Z
r00992,gsm_plus,c0,bm25,sample,2026-07-03T09:57:34Z
r00993,gsm_plus,c0,bm25,sample,2026-07-04T07:22:42Z
r00994,gsm_plus,c0,bm25,sample,2026-06-29T14:25:24Z
r00995,gsm_plus,c0,bm25,sample,2026-06-27T19:21:08Z
r00996,gsm_plus,c0,bm25,sample,2026-06-26T07:49:34Z
r00997,gsm_plus,c0,bm25,sample,2026-07-08T06:15:32Z
r00998,gsm_plus,c0,bm25,sample,2026-06-21T19:59:58Z
r00999,gsm_plus,c0,bm25,sample,2026-07-08T11:23:59Z
r01000,gsm_plus,c0,bm25,sample,2026-06-29T01:49:18Z
r01001,gsm_plus,c0,bm25,sample,2026-06-26T03:26:07Z
r01002,gsm_plus,c0,bm25,sample,2026-06-21T19:25:54Z
r01003,gsm_plus,c0,bm25,sample,2026-06-27T19:02:24Z
r01004,gsm_plus,c0,bm25,sample,2026-07-05T05:20:35Z
r01005,gsm_plus,c0,bm25,sample,2026-07-02T20:41:38Z
r01006,gsm_plus,c0,bm25,sample,2026-07-02T12:27:15Z
r01007,gsm_plus,c0,bm25,sample,2026-07-05T00:29:14Z
r01008,gsm_plus,c0,bm25,sample,2026-07-07T11:01:45Z
r01009,gsm_plus,c0,dense,greedy,2026-06-28T08:03:56Z
r01010,gsm_plus,c0,dense,greedy,2026-06-30T14:38:05Z
r01011,gsm_plus,c0,dense,greedy,2026-07-01T18:39:20Z
r01012,gsm_plus,c0,dense,greedy,2026-06-26T16:15:38Z
r01013,gsm_plus,c0,dense,greedy,2026-07-01T09:04:40Z
r01014,gsm_plus,c0,dense,greedy,2026-06-29T01:01:18Z
r01015,gsm_plus,c0,dense,greedy,2026-07-08T14:44:40Z
r01016,gsm_plus,c0,dense,greedy,2026-07-02T15:37:25Z
r01017,gsm_plus,c0,dense,greedy,2026-06-29T08:53:59Z
r01018,gsm_plus,c0,dense,greedy,2026-07-07T01:49:13Z
r01019,gsm_plus,c0,dense,greedy,2026-07-08T19:01:38Z
r01020,gsm_plus,c0,dense,greedy,2026-06-28T19:01:55Z
r01021,gsm_plus,c0,dense,greedy,2026-06-21T21:09:10Z
r01022,gsm_plus,c0,dense,greedy,2026-06-28T22:12:21Z
r01023,gsm_plus,c0,dense,greedy,2026-07-05T12:52:03Z
r01024,gsm_plus,c0,dense,greedy,2026-06-28T00:19:41Z
r01025,gsm_plus,c0,dense,greedy,2026-06-29T14:35:27Z
r01026,gsm_plus,c0,dense,greedy,2026-07-03T13:18:21Z
r01027,gsm_plus,c0,dense,greedy,2026-07-01T21:08:56Z
r01028,gsm_plus,c0,dense,greedy,2026-06-28T05:57:20Z
r01029,gsm_plus,c0,dense,greedy,2026-06-27T03:41:40Z
r01030,gsm_plus,c0,dense,greedy,2026-07-05T14:36:38Z
r01031,gsm_plus,c0,dense,greedy,2026-07-07T06:55:17Z
r01032,gsm_plus,c0,dense,greedy,2026-07-07T01:50:10Z
r01033,gsm_plus,c0,dense,greedy,2026-07-02T21:55:34Z
r01034,gsm_plus,c0,dense,greedy,2026-07-06T14:35:33Z
r01035,gsm_plus,c0,dense,greedy,2026-06-23T08:05:03Z
r01036,gsm_plus,c0,dense,greedy,2026-06-23T15:01:56Z
r01037,gsm_plus,c0,dense,greedy,2026-07-02T23:05:31Z
r01038,gsm_plus,c0,dense,greedy,2026-07-08T19:24:36Z
r01039,gsm_plus,c0,dense,greedy,2026-07-08T19:04:35Z
r01040,gsm_plus,c0,dense,greedy,2026-06-23T07:35:00Z
r01041,gsm_plus,c0,dense,greedy,2026-06-27T02:34:12Z
r01042,gsm_plus,c0,dense,greedy,2026-07-05T07:47:17Z
r01043,gsm_plus,c0,dense,greedy,2026-06-28T04:57:47Z
r01044,gsm_plus,c0,dense,greedy,2026-06-29T23:02:03Z
r01045,gsm_plus,c0,dense,sample,2026-06-22T13:57:57Z
r01046,gsm_plus,c0,dense,sample,2026-06-22T02:08:21Z
r01047,gsm_plus,c0,dense,sample,2026-06-26T17:22:34Z
r01048,gsm_plus,c0,dense,sample,2026-06-22T14:04:34Z
r01049,gsm_plus,c0,dense,sample,2026-07-04T05:28:17Z
r01050,gsm_plus,c0,dense,sample,2026-06-27T10:59:05Z
r01051,gsm_plus,c0,dense,sample,2026-06-25T00:35:30Z
r01052,gsm_plus,c0,dense,sample,2026-06-24T18:08:07Z
r01053,gsm_plus,c0,dense,sample,2026-06-30T02:36:11Z
r01054,gsm_plus,c0,dense,sample,2026-07-08T15:44:59Z
r01055,gsm_plus,c0,dense,sample,2026-07-01T02:53:33Z
r01056,gsm_plus,c0,dense,sample,2026-07-05T23:54:38Z
r01057,gsm_plus,c0,dense,sample,2026-06-29T12:15:43Z
r01058,gsm_plus,c0,dense,sample,2026-06-28T14:21:45Z
r01059,gsm_plus,c0,dense,sample,2026-06-23T10:02:59Z
r01060,gsm_plus,c0,dense,sample,2026-06-28T19:34:40Z
r01061,gsm_plus,c0,dense,sample,2026-07-04T19:14:39Z
r01062,gsm_plus,c0,dense,sample,2026-06-23T12:55:38Z
r01063,gsm_plus,c0,dense,sample,2026-06-24T19:48:12Z
r01064,gsm_plus,c0,dense,sample,2026-06-22T09:40:36Z
r01065,gsm_plus,c0,dense,sample,2026-06-22T17:25:03Z
r01066,gsm_plus,c0,dense,sample,2026-07-04T00:16:34Z
r01067,gsm_plus,c0,dense,sample,2026-06-28T05:05:40Z
r01068,gsm_plus,c0,dense,sample,2026-07-04T16:00:10Z
r01069,gsm_plus,c0,dense,sample,2026-07-05T05:14:12Z
r01070,gsm_plus,c0,dense,sample,2026-07-01T04:35:49Z
r01071,gsm_plus,c0,dense,sample,2026-06-30T03:18:36Z
r01072,gsm_plus,c0,dense,sample,2026-06-26T17:07:58Z
r01073,gsm_plus,c0,dense,sample,2026-06-23T06:05:21Z
r01074,gsm_plus,c0,dense,sample,2026-06-23T01:37:29Z
r01075,gsm_plus,c0,dense,sample,2026-06-25T05:58:45Z
r01076,gsm_plus,c0,dense,sample,2026-06-21T01:27:01Z
r01077,gsm_plus,c0,dense,sample,2026-07-04T21:39:45Z
r01078,gsm_plus,c0,dense,sample,2026-07-01T17:34:39Z
r01079,gsm_plus,c0,dense,sample,2026-06-27T08:30:02Z
r01080,gsm_plus,c0,dense,sample,2026-06-24T19:54:02Z
r01081,gsm_plus,c1,none,greedy,2026-06-30T15:42:36Z
r01082,gsm_plus,c1,none,greedy,2026-06-30T14:06:47Z
r01083,gsm_plus,c1,none,greedy,2026-06-30T21:50:56Z
r01084,gsm_plus,c1,none,greedy,2026-06-30T12:29:26Z
r01085,gsm_plus,c1,none,greedy,2026-06-24T23:34:03Z
r01086,gsm_plus,c1,none,greedy,2026-06-27T15:57:26Z
r01087,gsm_plus,c1,none,greedy,2026-06-29T08:03:00Z
r01088,gsm_plus,c1,none,greedy,2026-07-08T13:27:34Z
r01089,gsm_plus,c1,none,greedy,2026-07-05T16:24:16Z
r01090,gsm_plus,c1,none,greedy,2026-07-06T06:45:00Z
r01091,gsm_plus,c1,none,greedy,2026-06-28T20:53:47Z
r01092,gsm_plus,c1,none,greedy,2026-07-08T18:40:38Z
r01093,gsm_plus,c1,none,greedy,2026-06-26T16:43:20Z
r01094,gsm_plus,c1,none,greedy,2026-07-03T14:45:20Z
r01095,gsm_plus,c1,none,greedy,2026-06-30T02:57:10Z
r01096,gsm_plus,c1,none,greedy,2026-06-21T06:31:10Z
r01097,gsm_plus,c1,none,greedy,2026-06-22T11:57:02Z
r01098,gsm_plus,c1,none,greedy,2026-06-26T17:34:45Z
r01099,gsm_plus,c1,none,greedy,2026-07-06T18:52:12Z
r01100,gsm_plus,c1,none,greedy,2026-07-08T06:57:03Z
r01101,gsm_plus,c1,none,greedy,2026-06-28T01:21:51Z
r01102,gsm_plus,c1,none,greedy,2026-07-03T08:02:12Z
r01103,gsm_plus,c1,none,greedy,2026-06-25T07:49:55Z
r01104,gsm_plus,c1,none,greedy,2026-06-22T07:03:39Z
r01105,gsm_plus,c1,none,greedy,2026-07-02T04:39:38Z
r01106,gsm_plus,c1,none,greedy,2026-07-04T07:04:35Z
r01107,gsm_plus,c1,none,greedy,2026-06-25T22:47:53Z
r01108,gsm_plus,c1,none,greedy,2026-07-04T02:34:45Z
r01109,gsm_plus,c1,none,greedy,2026-06-27T13:09:09Z
r01110,gsm_plus,c1,none,greedy,2026-06-25T02:40:51Z
r01111,gsm_plus,c1,none,greedy,2026-06-23T02:06:08Z
r01112,gsm_plus,c1,none,greedy,2026-06-29T20:44:57Z
r01113,gsm_plus,c1,none,greedy,2026-07-02T17:25:36Z
r01114,gsm_plus,c1,none,greedy,2026-06-21T17:12:16Z
r01115,gsm_plus,c1,none,greedy,2026-06-26T03:52:38Z
r01116,gsm_plus,c1,none,greedy,2026-06-27T07:22:05Z
r01117,gsm_plus,c1,none,sample,2026-07-02T13:01:12Z
r01118,gsm_plus,c1,none,sample,2026-06-24T07:07:48Z
r01119,gsm_plus,c1,none,sample,2026-06-26T12:10:42Z
r01120,gsm_plus,c1,none,sample,2026-06-27T21:27:23Z
r01121,gsm_plus,c1,none,sample,2026-07-03T14:54:00Z
r01122,gsm_plus,c1,none,sample,2026-06-28T11:11:34Z
r01123,gsm_plus,c1,none,sample,2026-07-06T18:54:45Z
r01124,gsm_plus,c1,none,sample,2026-07-04T13:02:27Z
r01125,gsm_plus,c1,none,sample,2026-07-02T15:09:18Z
r01126,gsm_plus,c1,none,sample,2026-06-27T21:01:42Z
r01127,gsm_plus,c1,none,sample,2026-07-04T01:57:10Z
r01128,gsm_plus,c1,none,sample,2026-06-21T09:24:46Z
r01129,gsm_plus,c1,none,sample,2026-07-07T23:21:31Z
r01130,gsm_plus,c1,none,sample,2026-06-24T12:30:20Z
r01131,gsm_plus,c1,none,sample,2026-07-01T13:20:06Z
r01132,gsm_plus,c1,none,sample,2026-06-21T23:06:18Z
r01133,gsm_plus,c1,none,sample,2026-07-01T22:20:33Z
r01134,gsm_plus,c1,none,sample,2026-06-26T14:22:28Z
r01135,gsm_plus,c1,none,sample,2026-07-02T23:13:22Z
r01136,gsm_plus,c1,none,sample,2026-06-24T04:52:33Z
r01137,gsm_plus,c1,none,sample,2026-07-08T21:49:15Z
r01138,gsm_plus,c1,none,sample,2026-06-24T16:45:59Z
r01139,gsm_plus,c1,none,sample,2026-06-23T02:27:07Z
r01140,gsm_plus,c1,none,sample,2026-06-21T01:39:36Z
r01141,gsm_plus,c1,none,sample,2026-06-23T19:54:04Z
r01142,gsm_plus,c1,none,sample,2026-06-25T08:22:54Z
r01143,gsm_plus,c1,none,sample,2026-07-01T20:35:32Z
r01144,gsm_plus,c1,none,sample,2026-07-02T04:30:25Z
r01145,gsm_plus,c1,none,sample,2026-07-02T04:17:39Z
r01146,gsm_plus,c1,none,sample,2026-06-27T12:27:20Z
r01147,gsm_plus,c1,none,sample,2026-06-30T12:50:09Z
r01148,gsm_plus,c1,none,sample,2026-07-03T10:41:43Z
r01149,gsm_plus,c1,none,sample,2026-06-26T05:58:33Z
r01150,gsm_plus,c1,none,sample,2026-06-26T03:07:25Z
r01151,gsm_plus,c1,none,sample,2026-07-05T04:10:29Z
r01152,gsm_plus,c1,none,sample,2026-07-02T19:12:40Z
r01153,gsm_plus,c1,bm25,greedy,2026-06-28T23:53:36Z
r01154,gsm_plus,c1,bm25,greedy,2026-07-02T04:08:19Z
r01155,gsm_plus,c1,bm25,greedy,2026-06-24T21:24:04Z
r01156,gsm_plus,c1,bm25,greedy,2026-06-30T03:27:04Z
r01157,gsm_plus,c1,bm25,greedy,2026-06-28T16:21:49Z
r01158,gsm_plus,c1,bm25,greedy,2026-07-08T06:18:44Z
r01159,gsm_plus,c1,bm25,greedy,2026-06-28T01:48:51Z
r01160,gsm_plus,c1,bm25,greedy,2026-07-03T15:09:16Z
r01161,gsm_plus,c1,bm25,greedy,2026-06-22T00:39:35Z
r01162,gsm_plus,c1,bm25,greedy,2026-06-30T09:09:29Z
r01163,gsm_plus,c1,bm25,greedy,2026-06-30T03:30:26Z
r01164,gsm_plus,c1,bm25,greedy,2026-06-28T01:45:24Z
r01165,gsm_plus,c1,bm25,greedy,2026-06-22T11:49:13Z
r01166,gsm_plus,c1,bm25,greedy,2026-06-25T08:18:59Z
r01167,gsm_plus,c1,bm25,greedy,2026-06-30T23:10:07Z
r01168,gsm_plus,c1,bm25,greedy,2026-06-24T09:39:48Z
r01169,gsm_plus,c1,bm25,greedy,2026-06-25T20:05:19Z
r01170,gsm_plus,c1,bm25,greedy,2026-07-05T15:01:59Z
r01171,gsm_plus,c1,bm25,greedy,2026-07-02T16:23:04Z
r01172,gsm_plus,c1,bm25,greedy,2026-06-23T01:32:06Z
r01173,gsm_plus,c1,bm25,greedy,2026-06-30T01:43:46Z
r01174,gsm_plus,c1,bm25,greedy,2026-06-23T05:05:35Z
r01175,gsm_plus,c1,bm25,greedy,2026-07-05T10:39:04Z
r01176,gsm_plus,c1,bm25,greedy,2026-06-24T00:40:11Z
r01177,gsm_plus,c1,bm25,greedy,2026-07-01T21:20:56Z
r01178,gsm_plus,c1,bm25,greedy,2026-07-03T15:39:29Z
r01179,gsm_plus,c1,bm25,greedy,2026-06-25T16:59:59Z
r01180,gsm_plus,c1,bm25,greedy,2026-07-08T22:14:28Z
r01181,gsm_plus,c1,bm25,greedy,2026-07-08T23:46:03Z
r01182,gsm_plus,c1,bm25,greedy,2026-06-21T10:41:43Z
r01183,gsm_plus,c1,bm25,greedy,2026-07-03T23:17:15Z
r01184,gsm_plus,c1,bm25,greedy,2026-06-28T00:10:29Z
r01185,gsm_plus,c1,bm25,greedy,2026-07-08T22:22:35Z
r01186,gsm_plus,c1,bm25,greedy,2026-07-04T18:17:15Z
r01187,gsm_plus,c1,bm25,greedy,2026-06-23T18:03:33Z
r01188,gsm_plus,c1,bm25,greedy,2026-07-03T09:16:16Z
r01189,gsm_plus,c1,bm25,sample,2026-06-25T03:21:21Z
r01190,gsm_plus,c1,bm25,sample,2026-07-07T18:31:15Z
r01191,gsm_plus,c1,bm25,sample,2026-06-27T20:04:34Z
r01192,gsm_plus,c1,bm25,sample,2026-06-28T17:14:03Z
r01193,gsm_plus,c1,bm25,sample,2026-06-21T17:42:29Z
r01194,gsm_plus,c1,bm25,sample,2026-06-24T04:52:08Z
r01195,gsm_plus,c1,bm25,sample,2026-06-27T16:23:08Z
r01196,gsm_plus,c1,bm25,sample,2026-07-06T17:36:09Z
r01197,gsm_plus,c1,bm25,sample,2026-06-25T10:28:00Z
r01198,gsm_plus,c1,bm25,sample,2026-06-27T21:35:40Z
r01199,gsm_plus,c1,bm25,sample,2026-06-29T00:25:17Z
r01200,gsm_plus,c1,bm25,sample,2026-06-21T09:11:17Z
r01201,gsm_plus,c1,bm25,sample,2026-06-24T23:14:20Z
r01202,gsm_plus,c1,bm25,sample,2026-06-24T05:37:38Z
r01203,gsm_plus,c1,bm25,sample,2026-06-26T21:16:05Z
r01204,gsm_plus,c1,bm25,sample,2026-06-23T02:49:05Z
r01205,gsm_plus,c1,bm25,sample,2026-07-06T00:17:50Z
r01206,gsm_plus,c1,bm25,sample,2026-07-04T22:13:49Z
r01207,gsm_plus,c1,bm25,sample,2026-06-28T02:24:11Z
r01208,gsm_plus,c1,bm25,sample,2026-06-25T11:00:00Z
r01209,gsm_plus,c1,bm25,sample,2026-06-26T07:31:56Z
r01210,gsm_plus,c1,bm25,sample,2026-07-05T11:18:55Z
r01211,gsm_plus,c1,bm25,sample,2026-07-07T07:53:28Z
r01212,gsm_plus,c1,bm25,sample,2026-06-25T20:36:16Z
r01213,gsm_plus,c1,bm25,sample,2026-06-24T23:25:21Z
r01214,gsm_plus,c1,bm25,sample,2026-07-02T05:40:20Z
r01215,gsm_plus,c1,bm25,sample,2026-06-25T15:39:29Z
r01216,gsm_plus,c1,bm25,sample,2026-06-25T18:35:06Z
r01217,gsm_plus,c1,bm25,sample,2026-06-22T14:57:19Z
r01218,gsm_plus,c1,bm25,sample,2026-06-29T12:37:07Z
r01219,gsm_plus,c1,bm25,sample,2026-07-03T22:11:24Z
r01220,gsm_plus,c1,bm25,sample,2026-06-22T01:41:53Z
r01221,gsm_plus,c1,bm25,sample,2026-07-06T20:06:33Z
r01222,gsm_plus,c1,bm25,sample,2026-06-28T06:49:18Z
r01223,gsm_plus,c1,bm25,sample,2026-06-27T13:13:40Z
r01224,gsm_plus,c1,bm25,sample,2026-07-03T10:42:50Z
r01225,gsm_plus,c1,dense,greedy,2026-06-22T14:04:24Z
r01226,gsm_plus,c1,dense,greedy,2026-06-30T10:09:23Z
r01227,gsm_plus,c1,dense,greedy,2026-07-07T00:13:09Z
r01228,gsm_plus,c1,dense,greedy,2026-07-01T10:04:23Z
r01229,gsm_plus,c1,dense,greedy,2026-06-30T21:32:33Z
r01230,gsm_plus,c1,dense,greedy,2026-07-04T00:47:06Z
r01231,gsm_plus,c1,dense,greedy,2026-07-08T03:33:35Z
r01232,gsm_plus,c1,dense,greedy,2026-07-08T14:05:20Z
r01233,gsm_plus,c1,dense,greedy,2026-07-01T07:34:30Z
r01234,gsm_plus,c1,dense,greedy,2026-07-05T04:54:52Z
r01235,gsm_plus,c1,dense,greedy,2026-06-26T21:48:16Z
r01236,gsm_plus,c1,dense,greedy,2026-07-04T19:56:52Z
r01237,gsm_plus,c1,dense,greedy,2026-07-07T23:01:31Z
r01238,gsm_plus,c1,dense,greedy,2026-06-25T22:39:40Z
r01239,gsm_plus,c1,dense,greedy,2026-07-03T09:24:37Z
r01240,gsm_plus,c1,dense,greedy,2026-06-30T09:36:40Z
r01241,gsm_plus,c1,dense,greedy,2026-07-02T13:48:04Z
r01242,gsm_plus,c1,dense,greedy,2026-07-08T06:51:07Z
r01243,gsm_plus,c1,dense,greedy,2026-06-28T05:10:36Z
r01244,gsm_plus,c1,dense,greedy,2026-06-25T17:12:58Z
r01245,gsm_plus,c1,dense,greedy,2026-06-21T01:30:22Z
r01246,gsm_plus,c1,dense,greedy,2026-06-29T17:42:09Z
r01247,gsm_plus,c1,dense,greedy,2026-07-01T11:24:52Z
r01248,gsm_plus,c1,dense,greedy,2026-07-01T18:50:45Z
r01249,gsm_plus,c1,dense,greedy,2026-06-30T18:24:07Z
r01250,gsm_plus,c1,dense,greedy,2026-06-28T21:21:21Z
r01251,gsm_plus,c1,dense,greedy,2026-07-04T07:24:27Z
r01252,gsm_plus,c1,dense,greedy,2026-06-21T23:11:17Z
r01253,gsm_plus,c1,dense,greedy,2026-07-08T10:16:38Z
r01254,gsm_plus,c1,dense,greedy,2026-07-03T06:21:34Z
r01255,gsm_plus,c1,dense,greedy,2026-07-08T08:24:00Z
r01256,gsm_plus,c1,dense,greedy,2026-06-30T16:41:07Z
r01257,gsm_plus,c1,dense,greedy,2026-07-08T07:46:18Z
r01258,gsm_plus,c1,dense,greedy,2026-07-04T19:18:33Z
r01259,gsm_plus,c1,dense,greedy,2026-06-21T16:57:07Z
r01260,gsm_plus,c1,dense,greedy,2026-06-23T00:21:10Z
r01261,gsm_plus,c1,dense,sample,2026-06-22T04:49:37Z
r01262,gsm_plus,c1,dense,sample,2026-06-24T01:55:25Z
r01263,gsm_plus,c1,dense,sample,2026-06-30T05:17:24Z
r01264,gsm_plus,c1,dense,sample,2026-07-07T01:36:57Z
r01265,gsm_plus,c1,dense,sample,2026-07-07T06:38:08Z
r01266,gsm_plus,c1,dense,sample,2026-07-01T08:26:52Z
r01267,gsm_plus,c1,dense,sample,2026-07-07T08:51:36Z
r01268,gsm_plus,c1,dense,sample,2026-06-28T23:53:10Z
r01269,gsm_plus,c1,dense,sample,2026-06-29T02:41:36Z
r01270,gsm_plus,c1,dense,sample,2026-06-26T07:47:39Z
r01271,gsm_plus,c1,dense,sample,2026-07-07T05:24:00Z
r01272,gsm_plus,c1,dense,sample,2026-07-04T04:36:16Z
r01273,gsm_plus,c1,dense,sample,2026-07-08T17:48:18Z
r01274,gsm_plus,c1,dense,sample,2026-06-23T22:33:30Z
r01275,gsm_plus,c1,dense,sample,2026-07-08T08:02:05Z
r01276,gsm_plus,c1,dense,sample,2026-06-30T08:12:39Z
r01277,gsm_plus,c1,dense,sample,2026-06-28T15:49:55Z
r01278,gsm_plus,c1,dense,sample,2026-07-06T17:32:52Z
r01279,gsm_plus,c1,dense,sample,2026-07-06T02:04:27Z
r01280,gsm_plus,c1,dense,sample,2026-06-27T05:56:46Z
r01281,gsm_plus,c1,dense,sample,2026-06-23T20:48:08Z
r01282,gsm_plus,c1,dense,sample,2026-07-02T06:35:04Z
r01283,gsm_plus,c1,dense,sample,2026-06-22T09:57:17Z
r01284,gsm_plus,c1,dense,sample,2026-07-06T15:03:29Z
r01285,gsm_plus,c1,dense,sample,2026-07-05T23:44:20Z
r01286,gsm_plus,c1,dense,sample,2026-06-30T06:23:19Z
r01287,gsm_plus,c1,dense,sample,2026-06-22T02:27:04Z
r01288,gsm_plus,c1,dense,sample,2026-07-07T01:24:42Z
r01289,gsm_plus,c1,dense,sample,2026-07-05T02:31:56Z
r01290,gsm_plus,c1,dense,sample,2026-07-08T02:02:58Z
r01291,gsm_plus,c1,dense,sample,2026-07-06T21:46:46Z
r01292,gsm_plus,c1,dense,sample,2026-06-22T15:18:19Z
r01293,gsm_plus,c1,dense,sample,2026-06-21T22:33:29Z
r01294,gsm_plus,c1,dense,sample,2026-06-23T02:49:53Z
r01295,gsm_plus,c1,dense,sample,2026-06-28T11:19:03Z
r01296,gsm_plus,c1,dense,sample,2026-06-27T05:54:38Z
r01297,gsm_plus,c2,none,greedy,2026-07-02T05:28:45Z
r01298,gsm_plus,c2,none,greedy,2026-07-05T19:13:00Z
r01299,gsm_plus,c2,none,greedy,2026-06-28T04:41:26Z
r01300,gsm_plus,c2,none,greedy,2026-06-29T01:14:01Z
r01301,gsm_plus,c2,none,greedy,2026-07-05T21:41:52Z
r01302,gsm_plus,c2,none,greedy,2026-06-23T09:49:22Z
r01303,gsm_plus,c2,none,greedy,2026-06-23T02:55:12Z
r01304,gsm_plus,c2,none,greedy,2026-06-26T14:06:02Z
r01305,gsm_plus,c2,none,greedy,2026-07-07T12:26:49Z
r01306,gsm_plus,c2,none,greedy,2026-06-29T19:57:39Z
r01307,gsm_plus,c2,none,greedy,2026-06-26T16:36:39Z
r01308,gsm_plus,c2,none,greedy,2026-07-08T03:01:32Z
r01309,gsm_plus,c2,none,greedy,2026-06-25T04:15:04Z
r01310,gsm_plus,c2,none,greedy,2026-07-07T20:20:21Z
r01311,gsm_plus,c2,none,greedy,2026-07-02T13:09:32Z
r01312,gsm_plus,c2,none,greedy,2026-06-21T04:59:15Z
r01313,gsm_plus,c2,none,greedy,2026-07-05T03:46:13Z
r01314,gsm_plus,c2,none,greedy,2026-06-25T19:10:58Z
r01315,gsm_plus,c2,none,greedy,2026-06-24T15:00:08Z
r01316,gsm_plus,c2,none,greedy,2026-07-06T06:40:23Z
r01317,gsm_plus,c2,none,greedy,2026-06-21T08:00:20Z
r01318,gsm_plus,c2,none,greedy,2026-06-27T22:53:56Z
r01319,gsm_plus,c2,none,greedy,2026-06-25T10:12:33Z
r01320,gsm_plus,c2,none,greedy,2026-07-05T02:01:32Z
r01321,gsm_plus,c2,none,greedy,2026-07-02T21:19:13Z
r01322,gsm_plus,c2,none,greedy,2026-07-08T12:11:31Z
r01323,gsm_plus,c2,none,greedy,2026-06-23T12:08:02Z
r01324,gsm_plus,c2,none,greedy,2026-06-27T10:13:11Z
r01325,gsm_plus,c2,none,greedy,2026-06-22T15:50:00Z
r01326,gsm_plus,c2,none,greedy,2026-06-21T20:27:32Z
r01327,gsm_plus,c2,none,greedy,2026-06-22T11:20:41Z
r01328,gsm_plus,c2,none,greedy,2026-06-25T07:19:34Z
r01329,gsm_plus,c2,none,greedy,2026-06-29T06:49:15Z
r01330,gsm_plus,c2,none,greedy,2026-07-01T23:55:01Z
r01331,gsm_plus,c2,none,greedy,2026-06-27T23:00:17Z
r01332,gsm_plus,c2,none,greedy,2026-07-06T19:14:30Z
r01333,gsm_plus,c2,none,sample,2026-06-28T16:24:34Z
r01334,gsm_plus,c2,none,sample,2026-07-02T07:00:39Z
r01335,gsm_plus,c2,none,sample,2026-06-27T23:21:45Z
r01336,gsm_plus,c2,none,sample,2026-07-04T18:44:13Z
r01337,gsm_plus,c2,none,sample,2026-07-07T08:13:52Z
r01338,gsm_plus,c2,none,sample,2026-07-07T03:06:10Z
r01339,gsm_plus,c2,none,sample,2026-06-25T21:52:36Z
r01340,gsm_plus,c2,none,sample,2026-07-04T10:49:42Z
r01341,gsm_plus,c2,none,sample,2026-07-03T22:41:10Z
r01342,gsm_plus,c2,none,sample,2026-06-27T20:09:12Z
r01343,gsm_plus,c2,none,sample,2026-06-30T22:20:21Z
r01344,gsm_plus,c2,none,sample,2026-06-26T15:47:51Z
r01345,gsm_plus,c2,none,sample,2026-06-28T10:38:45Z
r01346,gsm_plus,c2,none,sample,2026-06-21T04:03:45Z
r01347,gsm_plus,c2,none,sample,2026-07-03T19:11:20Z
r01348,gsm_plus,c2,none,sample,2026-06-27T09:25:54Z
r01349,gsm_plus,c2,none,sample,2026-07-01T10:48:17Z
r01350,gsm_plus,c2,none,sample,2026-06-25T08:03:56Z
r01351,gsm_plus,c2,none,sample,2026-07-08T02:13:19Z
r01352,gsm_plus,c2,none,sample,2026-06-24T16:48:01Z
r01353,gsm_plus,c2,none,sample,2026-07-05T04:06:08Z
r01354,gsm_plus,c2,none,sample,2026-06-26T22:45:51Z
r01355,gsm_plus,c2,none,sample,2026-07-03T02:10:03Z
r01356,gsm_plus,c2,none,sample,2026-07-06T08:52:58Z
r01357,gsm_plus,c2,none,sample,2026-07-08T19:33:28Z
r01358,gsm_plus,c2,none,sample,2026-06-24T08:09:30Z
r01359,gsm_plus,c2,none,sample,2026-07-08T02:55:01Z
r01360,gsm_plus,c2,none,sample,2026-07-08T02:27:30Z
r01361,gsm_plus,c2,none,sample,2026-07-01T15:13:56Z
r01362,gsm_plus,c2,none,sample,2026-06-21T01:16:48Z
r01363,gsm_plus,c2,none,sample,2026-06-25T06:27:31Z
r01364,gsm_plus,c2,none,sample,2026-07-04T07:12:55Z
r01365,gsm_plus,c2,none,sample,2026-07-05T18:45:38Z
r01366,gsm_plus,c2,none,sample,2026-07-07T03:56:07Z
r01367,gsm_plus,c2,none,sample,2026-06-22T23:10:53Z
r01368,gsm_plus,c2,none,sample,2026-07-06T16:26:31Z
r01369,gsm_plus,c2,bm25,greedy,2026-06-23T11:57:14Z
r01370,gsm_plus,c2,bm25,greedy,2026-06-28T02:39:49Z
r01371,gsm_plus,c2,bm25,greedy,2026-06-26T13:26:25Z
r01372,gsm_plus,c2,bm25,greedy,2026-07-06T16:53:05Z
r01373,gsm_plus,c2,bm25,greedy,2026-06-21T04:58:00Z
r01374,gsm_plus,c2,bm25,greedy,2026-07-07T02:34:10Z
r01375,gsm_plus,c2,bm25,greedy,2026-07-01T20:39:55Z
r01376,gsm_plus,c2,bm25,greedy,2026-06-30T08:30:56Z
r01377,gsm_plus,c2,bm25,greedy,2026-06-25T16:10:12Z
r01378,gsm_plus,c2,bm25,greedy,2026-06-22T10:17:50Z
r01379,gsm_plus,c2,bm25,greedy,2026-06-26T21:59:23Z
r01380,gsm_plus,c2,bm25,greedy,2026-06-22T12:48:53Z
r01381,gsm_plus,c2,bm25,greedy,2026-06-23T21:52:48Z
r01382,gsm_plus,c2,bm25,greedy,2026-07-07T14:46:47Z
r01383,gsm_plus,c2,bm25,greedy,2026-06-27T17:24:52Z
r01384,gsm_plus,c2,bm25,greedy,2026-06-29T02:52:37Z
r01385,gsm_plus,c2,bm25,greedy,2026-06-24T04:57:45Z
r01386,gsm_plus,c2,bm25,greedy,2026-07-02T00:05:45Z
r01387,gsm_plus,c2,bm25,greedy,2026-06-29T17:09:00Z
r01388,gsm_plus,c2,bm25,greedy,2026-06-29T16:51:49Z
r01389,gsm_plus,c2,bm25,greedy,2026-07-01T20:09:28Z
r01390,gsm_plus,c2,bm25,greedy,2026-06-22T10:40:57Z
r01391,gsm_plus,c2,bm25,greedy,2026-07-03T11:00:05Z
r01392,gsm_plus,c2,bm25,greedy,2026-06-30T02:28:09Z
r01393,gsm_plus,c2,bm25,greedy,2026-07-06T12:13:26Z
r01394,gsm_plus,c2,bm25,greedy,2026-07-07T23:38:54Z
r01395,gsm_plus,c2,bm25,greedy,2026-07-03T19:13:03Z
r01396,gsm_plus,c2,bm25,greedy,2026-07-02T02:31:13Z
r01397,gsm_plus,c2,bm25,greedy,2026-06-25T17:06:25Z
r01398,gsm_plus,c2,bm25,greedy,2026-06-23T01:11:48Z
r01399,gsm_plus,c2,bm25,greedy,2026-06-24T19:07:21Z
r01400,gsm_plus,c2,bm25,greedy,2026-07-08T01:44:42Z
r01401,gsm_plus,c2,bm25,greedy,2026-06-29T10:54:35Z
r01402,gsm_plus,c2,bm25,greedy,2026-07-02T09:12:26Z
r01403,gsm_plus,c2,bm25,greedy,2026-06-28T05:04:19Z
r01404,gsm_plus,c2,bm25,greedy,2026-07-08T18:39:37Z
r01405,gsm_plus,c2,bm25,sample,2026-07-05T12:38:44Z
r01406,gsm_plus,c2,bm25,sample,2026-06-29T07:21:45Z
r01407,gsm_plus,c2,bm25,sample,2026-06-21T00:55:42Z
r01408,gsm_plus,c2,bm25,sample,2026-07-04T17:42:32Z
r01409,gsm_plus,c2,bm25,sample,2026-07-01T09:54:02Z
r01410,gsm_plus,c2,bm25,sample,2026-06-28T17:28:24Z
r01411,gsm_plus,c2,bm25,sample,2026-06-23T17:43:12Z
r01412,gsm_plus,c2,bm25,sample,2026-07-02T13:27:54Z
r01413,gsm_plus,c2,bm25,sample,2026-06-23T06:09:43Z
r01414,gsm_plus,c2,bm25,sample,2026-07-04T05:11:52Z
r01415,gsm_plus,c2,bm25,sample,2026-06-27T13:56:44Z
r01416,gsm_plus,c2,bm25,sample,2026-07-05T15:48:14Z
r01417,gsm_plus,c2,bm25,sample,2026-07-08T19:21:29Z
r01418,gsm_plus,c2,bm25,sample,2026-06-29T01:21:45Z
r01419,gsm_plus,c2,bm25,sample,2026-06-29T00:42:22Z
r01420,gsm_plus,c2,bm25,sample,2026-06-25T07:26:21Z
r01421,gsm_plus,c2,bm25,sample,2026-06-25T06:10:05Z
r01422,gsm_plus,c2,bm25,sample,2026-07-01T09:44:25Z
r01423,gsm_plus,c2,bm25,sample,2026-07-05T23:15:45Z
r01424,gsm_plus,c2,bm25,sample,2026-06-24T04:56:25Z
r01425,gsm_plus,c2,bm25,sample,2026-06-27T10:41:22Z
r01426,gsm_plus,c2,bm25,sample,2026-07-08T11:19:21Z
r01427,gsm_plus,c2,bm25,sample,2026-07-03T14:30:59Z
r01428,gsm_plus,c2,bm25,sample,2026-07-01T02:53:48Z
r01429,gsm_plus,c2,bm25,sample,2026-06-23T02:55:56Z
r01430,gsm_plus,c2,bm25,sample,2026-06-25T12:19:10Z
r01431,gsm_plus,c2,bm25,sample,2026-07-03T23:39:18Z
r01432,gsm_plus,c2,bm25,sample,2026-07-05T17:04:16Z
r01433,gsm_plus,c2,bm25,sample,2026-07-01T14:58:55Z
r01434,gsm_plus,c2,bm25,sample,2026-06-26T09:28:49Z
r01435,gsm_plus,c2,bm25,sample,2026-06-30T13:31:42Z
r01436,gsm_plus,c2,bm25,sample,2026-06-22T02:00:08Z
r01437,gsm_plus,c2,bm25,sample,2026-06-27T22:29:34Z
r01438,gsm_plus,c2,bm25,sample,2026-07-03T18:01:55Z
r01439,gsm_plus,c2,bm25,sample,2026-07-07T16:58:51Z
r01440,gsm_plus,c2,bm25,sample,2026-06-21T09:15:32Z
r01441,gsm_plus,c2,dense,greedy,2026-07-01T11:50:41Z
r01442,gsm_plus,c2,dense,greedy,2026-06-21T13:55:14Z
r01443,gsm_plus,c2,dense,greedy,2026-06-24T15:49:39Z
r01444,gsm_plus,c2,dense,greedy,2026-07-08T00:30:25Z
r01445,gsm_plus,c2,dense,greedy,2026-06-27T23:37:14Z
r01446,gsm_plus,c2,dense,greedy,2026-06-28T05:36:17Z
r01447,gsm_plus,c2,dense,greedy,2026-06-26T12:54:46Z
r01448,gsm_plus,c2,dense,greedy,2026-07-03T18:31:53Z
r01449,gsm_plus,c2,dense,greedy,2026-06-28T13:00:43Z
r01450,gsm_plus,c2,dense,greedy,2026-07-03T16:37:08Z
r01451,gsm_plus,c2,dense,greedy,2026-06-22T12:46:05Z
r01452,gsm_plus,c2,dense,greedy,2026-06-27T05:10:50Z
r01453,gsm_plus,c2,dense,greedy,2026-06-29T17:45:57Z
r01454,gsm_plus,c2,dense,greedy,2026-07-06T22:41:27Z
r01455,gsm_plus,c2,dense,greedy,2026-06-24T16:15:36Z
r01456,gsm_plus,c2,dense,greedy,2026-07-02T05:04:18Z
r01457,gsm_plus,c2,dense,greedy,2026-06-21T02:42:45Z
r01458,gsm_plus,c2,dense,greedy,2026-07-03T03:42:12Z
r01459,gsm_plus,c2,dense,greedy,2026-06-27T23:34:10Z
r01460,gsm_plus,c2,dense,greedy,2026-07-04T02:36:45Z
r01461,gsm_plus,c2,dense,greedy,2026-07-08T05:04:24Z
r01462,gsm_plus,c2,dense,greedy,2026-06-26T23:39:38Z
r01463,gsm_plus,c2,dense,greedy,2026-06-22T23:17:25Z
r01464,gsm_plus,c2,dense,greedy,2026-07-07T20:40:18Z
r01465,gsm_plus,c2,dense,greedy,2026-07-03T22:47:02Z
r01466,gsm_plus,c2,dense,greedy,2026-07-03T16:03:23Z
r01467,gsm_plus,c2,dense,greedy,2026-06-28T12:57:55Z
r01468,gsm_plus,c2,dense,greedy,2026-06-23T10:31:10Z
r01469,gsm_plus,c2,dense,greedy,2026-07-01T14:23:12Z
r01470,gsm_plus,c2,dense,greedy,2026-06-29T06:13:03Z
r01471,gsm_plus,c2,dense,greedy,2026-06-24T01:04:47Z
r01472,gsm_plus,c2,dense,greedy,2026-06-29T00:36:56Z
r01473,gsm_plus,c2,dense,greedy,2026-07-05T23:51:44Z
r01474,gsm_plus,c2,dense,greedy,2026-07-03T12:06:31Z
r01475,gsm_plus,c2,dense,greedy,2026-06-24T14:51:01Z
r01476,gsm_plus,c2,dense,greedy,2026-07-01T19:06:09Z
r01477,gsm_plus,c2,dense,sample,2026-06-26T14:10:13Z
r01478,gsm_plus,c2,dense,sample,2026-06-27T11:25:41Z
r01479,gsm_plus,c2,dense,sample,2026-07-02T22:34:40Z
r01480,gsm_plus,c2,dense,sample,2026-06-28T00:19:29Z
r01481,gsm_plus,c2,dense,sample,2026-06-29T23:09:01Z
r01482,gsm_plus,c2,dense,sample,2026-06-24T17:01:43Z
r01483,gsm_plus,c2,dense,sample,2026-06-26T05:03:18Z
r01484,gsm_plus,c2,dense,sample,2026-06-26T20:02:18Z
r01485,gsm_plus,c2,dense,sample,2026-07-04T08:22:42Z
r01486,gsm_plus,c2,dense,sample,2026-06-30T07:19:44Z
r01487,gsm_plus,c2,dense,sample,2026-07-02T13:56:44Z
r01488,gsm_plus,c2,dense,sample,2026-07-07T03:42:36Z
r01489,gsm_plus,c2,dense,sample,2026-06-23T15:22:49Z
r01490,gsm_plus,c2,dense,sample,2026-06-27T12:07:21Z
r01491,gsm_plus,c2,dense,sample,2026-06-22T05:55:12Z
r01492,gsm_plus,c2,dense,sample,2026-07-08T03:20:07Z
r01493,gsm_plus,c2,dense,sample,2026-07-06T05:03:16Z
r01494,gsm_plus,c2,dense,sample,2026-07-04T16:10:32Z
r01495,gsm_plus,c2,dense,sample,2026-06-25T22:58:52Z
r01496,gsm_plus,c2,dense,sample,2026-07-04T03:51:48Z
r01497,gsm_plus,c2,dense,sample,2026-06-21T22:36:08Z
r01498,gsm_plus,c2,dense,sample,2026-06-22T03:41:14Z
r01499,gsm_plus,c2,dense,sample,2026-06-29T10:55:33Z
r01500,gsm_plus,c2,dense,sample,2026-06-24T16:53:27Z
r01501,gsm_plus,c2,dense,sample,2026-06-30T07:04:06Z
r01502,gsm_plus,c2,dense,sample,2026-07-01T03:54:57Z
r01503,gsm_plus,c2,dense,sample,2026-06-24T05:43:12Z
r01504,gsm_plus,c2,dense,sample,2026-07-06T21:24:41Z
r01505,gsm_plus,c2,dense,sample,2026-06-21T21:59:06Z
r01506,gsm_plus,c2,dense,sample,2026-07-02T21:04:34Z
r01507,gsm_plus,c2,dense,sample,2026-07-06T10:29:11Z
r01508,gsm_plus,c2,dense,sample,2026-06-26T17:26:45Z
r01509,gsm_plus,c2,dense,sample,2026-06-24T03:28:18Z
r01510,gsm_plus,c2,dense,sample,2026-06-23T18:29:43Z
r01511,gsm_plus,c2,dense,sample,2026-06-27T07:56:52Z
r01512,gsm_plus,c2,dense,sample,2026-07-04T09:19:21Z
r01513,gsm_plus,c3,none,greedy,2026-06-25T21:01:17Z
r01514,gsm_plus,c3,none,greedy,2026-06-27T06:10:33Z
r01515,gsm_plus,c3,none,greedy,2026-06-23T11:17:54Z
r01516,gsm_plus,c3,none,greedy,2026-06-25T07:38:43Z
r01517,gsm_plus,c3,none,greedy,2026-06-25T11:05:56Z
r01518,gsm_plus,c3,none,greedy,2026-07-03T21:49:22Z
r01519,gsm_plus,c3,none,greedy,2026-06-23T17:24:33Z
r01520,gsm_plus,c3,none,greedy,2026-06-26T17:40:17Z
r01521,gsm_plus,c3,none,greedy,2026-07-03T04:23:15Z
r01522,gsm_plus,c3,none,greedy,2026-07-04T15:36:43Z
r01523,gsm_plus,c3,none,greedy,2026-07-05T07:11:01Z
r01524,gsm_plus,c3,none,greedy,2026-07-02T07:44:37Z
r01525,gsm_plus,c3,none,greedy,2026-06-22T10:04:22Z
r01526,gsm_plus,c3,none,greedy,2026-06-28T07:41:56Z
r01527,gsm_plus,c3,none,greedy,2026-07-01T15:54:37Z
r01528,gsm_plus,c3,none,greedy,2026-07-01T03:59:12Z
r01529,gsm_plus,c3,none,greedy,2026-07-04T09:07:17Z
r01530,gsm_plus,c3,none,greedy,2026-07-07T21:59:16Z
r01531,gsm_plus,c3,none,greedy,2026-06-25T17:39:38Z
r01532,gsm_plus,c3,none,greedy,2026-07-05T14:42:29Z
r01533,gsm_plus,c3,none,greedy,2026-06-26T03:08:11Z
r01534,gsm_plus,c3,none,greedy,2026-06-23T04:18:34Z
r01535,gsm_plus,c3,none,greedy,2026-07-06T20:15:48Z
r01536,gsm_plus,c3,none,greedy,2026-06-30T12:30:31Z
r01537,gsm_plus,c3,none,greedy,2026-07-03T13:07:27Z
r01538,gsm_plus,c3,none,greedy,2026-06-24T15:54:57Z
r01539,gsm_plus,c3,none,greedy,2026-07-01T01:52:11Z
r01540,gsm_plus,c3,none,greedy,2026-07-06T22:01:50Z
r01541,gsm_plus,c3,none,greedy,2026-07-01T22:37:48Z
r01542,gsm_plus,c3,none,greedy,2026-06-26T21:15:12Z
r01543,gsm_plus,c3,none,greedy,2026-06-23T12:49:28Z
r01544,gsm_plus,c3,none,greedy,2026-07-02T10:47:02Z
r01545,gsm_plus,c3,none,greedy,2026-06-24T00:22:29Z
r01546,gsm_plus,c3,none,greedy,2026-07-03T17:40:15Z
r01547,gsm_plus,c3,none,greedy,2026-06-21T16:43:43Z
r01548,gsm_plus,c3,none,greedy,2026-07-06T01:13:52Z
r01549,gsm_plus,c3,none,sample,2026-07-06T17:41:50Z
r01550,gsm_plus,c3,none,sample,2026-07-06T11:07:41Z
r01551,gsm_plus,c3,none,sample,2026-06-23T07:46:20Z
r01552,gsm_plus,c3,none,sample,2026-06-22T09:37:35Z
r01553,gsm_plus,c3,none,sample,2026-06-23T12:48:18Z
r01554,gsm_plus,c3,none,sample,2026-06-25T16:41:32Z
r01555,gsm_plus,c3,none,sample,2026-07-05T17:35:13Z
r01556,gsm_plus,c3,none,sample,2026-06-25T19:44:59Z
r01557,gsm_plus,c3,none,sample,2026-06-21T18:35:41Z
r01558,gsm_plus,c3,none,sample,2026-07-04T17:22:56Z
r01559,gsm_plus,c3,none,sample,2026-07-08T18:10:13Z
r01560,gsm_plus,c3,none,sample,2026-06-25T14:53:02Z
r01561,gsm_plus,c3,none,sample,2026-06-27T04:59:14Z
r01562,gsm_plus,c3,none,sample,2026-06-24T17:37:43Z
r01563,gsm_plus,c3,none,sample,2026-07-07T18:34:37Z
r01564,gsm_plus,c3,none,sample,2026-06-29T09:08:45Z
r01565,gsm_plus,c3,none,sample,2026-07-03T00:30:56Z
r01566,gsm_plus,c3,none,sample,2026-06-30T15:06:04Z
r01567,gsm_plus,c3,none,sample,2026-06-27T00:40:28Z
r01568,gsm_plus,c3,none,sample,2026-06-29T13:49:49Z
r01569,gsm_plus,c3,none,sample,2026-07-01T22:31:38Z
r01570,gsm_plus,c3,none,sample,2026-07-01T11:59:53Z
r01571,gsm_plus,c3,none,sample,2026-07-08T10:50:42Z
r01572,gsm_plus,c3,none,sample,2026-06-29T09:19:40Z
r01573,gsm_plus,c3,none,sample,2026-06-24T04:53:25Z
r01574,gsm_plus,c3,none,sample,2026-07-05T06:13:59Z
r01575,gsm_plus,c3,none,sample,2026-06-26T17:17:43Z
r01576,gsm_plus,c3,none,sample,2026-06-27T16:29:52Z
r01577,gsm_plus,c3,none,sample,2026-06-28T05:59:59Z
r01578,gsm_plus,c3,none,sample,2026-06-21T17:40:56Z
r01579,gsm_plus,c3,none,sample,2026-07-02T22:18:22Z
r01580,gsm_plus,c3,none,sample,2026-06-29T23:13:47Z
r01581,gsm_plus,c3,none,sample,2026-07-06T01:33:55Z
r01582,gsm_plus,c3,none,sample,2026-07-08T21:43:27Z
r01583,gsm_plus,c3,none,sample,2026-06-23T02:09:41Z
r01584,gsm_plus,c3,none,sample,2026-06-24T21:43:03Z
r01585,gsm_plus,c3,bm25,greedy,2026-06-23T12:52:25Z
r01586,gsm_plus,c3,bm25,greedy,2026-06-25T03:10:28Z
r01587,gsm_plus,c3,bm25,greedy,2026-07-02T15:12:05Z
r01588,gsm_plus,c3,bm25,greedy,2026-06-22T17:51:17Z
r01589,gsm_plus,c3,bm25,greedy,2026-07-08T05:41:40Z
r01590,gsm_plus,c3,bm25,greedy,2026-06-22T01:55:48Z
r01591,gsm_plus,c3,bm25,greedy,2026-06-24T02:41:25Z
r01592,gsm_plus,c3,bm25,greedy,2026-07-04T02:41:56Z
r01593,gsm_plus,c3,bm25,greedy,2026-07-05T18:55:22Z
r01594,gsm_plus,c3,bm25,greedy,2026-07-08T04:17:09Z
r01595,gsm_plus,c3,bm25,greedy,2026-07-02T15:17:09Z
r01596,gsm_plus,c3,bm25,greedy,2026-06-29T15:20:33Z
r01597,gsm_plus,c3,bm25,greedy,2026-07-08T03:45:54Z
r01598,gsm_plus,c3,bm25,greedy,2026-06-25T06:11:22Z
r01599,gsm_plus,c3,bm25,greedy,2026-07-01T07:18:37Z
r01600,gsm_plus,c3,bm25,greedy,2026-06-24T05:53:35Z
r01601,gsm_plus,c3,bm25,greedy,2026-07-02T20:20:19Z
r01602,gsm_plus,c3,bm25,greedy,2026-06-22T15:25:22Z
r01603,gsm_plus,c3,bm25,greedy,2026-06-30T20:47:10Z
r01604,gsm_plus,c3,bm25,greedy,2026-07-03T07:20:46Z
r01605,gsm_plus,c3,bm25,greedy,2026-06-23T08:09:48Z
r01606,gsm_plus,c3,bm25,greedy,2026-07-02T04:51:34Z
r01607,gsm_plus,c3,bm25,greedy,2026-07-03T16:21:15Z
r01608,gsm_plus,c3,bm25,greedy,2026-06-22T15:34:52Z
r01609,gsm_plus,c3,bm25,greedy,2026-07-01T10:46:48Z
r01610,gsm_plus,c3,bm25,greedy,2026-07-06T00:07:38Z
r01611,gsm_plus,c3,bm25,greedy,2026-06-30T04:09:43Z
r01612,gsm_plus,c3,bm25,greedy,2026-06-25T05:34:06Z
r01613,gsm_plus,c3,bm25,greedy,2026-06-27T06:45:01Z
r01614,gsm_plus,c3,bm25,greedy,2026-06-24T02:14:53Z
r01615,gsm_plus,c3,bm25,greedy,2026-06-28T18:16:30Z
r01616,gsm_plus,c3,bm25,greedy,2026-06-25T13:33:33Z
r01617,gsm_plus,c3,bm25,greedy,2026-07-05T01:01:11Z
r01618,gsm_plus,c3,bm25,greedy,2026-07-04T07:13:46Z
r01619,gsm_plus,c3,bm25,greedy,2026-07-05T07:21:59Z
r01620,gsm_plus,c3,bm25,greedy,2026-07-05T03:46:44Z
r01621,gsm_plus,c3,bm25,sample,2026-06-27T20:50:31Z
r01622,gsm_plus,c3,bm25,sample,2026-06-22T11:40:47Z
r01623,gsm_plus,c3,bm25,sample,2026-07-01T19:04:55Z
r01624,gsm_plus,c3,bm25,sample,2026-06-22T06:20:58Z
r01625,gsm_plus,c3,bm25,sample,2026-07-08T17:27:42Z
r01626,gsm_plus,c3,bm25,sample,2026-06-23T10:12:46Z
r01627,gsm_plus,c3,bm25,sample,2026-07-05T04:28:50Z
r01628,gsm_plus,c3,bm25,sample,2026-07-03T22:44:15Z
r01629,gsm_plus,c3,bm25,sample,2026-07-04T13:37:08Z
r01630,gsm_plus,c3,bm25,sample,2026-07-07T07:42:17Z
r01631,gsm_plus,c3,bm25,sample,2026-06-30T00:26:47Z
r01632,gsm_plus,c3,bm25,sample,2026-06-22T06:38:57Z
r01633,gsm_plus,c3,bm25,sample,2026-06-28T16:19:20Z
r01634,gsm_plus,c3,bm25,sample,2026-06-26T19:48:17Z
r01635,gsm_plus,c3,bm25,sample,2026-06-29T11:46:30Z
r01636,gsm_plus,c3,bm25,sample,2026-06-25T11:29:18Z
r01637,gsm_plus,c3,bm25,sample,2026-06-26T15:42:57Z
r01638,gsm_plus,c3,bm25,sample,2026-06-25T12:14:25Z
r01639,gsm_plus,c3,bm25,sample,2026-07-02T15:45:20Z
r01640,gsm_plus,c3,bm25,sample,2026-07-06T14:02:22Z
r01641,gsm_plus,c3,bm25,sample,2026-06-28T11:32:21Z
r01642,gsm_plus,c3,bm25,sample,2026-06-22T12:39:09Z
r01643,gsm_plus,c3,bm25,sample,2026-06-28T23:46:07Z
r01644,gsm_plus,c3,bm25,sample,2026-07-05T06:57:23Z
r01645,gsm_plus,c3,bm25,sample,2026-07-08T20:56:59Z
r01646,gsm_plus,c3,bm25,sample,2026-07-02T15:27:53Z
r01647,gsm_plus,c3,bm25,sample,2026-07-01T10:47:06Z
r01648,gsm_plus,c3,bm25,sample,2026-07-02T11:32:12Z
r01649,gsm_plus,c3,bm25,sample,2026-07-02T17:40:04Z
r01650,gsm_plus,c3,bm25,sample,2026-06-24T20:20:50Z
r01651,gsm_plus,c3,bm25,sample,2026-06-25T20:17:59Z
r01652,gsm_plus,c3,bm25,sample,2026-06-24T12:55:50Z
r01653,gsm_plus,c3,bm25,sample,2026-07-04T13:32:44Z
r01654,gsm_plus,c3,bm25,sample,2026-07-03T02:01:07Z
r01655,gsm_plus,c3,bm25,sample,2026-06-27T11:05:33Z
r01656,gsm_plus,c3,bm25,sample,2026-07-05T08:58:18Z
r01657,gsm_plus,c3,dense,greedy,2026-07-03T07:24:15Z
r01658,gsm_plus,c3,dense,greedy,2026-06-22T19:45:44Z
r01659,gsm_plus,c3,dense,greedy,2026-07-06T10:13:47Z
r01660,gsm_plus,c3,dense,greedy,2026-06-23T02:12:29Z
r01661,gsm_plus,c3,dense,greedy,2026-07-08T05:59:47Z
r01662,gsm_plus,c3,dense,greedy,2026-06-23T17:26:15Z
r01663,gsm_plus,c3,dense,greedy,2026-06-21T10:39:56Z
r01664,gsm_plus,c3,dense,greedy,2026-06-27T00:09:41Z
r01665,gsm_plus,c3,dense,greedy,2026-07-06T01:50:56Z
r01666,gsm_plus,c3,dense,greedy,2026-06-26T03:25:08Z
r01667,gsm_plus,c3,dense,greedy,2026-07-08T10:14:35Z
r01668,gsm_plus,c3,dense,greedy,2026-06-27T11:07:26Z
r01669,gsm_plus,c3,dense,greedy,2026-06-25T08:00:18Z
r01670,gsm_plus,c3,dense,greedy,2026-07-06T04:01:02Z
r01671,gsm_plus,c3,dense,greedy,2026-07-02T13:28:34Z
r01672,gsm_plus,c3,dense,greedy,2026-07-02T00:36:09Z
r01673,gsm_plus,c3,dense,greedy,2026-06-24T21:51:21Z
r01674,gsm_plus,c3,dense,greedy,2026-06-23T12:29:04Z
r01675,gsm_plus,c3,dense,greedy,2026-06-25T12:14:37Z
r01676,gsm_plus,c3,dense,greedy,2026-06-28T07:35:30Z
r01677,gsm_plus,c3,dense,greedy,2026-07-06T15:40:18Z
r01678,gsm_plus,c3,dense,greedy,2026-06-21T16:08:36Z
r01679,gsm_plus,c3,dense,greedy,2026-07-07T18:22:50Z
r01680,gsm_plus,c3,dense,greedy,2026-06-30T05:50:27Z
r01681,gsm_plus,c3,dense,greedy,2026-06-22T03:20:01Z
r01682,gsm_plus,c3,dense,greedy,2026-07-04T12:56:43Z
r01683,gsm_plus,c3,dense,greedy,2026-06-25T00:34:02Z
r01684,gsm_plus,c3,dense,greedy,2026-06-24T08:27:18Z
r01685,gsm_plus,c3,dense,greedy,2026-06-28T07:57:53Z
r01686,gsm_plus,c3,dense,greedy,2026-07-09T00:02:49Z
r01687,gsm_plus,c3,dense,greedy,2026-06-24T08:28:41Z
r01688,gsm_plus,c3,dense,greedy,2026-07-03T03:02:52Z
r01689,gsm_plus,c3,dense,greedy,2026-06-24T19:30:21Z
r01690,gsm_plus,c3,dense,greedy,2026-06-28T21:38:11Z
r01691,gsm_plus,c3,dense,greedy,2026-07-08T04:28:11Z
r01692,gsm_plus,c3,dense,greedy,2026-07-07T20:58:40Z
r01693,gsm_plus,c3,dense,sample,2026-06-22T09:36:03Z
r01694,gsm_plus,c3,dense,sample,2026-06-29T14:11:15Z
r01695,gsm_plus,c3,dense,sample,2026-06-30T01:03:44Z
r01696,gsm_plus,c3,dense,sample,2026-06-30T19:23:55Z
r01697,gsm_plus,c3,dense,sample,2026-07-01T02:38:19Z
r01698,gsm_plus,c3,dense,sample,2026-06-27T14:01:30Z
r01699,gsm_plus,c3,dense,sample,2026-06-29T02:16:53Z
r01700,gsm_plus,c3,dense,sample,2026-06-22T23:50:11Z
r01701,gsm_plus,c3,dense,sample,2026-06-23T17:05:37Z
r01702,gsm_plus,c3,dense,sample,2026-07-04T14:52:25Z
r01703,gsm_plus,c3,dense,sample,2026-07-03T15:23:35Z
r01704,gsm_plus,c3,dense,sample,2026-07-03T10:35:36Z
r01705,gsm_plus,c3,dense,sample,2026-06-24T16:39:51Z
r01706,gsm_plus,c3,dense,sample,2026-06-25T10:19:28Z
r01707,gsm_plus,c3,dense,sample,2026-06-21T11:41:30Z
r01708,gsm_plus,c3,dense,sample,2026-07-05T19:39:01Z
r01709,gsm_plus,c3,dense,sample,2026-07-01T11:45:25Z
r01710,gsm_plus,c3,dense,sample,2026-07-06T10:10:19Z
r01711,gsm_plus,c3,dense,sample,2026-07-08T05:45:38Z
r01712,gsm_plus,c3,dense,sample,2026-06-24T00:47:10Z
r01713,gsm_plus,c3,dense,sample,2026-07-08T14:17:39Z
r01714,gsm_plus,c3,dense,sample,2026-06-22T01:32:05Z
r01715,gsm_plus,c3,dense,sample,2026-07-01T09:02:40Z
r01716,gsm_plus,c3,dense,sample,2026-07-04T00:34:06Z
r01717,gsm_plus,c3,dense,sample,2026-06-26T04:12:33Z
r01718,gsm_plus,c3,dense,sample,2026-07-01T11:48:33Z
r01719,gsm_plus,c3,dense,sample,2026-07-01T10:48:55Z
r01720,gsm_plus,c3,dense,sample,2026-07-05T07:07:31Z
r01721,gsm_plus,c3,dense,sample,2026-06-25T06:36:39Z
r01722,gsm_plus,c3,dense,sample,2026-07-05T05:40:58Z
r01723,gsm_plus,c3,dense,sample,2026-06-28T18:25:23Z
r01724,gsm_plus,c3,dense,sample,2026-06-30T10:19:50Z
r01725,gsm_plus,c3,dense,sample,2026-07-03T09:36:54Z
r01726,gsm_plus,c3,dense,sample,2026-07-03T08:13:49Z
r01727,gsm_plus,c3,dense,sample,2026-06-28T19:53:27Z
r01728,gsm_plus,c3,dense,sample,2026-07-07T00:16:54Z
r01729,code_ms,c0,none,greedy,2026-07-02T05:39:00Z
r01730,code_ms,c0,none,greedy,2026-07-06T06:31:33Z
r01731,code_ms,c0,none,greedy,2026-07-03T07:18:16Z
r01732,code_ms,c0,none,greedy,2026-06-22T23:17:33Z
r01733,code_ms,c0,none,greedy,2026-06-21T17:15:55Z
r01734,code_ms,c0,none,greedy,2026-07-03T08:16:48Z
r01735,code_ms,c0,none,greedy,2026-07-06T00:17:15Z
r01736,code_ms,c0,none,greedy,2026-06-25T17:02:56Z
r01737,code_ms,c0,none,greedy,2026-06-25T07:28:52Z
r01738,code_ms,c0,none,greedy,2026-07-04T13:00:47Z
r01739,code_ms,c0,none,greedy,2026-06-25T10:31:18Z
r01740,code_ms,c0,none,greedy,2026-06-27T23:03:06Z
r01741,code_ms,c0,none,greedy,2026-06-27T14:12:13Z
r01742,code_ms,c0,none,greedy,2026-07-02T20:40:27Z
r01743,code_ms,c0,none,greedy,2026-07-02T08:45:21Z
r01744,code_ms,c0,none,greedy,2026-07-08T17:06:23Z
r01745,code_ms,c0,none,greedy,2026-06-25T15:22:16Z
r01746,code_ms,c0,none,greedy,2026-07-08T14:11:54Z
r01747,code_ms,c0,none,greedy,2026-06-22T14:26:31Z
r01748,code_ms,c0,none,greedy,2026-06-29T16:47:41Z
r01749,code_ms,c0,none,greedy,2026-06-30T08:03:28Z
r01750,code_ms,c0,none,greedy,2026-07-02T08:12:37Z
r01751,code_ms,c0,none,greedy,2026-06-25T11:33:56Z
r01752,code_ms,c0,none,greedy,2026-07-07T22:50:48Z
r01753,code_ms,c0,none,greedy,2026-06-30T08:44:22Z
r01754,code_ms,c0,none,greedy,2026-07-04T12:23:55Z
r01755,code_ms,c0,none,greedy,2026-06-29T23:21:36Z
r01756,code_ms,c0,none,greedy,2026-06-22T06:15:24Z
r01757,code_ms,c0,none,greedy,2026-06-26T02:21:34Z
r01758,code_ms,c0,none,greedy,2026-07-05T09:27:01Z
r01759,code_ms,c0,none,greedy,2026-07-05T14:55:10Z
r01760,code_ms,c0,none,greedy,2026-06-21T21:31:43Z
r01761,code_ms,c0,none,greedy,2026-06-22T11:36:47Z
r01762,code_ms,c0,none,greedy,2026-06-23T06:27:47Z
r01763,code_ms,c0,none,greedy,2026-06-28T03:50:46Z
r01764,code_ms,c0,none,greedy,2026-07-03T12:13:30Z
r01765,code_ms,c0,none,sample,2026-07-04T19:02:27Z
r01766,code_ms,c0,none,sample,2026-07-06T21:39:28Z
r01767,code_ms,c0,none,sample,2026-07-04T15:28:13Z
r01768,code_ms,c0,none,sample,2026-06-25T14:52:32Z
r01769,code_ms,c0,none,sample,2026-07-03T23:26:44Z
r01770,code_ms,c0,none,sample,2026-07-01T11:24:32Z
r01771,code_ms,c0,none,sample,2026-07-05T22:55:03Z
r01772,code_ms,c0,none,sample,2026-07-01T06:37:10Z
r01773,code_ms,c0,none,sample,2026-06-24T16:37:48Z
r01774,code_ms,c0,none,sample,2026-06-30T23:31:57Z
r01775,code_ms,c0,none,sample,2026-07-01T00:17:18Z
r01776,code_ms,c0,none,sample,2026-06-29T06:40:38Z
r01777,code_ms,c0,none,sample,2026-06-24T07:36:58Z
r01778,code_ms,c0,none,sample,2026-07-01T20:57:28Z
r01779,code_ms,c0,none,sample,2026-07-06T11:38:25Z
r01780,code_ms,c0,none,sample,2026-06-24T10:15:24Z
r01781,code_ms,c0,none,sample,2026-06-23T10:32:49Z
r01782,code_ms,c0,none,sample,2026-06-24T18:23:35Z
r01783,code_ms,c0,none,sample,2026-06-27T12:43:43Z
r01784,code_ms,c0,none,sample,2026-06-21T03:49:35Z
r01785,code_ms,c0,none,sample,2026-07-05T13:17:28Z
r01786,code_ms,c0,none,sample,2026-07-03T14:14:49Z
r01787,code_ms,c0,none,sample,2026-07-01T14:24:16Z
r01788,code_ms,c0,none,sample,2026-07-04T00:27:46Z
r01789,code_ms,c0,none,sample,2026-07-06T16:29:20Z
r01790,code_ms,c0,none,sample,2026-06-27T03:43:39Z
r01791,code_ms,c0,none,sample,2026-06-23T08:08:47Z
r01792,code_ms,c0,none,sample,2026-06-22T19:09:25Z
r01793,code_ms,c0,none,sample,2026-06-23T14:12:41Z
r01794,code_ms,c0,none,sample,2026-06-30T05:29:16Z
r01795,code_ms,c0,none,sample,2026-06-28T22:03:44Z
r01796,code_ms,c0,none,sample,2026-07-02T02:59:03Z
r01797,code_ms,c0,none,sample,2026-06-27T13:09:57Z
r01798,code_ms,c0,none,sample,2026-07-08T12:03:32Z
r01799,code_ms,c0,none,sample,2026-06-22T10:32:30Z
r01800,code_ms,c0,none,sample,2026-07-06T03:55:55Z
r01801,code_ms,c0,bm25,greedy,2026-06-29T16:05:53Z
r01802,code_ms,c0,bm25,greedy,2026-07-05T21:50:32Z
r01803,code_ms,c0,bm25,greedy,2026-06-27T20:56:48Z
r01804,code_ms,c0,bm25,greedy,2026-07-07T14:14:43Z
r01805,code_ms,c0,bm25,greedy,2026-06-22T20:21:07Z
r01806,code_ms,c0,bm25,greedy,2026-06-23T00:54:56Z
r01807,code_ms,c0,bm25,greedy,2026-06-30T23:00:08Z
r01808,code_ms,c0,bm25,greedy,2026-06-23T18:12:04Z
r01809,code_ms,c0,bm25,greedy,2026-07-07T11:38:39Z
r01810,code_ms,c0,bm25,greedy,2026-06-30T00:16:54Z
r01811,code_ms,c0,bm25,greedy,2026-07-08T16:01:04Z
r01812,code_ms,c0,bm25,greedy,2026-07-07T10:06:15Z
r01813,code_ms,c0,bm25,greedy,2026-06-26T06:47:45Z
r01814,code_ms,c0,bm25,greedy,2026-06-27T16:55:13Z
r01815,code_ms,c0,bm25,greedy,2026-06-23T22:32:36Z
r01816,code_ms,c0,bm25,greedy,2026-06-24T20:35:49Z
r01817,code_ms,c0,bm25,greedy,2026-06-23T15:26:37Z
r01818,code_ms,c0,bm25,greedy,2026-06-30T22:16:37Z
r01819,code_ms,c0,bm25,greedy,2026-07-08T16:52:19Z
r01820,code_ms,c0,bm25,greedy,2026-07-04T10:42:12Z
r01821,code_ms,c0,bm25,greedy,2026-06-25T14:24:05Z
r01822,code_ms,c0,bm25,greedy,2026-07-04T12:50:11Z
r01823,code_ms,c0,bm25,greedy,2026-06-26T15:40:20Z
r01824,code_ms,c0,bm25,greedy,2026-06-25T02:03:10Z
r01825,code_ms,c0,bm25,greedy,2026-07-06T00:35:28Z
r01826,code_ms,c0,bm25,greedy,2026-06-26T15:08:29Z
r01827,code_ms,c0,bm25,greedy,2026-06-23T09:11:04Z
r01828,code_ms,c0,bm25,greedy,2026-06-28T22:18:59Z
r01829,code_ms,c0,bm25,greedy,2026-07-03T03:15:14Z
r01830,code_ms,c0,bm25,greedy,2026-07-06T21:04:20Z
r01831,code_ms,c0,bm25,greedy,2026-07-01T23:20:27Z
r01832,code_ms,c0,bm25,greedy,2026-07-03T09:08:03Z
r01833,code_ms,c0,bm25,greedy,2026-07-05T12:30:52Z
r01834,code_ms,c0,bm25,greedy,2026-07-04T00:18:14Z
r01835,code_ms,c0,bm25,greedy,2026-07-08T03:30:47Z
r01836,code_ms,c0,bm25,greedy,2026-06-22T03:00:46Z
r01837,code_ms,c0,bm25,sample,2026-06-28T09:53:47Z
r01838,code_ms,c0,bm25,sample,2026-06-27T17:56:44Z
r01839,code_ms,c0,bm25,sample,2026-06-29T03:05:04Z
r01840,code_ms,c0,bm25,sample,2026-07-02T01:09:12Z
r01841,code_ms,c0,bm25,sample,2026-07-05T23:13:17Z
r01842,code_ms,c0,bm25,sample,2026-07-06T04:23:14Z
r01843,code_ms,c0,bm25,sample,2026-06-26T22:56:58Z
r01844,code_ms,c0,bm25,sample,2026-07-04T12:48:29Z
r01845,code_ms,c0,bm25,sample,2026-07-02T21:36:05Z
r01846,code_ms,c0,bm25,sample,2026-06-25T13:38:05Z
r01847,code_ms,c0,bm25,sample,2026-06-23T09:34:43Z
r01848,code_ms,c0,bm25,sample,2026-06-24T03:28:13Z
r01849,code_ms,c0,bm25,sample,2026-07-04T22:03:31Z
r01850,code_ms,c0,bm25,sample,2026-07-05T14:19:21Z
r01851,code_ms,c0,bm25,sample,2026-06-24T18:26:57Z
r01852,code_ms,c0,bm25,sample,2026-06-26T11:14:18Z
r01853,code_ms,c0,bm25,sample,2026-06-29T13:17:00Z
r01854,code_ms,c0,bm25,sample,2026-06-26T04:03:39Z
r01855,code_ms,c0,bm25,sample,2026-07-08T21:14:55Z
r01856,code_ms,c0,bm25,sample,2026-07-05T07:00:07Z
r01857,code_ms,c0,bm25,sample,2026-06-23T02:53:41Z
r01858,code_ms,c0,bm25,sample,2026-06-22T16:29:55Z
r01859,code_ms,c0,bm25,sample,2026-06-27T02:44:54Z
r01860,code_ms,c0,bm25,sample,2026-07-02T21:36:27Z
r01861,code_ms,c0,bm25,sample,2026-06-29T17:40:32Z
r01862,code_ms,c0,bm25,sample,2026-06-24T14:18:56Z
r01863,code_ms,c0,bm25,sample,2026-06-24T03:11:21Z
r01864,code_ms,c0,bm25,sample,2026-06-21T13:59:11Z
r01865,code_ms,c0,bm25,sample,2026-06-30T16:58:58Z
r01866,code_ms,c0,bm25,sample,2026-07-07T15:46:38Z
r01867,code_ms,c0,bm25,sample,2026-07-03T23:52:15Z
r01868,code_ms,c0,bm25,sample,2026-06-28T18:44:34Z
r01869,code_ms,c0,bm25,sample,2026-06-28T20:17:34Z
r01870,code_ms,c0,bm25,sample,2026-06-25T22:42:04Z
r01871,code_ms,c0,bm25,sample,2026-06-30T18:28:03Z
r01872,code_ms,c0,bm25,sample,2026-07-04T15:44:32Z
r01873,code_ms,c0,dense,greedy,2026-06-22T03:59:21Z
r01874,code_ms,c0,dense,greedy,2026-07-06T12:33:32Z
r01875,code_ms,c0,dense,greedy,2026-06-24T18:51:41Z
r01876,code_ms,c0,dense,greedy,2026-06-23T13:33:58Z
r01877,code_ms,c0,dense,greedy,2026-06-28T06:21:54Z
r01878,code_ms,c0,dense,greedy,2026-07-06T12:25:29Z
r01879,code_ms,c0,dense,greedy,2026-06-28T10:28:12Z
r01880,code_ms,c0,dense,greedy,2026-07-06T13:51:30Z
r01881,code_ms,c0,dense,greedy,2026-06-30T09:14:48Z
r01882,code_ms,c0,dense,greedy,2026-06-24T00:08:42Z
r01883,code_ms,c0,dense,greedy,2026-07-08T14:05:10Z
r01884,code_ms,c0,dense,greedy,2026-07-04T04:18:24Z
r01885,code_ms,c0,dense,greedy,2026-06-24T10:15:56Z
r01886,code_ms,c0,dense,greedy,2026-07-01T07:31:07Z
r01887,code_ms,c0,dense,greedy,2026-06-22T04:00:06Z
r01888,code_ms,c0,dense,greedy,2026-07-03T23:44:36Z
r01889,code_ms,c0,dense,greedy,2026-06-23T16:38:13Z
r01890,code_ms,c0,dense,greedy,2026-06-28T21:16:03Z
r01891,code_ms,c0,dense,greedy,2026-07-01T18:41:23Z
r01892,code_ms,c0,dense,greedy,2026-07-01T21:19:34Z
r01893,code_ms,c0,dense,greedy,2026-07-05T10:11:32Z
r01894,code_ms,c0,dense,greedy,2026-06-21T01:29:21Z
r01895,code_ms,c0,dense,greedy,2026-06-23T12:05:39Z
r01896,code_ms,c0,dense,greedy,2026-06-26T05:45:32Z
r01897,code_ms,c0,dense,greedy,2026-07-03T06:34:35Z
r01898,code_ms,c0,dense,greedy,2026-07-04T10:28:40Z
r01899,code_ms,c0,dense,greedy,2026-06-30T20:30:27Z
r01900,code_ms,c0,dense,greedy,2026-06-25T12:36:10Z
r01901,code_ms,c0,dense,greedy,2026-06-25T10:09:22Z
r01902,code_ms,c0,dense,greedy,2026-07-08T07:06:01Z
r01903,code_ms,c0,dense,greedy,2026-07-07T12:59:31Z
r01904,code_ms,c0,dense,greedy,2026-06-27T12:45:08Z
r01905,code_ms,c0,dense,greedy,2026-06-22T16:10:31Z
r01906,code_ms,c0,dense,greedy,2026-07-02T07:26:17Z
r01907,code_ms,c0,dense,greedy,2026-07-05T01:19:46Z
r01908,code_ms,c0,dense,greedy,2026-07-01T20:22:31Z
r01909,code_ms,c0,dense,sample,2026-06-25T08:40:06Z
r01910,code_ms,c0,dense,sample,2026-06-30T14:31:19Z
r01911,code_ms,c0,dense,sample,2026-06-25T09:11:39Z
r01912,code_ms,c0,dense,sample,2026-06-21T00:17:27Z
r01913,code_ms,c0,dense,sample,2026-06-24T07:28:57Z
r01914,code_ms,c0,dense,sample,2026-07-06T20:46:11Z
r01915,code_ms,c0,dense,sample,2026-06-29T09:27:28Z
r01916,code_ms,c0,dense,sample,2026-06-24T12:29:12Z
r01917,code_ms,c0,dense,sample,2026-06-30T03:01:54Z
r01918,code_ms,c0,dense,sample,2026-06-27T04:15:41Z
r01919,code_ms,c0,dense,sample,2026-07-05T22:10:19Z
r01920,code_ms,c0,dense,sample,2026-06-21T09:45:35Z
r01921,code_ms,c0,dense,sample,2026-06-30T18:54:03Z
r01922,code_ms,c0,dense,sample,2026-07-07T16:17:13Z
r01923,code_ms,c0,dense,sample,2026-07-03T14:09:46Z
r01924,code_ms,c0,dense,sample,2026-07-07T17:20:24Z
r01925,code_ms,c0,dense,sample,2026-06-22T15:54:56Z
r01926,code_ms,c0,dense,sample,2026-06-24T17:56:06Z
r01927,code_ms,c0,dense,sample,2026-07-02T12:29:20Z
r01928,code_ms,c0,dense,sample,2026-06-23T12:24:28Z
r01929,code_ms,c0,dense,sample,2026-06-22T18:23:41Z
r01930,code_ms,c0,dense,sample,2026-07-06T08:35:39Z
r01931,code_ms,c0,dense,sample,2026-06-29T11:37:51Z
r01932,code_ms,c0,dense,sample,2026-07-07T08:21:50Z
r01933,code_ms,c0,dense,sample,2026-07-07T07:05:48Z
r01934,code_ms,c0,dense,sample,2026-06-22T00:17:10Z
r01935,code_ms,c0,dense,sample,2026-07-06T08:38:26Z
r01936,code_ms,c0,dense,sample,2026-07-06T16:38:01Z
r01937,code_ms,c0,dense,sample,2026-06-22T00:18:03Z
r01938,code_ms,c0,dense,sample,2026-06-23T16:44:00Z
r01939,code_ms,c0,dense,sample,2026-07-03T05:05:19Z
r01940,code_ms,c0,dense,sample,2026-06-23T01:49:54Z
r01941,code_ms,c0,dense,sample,2026-07-05T21:04:10Z
r01942,code_ms,c0,dense,sample,2026-06-22T13:46:11Z
r01943,code_ms,c0,dense,sample,2026-06-27T07:10:15Z
r01944,code_ms,c0,dense,sample,2026-07-03T08:26:43Z
r01945,code_ms,c1,none,greedy,2026-06-29T03:52:15Z
r01946,code_ms,c1,none,greedy,2026-06-28T22:38:47Z
r01947,code_ms,c1,none,greedy,2026-06-26T09:48:26Z
r01948,code_ms,c1,none,greedy,2026-07-07T10:37:16Z
r01949,code_ms,c1,none,greedy,2026-07-01T12:59:13Z
r01950,code_ms,c1,none,greedy,2026-06-26T13:45:27Z
r01951,code_ms,c1,none,greedy,2026-07-08T23:48:46Z
r01952,code_ms,c1,none,greedy,2026-06-30T23:25:31Z
r01953,code_ms,c1,none,greedy,2026-06-23T17:25:04Z
r01954,code_ms,c1,none,greedy,2026-06-30T19:48:31Z
r01955,code_ms,c1,none,greedy,2026-06-27T18:06:15Z
r01956,code_ms,c1,none,greedy,2026-06-28T15:10:58Z
r01957,code_ms,c1,none,greedy,2026-06-29T06:23:56Z
r01958,code_ms,c1,none,greedy,2026-07-01T09:04:58Z
r01959,code_ms,c1,none,greedy,2026-06-28T02:50:18Z
r01960,code_ms,c1,none,greedy,2026-06-27T03:16:58Z
r01961,code_ms,c1,none,greedy,2026-06-27T06:26:23Z
r01962,code_ms,c1,none,greedy,2026-07-07T05:25:07Z
r01963,code_ms,c1,none,greedy,2026-07-02T14:51:33Z
r01964,code_ms,c1,none,greedy,2026-07-06T06:45:53Z
r01965,code_ms,c1,none,greedy,2026-07-02T03:19:26Z
r01966,code_ms,c1,none,greedy,2026-06-27T17:42:45Z
r01967,code_ms,c1,none,greedy,2026-07-05T05:26:42Z
r01968,code_ms,c1,none,greedy,2026-07-04T21:07:44Z
r01969,code_ms,c1,none,greedy,2026-07-02T12:23:41Z
r01970,code_ms,c1,none,greedy,2026-07-03T11:16:49Z
r01971,code_ms,c1,none,greedy,2026-06-28T09:57:18Z
r01972,code_ms,c1,none,greedy,2026-07-07T13:32:07Z
r01973,code_ms,c1,none,greedy,2026-07-02T16:05:00Z
r01974,code_ms,c1,none,greedy,2026-06-27T23:34:21Z
r01975,code_ms,c1,none,greedy,2026-06-29T10:55:20Z
r01976,code_ms,c1,none,greedy,2026-07-03T10:07:06Z
r01977,code_ms,c1,none,greedy,2026-06-27T17:03:50Z
r01978,code_ms,c1,none,greedy,2026-07-03T22:00:22Z
r01979,code_ms,c1,none,greedy,2026-07-06T05:12:08Z
r01980,code_ms,c1,none,greedy,2026-06-27T03:42:24Z
r01981,code_ms,c1,none,sample,2026-07-04T02:26:20Z
r01982,code_ms,c1,none,sample,2026-07-03T06:58:48Z
r01983,code_ms,c1,none,sample,2026-07-02T07:05:39Z
r01984,code_ms,c1,none,sample,2026-06-23T06:06:10Z
r01985,code_ms,c1,none,sample,2026-06-23T19:10:27Z
r01986,code_ms,c1,none,sample,2026-07-01T09:54:51Z
r01987,code_ms,c1,none,sample,2026-07-04T05:14:58Z
r01988,code_ms,c1,none,sample,2026-06-26T09:35:33Z
r01989,code_ms,c1,none,sample,2026-07-07T04:00:50Z
r01990,code_ms,c1,none,sample,2026-07-08T07:20:31Z
r01991,code_ms,c1,none,sample,2026-07-07T09:58:43Z
r01992,code_ms,c1,none,sample,2026-06-23T08:08:25Z
r01993,code_ms,c1,none,sample,2026-06-22T23:55:19Z
r01994,code_ms,c1,none,sample,2026-06-29T02:09:33Z
r01995,code_ms,c1,none,sample,2026-06-23T04:05:50Z
r01996,code_ms,c1,none,sample,2026-07-03T05:29:41Z
r01997,code_ms,c1,none,sample,2026-07-07T05:45:43Z
r01998,code_ms,c1,none,sample,2026-07-05T19:28:20Z
r01999,code_ms,c1,none,sample,2026-06-25T10:59:33Z
r02000,code_ms,c1,none,sample,2026-06-25T00:19:56Z
r02001,code_ms,c1,none,sample,2026-06-24T03:18:22Z
r02002,code_ms,c1,none,sample,2026-07-08T09:37:11Z
r02003,code_ms,c1,none,sample,2026-07-06T23:26:54Z
r02004,code_ms,c1,none,sample,2026-06-29T21:36:26Z
r02005,code_ms,c1,none,sample,2026-07-07T20:15:07Z
r02006,code_ms,c1,none,sample,2026-07-03T09:09:01Z
r02007,code_ms,c1,none,sample,2026-06-22T19:15:09Z
r02008,code_ms,c1,none,sample,2026-06-26T11:31:41Z
r02009,code_ms,c1,none,sample,2026-06-28T23:26:56Z
r02010,code_ms,c1,none,sample,2026-06-25T12:32:54Z
r02011,code_ms,c1,none,sample,2026-06-23T16:21:22Z
r02012,code_ms,c1,none,sample,2026-06-23T19:00:18Z
r02013,code_ms,c1,none,sample,2026-06-30T11:33:23Z
r02014,code_ms,c1,none,sample,2026-07-07T03:29:35Z
r02015,code_ms,c1,none,sample,2026-07-02T12:20:51Z
r02016,code_ms,c1,none,sample,2026-07-01T10:34:30Z
r02017,code_ms,c1,bm25,greedy,2026-07-02T16:50:06Z
r02018,code_ms,c1,bm25,greedy,2026-06-26T13:54:46Z
r02019,code_ms,c1,bm25,greedy,2026-06-30T09:35:15Z
r02020,code_ms,c1,bm25,greedy,2026-07-05T14:54:39Z
r02021,code_ms,c1,bm25,greedy,2026-06-26T03:45:48Z
r02022,code_ms,c1,bm25,greedy,2026-07-05T12:23:28Z
r02023,code_ms,c1,bm25,greedy,2026-07-04T11:48:35Z
r02024,code_ms,c1,bm25,greedy,2026-06-27T10:44:03Z
r02025,code_ms,c1,bm25,greedy,2026-06-26T02:03:51Z
r02026,code_ms,c1,bm25,greedy,2026-07-08T00:15:30Z
r02027,code_ms,c1,bm25,greedy,2026-07-08T00:35:08Z
r02028,code_ms,c1,bm25,greedy,2026-06-25T05:35:15Z
r02029,code_ms,c1,bm25,greedy,2026-06-24T10:18:07Z
r02030,code_ms,c1,bm25,greedy,2026-07-03T13:19:35Z
r02031,code_ms,c1,bm25,greedy,2026-07-07T20:30:32Z
r02032,code_ms,c1,bm25,greedy,2026-06-24T05:26:29Z
r02033,code_ms,c1,bm25,greedy,2026-07-03T18:31:35Z
r02034,code_ms,c1,bm25,greedy,2026-06-27T15:51:46Z
r02035,code_ms,c1,bm25,greedy,2026-07-04T21:04:16Z
r02036,code_ms,c1,bm25,greedy,2026-07-07T11:29:25Z
r02037,code_ms,c1,bm25,greedy,2026-06-21T13:15:56Z
r02038,code_ms,c1,bm25,greedy,2026-07-01T13:11:01Z
r02039,code_ms,c1,bm25,greedy,2026-07-06T14:26:15Z
r02040,code_ms,c1,bm25,greedy,2026-07-03T20:51:57Z
r02041,code_ms,c1,bm25,greedy,2026-06-27T14:58:33Z
r02042,code_ms,c1,bm25,greedy,2026-06-24T06:10:30Z
r02043,code_ms,c1,bm25,greedy,2026-07-02T19:24:57Z
r02044,code_ms,c1,bm25,greedy,2026-06-24T08:22:52Z
r02045,code_ms,c1,bm25,greedy,2026-06-24T20:05:18Z
r02046,code_ms,c1,bm25,greedy,2026-06-30T20:23:14Z
r02047,code_ms,c1,bm25,greedy,2026-06-27T16:43:30Z
r02048,code_ms,c1,bm25,greedy,2026-07-05T05:41:58Z
r02049,code_ms,c1,bm25,greedy,2026-07-04T12:01:10Z
r02050,code_ms,c1,bm25,greedy,2026-07-05T06:27:40Z
r02051,code_ms,c1,bm25,greedy,2026-06-30T10:58:15Z
r02052,code_ms,c1,bm25,greedy,2026-07-03T19:42:12Z
r02053,code_ms,c1,bm25,sample,2026-07-01T16:52:34Z
r02054,code_ms,c1,bm25,sample,2026-06-27T01:46:36Z
r02055,code_ms,c1,bm25,sample,2026-07-03T06:51:28Z
r02056,code_ms,c1,bm25,sample,2026-06-27T18:09:14Z
r02057,code_ms,c1,bm25,sample,2026-06-29T15:10:54Z
r02058,code_ms,c1,bm25,sample,2026-06-29T21:09:22Z
r02059,code_ms,c1,bm25,sample,2026-07-03T08:40:01Z
r02060,code_ms,c1,bm25,sample,2026-06-30T22:10:12Z
r02061,code_ms,c1,bm25,sample,2026-06-27T08:00:14Z
r02062,code_ms,c1,bm25,sample,2026-06-29T20:38:06Z
r02063,code_ms,c1,bm25,sample,2026-07-01T21:07:34Z
r02064,code_ms,c1,bm25,sample,2026-07-02T03:50:23Z
r02065,code_ms,c1,bm25,sample,2026-06-28T02:45:50Z
r02066,code_ms,c1,bm25,sample,2026-07-02T00:09:26Z
r02067,code_ms,c1,bm25,sample,2026-06-29T14:35:51Z
r02068,code_ms,c1,bm25,sample,2026-07-03T07:31:50Z
r02069,code_ms,c1,bm25,sample,2026-06-29T15:46:24Z
r02070,code_ms,c1,bm25,sample,2026-07-02T02:44:33Z
r02071,code_ms,c1,bm25,sample,2026-06-27T20:01:39Z
r02072,code_ms,c1,bm25,sample,2026-07-01T07:11:24Z
r02073,code_ms,c1,bm25,sample,2026-06-29T23:00:35Z
r02074,code_ms,c1,bm25,sample,2026-06-28T07:29:13Z
r02075,code_ms,c1,bm25,sample,2026-06-29T17:20:36Z
r02076,code_ms,c1,bm25,sample,2026-07-02T19:44:19Z
r02077,code_ms,c1,bm25,sample,2026-06-29T17:06:16Z
r02078,code_ms,c1,bm25,sample,2026-07-01T18:53:48Z
r02079,code_ms,c1,bm25,sample,2026-06-29T00:07:05Z
r02080,code_ms,c1,bm25,sample,2026-06-27T15:05:09Z
r02081,code_ms,c1,bm25,sample,2026-06-27T15:19:24Z
r02082,code_ms,c1,bm25,sample,2026-06-28T10:09:44Z
r02083,code_ms,c1,bm25,sample,2026-07-02T10:42:23Z
r02084,code_ms,c1,bm25,sample,2026-06-30T08:35:05Z
r02085,code_ms,c1,bm25,sample,2026-06-27T10:07:30Z
r02086,code_ms,c1,bm25,sample,2026-07-02T07:21:17Z
r02087,code_ms,c1,bm25,sample,2026-07-02T07:34:35Z
r02088,code_ms,c1,bm25,sample,2026-07-02T21:11:44Z
r02089,code_ms,c1,dense,greedy,2026-07-02T00:45:57Z
r02090,code_ms,c1,dense,greedy,2026-06-28T08:57:51Z
r02091,code_ms,c1,dense,greedy,2026-07-01T20:55:27Z
r02092,code_ms,c1,dense,greedy,2026-06-21T14:05:06Z
r02093,code_ms,c1,dense,greedy,2026-06-22T03:42:29Z
r02094,code_ms,c1,dense,greedy,2026-06-27T02:05:06Z
r02095,code_ms,c1,dense,greedy,2026-07-08T15:56:04Z
r02096,code_ms,c1,dense,greedy,2026-07-01T07:57:43Z
r02097,code_ms,c1,dense,greedy,2026-07-04T02:38:36Z
r02098,code_ms,c1,dense,greedy,2026-06-23T15:58:26Z
r02099,code_ms,c1,dense,greedy,2026-06-25T01:07:16Z
r02100,code_ms,c1,dense,greedy,2026-07-06T00:11:39Z
r02101,code_ms,c1,dense,greedy,2026-07-03T23:23:34Z
r02102,code_ms,c1,dense,greedy,2026-07-01T10:48:07Z
r02103,code_ms,c1,dense,greedy,2026-07-04T01:13:34Z
r02104,code_ms,c1,dense,greedy,2026-06-22T02:47:54Z
r02105,code_ms,c1,dense,greedy,2026-06-29T14:41:59Z
r02106,code_ms,c1,dense,greedy,2026-07-03T00:51:22Z
r02107,code_ms,c1,dense,greedy,2026-06-29T08:31:03Z
r02108,code_ms,c1,dense,greedy,2026-06-22T02:51:54Z
r02109,code_ms,c1,dense,greedy,2026-06-21T03:49:02Z
r02110,code_ms,c1,dense,greedy,2026-06-28T12:10:21Z
r02111,code_ms,c1,dense,greedy,2026-07-02T22:20:47Z
r02112,code_ms,c1,dense,greedy,2026-06-27T10:00:16Z
r02113,code_ms,c1,dense,greedy,2026-06-30T13:22:07Z
r02114,code_ms,c1,dense,greedy,2026-07-02T05:13:18Z
r02115,code_ms,c1,dense,greedy,2026-06-24T19:29:01Z
r02116,code_ms,c1,dense,greedy,2026-06-27T01:52:37Z
r02117,code_ms,c1,dense,greedy,2026-06-22T03:35:43Z
r02118,code_ms,c1,dense,greedy,2026-07-04T13:56:53Z
r02119,code_ms,c1,dense,greedy,2026-06-30T08:20:09Z
r02120,code_ms,c1,dense,greedy,2026-07-03T08:04:04Z
r02121,code_ms,c1,dense,greedy,2026-07-01T04:49:40Z
r02122,code_ms,c1,dense,greedy,2026-07-01T17:00:38Z
r02123,code_ms,c1,dense,greedy,2026-06-27T09:05:23Z
r02124,code_ms,c1,dense,greedy,2026-07-04T20:47:32Z
r02125,code_ms,c1,dense,sample,2026-07-08T04:43:35Z
r02126,code_ms,c1,dense,sample,2026-06-23T20:06:17Z
r02127,code_ms,c1,dense,sample,2026-06-29T11:59:50Z
r02128,code_ms,c1,dense,sample,2026-07-05T03:12:43Z
r02129,code_ms,c1,dense,sample,2026-07-03T00:51:04Z
r02130,code_ms,c1,dense,sample,2026-07-01T04:03:17Z
r02131,code_ms,c1,dense,sample,2026-06-23T05:02:08Z
r02132,code_ms,c1,dense,sample,2026-07-07T08:37:01Z
r02133,code_ms,c1,dense,sample,2026-06-24T15:11:53Z
r02134,code_ms,c1,dense,sample,2026-07-06T00:41:55Z
r02135,code_ms,c1,dense,sample,2026-06-28T16:43:13Z
r02136,code_ms,c1,dense,sample,2026-06-25T06:29:15Z
r02137,code_ms,c1,dense,sample,2026-06-21T01:43:10Z
r02138,code_ms,c1,dense,sample,2026-06-23T08:30:34Z
r02139,code_ms,c1,dense,sample,2026-07-01T21:53:04Z
r02140,code_ms,c1,dense,sample,2026-06-21T19:44:24Z
r02141,code_ms,c1,dense,sample,2026-07-08T18:50:12Z
r02142,code_ms,c1,dense,sample,2026-06-22T21:12:14Z
r02143,code_ms,c1,dense,sample,2026-06-25T15:29:17Z
r02144,code_ms,c1,dense,sample,2026-07-08T14:16:28Z
r02145,code_ms,c1,dense,sample,2026-06-25T09:30:48Z
r02146,code_ms,c1,dense,sample,2026-07-03T05:54:10Z
r02147,code_ms,c1,dense,sample,2026-06-30T01:29:59Z
r02148,code_ms,c1,dense,sample,2026-06-23T07:54:20Z
r02149,code_ms,c1,dense,sample,2026-06-28T21:54:04Z
r02150,code_ms,c1,dense,sample,2026-07-02T23:19:25Z
r02151,code_ms,c1,dense,sample,2026-06-22T17:09:03Z
r02152,code_ms,c1,dense,sample,2026-06-24T05:56:42Z
r02153,code_ms,c1,dense,sample,2026-06-27T03:27:29Z
r02154,code_ms,c1,dense,sample,2026-06-25T05:27:30Z
r02155,code_ms,c1,dense,sample,2026-07-03T13:35:29Z
r02156,code_ms,c1,dense,sample,2026-06-21T01:46:16Z
r02157,code_ms,c1,dense,sample,2026-06-22T05:02:30Z
r02158,code_ms,c1,dense,sample,2026-06-29T12:05:22Z
r02159,code_ms,c1,dense,sample,2026-06-24T23:52:51Z
r02160,code_ms,c1,dense,sample,2026-06-30T05:36:31Z
r02161,code_ms,c2,none,greedy,2026-06-24T11:15:34Z
r02162,code_ms,c2,none,greedy,2026-06-23T11:36:52Z
r02163,code_ms,c2,none,greedy,2026-06-30T05:43:45Z
r02164,code_ms,c2,none,greedy,2026-07-04T13:41:15Z
r02165,code_ms,c2,none,greedy,2026-06-28T19:27:24Z
r02166,code_ms,c2,none,greedy,2026-06-25T03:57:50Z
r02167,code_ms,c2,none,greedy,2026-06-22T14:14:47Z
r02168,code_ms,c2,none,greedy,2026-06-23T14:46:24Z
r02169,code_ms,c2,none,greedy,2026-07-06T02:35:27Z
r02170,code_ms,c2,none,greedy,2026-06-28T15:34:46Z
r02171,code_ms,c2,none,greedy,2026-06-28T20:07:40Z
r02172,code_ms,c2,none,greedy,2026-06-22T23:45:14Z
r02173,code_ms,c2,none,greedy,2026-06-25T11:17:04Z
r02174,code_ms,c2,none,greedy,2026-06-29T05:56:45Z
r02175,code_ms,c2,none,greedy,2026-07-06T16:21:02Z
r02176,code_ms,c2,none,greedy,2026-06-26T02:13:03Z
r02177,code_ms,c2,none,greedy,2026-06-27T18:01:12Z
r02178,code_ms,c2,none,greedy,2026-07-07T23:49:53Z
r02179,code_ms,c2,none,greedy,2026-07-04T14:38:29Z
r02180,code_ms,c2,none,greedy,2026-07-04T07:13:19Z
r02181,code_ms,c2,none,greedy,2026-06-30T12:30:08Z
r02182,code_ms,c2,none,greedy,2026-06-22T11:30:47Z
r02183,code_ms,c2,none,greedy,2026-07-02T08:23:18Z
r02184,code_ms,c2,none,greedy,2026-06-21T16:11:10Z
r02185,code_ms,c2,none,greedy,2026-07-08T16:36:21Z
r02186,code_ms,c2,none,greedy,2026-06-24T05:22:11Z
r02187,code_ms,c2,none,greedy,2026-06-30T04:04:46Z
r02188,code_ms,c2,none,greedy,2026-07-04T20:01:38Z
r02189,code_ms,c2,none,greedy,2026-07-02T04:56:26Z
r02190,code_ms,c2,none,greedy,2026-07-02T06:42:04Z
r02191,code_ms,c2,none,greedy,2026-07-05T22:30:45Z
r02192,code_ms,c2,none,greedy,2026-07-03T20:57:43Z
r02193,code_ms,c2,none,greedy,2026-07-07T12:41:56Z
r02194,code_ms,c2,none,greedy,2026-07-02T17:43:01Z
r02195,code_ms,c2,none,greedy,2026-07-05T03:55:28Z
r02196,code_ms,c2,none,greedy,2026-07-03T10:20:43Z
r02197,code_ms,c2,none,sample,2026-06-23T21:37:48Z
r02198,code_ms,c2,none,sample,2026-07-02T13:37:50Z
r02199,code_ms,c2,none,sample,2026-07-04T04:47:27Z
r02200,code_ms,c2,none,sample,2026-06-29T21:58:16Z
r02201,code_ms,c2,none,sample,2026-06-27T17:06:45Z
r02202,code_ms,c2,none,sample,2026-07-04T08:53:42Z
r02203,code_ms,c2,none,sample,2026-06-28T15:10:22Z
r02204,code_ms,c2,none,sample,2026-06-23T02:47:38Z
r02205,code_ms,c2,none,sample,2026-06-22T14:29:35Z
r02206,code_ms,c2,none,sample,2026-07-02T00:16:22Z
r02207,code_ms,c2,none,sample,2026-06-26T15:01:28Z
r02208,code_ms,c2,none,sample,2026-06-28T20:43:06Z
r02209,code_ms,c2,none,sample,2026-07-06T01:32:58Z
r02210,code_ms,c2,none,sample,2026-06-24T14:53:33Z
r02211,code_ms,c2,none,sample,2026-06-21T16:29:37Z
r02212,code_ms,c2,none,sample,2026-06-29T11:07:31Z
r02213,code_ms,c2,none,sample,2026-06-22T18:08:12Z
r02214,code_ms,c2,none,sample,2026-06-25T07:02:56Z
r02215,code_ms,c2,none,sample,2026-06-27T20:52:25Z
r02216,code_ms,c2,none,sample,2026-07-04T19:26:37Z
r02217,code_ms,c2,none,sample,2026-07-06T15:32:53Z
r02218,code_ms,c2,none,sample,2026-07-06T07:49:51Z
r02219,code_ms,c2,none,sample,2026-06-24T08:08:32Z
r02220,code_ms,c2,none,sample,2026-07-08T02:23:26Z
r02221,code_ms,c2,none,sample,2026-06-24T01:54:51Z
r02222,code_ms,c2,none,sample,2026-07-06T14:57:33Z
r02223,code_ms,c2,none,sample,2026-06-27T15:31:29Z
r02224,code_ms,c2,none,sample,2026-06-26T19:21:08Z
r02225,code_ms,c2,none,sample,2026-06-24T21:24:58Z
r02226,code_ms,c2,none,sample,2026-07-08T02:36:10Z
r02227,code_ms,c2,none,sample,2026-07-07T05:44:18Z
r02228,code_ms,c2,none,sample,2026-06-22T12:49:39Z
r02229,code_ms,c2,none,sample,2026-06-26T13:23:40Z
r02230,code_ms,c2,none,sample,2026-07-05T01:59:09Z
r02231,code_ms,c2,none,sample,2026-06-26T14:00:05Z
r02232,code_ms,c2,none,sample,2026-07-02T04:55:24Z
r02233,code_ms,c2,bm25,greedy,2026-06-27T15:42:54Z
r02234,code_ms,c2,bm25,greedy,2026-07-02T08:16:27Z
r02235,code_ms,c2,bm25,greedy,2026-07-05T12:41:55Z
r02236,code_ms,c2,bm25,greedy,2026-07-06T15:05:33Z
r02237,code_ms,c2,bm25,greedy,2026-07-01T22:50:32Z
r02238,code_ms,c2,bm25,greedy,2026-06-26T18:30:46Z
r02239,code_ms,c2,bm25,greedy,2026-07-03T12:49:43Z
r02240,code_ms,c2,bm25,greedy,2026-06-22T18:30:14Z
r02241,code_ms,c2,bm25,greedy,2026-07-01T04:37:16Z
r02242,code_ms,c2,bm25,greedy,2026-06-26T10:44:19Z
r02243,code_ms,c2,bm25,greedy,2026-07-05T16:10:20Z
r02244,code_ms,c2,bm25,greedy,2026-06-23T04:50:15Z
r02245,code_ms,c2,bm25,greedy,2026-07-05T12:25:10Z
r02246,code_ms,c2,bm25,greedy,2026-06-25T00:43:27Z
r02247,code_ms,c2,bm25,greedy,2026-06-25T01:09:32Z
r02248,code_ms,c2,bm25,greedy,2026-07-04T17:50:13Z
r02249,code_ms,c2,bm25,greedy,2026-07-07T22:00:11Z
r02250,code_ms,c2,bm25,greedy,2026-06-30T11:51:29Z
r02251,code_ms,c2,bm25,greedy,2026-07-03T07:37:19Z
r02252,code_ms,c2,bm25,greedy,2026-06-26T21:02:24Z
r02253,code_ms,c2,bm25,greedy,2026-07-07T09:04:03Z
r02254,code_ms,c2,bm25,greedy,2026-06-21T13:32:18Z
r02255,code_ms,c2,bm25,greedy,2026-07-07T09:49:47Z
r02256,code_ms,c2,bm25,greedy,2026-06-30T06:09:46Z
r02257,code_ms,c2,bm25,greedy,2026-06-26T20:06:34Z
r02258,code_ms,c2,bm25,greedy,2026-07-05T06:02:33Z
r02259,code_ms,c2,bm25,greedy,2026-07-05T22:50:21Z
r02260,code_ms,c2,bm25,greedy,2026-06-23T07:40:13Z
r02261,code_ms,c2,bm25,greedy,2026-07-02T18:12:10Z
r02262,code_ms,c2,bm25,greedy,2026-06-25T16:10:03Z
r02263,code_ms,c2,bm25,greedy,2026-06-29T09:18:48Z
r02264,code_ms,c2,bm25,greedy,2026-06-28T11:03:53Z
r02265,code_ms,c2,bm25,greedy,2026-06-29T14:43:52Z
r02266,code_ms,c2,bm25,greedy,2026-06-26T15:39:56Z
r02267,code_ms,c2,bm25,greedy,2026-06-27T19:44:21Z
r02268,code_ms,c2,bm25,greedy,2026-07-06T07:29:10Z
r02269,code_ms,c2,bm25,sample,2026-07-04T07:51:44Z
r02270,code_ms,c2,bm25,sample,2026-06-30T19:08:16Z
r02271,code_ms,c2,bm25,sample,2026-06-25T03:11:49Z
r02272,code_ms,c2,bm25,sample,2026-06-25T17:07:02Z
r02273,code_ms,c2,bm25,sample,2026-07-08T12:31:03Z
r02274,code_ms,c2,bm25,sample,2026-07-01T10:14:26Z
r02275,code_ms,c2,bm25,sample,2026-07-05T09:43:39Z
r02276,code_ms,c2,bm25,sample,2026-06-22T11:14:45Z
r02277,code_ms,c2,bm25,sample,2026-07-04T11:17:09Z
r02278,code_ms,c2,bm25,sample,2026-07-01T00:54:06Z
r02279,code_ms,c2,bm25,sample,2026-06-28T08:48:52Z
r02280,code_ms,c2,bm25,sample,2026-06-26T16:22:02Z
r02281,code_ms,c2,bm25,sample,2026-06-24T00:41:53Z
r02282,code_ms,c2,bm25,sample,2026-06-29T08:02:53Z
r02283,code_ms,c2,bm25,sample,2026-07-02T11:42:50Z
r02284,code_ms,c2,bm25,sample,2026-07-03T07:51:59Z
r02285,code_ms,c2,bm25,sample,2026-06-22T05:43:52Z
r02286,code_ms,c2,bm25,sample,2026-07-02T11:48:22Z
r02287,code_ms,c2,bm25,sample,2026-07-04T18:57:03Z
r02288,code_ms,c2,bm25,sample,2026-07-01T00:54:11Z
r02289,code_ms,c2,bm25,sample,2026-06-23T00:04:00Z
r02290,code_ms,c2,bm25,sample,2026-06-24T22:21:26Z
r02291,code_ms,c2,bm25,sample,2026-07-01T15:27:22Z
r02292,code_ms,c2,bm25,sample,2026-06-23T15:35:23Z
r02293,code_ms,c2,bm25,sample,2026-06-29T20:57:18Z
r02294,code_ms,c2,bm25,sample,2026-06-29T13:21:39Z
r02295,code_ms,c2,bm25,sample,2026-07-03T21:36:53Z
r02296,code_ms,c2,bm25,sample,2026-07-01T17:08:03Z
r02297,code_ms,c2,bm25,sample,2026-06-22T02:55:57Z
r02298,code_ms,c2,bm25,sample,2026-06-25T17:56:16Z
r02299,code_ms,c2,bm25,sample,2026-07-05T08:00:05Z
r02300,code_ms,c2,bm25,sample,2026-06-22T10:40:48Z
r02301,code_ms,c2,bm25,sample,2026-06-24T02:12:32Z
r02302,code_ms,c2,bm25,sample,2026-07-04T03:49:16Z
r02303,code_ms,c2,bm25,sample,2026-07-03T18:33:22Z
r02304,code_ms,c2,bm25,sample,2026-06-25T00:51:02Z
r02305,code_ms,c2,dense,greedy,2026-06-22T12:44:05Z
r02306,code_ms,c2,dense,greedy,2026-07-02T05:02:18Z
r02307,code_ms,c2,dense,greedy,2026-07-08T23:33:15Z
r02308,code_ms,c2,dense,greedy,2026-06-26T14:16:05Z
r02309,code_ms,c2,dense,greedy,2026-06-30T12:11:35Z
r02310,code_ms,c2,dense,greedy,2026-06-30T22:42:23Z
r02311,code_ms,c2,dense,greedy,2026-06-23T17:18:11Z
r02312,code_ms,c2,dense,greedy,2026-06-24T13:58:48Z
r02313,code_ms,c2,dense,greedy,2026-07-08T05:16:44Z
r02314,code_ms,c2,dense,greedy,2026-06-26T19:13:35Z
r02315,code_ms,c2,dense,greedy,2026-07-06T21:47:08Z
r02316,code_ms,c2,dense,greedy,2026-06-30T09:11:03Z
r02317,code_ms,c2,dense,greedy,2026-07-05T21:39:34Z
r02318,code_ms,c2,dense,greedy,2026-06-25T06:39:57Z
r02319,code_ms,c2,dense,greedy,2026-06-23T11:39:43Z
r02320,code_ms,c2,dense,greedy,2026-06-29T21:36:37Z
r02321,code_ms,c2,dense,greedy,2026-06-28T12:20:51Z
r02322,code_ms,c2,dense,greedy,2026-07-07T21:13:57Z
r02323,code_ms,c2,dense,greedy,2026-07-07T08:38:08Z
r02324,code_ms,c2,dense,greedy,2026-06-22T22:05:24Z
r02325,code_ms,c2,dense,greedy,2026-06-22T19:38:52Z
r02326,code_ms,c2,dense,greedy,2026-06-29T04:53:45Z
r02327,code_ms,c2,dense,greedy,2026-06-24T01:52:41Z
r02328,code_ms,c2,dense,greedy,2026-06-25T02:24:14Z
r02329,code_ms,c2,dense,greedy,2026-06-27T02:06:10Z
r02330,code_ms,c2,dense,greedy,2026-07-02T05:26:01Z
r02331,code_ms,c2,dense,greedy,2026-06-24T16:37:54Z
r02332,code_ms,c2,dense,greedy,2026-07-04T18:45:04Z
r02333,code_ms,c2,dense,greedy,2026-06-29T21:38:17Z
r02334,code_ms,c2,dense,greedy,2026-06-29T08:42:52Z
r02335,code_ms,c2,dense,greedy,2026-06-26T03:52:17Z
r02336,code_ms,c2,dense,greedy,2026-07-05T11:17:45Z
r02337,code_ms,c2,dense,greedy,2026-06-27T01:55:48Z
r02338,code_ms,c2,dense,greedy,2026-07-03T11:06:17Z
r02339,code_ms,c2,dense,greedy,2026-07-03T18:07:06Z
r02340,code_ms,c2,dense,greedy,2026-06-29T01:35:39Z
r02341,code_ms,c2,dense,sample,2026-06-25T02:14:35Z
r02342,code_ms,c2,dense,sample,2026-06-22T22:50:00Z
r02343,code_ms,c2,dense,sample,2026-07-01T01:41:02Z
r02344,code_ms,c2,dense,sample,2026-07-03T06:43:41Z
r02345,code_ms,c2,dense,sample,2026-06-30T11:05:13Z
r02346,code_ms,c2,dense,sample,2026-06-27T15:52:16Z
r02347,code_ms,c2,dense,sample,2026-06-24T10:37:42Z
r02348,code_ms,c2,dense,sample,2026-06-29T20:23:38Z
r02349,code_ms,c2,dense,sample,2026-06-29T19:05:10Z
r02350,code_ms,c2,dense,sample,2026-06-26T04:35:26Z
r02351,code_ms,c2,dense,sample,2026-07-06T06:35:17Z
r02352,code_ms,c2,dense,sample,2026-06-29T16:56:09Z
r02353,code_ms,c2,dense,sample,2026-06-30T18:39:49Z
r02354,code_ms,c2,dense,sample,2026-07-06T08:13:53Z
r02355,code_ms,c2,dense,sample,2026-06-29T13:04:28Z
r02356,code_ms,c2,dense,sample,2026-06-26T01:41:42Z
r02357,code_ms,c2,dense,sample,2026-06-26T17:49:33Z
r02358,code_ms,c2,dense,sample,2026-06-27T13:19:31Z
r02359,code_ms,c2,dense,sample,2026-06-23T18:22:13Z
r02360,code_ms,c2,dense,sample,2026-06-30T09:25:20Z
r02361,code_ms,c2,dense,sample,2026-07-03T08:09:05Z
r02362,code_ms,c2,dense,sample,2026-07-05T05:03:40Z
r02363,code_ms,c2,dense,sample,2026-07-03T01:46:41Z
r02364,code_ms,c2,dense,sample,2026-07-02T15:16:21Z
r02365,code_ms,c2,dense,sample,2026-07-03T09:43:00Z
r02366,code_ms,c2,dense,sample,2026-07-02T09:25:58Z
r02367,code_ms,c2,dense,sample,2026-07-05T18:49:08Z
r02368,code_ms,c2,dense,sample,2026-07-01T02:49:36Z
r02369,code_ms,c2,dense,sample,2026-06-21T14:56:11Z
r02370,code_ms,c2,dense,sample,2026-07-03T21:49:36Z
r02371,code_ms,c2,dense,sample,2026-06-21T10:02:43Z
r02372,code_ms,c2,dense,sample,2026-07-06T20:20:07Z
r02373,code_ms,c2,dense,sample,2026-06-30T23:47:56Z
r02374,code_ms,c2,dense,sample,2026-06-26T20:40:56Z
r02375,code_ms,c2,dense,sample,2026-07-05T08:06:23Z
r02376,code_ms,c2,dense,sample,2026-07-05T11:29:07Z
r02377,code_ms,c3,none,greedy,2026-06-22T20:22:55Z
r02378,code_ms,c3,none,greedy,2026-06-29T19:40:27Z
r02379,code_ms,c3,none,greedy,2026-07-05T17:41:47Z
r02380,code_ms,c3,none,greedy,2026-06-24T09:15:24Z
r02381,code_ms,c3,none,greedy,2026-06-22T19:52:00Z
r02382,code_ms,c3,none,greedy,2026-06-29T22:35:55Z
r02383,code_ms,c3,none,greedy,2026-06-30T20:56:15Z
r02384,code_ms,c3,none,greedy,2026-06-24T13:56:44Z
r02385,code_ms,c3,none,greedy,2026-07-02T20:24:48Z
r02386,code_ms,c3,none,greedy,2026-07-03T21:14:43Z
r02387,code_ms,c3,none,greedy,2026-07-04T06:53:25Z
r02388,code_ms,c3,none,greedy,2026-07-04T23:23:21Z
r02389,code_ms,c3,none,greedy,2026-06-26T00:32:28Z
r02390,code_ms,c3,none,greedy,2026-07-04T23:45:01Z
r02391,code_ms,c3,none,greedy,2026-07-08T16:33:08Z
r02392,code_ms,c3,none,greedy,2026-06-24T21:19:36Z
r02393,code_ms,c3,none,greedy,2026-06-26T10:14:09Z
r02394,code_ms,c3,none,greedy,2026-06-23T01:37:01Z
r02395,code_ms,c3,none,greedy,2026-06-22T12:49:11Z
r02396,code_ms,c3,none,greedy,2026-07-01T05:17:03Z
r02397,code_ms,c3,none,greedy,2026-06-21T02:46:31Z
r02398,code_ms,c3,none,greedy,2026-06-29T18:25:07Z
r02399,code_ms,c3,none,greedy,2026-07-06T20:56:08Z
r02400,code_ms,c3,none,greedy,2026-06-24T16:10:52Z
r02401,code_ms,c3,none,greedy,2026-06-21T23:34:56Z
r02402,code_ms,c3,none,greedy,2026-06-23T08:53:41Z
r02403,code_ms,c3,none,greedy,2026-07-08T05:03:50Z
r02404,code_ms,c3,none,greedy,2026-06-25T16:13:14Z
r02405,code_ms,c3,none,greedy,2026-07-08T10:23:20Z
r02406,code_ms,c3,none,greedy,2026-06-24T17:26:53Z
r02407,code_ms,c3,none,greedy,2026-07-08T09:43:59Z
r02408,code_ms,c3,none,greedy,2026-06-26T03:42:12Z
r02409,code_ms,c3,none,greedy,2026-06-21T07:54:37Z
r02410,code_ms,c3,none,greedy,2026-07-08T01:04:22Z
r02411,code_ms,c3,none,greedy,2026-06-23T20:04:38Z
r02412,code_ms,c3,none,greedy,2026-06-28T21:04:10Z
r02413,code_ms,c3,none,sample,2026-07-05T07:57:42Z
r02414,code_ms,c3,none,sample,2026-07-08T02:42:10Z
r02415,code_ms,c3,none,sample,2026-06-24T02:50:47Z
r02416,code_ms,c3,none,sample,2026-06-22T09:50:08Z
r02417,code_ms,c3,none,sample,2026-07-03T13:54:16Z
r02418,code_ms,c3,none,sample,2026-06-29T14:47:46Z
r02419,code_ms,c3,none,sample,2026-06-22T18:14:49Z
r02420,code_ms,c3,none,sample,2026-07-06T05:51:53Z
r02421,code_ms,c3,none,sample,2026-07-05T03:18:08Z
r02422,code_ms,c3,none,sample,2026-07-08T15:08:33Z
r02423,code_ms,c3,none,sample,2026-06-26T22:18:32Z
r02424,code_ms,c3,none,sample,2026-06-26T23:06:46Z
r02425,code_ms,c3,none,sample,2026-06-23T12:39:07Z
r02426,code_ms,c3,none,sample,2026-06-29T23:45:40Z
r02427,code_ms,c3,none,sample,2026-06-25T21:29:20Z
r02428,code_ms,c3,none,sample,2026-07-04T08:51:27Z
r02429,code_ms,c3,none,sample,2026-07-05T01:52:56Z
r02430,code_ms,c3,none,sample,2026-06-21T10:42:44Z
r02431,code_ms,c3,none,sample,2026-07-04T16:21:13Z
r02432,code_ms,c3,none,sample,2026-06-22T16:31:54Z
r02433,code_ms,c3,none,sample,2026-06-30T06:51:54Z
r02434,code_ms,c3,none,sample,2026-06-28T12:04:31Z
r02435,code_ms,c3,none,sample,2026-06-23T01:34:10Z
r02436,code_ms,c3,none,sample,2026-06-25T10:58:32Z
r02437,code_ms,c3,none,sample,2026-06-21T11:05:08Z
r02438,code_ms,c3,none,sample,2026-07-08T01:05:48Z
r02439,code_ms,c3,none,sample,2026-07-04T12:49:42Z
r02440,code_ms,c3,none,sample,2026-07-06T03:59:10Z
r02441,code_ms,c3,none,sample,2026-07-03T11:56:08Z
r02442,code_ms,c3,none,sample,2026-07-02T23:01:11Z
r02443,code_ms,c3,none,sample,2026-07-07T02:17:22Z
r02444,code_ms,c3,none,sample,2026-06-21T11:11:38Z
r02445,code_ms,c3,none,sample,2026-07-03T13:37:24Z
r02446,code_ms,c3,none,sample,2026-06-29T18:07:55Z
r02447,code_ms,c3,none,sample,2026-07-01T02:21:53Z
r02448,code_ms,c3,none,sample,2026-07-05T12:41:26Z
r02449,code_ms,c3,bm25,greedy,2026-07-08T13:09:34Z
r02450,code_ms,c3,bm25,greedy,2026-06-21T12:05:09Z
r02451,code_ms,c3,bm25,greedy,2026-06-30T23:50:50Z
r02452,code_ms,c3,bm25,greedy,2026-06-21T09:14:10Z
r02453,code_ms,c3,bm25,greedy,2026-07-07T02:55:16Z
r02454,code_ms,c3,bm25,greedy,2026-06-24T13:45:18Z
r02455,code_ms,c3,bm25,greedy,2026-06-29T16:52:09Z
r02456,code_ms,c3,bm25,greedy,2026-06-30T07:33:50Z
r02457,code_ms,c3,bm25,greedy,2026-06-26T22:36:05Z
r02458,code_ms,c3,bm25,greedy,2026-07-04T13:18:33Z
r02459,code_ms,c3,bm25,greedy,2026-06-25T16:06:57Z
r02460,code_ms,c3,bm25,greedy,2026-06-27T05:15:36Z
r02461,code_ms,c3,bm25,greedy,2026-07-06T19:27:02Z
r02462,code_ms,c3,bm25,greedy,2026-06-26T07:10:27Z
r02463,code_ms,c3,bm25,greedy,2026-06-28T15:37:50Z
r02464,code_ms,c3,bm25,greedy,2026-06-25T18:07:57Z
r02465,code_ms,c3,bm25,greedy,2026-06-22T07:23:44Z
r02466,code_ms,c3,bm25,greedy,2026-06-28T23:48:37Z
r02467,code_ms,c3,bm25,greedy,2026-07-05T07:12:52Z
r02468,code_ms,c3,bm25,greedy,2026-06-26T18:21:50Z
r02469,code_ms,c3,bm25,greedy,2026-06-29T16:28:43Z
r02470,code_ms,c3,bm25,greedy,2026-07-07T10:05:50Z
r02471,code_ms,c3,bm25,greedy,2026-06-26T09:34:34Z
r02472,code_ms,c3,bm25,greedy,2026-06-24T06:46:52Z
r02473,code_ms,c3,bm25,greedy,2026-06-27T23:07:44Z
r02474,code_ms,c3,bm25,greedy,2026-06-21T02:21:21Z
r02475,code_ms,c3,bm25,greedy,2026-07-06T14:17:58Z
r02476,code_ms,c3,bm25,greedy,2026-06-21T03:31:37Z
r02477,code_ms,c3,bm25,greedy,2026-07-05T12:56:45Z
r02478,code_ms,c3,bm25,greedy,2026-06-25T06:09:29Z
r02479,code_ms,c3,bm25,greedy,2026-06-25T16:52:25Z
r02480,code_ms,c3,bm25,greedy,2026-06-27T12:32:07Z
r02481,code_ms,c3,bm25,greedy,2026-07-04T12:04:51Z
r02482,code_ms,c3,bm25,greedy,2026-07-08T19:50:25Z
r02483,code_ms,c3,bm25,greedy,2026-06-22T00:59:06Z
r02484,code_ms,c3,bm25,greedy,2026-07-04T07:00:12Z
r02485,code_ms,c3,bm25,sample,2026-07-04T15:43:22Z
r02486,code_ms,c3,bm25,sample,2026-06-21T20:57:04Z
r02487,code_ms,c3,bm25,sample,2026-07-05T13:14:23Z
r02488,code_ms,c3,bm25,sample,2026-07-02T01:30:23Z
r02489,code_ms,c3,bm25,sample,2026-07-01T12:21:15Z
r02490,code_ms,c3,bm25,sample,2026-07-07T02:30:14Z
r02491,code_ms,c3,bm25,sample,2026-07-01T13:37:30Z
r02492,code_ms,c3,bm25,sample,2026-06-21T03:50:37Z
r02493,code_ms,c3,bm25,sample,2026-07-07T19:15:28Z
r02494,code_ms,c3,bm25,sample,2026-07-04T18:00:51Z
r02495,code_ms,c3,bm25,sample,2026-07-04T19:13:52Z
r02496,code_ms,c3,bm25,sample,2026-06-30T11:16:33Z
r02497,code_ms,c3,bm25,sample,2026-06-23T07:45:18Z
r02498,code_ms,c3,bm25,sample,2026-07-05T18:25:41Z
r02499,code_ms,c3,bm25,sample,2026-06-24T04:34:25Z
r02500,code_ms,c3,bm25,sample,2026-06-21T06:58:45Z
r02501,code_ms,c3,bm25,sample,2026-06-30T19:19:39Z
r02502,code_ms,c3,bm25,sample,2026-06-21T17:13:58Z
r02503,code_ms,c3,bm25,sample,2026-07-07T11:32:13Z
r02504,code_ms,c3,bm25,sample,2026-07-01T20:43:49Z
r02505,code_ms,c3,bm25,sample,2026-06-30T04:28:46Z
r02506,code_ms,c3,bm25,sample,2026-07-04T21:55:42Z
r02507,code_ms,c3,bm25,sample,2026-07-08T23:04:12Z
r02508,code_ms,c3,bm25,sample,2026-06-25T07:04:06Z
r02509,code_ms,c3,bm25,sample,2026-06-25T13:56:09Z
r02510,code_ms,c3,bm25,sample,2026-06-27T08:51:41Z
r02511,code_ms,c3,bm25,sample,2026-06-22T21:48:49Z
r02512,code_ms,c3,bm25,sample,2026-07-04T13:33:39Z
r02513,code_ms,c3,bm25,sample,2026-06-27T01:34:21Z
r02514,code_ms,c3,bm25,sample,2026-07-08T07:35:06Z
r02515,code_ms,c3,bm25,sample,2026-06-26T00:28:43Z
r02516,code_ms,c3,bm25,sample,2026-06-27T14:49:10Z
r02517,code_ms,c3,bm25,sample,2026-06-25T16:13:06Z
r02518,code_ms,c3,bm25,sample,2026-06-27T11:47:31Z
r02519,code_ms,c3,bm25,sample,2026-07-07T01:55:08Z
r02520,code_ms,c3,bm25,sample,2026-07-07T23:54:12Z
r02521,code_ms,c3,dense,greedy,2026-07-06T17:41:43Z
r02522,code_ms,c3,dense,greedy,2026-06-22T13:50:56Z
r02523,code_ms,c3,dense,greedy,2026-07-08T08:23:42Z
r02524,code_ms,c3,dense,greedy,2026-07-08T13:46:45Z
r02525,code_ms,c3,dense,greedy,2026-06-27T10:03:42Z
r02526,code_ms,c3,dense,greedy,2026-06-23T04:02:33Z
r02527,code_ms,c3,dense,greedy,2026-07-02T07:21:25Z
r02528,code_ms,c3,dense,greedy,2026-06-26T22:13:57Z
r02529,code_ms,c3,dense,greedy,2026-07-05T03:22:58Z
r02530,code_ms,c3,dense,greedy,2026-07-02T15:35:14Z
r02531,code_ms,c3,dense,greedy,2026-06-29T06:34:38Z
r02532,code_ms,c3,dense,greedy,2026-06-26T05:06:42Z
r02533,code_ms,c3,dense,greedy,2026-06-27T15:12:43Z
r02534,code_ms,c3,dense,greedy,2026-07-01T16:37:21Z
r02535,code_ms,c3,dense,greedy,2026-07-07T10:40:30Z
r02536,code_ms,c3,dense,greedy,2026-06-27T04:24:19Z
r02537,code_ms,c3,dense,greedy,2026-06-23T12:10:30Z
r02538,code_ms,c3,dense,greedy,2026-07-03T19:52:13Z
r02539,code_ms,c3,dense,greedy,2026-06-21T01:44:14Z
r02540,code_ms,c3,dense,greedy,2026-06-24T04:46:26Z
r02541,code_ms,c3,dense,greedy,2026-06-21T18:35:28Z
r02542,code_ms,c3,dense,greedy,2026-06-26T18:09:15Z
r02543,code_ms,c3,dense,greedy,2026-06-26T02:42:14Z
r02544,code_ms,c3,dense,greedy,2026-07-01T02:35:00Z
r02545,code_ms,c3,dense,greedy,2026-06-23T07:33:01Z
r02546,code_ms,c3,dense,greedy,2026-06-25T08:30:38Z
r02547,code_ms,c3,dense,greedy,2026-06-28T04:38:54Z
r02548,code_ms,c3,dense,greedy,2026-06-29T06:28:35Z
r02549,code_ms,c3,dense,greedy,2026-06-28T02:29:46Z
r02550,code_ms,c3,dense,greedy,2026-07-08T09:34:32Z
r02551,code_ms,c3,dense,greedy,2026-06-30T16:20:26Z
r02552,code_ms,c3,dense,greedy,2026-06-30T11:50:17Z
r02553,code_ms,c3,dense,greedy,2026-07-04T08:44:19Z
r02554,code_ms,c3,dense,greedy,2026-06-25T03:28:57Z
r02555,code_ms,c3,dense,greedy,2026-06-30T13:02:15Z
r02556,code_ms,c3,dense,greedy,2026-07-05T04:23:23Z
r02557,code_ms,c3,dense,sample,2026-06-28T03:02:48Z
r02558,code_ms,c3,dense,sample,2026-06-23T23:11:05Z
r02559,code_ms,c3,dense,sample,2026-07-01T04:00:14Z
r02560,code_ms,c3,dense,sample,2026-06-22T22:21:00Z
r02561,code_ms,c3,dense,sample,2026-06-21T08:35:16Z
r02562,code_ms,c3,dense,sample,2026-07-04T21:37:48Z
r02563,code_ms,c3,dense,sample,2026-07-05T00:33:58Z
r02564,code_ms,c3,dense,sample,2026-07-03T19:27:34Z
r02565,code_ms,c3,dense,sample,2026-07-04T17:32:04Z
r02566,code_ms,c3,dense,sample,2026-07-06T02:01:09Z
r02567,code_ms,c3,dense,sample,2026-07-01T06:33:50Z
r02568,code_ms,c3,dense,sample,2026-07-05T05:33:09Z
r02569,code_ms,c3,dense,sample,2026-06-24T23:25:46Z
r02570,code_ms,c3,dense,sample,2026-07-08T20:07:00Z
r02571,code_ms,c3,dense,sample,2026-07-02T15:10:43Z
r02572,code_ms,c3,dense,sample,2026-06-21T05:44:24Z
r02573,code_ms,c3,dense,sample,2026-06-21T17:51:08Z
r02574,code_ms,c3,dense,sample,2026-06-21T21:43:58Z
r02575,code_ms,c3,dense,sample,2026-07-03T21:45:28Z
r02576,code_ms,c3,dense,sample,2026-07-05T05:53:06Z
r02577,code_ms,c3,dense,sample,2026-07-06T20:24:02Z
r02578,code_ms,c3,dense,sample,2026-06-29T16:30:28Z
r02579,code_ms,c3,dense,sample,2026-07-04T07:48:15Z
r02580,code_ms,c3,dense,sample,2026-07-03T09:40:52Z
r02581,code_ms,c3,dense,sample,2026-07-07T09:16:18Z
r02582,code_ms,c3,dense,sample,2026-06-27T07:43:54Z
r02583,code_ms,c3,dense,sample,2026-06-28T10:33:06Z
r02584,code_ms,c3,dense,sample,2026-06-26T15:40:55Z
r02585,code_ms,c3,dense,sample,2026-07-04T20:50:22Z
r02586,code_ms,c3,dense,sample,2026-07-01T01:04:42Z
r02587,code_ms,c3,dense,sample,2026-07-03T13:28:07Z
r02588,code_ms,c3,dense,sample,2026-07-08T23:35:42Z
r02589,code_ms,c3,dense,sample,2026-06-27T06:22:07Z
r02590,code_ms,c3,dense,sample,2026-06-24T18:03:38Z
r02591,code_ms,c3,dense,sample,2026-06-23T13:57:21Z
r02592,code_ms,c3,dense,sample,2026-06-30T15:43:51Z
